[{"id": 104322683, "text": "Here\u2019s what 241 Estimize analysts believe $AAPL will report for Q1 2018 EPS [Reporting 01/30 AMC]\nhttp://www.estimize.com/intro/aapl?utm_content=AAPL&amp;amp;utm_medium=eps_update&amp;amp;utm_source=stocktwits#chart=historical", "time": 1512832297.0, "sentiment": ""}, {"id": 104321652, "text": "@Mleon5 $LL $AAPL $AMZN $SNAP $DRYS $GBSN", "time": 1512828622.0, "sentiment": ""}, {"id": 104319708, "text": "$AAOI  @AnalystRatingsNetwork,  downgraded to Strong Sell, hmmm, not surprsed, $BABA $MSFT $AAPL $BAC $BRK.B so much better!", "time": 1512824687.0, "sentiment": ""}, {"id": 104319705, "text": "$DJIA $SPX $QQQ $BABA $MSFT $AMZN $AAPL $GOOG $FB $NFLX $BTC.X $USDCAD $EURUSD $USDJPY $GBPUSD $COMPQ", "time": 1512824685.0, "sentiment": ""}, {"id": 104319052, "text": "$DJIA $SPX $QQQ $BABA $MSFT $AMZN $AAPL $GOOG $FB $NFLX $BTC.X $USDCAD $EURUSD $USDJPY $GBPUSD $COMPQ: Trade Humor!", "time": 1512823965.0, "sentiment": ""}, {"id": 104318221, "text": "$AAPL Downhill from here. YoY Growth is too far out and/or unknown.", "time": 1512822891.0, "sentiment": "Bearish"}, {"id": 104317258, "text": "$AAPL analysts on Estimize are expecting 9.99% YoY revenue growth for Q1, down from 12.22% in Q4 [Reporting 01/30 AMC]\nhttp://www.estimize.com/intro/aapl?utm_content=AAPL&amp;amp;utm_medium=revenue_growth&amp;amp;utm_source=stocktwits#chart=historical", "time": 1512821917.0, "sentiment": ""}, {"id": 104316842, "text": "Price Returns vs Expected Daily Move $VRX $TEVA $BABA $EEM $BAC $AAPL $MU $EWZ $MON $FB $VXX $UVXY http://tinyurl.com/y7zbwhgq", "time": 1512821512.0, "sentiment": ""}, {"id": 104316456, "text": "$LTC.X we make big money in $AAPL and then come here to run this show!", "time": 1512821224.0, "sentiment": "Bullish"}, {"id": 104316127, "text": "$AAPL Talk about getting a good deal on Shazam", "time": 1512820926.0, "sentiment": ""}, {"id": 104315180, "text": "@Cathy44 But basically, $AMD bulls think their stock is like $MSFT or $AAPL.  I&#39;m just bringing them back to reality LOL", "time": 1512819894.0, "sentiment": ""}, {"id": 104315174, "text": "$AAPL you did well Steve! Thanks for sharing this! I\u2019m so proud of you", "time": 1512819886.0, "sentiment": ""}, {"id": 104315020, "text": "$AAPL Shazam would be a great add to Apple\u2019s portfolio - the Shazam recommendations are linked to Apple\u2019s music library anyways", "time": 1512819682.0, "sentiment": ""}, {"id": 104314993, "text": "$AAPL Rumors of acquiring Shazam now that\u2019s interesting", "time": 1512819641.0, "sentiment": ""}, {"id": 104313640, "text": "$AAPL $AMZN checkout Drinksgiving on iTunes and Amazon! My life long friend and his wife wrote it. Hope you enjoy! @OptionsPlayers", "time": 1512818230.0, "sentiment": "Bullish"}, {"id": 104313617, "text": "@OptionsPlayers $AAPL THIS GUY AND OP COMMUNITY CHANGE LIVES..dont be a fool ,take the chance on something amazing!", "time": 1512818206.0, "sentiment": "Bullish"}, {"id": 104310710, "text": "Hedge Funds Love Tech Again $fb $aapl $amzn $nflx $googl $baba $nvda $tsla #fang https://www.bloomberg.com/news/articles/2017-12-08/hedge-funds-love-tech-again-after-calls-for-rotation-fade-away", "time": 1512816257.0, "sentiment": "Bullish"}, {"id": 104310024, "text": "$AAPL great Ive news, shazam, today was all options exp....Monday up", "time": 1512815914.0, "sentiment": "Bullish"}, {"id": 104308793, "text": "$AAPL I wonder if Buffett\u2019s team is adding some here...he could snag a few shares cheaply heading into the holiday earnings.", "time": 1512815310.0, "sentiment": ""}, {"id": 104308460, "text": "$AAPL Congrats. Excellent foresight.", "time": 1512815136.0, "sentiment": ""}, {"id": 104306055, "text": "Sources: Apple is acquiring music recognition app Shazam \u2013 TechCrunch $AAPL https://techcrunch.com/2017/12/08/sources-apple-is-acquiring-music-recognition-app-shazam/", "time": 1512813516.0, "sentiment": ""}, {"id": 104305859, "text": "$AAPL $BIDU $BABA and $SAGE https://youtu.be/EOMk9THwfUE", "time": 1512813298.0, "sentiment": ""}, {"id": 104305844, "text": "$AAPL Might Acquire Popular Music Recognition Service Shazam - https://buff.ly/2AHZoct", "time": 1512813280.0, "sentiment": ""}, {"id": 104305691, "text": "$SPY $QQQ $IWM $JPM $VXX $TVIX $UVXY $SVXY $XIV $AAPL $FB What&#39;s in my stock account? https://www.youtube.com/watch?v=KXCyFGKBXBU", "time": 1512813132.0, "sentiment": ""}, {"id": 104303866, "text": "$AAPL analysts on Estimize are expecting 13.11% YoY EPS growth for Q1, down from 23.95% in Q4 [Reporting 01/30 AMC]\nhttp://www.estimize.com/intro/aapl?utm_content=AAPL&amp;amp;utm_medium=eps_growth&amp;amp;utm_source=stocktwits#chart=historical", "time": 1512811396.0, "sentiment": ""}, {"id": 104303227, "text": "$AAPL buying Shazam music app!", "time": 1512810759.0, "sentiment": "Bullish"}, {"id": 104301133, "text": "$aapl $jcp $vz $t $tsla $ge $ltc.x $btc.x $eth.x $clx $mcd simplifyprogramming.info", "time": 1512808796.0, "sentiment": ""}, {"id": 104300703, "text": "Episode 45 - Baring The FAANGS: What&#39;s Next For The Tech Titans - Real Vision $fb $aapl http://www.realvision.com/podcast/episode-45-baring-the-faangs/", "time": 1512808427.0, "sentiment": ""}, {"id": 104300434, "text": "$ORCL $aapl is buying simplifyprogramming.info", "time": 1512808177.0, "sentiment": ""}, {"id": 104299912, "text": "$AAPL Johnny Back at the helm!", "time": 1512807678.0, "sentiment": "Bullish"}, {"id": 104299029, "text": "Apple&#39;s Reported 2018 iPhones and iPads Should Let It Cash in on 2017&#39;s Advances $AAPL http://dlvr.it/Q53qXm", "time": 1512807004.0, "sentiment": ""}, {"id": 104297771, "text": "$AAPL $167.5 puts... a dip is possible", "time": 1512805926.0, "sentiment": "Bearish"}, {"id": 104296298, "text": "$AAPL friggin piece of cr-apple", "time": 1512804864.0, "sentiment": ""}, {"id": 104295552, "text": "$AAPL stock is undervalued by at least 10 bucks.. watch it fly to a Trillion dollar company after next ER", "time": 1512804242.0, "sentiment": "Bullish"}, {"id": 104295151, "text": "Jobs Report Just Right for Stocks: Cramer&#39;s &#39;Mad Money&#39; Recap (Friday 12/8/17) $AAPL http://dlvr.it/Q53Zpb", "time": 1512803943.0, "sentiment": ""}, {"id": 104293859, "text": "$AAPL time for Aapl to run 174 +", "time": 1512802944.0, "sentiment": ""}, {"id": 104293545, "text": "$AAPL \nThey killing the options", "time": 1512802708.0, "sentiment": ""}, {"id": 104293101, "text": "The Great Active vs. Passive Debate \u2013 But Applied to Risk\u2026 http://buff.ly/2z91z8C incl. $AAPL $GOOG $MSFT $AMZN $NVDA $AMD $VRX $T", "time": 1512802336.0, "sentiment": ""}, {"id": 104292861, "text": "$AVGO $QCOM $AAPL I say drop the bid to 65 win the board and ram it down their throats Dropping these PRIVATE sources bs storyline tonight", "time": 1512802150.0, "sentiment": ""}, {"id": 104292689, "text": "$AAPL amazing they were able to keep this flat all week even with huge gains in tech", "time": 1512802017.0, "sentiment": ""}, {"id": 104292365, "text": "$QCOM $AVGO $aapl wouldn\u2019t it be a Bosch if you threw away a 40% bid premium AND lost to aapl lmao", "time": 1512801750.0, "sentiment": ""}, {"id": 104292178, "text": "$AAPL to buy Shazam", "time": 1512801590.0, "sentiment": ""}, {"id": 104292009, "text": "Analysts covering Apple $AAPL expect 23.3% EPS growth  next year: https://simplywall.st/NasdaqGS:AAPL/apple/?utm_medium=stocktwits&amp;anchor=growth-in-earnings#growth-in-earnings", "time": 1512801455.0, "sentiment": ""}, {"id": 104291697, "text": "$AAPL fb recovered all its losses from last week and this pos is lagging.", "time": 1512801236.0, "sentiment": "Bearish"}, {"id": 104291329, "text": "2018 plays $CELG $AYX $CARA $XOM $AAPL $BAC $FNB $MANT $PZZA $DIS $PM $PAY $KYN $FPG $SSTI $APH.CA", "time": 1512800990.0, "sentiment": "Bullish"}, {"id": 104291286, "text": "Estimize revenue expectations are 0.45% higher than that of Wall Street for $AAPL Q1 [Reporting 01/30 AMC]\nhttp://www.estimize.com/intro/aapl?utm_content=AAPL&amp;amp;utm_medium=revenue_difference&amp;amp;utm_source=stocktwits#chart=change-over-time", "time": 1512800957.0, "sentiment": ""}, {"id": 104291233, "text": "$AAPL If you haven&#39;t invested in Bitcoin, you can start here and receive $10 free when you invest $100 at Coinbase, https://thecryptowave.com/get-free-bitcoin/", "time": 1512800907.0, "sentiment": ""}, {"id": 104291195, "text": "$AAPL sit back and relax. No worries", "time": 1512800884.0, "sentiment": "Bullish"}, {"id": 104290981, "text": "$AAPL", "time": 1512800713.0, "sentiment": "Bearish"}, {"id": 104290969, "text": "$AAPL  http://bgr.com/2017/10/17/iphone-hacks-2017-new-scam-steals-apple-id-login/      apple security problems inherent in their bad design and competitors will eat them alive", "time": 1512800701.0, "sentiment": "Bearish"}, {"id": 104290297, "text": "$AAPL in next 2 years, apple may have to reimburse 100 million in sales from fake and unprotected app downlloading systems.  technologypeak", "time": 1512800168.0, "sentiment": "Bearish"}, {"id": 104290234, "text": "$AAPL competitors are building against apple. investigations may begin in us about their intrusive apple ID prompt credit card system an", "time": 1512800113.0, "sentiment": "Bearish"}, {"id": 104290084, "text": "$AAPL exploitive apple ID process prompts credit payment just to open account. people on street losing faith in apple. they are finished.", "time": 1512800015.0, "sentiment": "Bearish"}, {"id": 104290002, "text": "$AAPL This chart scares me... look at the blocks, may be temp reversal?", "time": 1512799953.0, "sentiment": ""}, {"id": 104289957, "text": "$AAPL I\u2019ve got the iPhone X. Very nice.", "time": 1512799915.0, "sentiment": "Bullish"}, {"id": 104289662, "text": "$AAPL Apple will acquire Shazam, stock shows ordinary increase of +0.06%, https://www.newsquantified.com/stock-report/aapl-apple-techcrunch-will-acquire-shazam-seeking-04xv87", "time": 1512799716.0, "sentiment": ""}, {"id": 104289376, "text": "$AAPL This is a double bottom (reversal) Thoughts? @andros28 ? :) what is your take? I see $175 in December (or no?)", "time": 1512799506.0, "sentiment": "Bullish"}, {"id": 104287616, "text": "$AAPL FINDS BUYERS AGAIN AROUND 168.82: https://techniquant.com/reports/stock-aapl-daily-technical-report-for-2017-12-08/", "time": 1512798323.0, "sentiment": "Bullish"}, {"id": 104287264, "text": "$SPY $QQQ $IWM $JPM $VXX $AAPL $FB $AMD What&#39;s in my stock portfolio? https://www.youtube.com/watch?v=KXCyFGKBXBU", "time": 1512798116.0, "sentiment": ""}, {"id": 104287255, "text": "$ENJ.X guess we have to hold till the iOS and Android SDK release... $AAPL $GOOG $BTC.X $ETH.X $LTC.X $NEO.X", "time": 1512798109.0, "sentiment": "Bullish"}, {"id": 104286339, "text": "$AAPL $FB $BABA $AMZN Tech is recovering &amp; should continue next week. Watch for some buying into 8pm. Flushed a little more weak hands EOD", "time": 1512797557.0, "sentiment": "Bullish"}, {"id": 104286226, "text": "$AAPL Apple to Acquire Shazam for About $400 Million (Report) https://www.yahoo.com/entertainment/apple-acquire-shazam-much-100-205232589.html", "time": 1512797495.0, "sentiment": ""}, {"id": 104284829, "text": "After Jony Ive back in charge of $AAPL Apple design team, stock shows minor drop of -0.07%, https://www.newsquantified.com/stock-report/aapl-apple-jony-ive-back-charge-design-04xuya", "time": 1512796747.0, "sentiment": ""}, {"id": 104284569, "text": "Telecom Stock Roundup: $VZ&#39;s 5G in 2018, $QCOM Sues $AAPL Again -- https://buff.ly/2BkEGk1\n\nincl. $CMCSA $CHTR $LBTYA $S $TMUS $SKYAY $ATUS", "time": 1512796611.0, "sentiment": ""}, {"id": 104284489, "text": "$AAPL cashed out greens on January $170 swing at open.  \ud83e\udd11", "time": 1512796568.0, "sentiment": "Bullish"}, {"id": 104283457, "text": "$AAPL the shazam buy news will send this stock well past the $170&#39;s when trading resumes next week.", "time": 1512796054.0, "sentiment": "Bullish"}, {"id": 104282925, "text": "$AAPL I had wait till Dec options expire - buy it next Friday for a xmas rally into ER :)", "time": 1512795802.0, "sentiment": ""}, {"id": 104282148, "text": "$AAPL", "time": 1512795404.0, "sentiment": ""}, {"id": 104282045, "text": "$AAPL $QQQ Tech sell program out of nowhere late on a Friday in Dec took it down to  support , Casino  scum move.", "time": 1512795351.0, "sentiment": ""}, {"id": 104282028, "text": "FAANG Predictions By Jan 1 - https://buff.ly/2jzVyZE  \n\n3/5 Correct So Far $FB $AMZN $AAPL $NFLX $GOOG $GOOGL", "time": 1512795345.0, "sentiment": ""}, {"id": 104281671, "text": "$AAPL the bottom this week was 10 wk SMA", "time": 1512795171.0, "sentiment": ""}, {"id": 104281371, "text": "$AAPL Bought some 12/15 170 calls during the dip end of day.", "time": 1512795016.0, "sentiment": "Bullish"}, {"id": 104280760, "text": "Apple acquires Shazam for estimated $400M. Huge move for their entertainment business. $AAPL #AppleMusic", "time": 1512794737.0, "sentiment": ""}, {"id": 104280501, "text": "$AAPL http://www.wallstreetnews24.com/2017/12/08/is-the-stock-safe-to-invest-apple-inc-nasdaq-aapl/", "time": 1512794618.0, "sentiment": ""}, {"id": 104280476, "text": "$AAPL  they will integrate it with Siri, so all u have to say is \u201cWhat\u2019s playing?\u201dSiri will tell u &amp;ask to add 2playlist\ud83d\udc4d\ud83c\udf4f\ud83c\udf4f", "time": 1512794609.0, "sentiment": "Bullish"}, {"id": 104280132, "text": "Hot Options Report For End Of Day December 8th - $BAC, $AAPL, $LC, $MON, $MU  http://www.theoptionsinsider.com/hot-options-report-end-day-december-8th-bac-aapl-lc-mon-mu/", "time": 1512794466.0, "sentiment": ""}, {"id": 104279980, "text": "$AAPL &quot;Sources: Apple is acquiring music recognition app Shazam&quot; https://techcrunch.com/2017/12/08/sources-apple-is-acquiring-music-recognition-app-shazam/", "time": 1512794396.0, "sentiment": "Bullish"}, {"id": 104279256, "text": "Stocks you should consider being in for MASSIVE GAINS $SQ $HUSA $MA $NFLX $AAPL $OLED", "time": 1512794053.0, "sentiment": "Bullish"}, {"id": 104279003, "text": "$AAPL Lots of News AH. Keep it going Cook. Drop some over the Wknd. Looking like a Gap up on Monday", "time": 1512793940.0, "sentiment": "Bullish"}, {"id": 104278896, "text": "$AAPL *Apple to acquire Shazam", "time": 1512793894.0, "sentiment": ""}, {"id": 104278862, "text": "$AAPL About to Buy Shazam", "time": 1512793877.0, "sentiment": "Bullish"}, {"id": 104278645, "text": "\ud83d\udd25 TODAY&#39;S ACTIVE FLOW: $AAPL $BAC $FB $MU $TSLA $BABA $TEVA $VRX $AMZN $T $MSFT $NVDA $X $LC $WFC $JPM $GM $GILD $C $TWTR $SNAP $CELG $SQ", "time": 1512793794.0, "sentiment": ""}, {"id": 104278465, "text": "$AAPL picked up some 182.5 and 185 strike calls for dec 22 cheapppp. Hits 175 next week easy on the bounce for 600%!!!", "time": 1512793718.0, "sentiment": "Bullish"}, {"id": 104278087, "text": "$BIDU $BABA $MU $NFLX $AAPL  selling should resume hard next week.. have a good one all", "time": 1512793553.0, "sentiment": "Bearish"}, {"id": 104277941, "text": "$IOT.X $ETH.X $BTC.X $LTC.X $GS $TSLA $AAPL $MSFT $CSCO $SPY IOTA is the future. No blockchain. It is #4 in Mcap.", "time": 1512793493.0, "sentiment": "Bullish"}, {"id": 104277466, "text": "pretty perfect $AAPL", "time": 1512793296.0, "sentiment": ""}, {"id": 104277149, "text": "$IOT.X $BTC.X $GS $MFST $CSCO $ETH.X $LTC.X $AAPL $SPY $SPX IOTA\u2019s Tangle is a new crypto without blockchains.", "time": 1512793174.0, "sentiment": "Bullish"}, {"id": 104277122, "text": "$AAPL Closing Price $169.37. MM got their Options so lets move into next week", "time": 1512793164.0, "sentiment": "Bullish"}, {"id": 104276899, "text": "Nvidia Unleashes Titan V\n https://seekingalpha.com/article/4130762?source=ansh $NVDA, $AAPL, $AMD, $TSLA, $FNSR", "time": 1512793086.0, "sentiment": ""}, {"id": 104276708, "text": "Obama Resorts To Comparing #Trump To Hitler In Order To Get Attention https://wp.me/p9mTD8-pa   #Obama $GOOG $AAPL $Googl", "time": 1512793014.0, "sentiment": ""}, {"id": 104276363, "text": "$AAPL &quot;Jony Ive returns to Apple design management role after two years&quot; https://9to5mac.com/2017/12/08/jony-ive-design-lead-again/", "time": 1512792891.0, "sentiment": "Bullish"}, {"id": 104276279, "text": "$AAPL $168 area screaming buy for Monday and sit on it potze!", "time": 1512792861.0, "sentiment": "Bullish"}, {"id": 104276216, "text": "$AAPL welcome back jony", "time": 1512792839.0, "sentiment": ""}, {"id": 104275976, "text": "$AAPL long 500 shares. Not looking back now...", "time": 1512792768.0, "sentiment": "Bullish"}, {"id": 104275960, "text": "Have a great weekend all! $FB $AAPL $NVDA $BABA $SPY $QQQ (stocks posted today)", "time": 1512792763.0, "sentiment": ""}, {"id": 104275923, "text": "$AAPL I\u2019ve never heard so much WHINING for .50cents, come on 168\u2019s come on 168\u2019s come on 168\u2019s, u sound like a \ud83d\udc83\ud83c\udffb\ud83d\udc83\ud83c\udffb\ud83d\udc83\ud83c\udffbmoaning hooker", "time": 1512792749.0, "sentiment": "Bullish"}, {"id": 104275866, "text": "TechCrunch: Apple will acquire Shazam app $AAPL @apple @shazam http://bit.ly/2Ao0sTR http://bit.ly/AAPL912", "time": 1512792728.0, "sentiment": ""}, {"id": 104275586, "text": "Nvidia Unleashes Titan V $NVDA $AAPL $FNSR http://www.seekingalpha.com/article/4130762", "time": 1512792628.0, "sentiment": ""}, {"id": 104275399, "text": "$AAPL TechCrunch sources say Apple will purchase song identification app Shazam with a deal announcement possibly \u2026 https://stocknews.com/news/aapl-techcrunch-sources-say-apple-will-purchase-song-identification-app-shazam/", "time": 1512792555.0, "sentiment": ""}, {"id": 104275337, "text": "$AAPL Stocks Up, Apple Ushers New Buy Point; Can This Bitcoin ETF Rise To $2,000? https://finance.yahoo.com/m/51e004ed-173f-32ae-8428-dd706de3ec65/stocks-up%2C-apple-ushers-new.html", "time": 1512792535.0, "sentiment": "Bullish"}, {"id": 104274964, "text": "$AAPL After all that it ended flat/green. :o)", "time": 1512792415.0, "sentiment": "Bullish"}, {"id": 104274891, "text": "current: $AAPL Feb 170 calls (new position), $MSFT Feb 87.5 calls (new position), $TWTR Mar 23 calls, $MO Jan 72.5 calls - great day! out...", "time": 1512792392.0, "sentiment": "Bullish"}, {"id": 104274586, "text": "Wow $AAPL to finally buy Shazam app", "time": 1512792305.0, "sentiment": ""}, {"id": 104274211, "text": "$AAPL What a beautiful awesome trading day! Have a great weekend and let&#39;s have fun again next week! ALOHA!", "time": 1512792206.0, "sentiment": ""}, {"id": 104274050, "text": "Record closes for $DJIA \n\n$AAPL says **** you", "time": 1512792163.0, "sentiment": ""}, {"id": 104273992, "text": "$BTC.X Coinbase #2 in App Store over YouTube! $FB $GOOG $GBTC #bitcoin $AAPL", "time": 1512792147.0, "sentiment": "Bullish"}, {"id": 104273698, "text": "$AAPL non stop dip buying...some WS crackheads continue to dump $$$$$$$$$$$$$$$$$$$$$$$$$$$$$", "time": 1512792078.0, "sentiment": "Bullish"}, {"id": 104273473, "text": "$AAPL silly shit!", "time": 1512792030.0, "sentiment": ""}, {"id": 104273417, "text": "$AAPL AAPL set to buy Shazam on Monday", "time": 1512792018.0, "sentiment": "Bullish"}, {"id": 104273198, "text": "$AAPL well this is pretty obvious", "time": 1512791955.0, "sentiment": "Bullish"}, {"id": 104273128, "text": "$AAPL Apple May Acquire Music Recognition Service Shazam", "time": 1512791937.0, "sentiment": ""}, {"id": 104273075, "text": "$AAPL Probably a good thing Apple make iphonex so fragile, they can keep milking buyers for AppleCare and limited repairs on it", "time": 1512791923.0, "sentiment": ""}, {"id": 104272697, "text": "$AAPL go back to 170 next week, please", "time": 1512791829.0, "sentiment": ""}, {"id": 104272276, "text": "Nvidia Unleashes Titan V https://seekingalpha.com/article/4130762?source=ansh $NVDA, $AAPL, $AMD, $TSLA, $FNSR", "time": 1512791716.0, "sentiment": "Bullish"}, {"id": 104272173, "text": "$AAPL close to acquiring Shazam - https://techcrunch.com/2017/12/08/sources-apple-is-acquiring-music-recognition-app-shazam/", "time": 1512791684.0, "sentiment": ""}, {"id": 104272003, "text": "$AAPL took out yesterday&#39;s lows. trend is down.", "time": 1512791632.0, "sentiment": "Bearish"}, {"id": 104271894, "text": "$AAPL no love", "time": 1512791608.0, "sentiment": ""}, {"id": 104271533, "text": "$AAPL never disappoints i swear ! go apple", "time": 1512791513.0, "sentiment": "Bullish"}, {"id": 104270965, "text": "$AAPL just broke below PDL, if closes there, it could get very interesting to the downside", "time": 1512791363.0, "sentiment": ""}, {"id": 104270687, "text": "A new daily low at $168.9 was just reached for $AAPL.    #AAPL", "time": 1512791293.0, "sentiment": ""}, {"id": 104270684, "text": "Tesla Developing Chips, Analyst Says Chipmakers Could Gain Manufacturing Contracts $AAPL $AMD $F $TSLA $SWKS $NVDA https://benzinga.com/z/10891008", "time": 1512791292.0, "sentiment": ""}, {"id": 104270606, "text": "$AAPL As Expected, Apple, Inc. Would Be Among the Biggest Beneficiaries of the Republican Tax Bill https://finance.yahoo.com/news/expected-apple-inc-among-biggest-232300197.html", "time": 1512791270.0, "sentiment": "Bullish"}, {"id": 104270222, "text": "$AAPL P/E of 14 + world biggest company + 300 billion cash + warren buffett owns it = IDIOT IF YOU DON NOT BUY IT!!", "time": 1512791171.0, "sentiment": "Bullish"}, {"id": 104269942, "text": "$AAPL 169.00 is the floor", "time": 1512791104.0, "sentiment": ""}, {"id": 104269660, "text": "$AAPL", "time": 1512791032.0, "sentiment": "Bullish"}, {"id": 104269460, "text": "@BAPen true, but gotta stick to my trading rules. doesnt matter if $AAPL will go to $300...which it probably will", "time": 1512790986.0, "sentiment": ""}, {"id": 104269403, "text": "$AAPL wealthy TV analysts crying about losing a deduction for over a week", "time": 1512790974.0, "sentiment": ""}, {"id": 104269324, "text": "$AAPL P/E of 14 + the world biggest company + warren buffet owns this + 300 billion cash... =IDIOT IF YOU DON NOT OWN IT!!", "time": 1512790961.0, "sentiment": "Bullish"}, {"id": 104269290, "text": "$AAPL  she go up by 3 bucks after OPEX.", "time": 1512790954.0, "sentiment": "Bearish"}, {"id": 104268975, "text": "$AAPL never buy call options at the top on a overpriced good stock !!!!", "time": 1512790890.0, "sentiment": ""}, {"id": 104268819, "text": "$AAPL Latest News and Trading Summary https://marketchameleon.com/Overview/AAPL/", "time": 1512790849.0, "sentiment": ""}, {"id": 104268197, "text": "$AAPL $FB CHOP CITY. Theese are being chopped around everyday to screw options players lol", "time": 1512790647.0, "sentiment": ""}, {"id": 104267907, "text": "$AAPL Looking at its past. Weakness in December not unusual. Even weak following into early Jan. Never noticed that before", "time": 1512790562.0, "sentiment": ""}, {"id": 104267873, "text": "Estimize EPS expectations are 1.29% higher than that of Wall Street for $AAPL Q1 [Reporting 01/30 AMC]\nhttp://www.estimize.com/intro/aapl?utm_content=AAPL&amp;amp;utm_medium=eps_difference&amp;amp;utm_source=stocktwits#chart=change-over-time", "time": 1512790553.0, "sentiment": ""}, {"id": 104267670, "text": "$AAPL $160 come on you PoS", "time": 1512790499.0, "sentiment": ""}, {"id": 104267293, "text": "$GILD $UVXY $BAC $C $AMZN $GOOGL $FB $NVDA $AAPL $MSFT $WMT $BABA $WFC How he feel when it slides a few grand?", "time": 1512790385.0, "sentiment": ""}, {"id": 104267251, "text": "$GILD  $UVXY $SPY $BAC $C $AMZN $GOOGL $FB $NVDA $AAPL $MSFT $WMT $BABA $WFC  Millennials=death of the stock market!!!!", "time": 1512790374.0, "sentiment": ""}, {"id": 104267018, "text": "$GILD $GILD $UVXY SPY $BAC $C $AMZN $GOOGL $FB $NVDA $AAPL $MSFT $WMT $BABA $WFC This young kid at my job own&#39;s 4 BITCOINS", "time": 1512790297.0, "sentiment": ""}, {"id": 104267015, "text": "$AAPL innnnnnnnn!!!!!!", "time": 1512790297.0, "sentiment": "Bullish"}, {"id": 104266523, "text": "$GILD $UVXY SPY $BAC $C $AMZN $GOOGL $FB $NVDA $AAPL $MSFT $WMT  $BABA $WFC So Millennials are buying BITCOIN instead of stocks.looool", "time": 1512790162.0, "sentiment": ""}, {"id": 104265574, "text": "$AAPL been holding for a year plus...I\u2019ll cash out when I\u2019m to old to enjoy the gains", "time": 1512789859.0, "sentiment": ""}, {"id": 104265409, "text": "$AAPL has been overvalued for a long time", "time": 1512789813.0, "sentiment": ""}, {"id": 104265357, "text": "Today&#39;s day &amp; swing trades: $SOXL, $QD, $OSIS, $MU, $GS, $ALXN (see charts) Open: $EIX, $OSIS, $HIMX, $AAPL, $KR, $BIG, $SFIX, $ASYS", "time": 1512789801.0, "sentiment": ""}, {"id": 104265335, "text": "$AAPL 345pm it\u2019ll kill some 170 put premium. 170 calls are finished. Only put left to kill", "time": 1512789794.0, "sentiment": ""}, {"id": 104265192, "text": "$BABA $FB $AAPL It&#39;s 3:22 folks. Days not over :o)", "time": 1512789755.0, "sentiment": "Bullish"}, {"id": 104265181, "text": "$AAPL PoS....", "time": 1512789753.0, "sentiment": ""}, {"id": 104265151, "text": "@DocMartin reminds me of $ADSK rally yesterday!  Or $AAPL on Wednesday.  We in the chop. Many drama for bulls and bears.", "time": 1512789746.0, "sentiment": ""}, {"id": 104265050, "text": "$AAPL cant hold green. im out. not gonna touch this for the next 50 years.", "time": 1512789713.0, "sentiment": ""}, {"id": 104264703, "text": "@savrone Rather hear about #SALT that their endless Bitcrap hype!  $aapl $fb $googl $baba", "time": 1512789602.0, "sentiment": ""}, {"id": 104264582, "text": "$AAPL", "time": 1512789568.0, "sentiment": ""}]