[{"id": 105241526, "text": "@xtothez \nEXHIBIT 1: $aapl", "time": 1513389809.0, "sentiment": ""}, {"id": 105241478, "text": "$AAPL Come on MM, you can do another HOD, bring it on", "time": 1513389792.0, "sentiment": ""}, {"id": 105241422, "text": "$SPY $AMD $UGAZ $SPX $DIA $AAPL $NFLX", "time": 1513389770.0, "sentiment": "Bullish"}, {"id": 105241021, "text": "$SPY $SPX $DIA $QQQ $IWM $AAPL $FB $NFLX  \n\nEarnings are expanding! Holiday Sales Soaring! It\u2019s not rocket science lmao", "time": 1513389653.0, "sentiment": "Bullish"}, {"id": 105240818, "text": "$AAPL They are pushing a lot to stay way above 172.50 because of calls", "time": 1513389597.0, "sentiment": ""}, {"id": 105240314, "text": "$SPY $QQQ $XIV $VXX $IWM $DIA $AAPL $GLD At the big dark pool level from wednesday... profit taking is a good idea. https://www.tradingview.com/x/dQFOGTLE/", "time": 1513389446.0, "sentiment": ""}, {"id": 105240183, "text": "$SPY $TSLA $COST $PF $HRL $AAPL \n\nHoliday Spending Jumps To 10%, Cyber Sales Increase 15% Y/Y $VFC", "time": 1513389404.0, "sentiment": "Bullish"}, {"id": 105239951, "text": "$AAPL mm IS 175.60 WILL SEE needs more volume", "time": 1513389337.0, "sentiment": ""}, {"id": 105239840, "text": "$AAPL next stop 175$", "time": 1513389308.0, "sentiment": "Bullish"}, {"id": 105239406, "text": "$AAPL should be 180...", "time": 1513389169.0, "sentiment": ""}, {"id": 105239391, "text": "$SPY $DIA $QQQ $IWM $AAPL $NFLX $GOOG $AMZN $FB $BAC $JPM \n\nSanta Bringing Gifts Until Christmas! Rally Just Started", "time": 1513389165.0, "sentiment": "Bullish"}, {"id": 105239315, "text": "$aapl has the look here im long calls", "time": 1513389144.0, "sentiment": ""}, {"id": 105238980, "text": "$AAPL Added another Jan 2020 $200 @ $16.25", "time": 1513389046.0, "sentiment": ""}, {"id": 105238744, "text": "Best ETF we like:  $QLD 2x Nasdaq hands down.  Now up 74% YTD.  Nice.     $QQQ $AAPL $AMZN $GOOGL helping mucho!!", "time": 1513388982.0, "sentiment": ""}, {"id": 105238582, "text": "$AAPL is goddamn dirk diggler", "time": 1513388930.0, "sentiment": ""}, {"id": 105238577, "text": "$AAPL Finally another push...", "time": 1513388929.0, "sentiment": ""}, {"id": 105238205, "text": "$SPY $QQQ $DIA $IWM $ES_F $NQ_F $USO $CL_F $FB $AMZN $AAPL $GOOG How many times can idiots cheer for the same thing?", "time": 1513388814.0, "sentiment": "Bearish"}, {"id": 105238024, "text": "$AAPL com&#39;n 175", "time": 1513388758.0, "sentiment": ""}, {"id": 105238014, "text": "$SPY Strong Earnings Reports Continue $AAPL $FB $NFLX $GOOG \n\nGREAT NEWS", "time": 1513388755.0, "sentiment": "Bullish"}, {"id": 105237682, "text": "$AAPL https://stocknewsjournal.com/2017/12/14/the-markets-are-undervaluing-these-stocks-apple-inc-aapl-centene-corporation-cnc/", "time": 1513388647.0, "sentiment": "Bullish"}, {"id": 105237224, "text": "$AAPL  reject \ud83d\udc3b s  This should be at $220.00.  undervalued", "time": 1513388504.0, "sentiment": ""}, {"id": 105237118, "text": "Price Moves vs Expected Moves $UA $UAA $FL $MDLZ $F $TSLA $GM $PG $AAPL $NKE $KO $MO http://tinyurl.com/y7zbwhgq", "time": 1513388474.0, "sentiment": ""}, {"id": 105236692, "text": "$SNAP -BUY; we expect Tech M&amp;A to gather big momentum with billions of offshore cash repatriated by big tech $fb $amzn $goog $msft $aapl", "time": 1513388338.0, "sentiment": "Bullish"}, {"id": 105236688, "text": "$AAPL I wish MM let the market play a little bit too, instead of forcing their target price anytime they want", "time": 1513388337.0, "sentiment": ""}, {"id": 105236524, "text": "$AAPL What happens when you drop your AirPods 21 stories down an elevator shaft?", "time": 1513388293.0, "sentiment": "Bullish"}, {"id": 105236361, "text": "$SPY $AAPL @JackInvs pretty sure this won\u2019t gap up tomorrow. I can almost guarantee it.", "time": 1513388242.0, "sentiment": ""}, {"id": 105236259, "text": "$AAPL let&#39;s see if MM got the balls to bring this down to 172... I doubt it.", "time": 1513388213.0, "sentiment": ""}, {"id": 105235930, "text": "$AAPL should be a good week next week", "time": 1513388119.0, "sentiment": ""}, {"id": 105235922, "text": "$SPY $DIA $QQQ $AAPL $WFC $BAC $BABA $FB $NVDA $ES_F \n\nEnd of Day Gap Up! We Will Gap Up Tomorrow! Merry Christmas \ud83c\udf84", "time": 1513388115.0, "sentiment": "Bullish"}, {"id": 105235440, "text": "Microsoft readies dev kit, Q# language for quantum computing\nhttps://www.infoworld.com/article/3242987/application-development/microsoft-readies-dev-kit-q-language-for-quantum-computing.html#tk.rss_all\n\n$DLAKY $BABA $TSLA $AAPL $FB $MSFT $AMZN $NVDA $INTC", "time": 1513387980.0, "sentiment": "Bullish"}, {"id": 105234685, "text": "$AAPL here comes the mid day fade", "time": 1513387765.0, "sentiment": ""}, {"id": 105234477, "text": "$AAPL \nOnce MACD crossover looks to be good to 180-182 by year end", "time": 1513387702.0, "sentiment": "Bullish"}, {"id": 105234266, "text": "$AAPL if we do get a pullback, I&#39;ll buy next Fridays $170 calls at around $3.30", "time": 1513387629.0, "sentiment": ""}, {"id": 105234015, "text": "$T $VZ $AAPL $AMZN too many trolls on ST these days posting repeated msgs as if they can move the needle by doing so.. hilarious", "time": 1513387546.0, "sentiment": ""}, {"id": 105233543, "text": "$AAPL Any chance to hold 173 today?", "time": 1513387406.0, "sentiment": ""}, {"id": 105233509, "text": "Estimize revenue expectations are 0.48% higher than that of Wall Street for $AAPL Q1 [Reporting 01/30 AMC]\nhttp://www.estimize.com/intro/aapl?utm_content=AAPL&amp;amp;utm_medium=revenue_difference&amp;amp;utm_source=stocktwits#chart=change-over-time", "time": 1513387397.0, "sentiment": ""}, {"id": 105233395, "text": "Huge.....Could Microsoft Be the First $1 Trillion Company?\n\nhttps://www.fool.com/investing/2017/12/14/could-microsoft-be-the-first-1-trillion-company.aspx\n\n$DLAKY $BABA $TSLA $AAPL $FB $MSFT $AMZN $NVDA $INTC", "time": 1513387361.0, "sentiment": "Bullish"}, {"id": 105233323, "text": "$AAPL building up for another leg", "time": 1513387342.0, "sentiment": ""}, {"id": 105232934, "text": "$SPY $QQQ $IWM $FB $AAPL $AMD $NVDA How to predict stock prices https://www.youtube.com/watch?v=NrkQ9WimEeQ", "time": 1513387232.0, "sentiment": ""}, {"id": 105232850, "text": "$AAPL Ensign, ENGAGE!", "time": 1513387204.0, "sentiment": "Bullish"}, {"id": 105231602, "text": "$DLAKY $BABA $TSLA $AAPL $FB $MSFT $AMZN $NVDA $INTC", "time": 1513386840.0, "sentiment": "Bullish"}, {"id": 105231148, "text": "$FNSR Backed by $AAPL  https://www.barrons.com/articles/finisar-and-apple-its-better-than-it-looks-says-needham-1513280138?mod=yahoobarrons&amp;ru=yahoo&amp;yptr=yahoo", "time": 1513386710.0, "sentiment": "Bullish"}, {"id": 105230887, "text": "$AAPL $200 next week. Some guy on ST said that\u2019s where it\u2019s going.", "time": 1513386626.0, "sentiment": ""}, {"id": 105230296, "text": "$XBT_F $RIOT $BCH.X $BTC.X $ETH.X $AMZN $AAPL $AMD #cryptocurrency mining.", "time": 1513386452.0, "sentiment": "Bullish"}, {"id": 105230280, "text": "$FNSR Very profitable company $AAPL just invested 400m in it. Unlike cash burning $AMD garbage, $FNSR is a huge opportunity.", "time": 1513386449.0, "sentiment": "Bullish"}, {"id": 105230063, "text": "$AAPL this is the all famous sombrero pattern", "time": 1513386382.0, "sentiment": ""}, {"id": 105229973, "text": "$AAPL this is where apple starts winning...from here.", "time": 1513386360.0, "sentiment": ""}, {"id": 105229613, "text": "$AAPL &quot; TOP TECH ANALYST: Only one thing could stop the FANGs from skyrocketing in 2018\u2026&quot; thermo-nuclear war on the Korean peninsula?", "time": 1513386270.0, "sentiment": "Bullish"}, {"id": 105229492, "text": "The Most Active Equity Options And Strikes For Midday December 15th - $AU,$AAPL,$BAC,$OCLR,$VALE,$AMD,$FB, $PAGP http://www.theoptionsinsider.com/active-equity-options-strikes-midday-december-15th-au-aapl-bac-oclr-vale-amd-fb-pagp/", "time": 1513386234.0, "sentiment": ""}, {"id": 105229099, "text": "$AAPL $180 in the crosshairs", "time": 1513386127.0, "sentiment": "Bullish"}, {"id": 105229024, "text": "$DLAKY $BABA $TSLA $AAPL $FB $MSFT $AMZN $NVDA $INTC.... ooooohhhh  looks like Year-end rally start from today ladies", "time": 1513386109.0, "sentiment": "Bullish"}, {"id": 105227340, "text": "$AAPL GOP is begging to give apple a break. Apple will buy back shares while it&#39;s cheap and into an updated product cycle.", "time": 1513385680.0, "sentiment": ""}, {"id": 105227162, "text": "$AAPL I don&#39;t understand today??  I thought MM&#39;s wanted to close around 172.5", "time": 1513385624.0, "sentiment": "Bullish"}, {"id": 105227010, "text": "$AAPL Last holiday quarter Apple sold 798,877 iPhones a day", "time": 1513385584.0, "sentiment": ""}, {"id": 105226337, "text": "$AAPL Only around 50,000 units of the &quot;iPhone killer&quot; Essential Phone have been sold, according to download figures from the Play Store", "time": 1513385378.0, "sentiment": "Bullish"}, {"id": 105226252, "text": "$AAPL c&#39;mon AAPL 175", "time": 1513385354.0, "sentiment": "Bullish"}, {"id": 105226055, "text": "$AAPL need money to buy my imac pro", "time": 1513385291.0, "sentiment": "Bullish"}, {"id": 105225943, "text": "$AAPL AAP   bring $$$$ and Manufacturing ...jobs..back to US", "time": 1513385257.0, "sentiment": ""}, {"id": 105225739, "text": "$AAPL GOP want&#39;s to give apple a tax break.. gonna pass b4 Xmas... santa gonna deliver.", "time": 1513385201.0, "sentiment": ""}, {"id": 105225108, "text": "$AAPL which options strike and date does everyone have? \ud83e\udd14", "time": 1513385014.0, "sentiment": ""}, {"id": 105224843, "text": "$AAPL give it an hour...", "time": 1513384941.0, "sentiment": ""}, {"id": 105224448, "text": "$AAPL tax bill gonna pass and favor apple...bug money overseas", "time": 1513384839.0, "sentiment": ""}, {"id": 105224421, "text": "$AAPL headed higher?", "time": 1513384833.0, "sentiment": "Bearish"}, {"id": 105224139, "text": "$AAPL on its way to $176 and then if it breaks its heading higher. Risk is to the upside folks.", "time": 1513384755.0, "sentiment": ""}, {"id": 105224133, "text": "$AAPL even as 8 , 8+  and especially X sales and deliveries are soaring!", "time": 1513384753.0, "sentiment": ""}, {"id": 105223960, "text": "$aapl. That&#39;s the beauty of that put fly in AAPL..My maximum loss was 16 dollars !", "time": 1513384702.0, "sentiment": ""}, {"id": 105223038, "text": "ok Mr $AAPL. what now? (intraday comment only). now vs. 8MM+ shares at the open.", "time": 1513384476.0, "sentiment": ""}, {"id": 105222758, "text": "Rally Program #2 being run today.  Rise ins am,pause at mid-day,  slight fade/rise into close. A rigged market is so predictable. $SPY $AAPL", "time": 1513384402.0, "sentiment": ""}, {"id": 105222699, "text": "$AAPL Some HFs smell the tax bill will be signed before the Xmas, then revised PE, APPLE should trade @ 185", "time": 1513384385.0, "sentiment": "Bullish"}, {"id": 105222330, "text": "$AAPL Uhhhh... yeah! BLOCK", "time": 1513384285.0, "sentiment": ""}, {"id": 105222282, "text": "$AAPL", "time": 1513384271.0, "sentiment": ""}, {"id": 105222261, "text": "$aapl they r holding jan 172.5/175 calls 5000+contracts,blog post from few days ago http://www.stockoptionexpert.com/trades/item/254-aapl-repeat-calls-buy-172-5-call-buyers-got-paid", "time": 1513384264.0, "sentiment": "Bullish"}, {"id": 105222192, "text": "@atee Completely different scenarios.  $FNSR has other business and are market leaders in that business. The $AAPL business is icing on cake", "time": 1513384242.0, "sentiment": "Bullish"}, {"id": 105222174, "text": "$AAPL $btc.x profit coming into real asset", "time": 1513384238.0, "sentiment": ""}, {"id": 105222119, "text": "$AAPL Probably a gap n go Monday. @1simpletrader", "time": 1513384221.0, "sentiment": "Bullish"}, {"id": 105221931, "text": "$SPY $IWM $QQQ $FB $AAPL $SPX $DJIA late day sell off coming? Shorts and PUTs getting ready?", "time": 1513384168.0, "sentiment": ""}, {"id": 105221841, "text": "$AAPL On our way to $200!!!", "time": 1513384145.0, "sentiment": "Bullish"}, {"id": 105221787, "text": "$AAPL Biught $175 lotto calls in case it goes to $176 today", "time": 1513384132.0, "sentiment": "Bullish"}, {"id": 105221582, "text": "$AAPL it&#39;s a buy into earning", "time": 1513384078.0, "sentiment": ""}, {"id": 105221563, "text": "$AAPL Im out", "time": 1513384072.0, "sentiment": "Bullish"}, {"id": 105221534, "text": "$AAPL Here we go again!", "time": 1513384064.0, "sentiment": "Bullish"}, {"id": 105221431, "text": "$AAPL ... ready, set, ... http://charts-by-leafwest.com/aapl-looks-like-a-year-end-ramp-job/", "time": 1513384041.0, "sentiment": ""}, {"id": 105221392, "text": "$AAPL was that a double top? Prob not in this market.", "time": 1513384030.0, "sentiment": ""}, {"id": 105221213, "text": "$AAPL I think we\u2019re seeing a lot of short dudes covering here...", "time": 1513383982.0, "sentiment": "Bullish"}, {"id": 105221151, "text": "$AAPL WHEEEELLLLSS @Tommys", "time": 1513383970.0, "sentiment": "Bullish"}, {"id": 105221088, "text": "$RTN $AAPL Had to load up yesterday. You could see them breaking out, especially RTN on reverse head &amp; shoulders", "time": 1513383953.0, "sentiment": "Bullish"}, {"id": 105221040, "text": "$AAPL Tax Bill going thru. Shorts in this are screwed", "time": 1513383941.0, "sentiment": "Bullish"}, {"id": 105221034, "text": "$AAPL 174+ bound.", "time": 1513383940.0, "sentiment": ""}, {"id": 105220895, "text": "$AAPL finna explode soon enough... it&#39;s been suppressed for too long..", "time": 1513383904.0, "sentiment": "Bullish"}, {"id": 105220881, "text": "$AAPL waiting for breakout", "time": 1513383902.0, "sentiment": ""}, {"id": 105220800, "text": "$AAPL short squeeze please", "time": 1513383881.0, "sentiment": ""}, {"id": 105220790, "text": "$AAPL aapl is my best investment so far", "time": 1513383879.0, "sentiment": "Bullish"}, {"id": 105220576, "text": "$AAPL chooo choooooo! \ud83d\ude82 \ud83d\ude82 \ud83d\ude82", "time": 1513383828.0, "sentiment": "Bullish"}, {"id": 105220285, "text": "$AAPL eat it MMs", "time": 1513383758.0, "sentiment": ""}, {"id": 105220279, "text": "$AAPL I think a $1.02 may end up being a good price too have sold at", "time": 1513383757.0, "sentiment": ""}, {"id": 105220049, "text": "$AAPL MMs gave up and left the bears a big trap... break-out coming soon!", "time": 1513383701.0, "sentiment": "Bullish"}, {"id": 105219907, "text": "$AAPL of your holdings today&#39;s 172.50 calls at a profit from buying this am, you may want to take the profit her at aapl 172.45", "time": 1513383668.0, "sentiment": ""}, {"id": 105219673, "text": "$AAPL that PM algo was the signal for today\u2019s high. Won\u2019t go past .79.", "time": 1513383611.0, "sentiment": ""}, {"id": 105219343, "text": "$AAPL b-b-b-b-breakout coming real soon.", "time": 1513383526.0, "sentiment": ""}, {"id": 105219286, "text": "$AAPL Took some calls earlier on inverse H&amp;S breakout", "time": 1513383510.0, "sentiment": "Bullish"}, {"id": 105219241, "text": "$AAPL $XLF long going into new year", "time": 1513383499.0, "sentiment": "Bullish"}, {"id": 105219015, "text": "$AAPL IMO, and it&#39;s still very early, I think we are looking @ a 172.50 to 173 close. Means be very, very careful buying 172.5 At over .50", "time": 1513383443.0, "sentiment": ""}, {"id": 105218784, "text": "$AAPL Security Update: Face ID won\u2019t help a thief who steals your iPhone X. It already stopped working on my face. \ud83d\ude02", "time": 1513383384.0, "sentiment": "Bullish"}, {"id": 105218621, "text": "$VVIX $TVIX $UVXY $VXX $XIV $SVXY $SPY $SPX $NDX $AAPL $FB $QQQ $TQQQ $SQQQ $SPXL $SPXS $TNA", "time": 1513383341.0, "sentiment": ""}, {"id": 105218483, "text": "$AAPL", "time": 1513383311.0, "sentiment": ""}, {"id": 105218459, "text": "$AAPL sold below calls today for $2.46. nice profit. still holding leap calls for feb strike $170.", "time": 1513383306.0, "sentiment": ""}, {"id": 105218196, "text": "$AAPL we should all hope for Friday&#39;s where price ATM on an option. Takes great patience. Been to well 6-10x do far.", "time": 1513383235.0, "sentiment": ""}, {"id": 105217868, "text": "$AAPL biggest beneficiary of tax bill", "time": 1513383157.0, "sentiment": "Bullish"}, {"id": 105217848, "text": "$AAPL Volume going nuts", "time": 1513383151.0, "sentiment": "Bullish"}, {"id": 105217545, "text": "$AAPL Today ia going to be huge. This ia nothing yet", "time": 1513383073.0, "sentiment": "Bullish"}, {"id": 105217471, "text": "$AAPL fedex gonna say they are short staffed trying to deliver all tge iPhone X.", "time": 1513383048.0, "sentiment": ""}, {"id": 105217290, "text": "$AAPL next two weeks are going to be YUGE", "time": 1513383000.0, "sentiment": ""}, {"id": 105217233, "text": "$AAPL Does $APPL really ever go down? STILL THE BEST PERFORMER IN MY PORTFOLIO.", "time": 1513382984.0, "sentiment": "Bullish"}, {"id": 105217152, "text": "After being banned from Amazon for two years, the Apple TV and Google Chromecast return $AAPL $GOOGL $AMZN https://investorplace.com/2017/12/amazon-blinks-will-sell-chromecast-apple-tv/", "time": 1513382961.0, "sentiment": ""}, {"id": 105217125, "text": "$AAPL day high of 173.68  we go", "time": 1513382953.0, "sentiment": "Bullish"}, {"id": 105217113, "text": "$AAPL Price target today is $174.80 to 175.50", "time": 1513382948.0, "sentiment": "Bullish"}, {"id": 105216949, "text": "$AAPL  not too high volume yet. Odd for a Dec expiry.", "time": 1513382906.0, "sentiment": ""}, {"id": 105216940, "text": "$AAPL Lets buy that laptop. Lets go", "time": 1513382904.0, "sentiment": "Bullish"}, {"id": 105216911, "text": "$AAPL only really meaningful above 175.5 sadly", "time": 1513382898.0, "sentiment": ""}, {"id": 105216867, "text": "$AAPL 175 close and we pip Champaign", "time": 1513382884.0, "sentiment": ""}, {"id": 105216756, "text": "$AAPL No resistance until 174.80", "time": 1513382854.0, "sentiment": "Bullish"}, {"id": 105216486, "text": "$AAPL There it goes. New day time highs coming in 15 minutes", "time": 1513382785.0, "sentiment": "Bullish"}, {"id": 105216159, "text": "$AAPL $175 during lunch!", "time": 1513382699.0, "sentiment": "Bullish"}, {"id": 105216023, "text": "$AAPL some MM is having their lunch eaten.", "time": 1513382667.0, "sentiment": ""}, {"id": 105215708, "text": "$AAPL Yes! $175 pin", "time": 1513382589.0, "sentiment": "Bullish"}, {"id": 105215348, "text": "$AAPL and it down. $174 next", "time": 1513382502.0, "sentiment": "Bullish"}, {"id": 105215276, "text": "$AAPL 5 min chart in squeeze", "time": 1513382487.0, "sentiment": ""}, {"id": 105215221, "text": "$AAPL Breaking it now", "time": 1513382473.0, "sentiment": "Bullish"}, {"id": 105215051, "text": "$AAPL hahaha... clash of MMs today :)", "time": 1513382431.0, "sentiment": "Bullish"}, {"id": 105215045, "text": "$AAPL Break it already", "time": 1513382429.0, "sentiment": "Bullish"}, {"id": 105214782, "text": "$AAPL Break that wall $173", "time": 1513382364.0, "sentiment": "Bullish"}, {"id": 105214529, "text": "$AAPL Heavy buying", "time": 1513382290.0, "sentiment": "Bullish"}, {"id": 105214106, "text": "$AAPL 172.99 adding long for daytrade. Call me crazy. Tight stop, +1.00 target.", "time": 1513382182.0, "sentiment": "Bullish"}, {"id": 105214053, "text": "$AAPL Wall is gone", "time": 1513382168.0, "sentiment": "Bullish"}, {"id": 105214024, "text": "$AAPL it is ready to test day high.", "time": 1513382162.0, "sentiment": ""}, {"id": 105213920, "text": "$AAPL this is it", "time": 1513382136.0, "sentiment": "Bullish"}, {"id": 105213696, "text": "$FB Why would anyone Short this Mrkt today. Based on a Chart? Wow $AAPL $AMZN $BABA $SPY", "time": 1513382083.0, "sentiment": "Bullish"}, {"id": 105213681, "text": "$AAPL Awsome!!", "time": 1513382080.0, "sentiment": "Bullish"}, {"id": 105213362, "text": "$AAPL Over $173 in a gew minutes", "time": 1513381999.0, "sentiment": "Bullish"}, {"id": 105213188, "text": "$AAPL Volume picking up", "time": 1513381956.0, "sentiment": "Bullish"}, {"id": 105213084, "text": "$AAPL why haev this bast stuck today, or for the last 3 days)))?? cmon mov it up already", "time": 1513381928.0, "sentiment": ""}, {"id": 105213016, "text": "$AAPL Apple lagging the FAANNGs can be a frustrating stock at times", "time": 1513381908.0, "sentiment": ""}, {"id": 105212964, "text": "$AAPL Here we go.", "time": 1513381897.0, "sentiment": "Bullish"}, {"id": 105212624, "text": "$AAPL Lunch time moving up huge", "time": 1513381806.0, "sentiment": "Bullish"}, {"id": 105212548, "text": "$AAPL today\u2019s chart is cray", "time": 1513381786.0, "sentiment": ""}, {"id": 105212503, "text": "$AAPL are they targeting 172.5 today?", "time": 1513381773.0, "sentiment": ""}, {"id": 105211958, "text": "$AAPL With all other tech surging, seems primed to break upward. Would not be surprised to see 174.20+ today.", "time": 1513381647.0, "sentiment": ""}, {"id": 105211027, "text": "$AMD $AAPL Let&#39;s go AMD buy buy buy it&#39;s ready to go...", "time": 1513381425.0, "sentiment": "Bullish"}, {"id": 105210913, "text": "$AAPL Well this is annoyingly blah", "time": 1513381398.0, "sentiment": ""}, {"id": 105210770, "text": "$AAPL needs a higher high to avoid falling into a descending triangle", "time": 1513381367.0, "sentiment": ""}]