[{"id": 105671970, "text": "Apple Stock Downgraded To Neutral As iPhone X Lift Fades http://ow.ly/mBnS30hk5Eq $AAPL", "time": 1513723381.0, "sentiment": ""}, {"id": 105671739, "text": "$AAPL the downgrade threw a wrench into the all-time high rally. Might see a real correction after the momo crowd gives up on the all-time", "time": 1513723320.0, "sentiment": ""}, {"id": 105671294, "text": "$AAPL new ST on laptop blows!!!", "time": 1513723206.0, "sentiment": "Bullish"}, {"id": 105671106, "text": "$AAPL Falls by -1.0%. The 22-Dec-17 Option Straddle is Implying a \u00b10.9% Move in the Next 3 days http://tinyurl.com/znfvoj5", "time": 1513723154.0, "sentiment": ""}, {"id": 105670962, "text": "$AAPL Lol \ud83d\ude02 sure he did cheers \ud83c\udf7b", "time": 1513723120.0, "sentiment": ""}, {"id": 105670901, "text": "$AMZN $TSLA $GOOG $NFLX $NVDA $FB $AAPL financials selling off a lil bit. may be beginning of rotation into faanng and tech", "time": 1513723105.0, "sentiment": ""}, {"id": 105670762, "text": "$AAPL there is no iphone Cycles freaking it is innovation for generations Cycle is just buyers and sellers on the way to 1000 after 10 yrs", "time": 1513723065.0, "sentiment": "Bullish"}, {"id": 105670403, "text": "$AAPL 20% in one day. Didn\u2019t expect it that early. Or did I?", "time": 1513722967.0, "sentiment": ""}, {"id": 105669911, "text": "$AAPL that&#39;s the best one I&#39;ve found", "time": 1513722826.0, "sentiment": ""}, {"id": 105669661, "text": "$AAPL short don&#39;t wanna short...buyer afraid to buy", "time": 1513722760.0, "sentiment": ""}, {"id": 105669089, "text": "BUYING DIPS FOREVER $FB $AMZN $QQQ $AAPL $MSFT $TSLA $GOOG THE TAX PLAN IS REAL. SELL VOLATILITY! $VXX $UVXY", "time": 1513722615.0, "sentiment": ""}, {"id": 105668844, "text": "$AAPL like many cash wealthy companies will never bring their billions to the US. Unless they bring cash for nothing. #doubletaxing.", "time": 1513722553.0, "sentiment": ""}, {"id": 105668369, "text": "$AAPL that&#39;s why am in to crypto now they seem to always get away with it", "time": 1513722423.0, "sentiment": ""}, {"id": 105667713, "text": "$AAPL $175 before close...", "time": 1513722245.0, "sentiment": "Bullish"}, {"id": 105667559, "text": "@fredlogan2 Look at the $QQQ and ALL that support at $157.50. $FB $AAPL", "time": 1513722205.0, "sentiment": "Bullish"}, {"id": 105667158, "text": "$AAPL same like Pac Crest downgraded before ER on the super cycle iPhone 6, stock ran from 106 to 135 in the past, same Q, silly analyst", "time": 1513722099.0, "sentiment": "Bullish"}, {"id": 105667023, "text": "Here\u2019s what 252 Estimize analysts believe $AAPL will report for Q1 2018 revenue [Reporting 01/30 AMC]\nhttp://www.estimize.com/intro/aapl?utm_content=AAPL&amp;amp;utm_medium=revenue_update&amp;amp;utm_source=stocktwits#chart=historical", "time": 1513722067.0, "sentiment": ""}, {"id": 105666730, "text": "$AAPL Who caught the spike?", "time": 1513721993.0, "sentiment": ""}, {"id": 105666638, "text": "$AAPL The ads on this web site (on the PC) are getting out of hand.  Moving to the iPad app.  It  seems to be streaming right and less ads.", "time": 1513721968.0, "sentiment": ""}, {"id": 105666423, "text": "$FB $AAPL Watch this tech rally! Technicals set up for a big move to the upside. Ride it til Dec 29", "time": 1513721910.0, "sentiment": "Bullish"}, {"id": 105666234, "text": "$AAPL looking at the statistics the days that it goes down in the end it will go up. On days it goes up it will go down slightly again.", "time": 1513721877.0, "sentiment": "Bullish"}, {"id": 105665659, "text": "$NVDA $TSLA $GOOGL $AMZN $BABA $AAPL The data let us know risk was high holding longs at the close yesterday prices needed a reset 2 support", "time": 1513721739.0, "sentiment": "Bearish"}, {"id": 105665619, "text": "$AAPL apple is much bigger than some loser clueless analyst", "time": 1513721729.0, "sentiment": "Bullish"}, {"id": 105665398, "text": "$AAPL manipulator nomura only looked past charts. Not look at repatriation, higher ASP, blockbuster sales X http://www.businessinsider.com/nomura-instinet-analyst-jeffrey-kvaal-has-given-apple-stock-a-rare-downgrade-2017-12", "time": 1513721675.0, "sentiment": "Bullish"}, {"id": 105665374, "text": "$AAPL incredible volume should climb near lunch", "time": 1513721667.0, "sentiment": "Bullish"}, {"id": 105665174, "text": "$AAPL Face control apps begin to appear for iPhoneX. The potential of this technology to provide access assistance to the disabled is YUGE!", "time": 1513721601.0, "sentiment": ""}, {"id": 105665126, "text": "Youtube TV delays $ROKU and $AAPL TV aps", "time": 1513721583.0, "sentiment": "Bearish"}, {"id": 105664907, "text": "$AAPL Looks like Casino number for this week is $175", "time": 1513721514.0, "sentiment": "Bullish"}, {"id": 105664622, "text": "$AAPL also, recent downgrade not fully taking into account effect of repatriation", "time": 1513721449.0, "sentiment": ""}, {"id": 105664615, "text": "$AAPL Ty instinet, u pricks... lost a few hundred chasing this yest...", "time": 1513721448.0, "sentiment": ""}, {"id": 105664554, "text": "$AAPL runs from 169 to 177, then the analyst feels late foe the train now use dirty trick downgrade to pullback for his clients to jump in", "time": 1513721435.0, "sentiment": "Bullish"}, {"id": 105664306, "text": "$AAPL silly downgrade to assert iPhone cycle is nearing an end. The X is beginning of a new cycle", "time": 1513721376.0, "sentiment": ""}, {"id": 105664259, "text": "$AAPL when stocktwits starts lagging look for stock tracker its in TRUE real time", "time": 1513721366.0, "sentiment": ""}, {"id": 105664179, "text": "$AAPL this stock is a scam.  Should be at 1$ sell sell sell", "time": 1513721352.0, "sentiment": "Bearish"}, {"id": 105664139, "text": "$AAPL any chance analysts post downgrades to trigger machine algo selling so shares can be gobbled up for less? Am I over thinking it?", "time": 1513721344.0, "sentiment": ""}, {"id": 105664128, "text": "$AAPL if this close above 175.5 ,will recover by EOW,", "time": 1513721342.0, "sentiment": ""}, {"id": 105664014, "text": "$AAPL $FB Cooling off for big growth tech is consolidation, not a big step down. We\u2019ve had that consolidation and are going much higher", "time": 1513721317.0, "sentiment": "Bullish"}, {"id": 105663963, "text": "$CF $PYPL $AAPL $TTD Sell the news on tax cut signing? These will do well. $MZOR iffy $XON wouldn&#39;t touch this dog til 2018", "time": 1513721306.0, "sentiment": ""}, {"id": 105663956, "text": "$AAPL The wall of 175. Needs a good push through that", "time": 1513721305.0, "sentiment": ""}, {"id": 105663739, "text": "$FB $AAPL $JD $BABA Tech roaring back. Hope you all took that opp to add more", "time": 1513721259.0, "sentiment": "Bullish"}, {"id": 105663107, "text": "Picks for the next few months: Gold $ugl, Silver $agq, Copper $tgb, Volatility $uvxy, and Netflix $nflx. And perhaps Apple $aapl.", "time": 1513721122.0, "sentiment": "Bullish"}, {"id": 105663015, "text": "$AAPL thank you nomura for dropping hammer on weak hands. Got em cheap. BTFD", "time": 1513721099.0, "sentiment": "Bullish"}, {"id": 105662690, "text": "$AAPL $AMZN $NFLX For real, this new Stocktwits GUI is horrid.", "time": 1513721019.0, "sentiment": ""}, {"id": 105662549, "text": "@GoodNewsBull What about $AAPL? Kinda worried about the Nomura downgrade.", "time": 1513720985.0, "sentiment": "Bullish"}, {"id": 105662351, "text": "$AAPL Looks like others are calling bull on Downgrade. Look around you people. Everyone has an iSomething.", "time": 1513720937.0, "sentiment": "Bullish"}, {"id": 105662350, "text": "Find Triple Digit Returns from Your Kids\u2019 Video Game Habit $SPY $QQQ $MSFT $AMD $AAPL $NVDA $ATVI https://marketchameleon.com/Blog/post/2017/12/11/here-s-where-to-find-triple-digit-returns-from-your-kids-video-game-habit", "time": 1513720937.0, "sentiment": "Bullish"}, {"id": 105662104, "text": "$AAPL where is thus going...168 or 180?", "time": 1513720877.0, "sentiment": ""}, {"id": 105661948, "text": "$AAPL Is it just me or is the Stocktwits stream not streaming very well?", "time": 1513720839.0, "sentiment": ""}, {"id": 105661825, "text": "We explained short term ideas for $AAPl $XLK $IYR and why there is still more upside to come for the rest of the stock market #Elliottwave", "time": 1513720812.0, "sentiment": ""}, {"id": 105661411, "text": "$AAPL analyst doesn\u2019t report to you or me..... analyst is doing (a hack job on $AAPL for their customers", "time": 1513720712.0, "sentiment": ""}, {"id": 105661383, "text": "$AAPL same as this prediction?  Nomura analyst Romit Shah lowered his recommendation and price target on $NVDA  from $100 to $90 in Feb 2017", "time": 1513720705.0, "sentiment": ""}, {"id": 105661379, "text": "Indian markets are up, $AAPL India head resigns &amp; other news from India http://adrsofindia.com/blog/2017/12/19/Morning-News.html \u2026 $RDY $TTM $HDB $VEDL", "time": 1513720704.0, "sentiment": ""}, {"id": 105661297, "text": "$AAPL PT $127", "time": 1513720684.0, "sentiment": "Bearish"}, {"id": 105661163, "text": "$AAPL Just wanted to check in with apple bros, I bet you all just love this ST update... never let good things stay, always update to ruins?", "time": 1513720650.0, "sentiment": ""}, {"id": 105661012, "text": "$AAPL tech will be the beneficiary of the lower repatriation taxes. People selling before the bill is signed will miss out", "time": 1513720614.0, "sentiment": ""}, {"id": 105661001, "text": "$AAPL gap is filled..time to head north by northeast", "time": 1513720612.0, "sentiment": "Bullish"}, {"id": 105660858, "text": "$AAPL 180 touch--- this week sometime-- analyst wrong big time--- sales number well above exceptions", "time": 1513720583.0, "sentiment": ""}, {"id": 105660817, "text": "$AAPL looks like $176", "time": 1513720574.0, "sentiment": "Bullish"}, {"id": 105660748, "text": "$aapl -- just logged in for the first time in a week or so.  What happened?  They&#39;ve ruined stocktwits!", "time": 1513720555.0, "sentiment": ""}, {"id": 105660721, "text": "$AAPL up up up we go!", "time": 1513720548.0, "sentiment": "Bullish"}, {"id": 105660566, "text": "$AAPL reversing. My non scientific intuition just spoke to me.", "time": 1513720513.0, "sentiment": "Bullish"}, {"id": 105660532, "text": "$AAPL $BA $FB $NVDA $MU so is the tax cut plan rally over ?  CRAP !!!!", "time": 1513720506.0, "sentiment": "Bullish"}, {"id": 105660463, "text": "$AMZN $TSLA $GOOG $NVDA $NFLX $FB $AAPL looks like a sell program got initiated on the open on that nomura aapl downgrade. guess, BTD.", "time": 1513720489.0, "sentiment": ""}, {"id": 105660335, "text": "$AAPL what to do with a dip?", "time": 1513720460.0, "sentiment": ""}, {"id": 105660179, "text": "$AAPL value won\u2019t be lost... Nomura will bring in their buyers.", "time": 1513720424.0, "sentiment": ""}, {"id": 105660110, "text": "$AAPL 2 mom\u2019s watching a military parade,\u201dlook Sadie every soldier out of step but mine son\u201d. Nomura.......", "time": 1513720408.0, "sentiment": ""}, {"id": 105660054, "text": "$AAPL Most likely $175+ close today", "time": 1513720395.0, "sentiment": "Bullish"}, {"id": 105660012, "text": "Most Active Premarket $OTIV $AKER $TEUM $NLST $RIOT $MON $KND $UGAZ $AMD $FXI $NXTD $SPY $DPW $MARA $CCL $AAPL $VIPS https://marketchameleon.com/Reports/PremarketTrading", "time": 1513720386.0, "sentiment": ""}, {"id": 105659685, "text": "$AAPL Lowered his prediction form 185 to 175. His crystal ball different from all others.", "time": 1513720310.0, "sentiment": ""}, {"id": 105659506, "text": "$AAPL, $TWTR Panic Sellers Never Good. Stay Long &amp; Prosper \u263a\ufe0f", "time": 1513720273.0, "sentiment": "Bullish"}, {"id": 105659172, "text": "$aapl would not surprise me with a green close . buyers want cheap prices too", "time": 1513720206.0, "sentiment": ""}, {"id": 105659043, "text": "@OptionsPlayers go $AAPL", "time": 1513720174.0, "sentiment": "Bullish"}, {"id": 105658985, "text": "Watch list on trending: \n \n$RIOT $LFIN $NAV $BB $ARRY $WMT $GM $AAPL  \n \nLets see how the day goes on these", "time": 1513720162.0, "sentiment": "Bullish"}, {"id": 105658981, "text": "$AAPL don\u2019t let this happen", "time": 1513720161.0, "sentiment": ""}, {"id": 105658925, "text": "$NVDA $TSLA $AAPL $GOOGL $AMZN $BABA The algorithm informs us when cycles change and when they change with certain levels of energy", "time": 1513720149.0, "sentiment": "Bearish"}, {"id": 105658896, "text": "$AAPL We are just pawns in this game", "time": 1513720143.0, "sentiment": ""}, {"id": 105658848, "text": "$AAPL shorts paid analyst...was about to go bankrupt", "time": 1513720134.0, "sentiment": ""}, {"id": 105658789, "text": "$AAPL love the dip- got back in feb play! They will pay huge IMO", "time": 1513720118.0, "sentiment": "Bullish"}, {"id": 105658708, "text": "$SPY Buy And Hold Christmas Rally \n $AAPL $FB $NFLX $WFC $GOOG $NVDA $BAC $GS $HD $LOW", "time": 1513720100.0, "sentiment": "Bullish"}, {"id": 105658475, "text": "$SPY The Correction is over Buy now $AAPL $FB", "time": 1513720043.0, "sentiment": "Bullish"}, {"id": 105658442, "text": "$AAPL what will be the best entry ??", "time": 1513720037.0, "sentiment": "Bullish"}, {"id": 105658330, "text": "$AAPL hole......", "time": 1513720012.0, "sentiment": ""}, {"id": 105658299, "text": "$AAPL Buy on the downgrade!", "time": 1513720004.0, "sentiment": "Bullish"}, {"id": 105658251, "text": "$AAPL downgrade??", "time": 1513719992.0, "sentiment": ""}, {"id": 105658109, "text": "$AAPL ridiculous that such a small loser company like Nomura can destroy 9 billion of value", "time": 1513719956.0, "sentiment": "Bullish"}, {"id": 105658075, "text": "$NVDA $AAPL $BABA $GOOGL $TSLA $AMZN Now U see why I mentioned that yesterday- they are all down  it was a high risk profile/long exposure", "time": 1513719948.0, "sentiment": "Bearish"}, {"id": 105658057, "text": "Dow, S&amp;P 500 Extend Rallies as Vote on Tax Bill Nears $AAPL http://dlvr.it/Q6hYsW", "time": 1513719939.0, "sentiment": ""}, {"id": 105657966, "text": "$AAPL buy buy buy buy buy", "time": 1513719907.0, "sentiment": ""}, {"id": 105657794, "text": "$FB $AAPL $BABA Load up, just a great opp to buy.", "time": 1513719753.0, "sentiment": "Bullish"}, {"id": 105657792, "text": "$AAPL why the downgrade... man, Analyst can vet rich just upgrading and downgrading", "time": 1513719751.0, "sentiment": ""}, {"id": 105657765, "text": "$AAPL those pigs always want cheaper shares. Oink.", "time": 1513719726.0, "sentiment": ""}, {"id": 105657574, "text": "$AAPL man how to get the old stocktwits view back...this new one sucks", "time": 1513719439.0, "sentiment": ""}, {"id": 105657521, "text": "$AAPL test", "time": 1513719408.0, "sentiment": ""}, {"id": 105657484, "text": "$AAPL I see a reversal into green coming by 1pm. Including for $FB $TWTR", "time": 1513719384.0, "sentiment": ""}, {"id": 105657304, "text": "$AAPL overnight puts yielded 116%, time to add to LEAPS!", "time": 1513719317.0, "sentiment": ""}, {"id": 105657249, "text": "$AAPL downgraded", "time": 1513719303.0, "sentiment": "Bearish"}, {"id": 105657222, "text": "BANKS LEADING TODAY $KRE $XLF $GS $MS $JPM $BAC   TECH GOING GREEN WITH SEMIS $AMD $AAPL $FB $AMZN $NFLX $GOOG $QQQ $SMH", "time": 1513719295.0, "sentiment": "Bullish"}, {"id": 105657040, "text": "$AAPL downgrade $QQQ sliphttps://stocknews.com/news/aapl-nomura-instinet-cuts-to-neutral/", "time": 1513719251.0, "sentiment": ""}, {"id": 105656853, "text": "$AAPL https://appletoolbox.com/2017/12/apple-watch-bands-next-frontier-health-innovation/", "time": 1513719195.0, "sentiment": ""}, {"id": 105656847, "text": "$AAPL santa please bring me one more 160s entry before Christmas.", "time": 1513719193.0, "sentiment": ""}, {"id": 105656815, "text": "$AAPL who the heck is instinet", "time": 1513719185.0, "sentiment": "Bullish"}, {"id": 105656658, "text": "$AAPL tax bill will go thru the house. This will pop", "time": 1513719148.0, "sentiment": "Bullish"}, {"id": 105656475, "text": "$AAPL $173-174 is the area to watch.", "time": 1513719096.0, "sentiment": ""}, {"id": 105656448, "text": "$AAPL downgraded the day after breaking out. under 174 would be nasty", "time": 1513719085.0, "sentiment": ""}, {"id": 105656377, "text": "$AAPL $TWTR \ud83d\ude80\ud83d\ude80\ud83d\ude80", "time": 1513719060.0, "sentiment": "Bullish"}, {"id": 105655894, "text": "$AAPL DG.", "time": 1513718930.0, "sentiment": ""}, {"id": 105655719, "text": "$AAPL buy all dips", "time": 1513718878.0, "sentiment": "Bullish"}, {"id": 105655684, "text": "$CLF $AAPL $ES_F New format is too much information. Sensory overload.", "time": 1513718867.0, "sentiment": ""}, {"id": 105655594, "text": "$AAPL god have mercy on those call buyers", "time": 1513718842.0, "sentiment": ""}, {"id": 105655355, "text": "$ENPH Cramer just said (re. $AAPL) &quot;I think we forget the power of India&quot;  How true.  There&#39;s not just China folks!", "time": 1513718764.0, "sentiment": ""}, {"id": 105655332, "text": "$AAPL going back to 172.50 by Friday. Too bad.", "time": 1513718757.0, "sentiment": "Bearish"}, {"id": 105655318, "text": "$AAPL Another rotation out of tech and Apple leading the way.", "time": 1513718750.0, "sentiment": "Bearish"}, {"id": 105655166, "text": "$AAPL #Apple stock falls after Instinet downgrades to neutral https://www.marketwatch.com/story/apple-stock-falls-after-instinet-downgrades-to-neutral-2017-12-19", "time": 1513718697.0, "sentiment": ""}, {"id": 105655089, "text": "$AAPL What long term trend looks like on monthly chart (get telescope out before microscope), would only exit an end of month close &lt; 160", "time": 1513718670.0, "sentiment": ""}, {"id": 105655005, "text": "Benzinga&#39;s Top Upgrades, Downgrades For Dec 19 https://benzinga.com/z/10933050 $WMT $GM $SWX $DKS $MO $CL $AAPL $CBI $CREE $HBI $SYMC $PPG $RDFN $SHW", "time": 1513718645.0, "sentiment": ""}, {"id": 105654838, "text": "@quantumsignals $AAPL has a float of 5B, so 1/100 $AAPL ? yes i think this is fair...", "time": 1513718587.0, "sentiment": ""}, {"id": 105654504, "text": "$BABA $FB $AAPL markets topped out. Tech is on back burner, we may get another bump in 2018 but I see a major pullback coming soon.", "time": 1513718481.0, "sentiment": ""}, {"id": 105654443, "text": "$AAPL it\u2019s funny looking at all the cheerleaders here, wishing for it to go bullish. Can\u2019t argue the tape!!", "time": 1513718464.0, "sentiment": "Bearish"}, {"id": 105654434, "text": "$AAPL ...CNBC, J.Cramer...ignore the N. downgrade, ridiculous...own the stock.", "time": 1513718461.0, "sentiment": ""}, {"id": 105654400, "text": "$AAPL Traders Cheat Sheet", "time": 1513718452.0, "sentiment": ""}, {"id": 105654366, "text": "$AAPL I\u2019ll buy more under 170", "time": 1513718439.0, "sentiment": "Bullish"}, {"id": 105654346, "text": "$AAPL Race to $1 trillion Mkt cap is not going to stop  at $174 a share Clown \ud83e\udd21Lol", "time": 1513718431.0, "sentiment": "Bullish"}, {"id": 105654320, "text": "$AAPL lol at the downgrade. This stock is still undervalued and a must have in your portfolio.", "time": 1513718421.0, "sentiment": "Bullish"}, {"id": 105654220, "text": "$AAPL CRAMER...ITS A BULL MARKET GOOFBALL.NOT TOING TO TRADE IT WHEN A BEAR MARKET ?  pumptard", "time": 1513718381.0, "sentiment": ""}, {"id": 105654169, "text": "$AAPL stifel upgraded aapl to $26. Sell sell sell https://www.marketbeat.com/stocks/NASDAQ/AAPL/#AnalystRatings", "time": 1513718368.0, "sentiment": "Bullish"}, {"id": 105654090, "text": "Hmmm...  I like the $AAPL downgrade actually, I remain a call writer of against my AAPL common, see limited upside now", "time": 1513718344.0, "sentiment": ""}, {"id": 105654086, "text": "Good short-term dip buying opportunity This morning. $AAPL", "time": 1513718343.0, "sentiment": "Bullish"}, {"id": 105653703, "text": "$AAPL Amid mixed recent results in India, Apple has named a new head of operations there. https://stocknews.com/news/aapl-apple-inc-aapl-ousts-head-of-india-operations-names-quick/", "time": 1513718216.0, "sentiment": ""}, {"id": 105653569, "text": "$AAPL &quot;An analyst downgraded Apple stock because of &#39;historical patterns&#39;&quot; ASS", "time": 1513718171.0, "sentiment": "Bullish"}, {"id": 105653559, "text": "$AAPL looks like it wants to fill gap from yesterday 174.15 area, timely dg is a normal hit job to bring price down to benefit a hedgie BTD", "time": 1513718167.0, "sentiment": "Bullish"}, {"id": 105653341, "text": "$AAPL this stock is a hype", "time": 1513718085.0, "sentiment": ""}, {"id": 105653193, "text": "$AAPL Ugly day approaching ...", "time": 1513718034.0, "sentiment": ""}, {"id": 105653175, "text": "$AAPL anyone that sells because of some no name firm downgrade is an idiot. Learn to play the game guys", "time": 1513718029.0, "sentiment": ""}, {"id": 105653089, "text": "$AAPL As Nomura downgrades, he has ppl buying. Be smart, take this opp to buy", "time": 1513718009.0, "sentiment": "Bullish"}, {"id": 105653086, "text": "$AAPL - The Nomura action marks Apple\u2019s first downgrade since June.", "time": 1513718008.0, "sentiment": ""}, {"id": 105652943, "text": "$AAPL - Nomura Instinet downgrades Apple (NASDAQ:AAPL) from Buy to Neutral and lowers the price target from $185 to $175.", "time": 1513717952.0, "sentiment": ""}, {"id": 105652918, "text": "$AAPL lol scumbag stock, same suck &#39;em in garbage every Monday then churn and burn all week", "time": 1513717943.0, "sentiment": ""}, {"id": 105652896, "text": "Tuesday\u2019s Vital Data: $AAPL, $TWTR and $INTC - https://investorplace.com/2017/12/tuesdays-vital-data-apple-inc-aapl-twitter-inc-twtr-and-intel-corporation-intc/", "time": 1513717935.0, "sentiment": ""}, {"id": 105652871, "text": "cost to protect downside 4 the next 30 days.  $AAPL $GPRO $GOOGL $FB $NFLX $BAC $MSFT #XOM $MU $INTC $SBUX $SPY $GE https://marketchameleon.com/volReports/DownsidePutProtection", "time": 1513717926.0, "sentiment": ""}, {"id": 105652844, "text": "IF YOU FAILED TO COVER YOUR SHORT POSITION NOW IS THE TIME TO COVER \n$SPY $QQQ $XLF $SMH $AMZN $AMD $FB $NFLX $AAPL $GOOGL $JPM $BAC $GS $MS", "time": 1513717916.0, "sentiment": "Bullish"}, {"id": 105652790, "text": "$AAPL: NEUTRAL @ Nomura", "time": 1513717893.0, "sentiment": ""}, {"id": 105652784, "text": "$AAPL More upside still should happen, but traders need to understand the Market do not goes in a straight line.#elliottwave", "time": 1513717890.0, "sentiment": "Bullish"}, {"id": 105652617, "text": "$AAPL I&#39;m buying more. stupid downgrade to manipulate stock so they could get in. BTFD!", "time": 1513717818.0, "sentiment": "Bullish"}, {"id": 105652615, "text": "$AAPL Love these overnight puts I opened at the close. Should be a nice morning!", "time": 1513717817.0, "sentiment": ""}, {"id": 105652607, "text": "$AAPL a downgrade as soon as it reaches all time highs. No wonder so many moving to crypto. People sick of manipulation.", "time": 1513717814.0, "sentiment": ""}, {"id": 105652525, "text": "$AAPL The Instrument is ending a Multi Year cycle and soon should be pulling back in 3 waves.#elliottwave", "time": 1513717784.0, "sentiment": ""}, {"id": 105652490, "text": "$AAPL oh yeah.  No one with an ounce of brains would ever sell apple with best we EVER post holiday sales.", "time": 1513717769.0, "sentiment": ""}, {"id": 105652465, "text": "$aapl tactical follow up", "time": 1513717758.0, "sentiment": ""}, {"id": 105652345, "text": "Market In 5 Mins: LongFin&#39;s Move, Skipper Out At ESPN, Dad Shoes, Housing Starts Rise https://benzinga.com/z/10932492 $LFIN $DIS $SKX $HUM $AAPL $GM", "time": 1513717710.0, "sentiment": ""}, {"id": 105652264, "text": "$AAPL RBC upgrade $190 btfd", "time": 1513717686.0, "sentiment": "Bullish"}]