[{"id": 105820788, "text": "$AAPL BMO Capital reiterates Buy rating, $199 PT https://stocknews.com/news/aapl-bmo-capital-reiterates-buy-rating-199-pt/", "time": 1513806464.0, "sentiment": ""}, {"id": 105820433, "text": "$AAPL ST fubar but will get straightened out I suppose. Just changed the site.", "time": 1513806401.0, "sentiment": ""}, {"id": 105820065, "text": "$FB $amzn $AAPL sell into\nStrength now now now now now!!!\u2019n", "time": 1513806323.0, "sentiment": ""}, {"id": 105819900, "text": "$spy $qqq $aapl $xlf $dia $msft $mu $intc tax reform&#39;s going to be a stimulus on business &amp; consumer spendg in q1, q2 2018. bullish for tech", "time": 1513806286.0, "sentiment": "Bullish"}, {"id": 105819691, "text": "$AAPL thanks for supporting the cause! I spent 6k on Aapl products for the kids and family MacBook Pro", "time": 1513806236.0, "sentiment": ""}, {"id": 105819565, "text": "$AAPL nice swing trade per tweets https://twitter.com/SethCL", "time": 1513806209.0, "sentiment": ""}, {"id": 105819547, "text": "$spy $qqq $aapl $msft $xlf $dia $mu $intc well, whether you like it or not ...", "time": 1513806204.0, "sentiment": ""}, {"id": 105819491, "text": "$AAPL $TWTR \ud83d\ude80\ud83d\ude80\ud83d\ude80", "time": 1513806191.0, "sentiment": "Bullish"}, {"id": 105819261, "text": "$AAPL desktop ST still blows!!! Terrible somebody frickin fix it!! $FB $SHOP", "time": 1513806136.0, "sentiment": "Bullish"}, {"id": 105818718, "text": "$AAPL I was salty a couple months ago I bot this instead of $fb but I think this blows past FB next year.. cash on hand is unreal", "time": 1513805752.0, "sentiment": ""}, {"id": 105818686, "text": "$AAPL 30 Dec29 $172.5 calls 30 @ $3.38 avg cost basis", "time": 1513805646.0, "sentiment": "Bullish"}, {"id": 105818528, "text": "$AAPL starting", "time": 1513805594.0, "sentiment": ""}, {"id": 105818484, "text": "$AAPL estimates distribution - here\u2019s what 255 Estimize analysts are expecting $AAPL to report for Q1 [Reporting 01/30 AMC]\nhttp://www.estimize.com/intro/aapl?utm_content=AAPL&amp;amp;utm_medium=distribution&amp;amp;utm_source=stocktwits#chart=scatter-plot", "time": 1513805580.0, "sentiment": ""}, {"id": 105818316, "text": "Which Way Wednesday? S&amp;P 3,000 in 2018? $SPY $AAPL $HBI $LB  @MoneyTalkGO @td_canada @kimparlee -- http://www.philstockworld.com/2017/12/20/which-way-wednesday-sp-3000-in-2018/", "time": 1513805530.0, "sentiment": "Bullish"}, {"id": 105817760, "text": "Watch list this morning: \n \n$NETE $AVG $SKLN $FTFT $HMNY $NVFY $AMD $AAPL $BLIN $BB $XNET", "time": 1513805354.0, "sentiment": "Bullish"}, {"id": 105817610, "text": "$AAPL $FB $BABA $GOOG We should have some &quot;Sell On Open&quot; orders to fill so watch the dip &amp; follow the Rip $TWTR $SPY", "time": 1513805310.0, "sentiment": "Bullish"}, {"id": 105817439, "text": "$SPY Last posts of year will be Thursday, $SPX chart &amp; SP500 watch list $QQQ $XLF $SMH $SVXY $AAPL $JPM $GS $FB $AMD $AMZN $AVGO $NVDA ....", "time": 1513805254.0, "sentiment": "Bullish"}, {"id": 105817010, "text": "$AAPL Any way to view option prices pre/post market? Do they even get traded during these periods?", "time": 1513805131.0, "sentiment": ""}, {"id": 105816919, "text": "This cool. This cool. $AAPL", "time": 1513805101.0, "sentiment": ""}, {"id": 105816757, "text": "$OLED $AAPL See the news from SAMSUNG last night quadrupling their OLED SCREEN mfg output for 2018", "time": 1513805038.0, "sentiment": ""}, {"id": 105816553, "text": "$AAPL let\u2019s see a gap and go day today", "time": 1513804952.0, "sentiment": "Bullish"}, {"id": 105814886, "text": "$AAPL trump couldn\u2019t even beat Obama\u2019s market rally. Further\u2014the 1st months of trump\u2019s rally were Obama\u2019s coattails", "time": 1513804347.0, "sentiment": ""}, {"id": 105813904, "text": "The Trump stock market rally continues! $FB $AAPL $MSFT $GOOG $AMZN #size #value #momentum @julyyen @andyyeh", "time": 1513803991.0, "sentiment": "Bullish"}, {"id": 105813701, "text": "IDC: Watches will dominate wearables market in 2021 $WEAR $FIT $AAPL http://www.seekingalpha.com/news/3319380", "time": 1513803905.0, "sentiment": ""}, {"id": 105813298, "text": "$SPY $XLF Check out $MU $BAC $AKAM $AMD $INTC $TWTR $AAPL $NVDA $ROKU $FB $JPM $TSLA $AMZN $MS $NFLX $WFC $GS $BLK $AXP $QQQ $SMH $PNC", "time": 1513803760.0, "sentiment": "Bullish"}, {"id": 105812673, "text": "$AAPL Kids Christmas list...iPhones, Apple watches, Apple wireless ear buds...4 kids... Apple got my cash... will get is all back soon!", "time": 1513803507.0, "sentiment": "Bullish"}, {"id": 105812666, "text": "$AAPL good signs - helping economy big with $FDX deliveries iPhone X and $MU drams chips in iPhone X macs iPads", "time": 1513803505.0, "sentiment": "Bullish"}, {"id": 105812584, "text": "$MKC $ADP $UNP $AAPL $GIS $O $ITW", "time": 1513803464.0, "sentiment": "Bullish"}, {"id": 105812205, "text": "$FB $AAPL $IMMU $X $C $JD $BABA There goes $TSCO Biggest beneficiary of tax reform. $90 all day", "time": 1513803299.0, "sentiment": "Bullish"}, {"id": 105810165, "text": "New Highs Fade - New $AAPL analysis and prediction at http://www.matrixtrade.com/stocks/aapl/", "time": 1513802397.0, "sentiment": ""}, {"id": 105809889, "text": "$AAPL Steady march to $200", "time": 1513802253.0, "sentiment": "Bullish"}, {"id": 105809619, "text": "$TSCO Here we go through $71! Going to $75.... Cheers.. $FB $AAPL $BABA $X $C $JD $IMMU $SQ Im out of $VMW w major profit. TSCO big winner", "time": 1513802118.0, "sentiment": "Bullish"}, {"id": 105809033, "text": "Technologies that will have a huge impact in 2018... and beyond $FB $GOOG $AMZN $AAPL $TWTR  http://www.forbes.com/sites/bernardmarr/2017/12/04/9-technology-mega-trends-that-will-change-the-world-in-2018/", "time": 1513801858.0, "sentiment": ""}, {"id": 105808951, "text": "$AAPL local support and resistance areas 175.1, 169, 161.2 , analysis http://chart.st/AAPL", "time": 1513801823.0, "sentiment": ""}, {"id": 105808821, "text": "Will issue $SPX gap up list 9:30am $SPY status 12:00pm after Europe closes $XLF $SMH $SVXY $QQQ $AMD $AAPL $AMZN $AKAM $AXP $AAL $AVGO", "time": 1513801754.0, "sentiment": "Bullish"}, {"id": 105808789, "text": "$AAPL The road to hell is lined with Democrats", "time": 1513801733.0, "sentiment": "Bullish"}, {"id": 105808778, "text": "$aapl tactical follow up", "time": 1513801729.0, "sentiment": ""}, {"id": 105808646, "text": "$FIT $GRMN $AAPL IDC&#39;s latest wearables forecast https://www.idc.com/getdoc.jsp?containerId=prUS43408517", "time": 1513801641.0, "sentiment": ""}, {"id": 105808604, "text": "RT Why the market struggled to go higher on good news: http://crackedmarket.com/2017/12/5904/ $SPY $SPX $ES_F $QQQ $IWM $AAPL", "time": 1513801605.0, "sentiment": ""}, {"id": 105808266, "text": "$AAPL Yesterday was a good buy from WS crackhead behavior...easy money today! $$$$$$$$$$$$$$$$$$$$$$$$$", "time": 1513801190.0, "sentiment": "Bullish"}, {"id": 105808224, "text": "$AAPL \nJeffrey Kvaal &amp; Nomura - Pure genius. He made his $175 price target in 24 hours  \ud83d\ude0a\nStocking shelves at WalMart now", "time": 1513801157.0, "sentiment": "Bullish"}, {"id": 105808177, "text": "$AMD $INTC $MU $NVDA $AMAT $AAPL $JPM $BAC $C $XLF $SMH $QQQ $SPY $FB Premarket $SPX volume check $AMZN", "time": 1513801115.0, "sentiment": "Bullish"}, {"id": 105808064, "text": "$AAPL Why I\u2019ve been WAY overweight Apple since 2009", "time": 1513801040.0, "sentiment": "Bullish"}, {"id": 105808060, "text": ".MARKET RECON: Grand Slam $SPX $RUT $JPM $C $FB $AMZN $AAPL $NFLX $NVDA $GOOG $GOOGL $RIOT $BB $GIS $WGO $BBBY https://realmoney.thestreet.com/articles/12/20/2017/gop-tax-bill-grand-slam-home-run-these-companies?_ga=2.142515954.1574542886.1513588305-1097804606.1502832611", "time": 1513801037.0, "sentiment": ""}, {"id": 105807574, "text": "$FB $AAPL $BABA Ive said this for a long time. Buy Calls on stocks you love. VIX at 10, Plenty of liquidity in these names. Be smart. Dec 29", "time": 1513800780.0, "sentiment": "Bullish"}, {"id": 105807294, "text": "$AAPL Apple made $1,444.76 per second in fiscal 2016. In fiscal 2017, Apple cleared $1,532.15 per second.", "time": 1513800638.0, "sentiment": ""}, {"id": 105807012, "text": "$AAPL re Nomura &quot;tax bill priced in.&quot; Uh, no...", "time": 1513800472.0, "sentiment": "Bullish"}, {"id": 105806235, "text": "Pop pop it\u2019s show time! $SPY $AAPL", "time": 1513800084.0, "sentiment": "Bullish"}, {"id": 105806182, "text": "Central Banks are the Black Sox.  They have all colluded to throw the world markets.  Why would anyone bet against that?  $SPY $AAPL $AMZN", "time": 1513800055.0, "sentiment": ""}, {"id": 105806161, "text": "$AAPL CNBC reportedly asked Nomura analcyst Kvaal to appear on air to discuss the AAPL downgrade and he declined.", "time": 1513800039.0, "sentiment": "Bullish"}, {"id": 105806016, "text": "Why short a rigged market? The Black Sox are going to throw the World Series and you pick them to win anyway?  $SPY $QQQ $AAPL $AMZN $FB", "time": 1513799965.0, "sentiment": "Bullish"}, {"id": 105805999, "text": "$AAPL not too strong considering how green the futures are. Hopefully gap up at open.", "time": 1513799954.0, "sentiment": "Bullish"}, {"id": 105805873, "text": "$AAPL how can ANYBODY be bearish on Apple after seeing that graphic?", "time": 1513799885.0, "sentiment": ""}, {"id": 105805718, "text": "$AAPL trivia night last night I saw grandpa sporting her new Apple Watch \ud83e\udd11", "time": 1513799794.0, "sentiment": "Bullish"}, {"id": 105805677, "text": "$AAPL Apple makes money faster than J.P. Morgan, Warren Buffett\u2019s Berkshire Hathaway and everyone else. 2016 data.", "time": 1513799769.0, "sentiment": "Bullish"}, {"id": 105805171, "text": "$AAPL more blood on the Digital Crown: Adidas\u2019 fitness wearables are dead", "time": 1513799469.0, "sentiment": "Bullish"}, {"id": 105804775, "text": "$AAPL $176?", "time": 1513799239.0, "sentiment": "Bullish"}, {"id": 105804585, "text": "$XLK 1H Chart 12/7 Ended 3 swings pullback and resumed the rally for new highs #Elliottwave $AAPL", "time": 1513799128.0, "sentiment": ""}, {"id": 105804445, "text": "$XLK Made new all time highs and looking to reach short term target at 66.36 - 67.36 area before a 3 waves pullback #Elliottwave $AAPL", "time": 1513799056.0, "sentiment": ""}, {"id": 105804336, "text": "$AAPL Premarket Session VWAP Statistics For 20-Dec-2017 https://marketchameleon.com/Overview/AAPL/VwapTable/Premarket", "time": 1513798986.0, "sentiment": ""}, {"id": 105804165, "text": "$SPY $ES_F $DIA $IWM $QQQ $AAPL $NFLX $FB $BAC $JPM $WFC $UNP \n\nLarge Gains Ahead Today! Buy Any Potential Dip", "time": 1513798872.0, "sentiment": "Bullish"}, {"id": 105802941, "text": "Big implied vol spikes: $FTR +23.2%, $AAPL +5.5%, $BIDU +4.1%, $APC +2.6%, $MON +2.2%, $MRO +2.1%, $PM +1.6%", "time": 1513798126.0, "sentiment": ""}, {"id": 105802862, "text": "After $AAPL now  $FB ROLLING OUT FACIAL RECOGNITION TECH \n===&gt;&gt;&gt; $FNSR", "time": 1513798069.0, "sentiment": "Bullish"}, {"id": 105802275, "text": "$AAPL $FB $BABA $X $TSCO $C Big day today!", "time": 1513797663.0, "sentiment": "Bullish"}, {"id": 105802016, "text": "#Apple $AAPL 1H Chart 12/7 Presented to members of bit.ly/ElliottWaveForecast calling for new highs #Elliottwave $XLK $NDX", "time": 1513797459.0, "sentiment": ""}, {"id": 105801890, "text": "$AAPL Can extend higher toward $189 area before another 3 waves pullback take place #Elliottwave $XLK $NDX", "time": 1513797352.0, "sentiment": ""}, {"id": 105801871, "text": "$AAPL agree with this sentiment; $AMZN, $FB and $GOOG may be in regulators&#39; crosshairs next yr, but Apple not so threatened \nhttps://www.nytimes.com/2017/12/19/business/apple-european-union-regulation.html", "time": 1513797330.0, "sentiment": ""}, {"id": 105801593, "text": "even in a positive Apple article NYT can\u2019t help going negative w/false equivalence: \u201c... $AAPL\u2019s attempts to slither out of paying taxes\u201d", "time": 1513797069.0, "sentiment": "Bullish"}, {"id": 105800989, "text": "$AAPL did 3 waves pullback and now resuming higher toward$179 area as a minimum target #Elliottwave $XLK $NDX", "time": 1513796513.0, "sentiment": ""}, {"id": 105800557, "text": "$AAPL I\u2019m surprised market isn\u2019t up a lot more since tax passed senate and now waiting on house revote?", "time": 1513796033.0, "sentiment": "Bullish"}, {"id": 105799932, "text": "@OptionsPlayers once $AAPL diversifies where dependency on iPhone is reduced pe expansion will happen.  Has already started.", "time": 1513795335.0, "sentiment": ""}, {"id": 105799785, "text": "Here\u2019s what 255 Estimize analysts believe $AAPL will report for Q1 2018 revenue [Reporting 01/30 AMC]\nhttp://www.estimize.com/intro/aapl?utm_content=AAPL&amp;amp;utm_medium=revenue_update&amp;amp;utm_source=stocktwits#chart=historical", "time": 1513795148.0, "sentiment": ""}, {"id": 105799739, "text": "@JayPats I don&#39;t think tax bill has ever been priced in. A priced in TR would have meant a much higher stock increase for $AAPL", "time": 1513795080.0, "sentiment": "Bullish"}, {"id": 105798645, "text": "$AAPL PE ratio for AAPL is a joke here without even thinking about the tax bill ramifications- don\u2019t be fooled into selling here. Enjoy!", "time": 1513793391.0, "sentiment": "Bullish"}, {"id": 105797863, "text": "$AAPL", "time": 1513792015.0, "sentiment": ""}, {"id": 105797811, "text": "$AAPL \u201csell on tax news\u201d is insane. Bill not even in effect.", "time": 1513791871.0, "sentiment": "Bullish"}, {"id": 105797741, "text": "$AAPL that\u2019s because Apple folks don\u2019t associate with trolls and spammers. BLOCKED", "time": 1513791754.0, "sentiment": ""}, {"id": 105797590, "text": "$AAPL ..a very powerful moat for investors. think also that w/new lower US taxes,amount of FCF available to Apple on ongoing basis goes up", "time": 1513791406.0, "sentiment": ""}, {"id": 105797532, "text": "$AAPL this would be ON TOP OF current level of buybacks ($30b per yr) and divis ($13b a yr). Eg in 12mths Apple could retire 10% of stock!", "time": 1513791287.0, "sentiment": ""}, {"id": 105797492, "text": "$AAPL setting up for gap and go...maybe $180 EOW $SPY", "time": 1513791223.0, "sentiment": "Bullish"}, {"id": 105797456, "text": "$AAPL using conservative assumptions Apple has $75bn of excess cash to play with and return to shareholders in the form of divis/buybacks", "time": 1513791165.0, "sentiment": ""}, {"id": 105797296, "text": "$AAPL de rigeur 2claim that tax bill is priced in/sell on news etcetc but think about the bonanza that it represents for $AAPL shareholders", "time": 1513790867.0, "sentiment": ""}, {"id": 105797104, "text": "$AAPL $GOOGL $GOOG $AMZN $FB $NFLX $BABA $QD $BIDU $NVDA $SPY $QQQ", "time": 1513790436.0, "sentiment": ""}, {"id": 105796751, "text": "Per data reported to FINRA, short volume divided by total volume for $AAPL was 36.1% on 12-19-17  http://www.volumebot.com/?s=AAPL", "time": 1513789620.0, "sentiment": ""}, {"id": 105796660, "text": "$AAPL iphoneX adoption reach 5,3%", "time": 1513789380.0, "sentiment": "Bullish"}, {"id": 105796495, "text": "Year end, think about saving on taxes! Just buy $JNJ $MU $T $AAPL $MSFT $MMM $KO $TGT $MO $WMT $MCD $XOM in smart way https://stokz.com/forum/topic/50-investing-rules-and-tips-not-only-for-dummies/638?page=1", "time": 1513789004.0, "sentiment": ""}, {"id": 105796430, "text": "$AAPL will the tax bill boost the price?", "time": 1513788853.0, "sentiment": ""}, {"id": 105796339, "text": "The 2017 Stratechery Year in Review \u2013 Stratechery by Ben Thompson excellent $fb $aapl  https://stratechery.com/2017/the-2017-stratechery-year-in-review/", "time": 1513788659.0, "sentiment": ""}, {"id": 105795941, "text": "Today $AAPL shows BUY signal (TA) for short term. Technical analysis source: https://stockinvest.us/technical-analysis/AAPL?utm_source=stocktwits-api", "time": 1513787832.0, "sentiment": "Bullish"}, {"id": 105795667, "text": "23.3% earnings growth next year? Check out Apple $AAPL https://simplywall.st/NasdaqGS:AAPL/apple/?utm_medium=stocktwits&amp;anchor=growth-in-earnings#growth-in-earnings", "time": 1513787281.0, "sentiment": ""}, {"id": 105795451, "text": "$AAPL someone tell me do they sign today a tax cut?", "time": 1513786729.0, "sentiment": "Bullish"}, {"id": 105795448, "text": "$NQ_F $AAPL $NFLX $AMZN advised to buy dips,now up 30+ ticks", "time": 1513786725.0, "sentiment": ""}, {"id": 105795431, "text": "Apple&#39;s buy rating reiterated at BMO Capital Markets. $199.00 PT. http://www.marketbeat.com/r/943845 $AAPL", "time": 1513786683.0, "sentiment": ""}, {"id": 105794821, "text": "Watch list for 12/20  \n \n$EBIO $CCIH $NEPT $FTFT $GALT $BLIN $RIOT $CADC $AIRI $AMD $AAPL $BTC.X  \n \nLets kill it tomorrow!~", "time": 1513785076.0, "sentiment": "Bullish"}, {"id": 105794699, "text": "Here\u2019s what 255 Estimize analysts believe $AAPL will report for Q1 2018 EPS [Reporting 01/30 AMC]\nhttp://www.estimize.com/intro/aapl?utm_content=AAPL&amp;amp;utm_medium=eps_update&amp;amp;utm_source=stocktwits#chart=historical", "time": 1513784702.0, "sentiment": ""}, {"id": 105794474, "text": "Donald Trump is never going to release his taxes \n \nhttp://edition.cnn.com/2017/12/19/politics/donald-trump-release-taxes/index.html \n \n$DLAKY $BABA $TSLA $AAPL $FB $MSFT $AMZN $INTC", "time": 1513784066.0, "sentiment": ""}, {"id": 105794144, "text": "Apple&#39;s Chinese suppliers catapult to a new level \n \nhttps://asia.nikkei.com/Business/Trends/Apple-s-Chinese-suppliers-catapult-to-a-new-level \n \n$DLAKY $BABA $TSLA $AAPL $FB $MSFT $AMZN $INTC", "time": 1513783246.0, "sentiment": "Bullish"}, {"id": 105793880, "text": "$DLAKY $BABA $TSLA $AAPL $FB $MSFT $AMZN $INTC  \n \n......take care buddies!!!", "time": 1513782565.0, "sentiment": "Bearish"}, {"id": 105793753, "text": "$AAPL is the tax bill full priced in? Guess we&#39;ll find out tomorrow", "time": 1513782221.0, "sentiment": ""}, {"id": 105793457, "text": "$aapl $amzn $msft only one direction- up!  2018 and beyond. This will be the start of a super hot bull market. BTFD", "time": 1513781447.0, "sentiment": ""}, {"id": 105793236, "text": "$AAPL market will fall higher or go higher from here, that&#39;s pretty much what will happen. short sleeping at the wheels will get killed.", "time": 1513780876.0, "sentiment": ""}, {"id": 105792978, "text": "$AAPL $180 in the near future, $200 by 2Q18; this may be Apple\u2019s best Christmas \ud83c\udf84 ever!", "time": 1513780235.0, "sentiment": "Bullish"}, {"id": 105792341, "text": "$AAPL I just sent an email to Nomura telling them that their AnaLyst is wrong.", "time": 1513778915.0, "sentiment": ""}, {"id": 105792206, "text": "$NVDA $FB $DPW $AAPL $AVGO which should I buy tomorrow", "time": 1513778650.0, "sentiment": "Bullish"}, {"id": 105791321, "text": "$AAPL shorts better cover. That down grade was a paid downgrade for shorts to cover.", "time": 1513777233.0, "sentiment": "Bullish"}, {"id": 105790696, "text": "$AAPL $MU ER foreshadows Apple \ud83c\udf4f \u2018s iPhone \ud83d\udcf1 continuous market domination", "time": 1513776363.0, "sentiment": "Bullish"}, {"id": 105790608, "text": "$MU $INTC $GBTC $FDX $BBY $WEN $SPY $QQQ $IWM$FB $AAPL The Big money wants to take this market higher https://www.youtube.com/watch?v=WZHwTjhTjbk", "time": 1513776227.0, "sentiment": "Bullish"}, {"id": 105790076, "text": "$AAPL iphoneX is a big dud.  this thing will drop.", "time": 1513775466.0, "sentiment": ""}, {"id": 105789921, "text": "$AAPL I know a lot of apple geeks and not one has an X. Nor do they know anyone who does.", "time": 1513775225.0, "sentiment": ""}, {"id": 105789842, "text": "$AAPL So I shorted this fang. Plus she\u2019s the only one I know who not  bot one.", "time": 1513775113.0, "sentiment": ""}, {"id": 105789695, "text": "$AAPL I know someone who bot an iPhone X. She said it intermittently powers down so much she went back to using her iphone7 for phone. \ud83e\udd17", "time": 1513774942.0, "sentiment": ""}, {"id": 105789144, "text": "$AAPL \uf8ff Be a yardstick of quality. Some people aren&#39;t used to an environment where excellence is expected.", "time": 1513774287.0, "sentiment": "Bullish"}, {"id": 105789116, "text": "$AAPL analysts on Estimize are expecting 9.93% YoY revenue growth for Q1, down from 12.22% in Q4 [Reporting 01/30 AMC]\nhttp://www.estimize.com/intro/aapl?utm_content=AAPL&amp;amp;utm_medium=revenue_growth&amp;amp;utm_source=stocktwits#chart=historical", "time": 1513774265.0, "sentiment": ""}, {"id": 105789040, "text": "$AAPL $GOOGL $GOOG $AMZN $FB $NFLX $BABA $QD $BIDU $NVDA $SPY $QQQ  get ready for mega rally!!", "time": 1513774187.0, "sentiment": "Bullish"}, {"id": 105788990, "text": "$AAPL bitcoin will hit a trillion faster then Apple. Sign up for coin base. You get a free 9.99 bucks using my link. https://www.coinbase.com/join/59bcb80aea359f031068b0eb", "time": 1513774126.0, "sentiment": ""}, {"id": 105788915, "text": "$AMZN $TSLA $FB $NVDA $GOOG $NFLX $AAPL $MU $FDX Senate approves sweeping tax reform bill. this is huge", "time": 1513774030.0, "sentiment": ""}, {"id": 105788869, "text": "$AAPL the only way this goes down over holidays  is of a few large holders (WB ?\ud83d\udc40 \ud83d\ude33) begin their exit..\u26a0", "time": 1513773969.0, "sentiment": ""}, {"id": 105788657, "text": "$aapl wow, new stocktwits is as bad as Nomura&#39;s call on Apple and $NVDA", "time": 1513773698.0, "sentiment": ""}, {"id": 105788594, "text": "WL $LTC.X $BCH.X $EBIO $MU $NVAX $NEPT $MVIS $ETH.X $DPW $HMNY $CCIH $RIOT $FTFT $LENS $GALT $BLIN $SKLN $RIOT $CADC $AIRI $BTC.X $AAPL", "time": 1513773619.0, "sentiment": ""}, {"id": 105787851, "text": "Price Returns vs Expected Daily Move $INTC $TWTR $MU $VXX $BAC $AMD $EFA $EEM $FB $GE $AAPL $BABA http://tinyurl.com/y7zbwhgq", "time": 1513772658.0, "sentiment": ""}, {"id": 105787767, "text": "The Apple iPhone Slow Down Is Real\u2014Here&#39;s Why - Newsweek $aapl https://apple.news/AKSKXknexSM2-edSHSQoP3A", "time": 1513772551.0, "sentiment": ""}, {"id": 105787244, "text": "$AAPL uh oh, looks like they gonna gut this pig.", "time": 1513772030.0, "sentiment": ""}, {"id": 105787042, "text": "$AAPL Is that an avocado?", "time": 1513771806.0, "sentiment": "Bullish"}, {"id": 105786910, "text": "Wednesday\u2019s Watch Pt 1: $AAPL $AMZN $AMD $FB $GOOGL $BTC.X $BA $BABA $CAT $DPW $LFIN $AMAT $FDX $HD $INTC $CCIH \u263a\ufe0f\ud83d\ude18", "time": 1513771665.0, "sentiment": ""}, {"id": 105786274, "text": "$AAPL is this a double top with failed break-out? just got my new iPhone today, love the products but px is failing here fyi, neutral 4now", "time": 1513770997.0, "sentiment": ""}, {"id": 105786154, "text": "$AAPL http://www.nasdaq.com/symbol/aapl/recommendations", "time": 1513770885.0, "sentiment": ""}, {"id": 105784649, "text": "Is the World coming to the end? https://elliottwave-forecast.com/stock-market/world-coming-end/  or dips are still a buy when seen? #Elliottwave #Trading $SPX $YM_F $ES_F $AAPL", "time": 1513769474.0, "sentiment": ""}, {"id": 105784036, "text": "@Process no reason to sell any $AAPL shares for years! Big future dividend growth", "time": 1513768966.0, "sentiment": ""}, {"id": 105783937, "text": "$FB 300 \n$AAPL 250", "time": 1513768876.0, "sentiment": "Bullish"}, {"id": 105783596, "text": "$AAPL I think this will go down tomorrow", "time": 1513768579.0, "sentiment": ""}, {"id": 105783513, "text": "$SPY $QQQ $IWM $FB $AAPL $MSFT $AMZN $AMD $NVDA $GBTC load up!https://www.youtube.com/watch?v=56Sp9rEdlME", "time": 1513768508.0, "sentiment": "Bullish"}, {"id": 105783374, "text": "$AAPL http://www.marketwatch.com/story/apple-blows-away-the-competition-with-this-stunning-money-making-measurement-2017-12-19", "time": 1513768390.0, "sentiment": "Bullish"}, {"id": 105783190, "text": "$AAPL average shop, at best!!!", "time": 1513768238.0, "sentiment": ""}, {"id": 105783060, "text": "$FDX Had great earnings! WHY? ONE WORD $AMZN  BUY AMZN OFF OF $FDX, \n$AAPL, $RIOT, $ROKU", "time": 1513768146.0, "sentiment": ""}, {"id": 105783020, "text": "Get ready for another gap up in the morning.  $AMD $AAPL $Msft $NVDA", "time": 1513768116.0, "sentiment": "Bullish"}, {"id": 105781863, "text": "$AAPL &quot;Turning off Photo Stream will delete all Photo Stream photos from your iPhone.&quot; Pft, misleading and malicious. Just one example.", "time": 1513767167.0, "sentiment": ""}, {"id": 105781574, "text": "$AAPL going to hold on to my shares.  No reason for downgrade imo", "time": 1513766960.0, "sentiment": "Bullish"}, {"id": 105780533, "text": "Why the market struggled to go higher on good news: http://crackedmarket.com/2017/12/5904/ $SPY $SPX $ES_F $QQQ $IWM $AAPL", "time": 1513766201.0, "sentiment": ""}, {"id": 105780415, "text": "$AAPL nomura says apple overbought.", "time": 1513766126.0, "sentiment": "Bearish"}, {"id": 105779355, "text": "$AMZN $TSLA $FB $NVDA $GOOG $NFLX $AAPL $MU $FDX fedex great earnings &amp; guidance. looks like amzn crushed the holiday season big time", "time": 1513765341.0, "sentiment": ""}, {"id": 105778919, "text": "$AMZN $TSLA $FB $NVDA $GOOG $NFLX $AAPL $MU $FDX still can&#39;t believe mircon&#39;s blockbuster earnings and guidance raise. just phenomenal.", "time": 1513765047.0, "sentiment": ""}, {"id": 105777149, "text": "$AAPL analysts on Estimize are expecting 12.96% YoY EPS growth for Q1, down from 23.95% in Q4 [Reporting 01/30 AMC]\nhttp://www.estimize.com/intro/aapl?utm_content=AAPL&amp;amp;utm_medium=eps_growth&amp;amp;utm_source=stocktwits#chart=historical", "time": 1513763823.0, "sentiment": ""}, {"id": 105776462, "text": "Check out @VolumePrintcess&#39;s Tweet: https://twitter.com/VolumePrintcess/status/943272441513697280 $AAPL $ SBUX $BAC", "time": 1513763430.0, "sentiment": ""}, {"id": 105774539, "text": "$SPY $QQQ $IWM $FB $AAPL $GE $INTC $DIS $ATVI How to get rich in the stock market https://www.youtube.com/watch?v=Y-ran-7eOpU", "time": 1513762340.0, "sentiment": ""}, {"id": 105772731, "text": "$AAPL true dat", "time": 1513761282.0, "sentiment": ""}, {"id": 105772030, "text": "$AAPL Are we due a 1time bonus Dividend?? Come on give us a post Christmas gift.. \n\nI heard we have a lot of extra cash hanging around!", "time": 1513760736.0, "sentiment": "Bullish"}, {"id": 105771359, "text": "$AAPL if nomura is long apple, tge manipulation.  If they are short, they&#39;ll be bankrupt very soon.lmao. sleazy sob.", "time": 1513760403.0, "sentiment": ""}, {"id": 105771188, "text": "$AAPL I have only 1Advisor on my APplE shares Warren Buffett\n\nWhen he sells give me a call\n\nIn mean Time the rest are amateurs downgrade lol", "time": 1513760300.0, "sentiment": "Bullish"}, {"id": 105770775, "text": "$AAPL nomura screwed ppl on nvda out od their shares...nbda poped and kept on going up after earning.  Nomura trying same on apple.", "time": 1513760051.0, "sentiment": ""}, {"id": 105770733, "text": "I analyzed $AAPL $GBTC $IWM and much more in my video market recap from earlier: https://marketchess.com/2017/12/19/stock-market-recap-12-19-17-video $QQQ $SPY #stocks", "time": 1513760019.0, "sentiment": ""}]