[{"id": 106394881, "text": "$SPY $DJIA $AAPL $AMD $STZ $BAC $QQQ Christmas is great and all, but do we rally tomorrow or not \ud83d\ude80", "time": 1514269268.0, "sentiment": "Bullish"}, {"id": 106394471, "text": "$NVDA $AMD $FB $AAPL $MU $NTDOY future is green", "time": 1514268551.0, "sentiment": "Bullish"}, {"id": 106394268, "text": "$BABA $AAPL This 2 stocks make my portfolio 65% &amp; 35% respectively...I\u2019m going to cherish Christmas 2018 with these 2 stocks :)", "time": 1514268226.0, "sentiment": "Bullish"}, {"id": 106394012, "text": "$AAPL https://www.fool.com/investing/2017/12/25/apple-inc-rumored-to-cut-iphone-prices-in-early-20.aspx", "time": 1514267878.0, "sentiment": ""}, {"id": 106393809, "text": "$AAPL imagine GM set computer in car to give less mpg older car. Apple is going to pay huge worldwide for this deception.", "time": 1514267568.0, "sentiment": ""}, {"id": 106393669, "text": "$AAPL Never Macbook again ? https://twitter.com/vDr78/status/945422691888230400", "time": 1514267327.0, "sentiment": ""}, {"id": 106393632, "text": "$AAPL This lawsuit is a doosey. Robbing American families for years with the slow down of products they paid 4. Punitive $ damages", "time": 1514267258.0, "sentiment": ""}, {"id": 106393266, "text": "$AAPL can my twins use each other\u2019s passport to travel or get their money from the bank use each other\u2019s ID ??", "time": 1514266606.0, "sentiment": ""}, {"id": 106393235, "text": "$AAPL https://www.google.com/amp/www.nasdaq.com/article/apple-sued-after-it-admits-to-slowing-down-older-iphones-20171224-00011/amp", "time": 1514266536.0, "sentiment": ""}, {"id": 106393014, "text": "$AAPL not selling", "time": 1514266107.0, "sentiment": ""}, {"id": 106392983, "text": "$AAPL https://www.youtube.com/watch?v=k7UjNQSJXlw", "time": 1514266046.0, "sentiment": "Bullish"}, {"id": 106392936, "text": "$AAPL nice and keep going", "time": 1514265976.0, "sentiment": ""}, {"id": 106392913, "text": "$AAPL iphone X face detection.  is it work with my twin cousin? Hmmmmm. Can they access each other phone?", "time": 1514265932.0, "sentiment": ""}, {"id": 106392538, "text": "Estimize revenue expectations are 0.44% higher than that of Wall Street for $AAPL Q1 [Reporting 01/30 AMC]\nhttp://www.estimize.com/intro/aapl?utm_content=AAPL&amp;amp;utm_medium=revenue_difference&amp;amp;utm_source=stocktwits#chart=change-over-time", "time": 1514265122.0, "sentiment": ""}, {"id": 106392505, "text": "$AAPL In since $100, enjoying both the dividends and the gains.", "time": 1514265046.0, "sentiment": "Bullish"}, {"id": 106392244, "text": "$AAPL $BABA the IPhone 7 Price was $650 and now the IPhonex is $1000 that is 53% increase...so even they sell 53% less this year NOO PROBLEM", "time": 1514264404.0, "sentiment": "Bullish"}, {"id": 106392026, "text": "$AAPL See Darkest Hour....", "time": 1514263873.0, "sentiment": ""}, {"id": 106391967, "text": "$AAPL do not see that Shape of Water movie.", "time": 1514263745.0, "sentiment": ""}, {"id": 106391918, "text": "$AAPL Apple is click bait for all these morons. Should at least get a cut .Rumors become facts and no accountability,", "time": 1514263637.0, "sentiment": ""}, {"id": 106391808, "text": "$AAPL Kidding of course,\nHope everyone on earth  got IPhones,\nM", "time": 1514263398.0, "sentiment": ""}, {"id": 106391767, "text": "$AAPL Market open today?", "time": 1514263328.0, "sentiment": ""}, {"id": 106391534, "text": "$AAPL watching the 2 iPhone X sitting under my x\u2019mas tree sooo happy :)", "time": 1514262884.0, "sentiment": ""}, {"id": 106391235, "text": "$SPY $QQQ $IWM $MSFT $DIS $AAPL thanks bro", "time": 1514262350.0, "sentiment": ""}, {"id": 106391142, "text": "$aapl @Randomturd oh Jesus. Here we go with annual crapolla from analysts and morons at Digitimes. They have been proven WRONG every year.", "time": 1514262173.0, "sentiment": ""}, {"id": 106390773, "text": "$AAPL who else is loving their iPhone X? I loooooovvvvvveeeeeee it!", "time": 1514261301.0, "sentiment": "Bullish"}, {"id": 106390331, "text": "$AAPL", "time": 1514260405.0, "sentiment": "Bullish"}, {"id": 106390125, "text": "$AAPL overrated cult", "time": 1514259939.0, "sentiment": ""}, {"id": 106389777, "text": "$AAPL will slowly move forward as funds make adjustments", "time": 1514259319.0, "sentiment": ""}, {"id": 106389682, "text": "Stocks 2 Watch This Week http://bit.ly/2ztbIc3 $F $GM $TSLA $TM $HQCL $NBIX $ABBV $CELG $AAPL $WDC $PCG $DIS $CMCSA $TWX $VIA $VIAB", "time": 1514259141.0, "sentiment": ""}, {"id": 106389610, "text": "$AAPL merry christmas ya filthy animals", "time": 1514259008.0, "sentiment": ""}, {"id": 106389383, "text": "Walmart, Apple Lead These 4 Dow Giants Within 2% Of Buy Points  http://bit.ly/2lbq63V $WMT $AAPL $MSFT $INTC $DJIA", "time": 1514258580.0, "sentiment": ""}, {"id": 106389035, "text": "$AAPL please research the firms doing so called \u201csupply-chain check\u201d. Named firms heavily cover Chinese stocks. Shaking out their market...", "time": 1514257950.0, "sentiment": ""}, {"id": 106388600, "text": "$AAPL new lawsuit filed against apple for slowing the old I phone", "time": 1514257039.0, "sentiment": ""}, {"id": 106388549, "text": "$AAPL hoping to see fresh activation data from Localytics soon http://www.applemust.com/iphone-x-drives-apple-toward-new-sales-records-data-suggests/amp/#click=https://t.co/7DHgfccMTm", "time": 1514256900.0, "sentiment": ""}, {"id": 106388397, "text": "$AAPL $AMZN $NVDA $BABA $NFLX $TSLA $FB $GOOG \nWill it be a Green Day tomorrow?", "time": 1514256538.0, "sentiment": ""}, {"id": 106388380, "text": "$AAPL More on prospect for blowout iPhone X sales in China http://bgr.com/2017/12/18/iphone-x-sales-china-256-gb-quarterly-revenue/", "time": 1514256494.0, "sentiment": "Bullish"}, {"id": 106388124, "text": "$AAPL Merry Christmas everyone, bears \ud83d\udc3b included", "time": 1514256015.0, "sentiment": "Bullish"}, {"id": 106387984, "text": "$AAPL - the pre-sales alone for iPhone X were reported great and larger than past pre-sales.  Sudden reported downgrades feel like pre-ER BS", "time": 1514255743.0, "sentiment": ""}, {"id": 106387957, "text": "$BTC.X $GBTC reminds me of $AAPL in 2013 with the double bottom off 55, WOOOOOO!!!!", "time": 1514255666.0, "sentiment": ""}, {"id": 106387486, "text": "http://quad7capital.com/2017/12/23/key-stocks-watch-week-merry-christmas/\n\nGet in there. Yeah Yeah. Wobble baby Wobble baby $BTC.X $LTC.X $ETH.X $T $S $NFLX $CMCSA $AAPL $DIS $BCH.X $", "time": 1514254714.0, "sentiment": ""}, {"id": 106387467, "text": "Estimize EPS expectations are 1.06% higher than that of Wall Street for $AAPL Q1 [Reporting 01/30 AMC]\nhttp://www.estimize.com/intro/aapl?utm_content=AAPL&amp;amp;utm_medium=eps_difference&amp;amp;utm_source=stocktwits#chart=change-over-time", "time": 1514254678.0, "sentiment": ""}, {"id": 106386720, "text": "NEW POST: Christmas Day Overview and Analysis 12/25/17 {Video} https://marketchess.com/2017/12/25/weekend-overview-analysis-12-25-17-video $AAPL $IWM $QQQ $SPY $XME", "time": 1514253154.0, "sentiment": ""}, {"id": 106386550, "text": "$AAPL  = 3 Stocks to watch https://www.youtube.com/watch?v=xC4RF3TAOT8", "time": 1514252766.0, "sentiment": ""}, {"id": 106386549, "text": "$AAPL Chinese New Year In Feb\u201918 should be big for Apple in CQ18. Hope Mr Cook gives us a mind blowing forward guidance on Jan 29.", "time": 1514252761.0, "sentiment": ""}, {"id": 106386455, "text": "$aapl $fb and $nvda", "time": 1514252520.0, "sentiment": ""}, {"id": 106386407, "text": "$MU $FDX $AMD $NVDA $AAPL What\u2019s gonna happen tomorrow?", "time": 1514252425.0, "sentiment": ""}, {"id": 106386352, "text": "$AAPL Pls don\u2019t ruin your Xmas. Barron\u2019s influential reach is probably 10-20 times higher than this bonehead on CNBC. Happy Holidays!!", "time": 1514252304.0, "sentiment": ""}, {"id": 106386317, "text": "$AAPL Merry Christmas, earnings will be a late present for all of us. \ud83c\udf84\ud83c\udf85\ud83c\udffc got a new iPhone \ud83d\ude01", "time": 1514252183.0, "sentiment": "Bullish"}, {"id": 106385910, "text": "$AAPL iPhone X sales in China looking bullish http://bgr.com/2017/12/22/iphone-x-vs-android-switching-apple-china/", "time": 1514251324.0, "sentiment": "Bullish"}, {"id": 106385752, "text": "$AAPL Apple Watch Series 3, AirPods, and China demand will more than make up for slight super cycle let down http://bgr.com/2017/12/22/iphone-x-vs-android-switching-apple-china/", "time": 1514250906.0, "sentiment": "Bullish"}, {"id": 106384431, "text": "$AAPL\n\nApple to Hit $1 Trillion in Market Value in 2018 - Barron&#39;s https://www.barrons.com/articles/apple-to-hit-1-trillion-in-market-value-in-2018-1514003242?tesla=y", "time": 1514247963.0, "sentiment": ""}, {"id": 106384415, "text": "On watch for tomorrow... $MU $FDX $AMD $NVDA $AAPL", "time": 1514247909.0, "sentiment": "Bullish"}, {"id": 106384240, "text": "$AAPL look at 20 year chart and tell me this isn\u2019t ready for a 20%+ drop in next 6-8months.maybe I\u2019m crazy", "time": 1514247514.0, "sentiment": ""}, {"id": 106383989, "text": "Apple&#39;s buy rating reiterated at Loop Capital. $200.00 PT. http://www.marketbeat.com/r/945359 $AAPL", "time": 1514247031.0, "sentiment": ""}, {"id": 106383899, "text": "Analysts Cut iPhone X Shipment Forecasts, Citing Lukewarm Demand $aapl https://www.bloomberg.com/news/articles/2017-12-25/analysts-cut-iphone-x-shipment-forecasts-citing-lukewarm-demand", "time": 1514246853.0, "sentiment": ""}, {"id": 106383701, "text": "@zuluflyer @Joerg1810 $aapl holly sh it", "time": 1514246440.0, "sentiment": ""}, {"id": 106383660, "text": "I discuss $AAPL $FB $GOOG $IWM $SPY $QQQ $XLF #stocks #Markets and more https://www.youtube.com/watch?v=EwVAX-jn_Vo", "time": 1514246377.0, "sentiment": ""}, {"id": 106383078, "text": "$aapl $dis news try the free trial in my last post", "time": 1514245182.0, "sentiment": ""}, {"id": 106382985, "text": "Merry XMAS. I have a 14 day free trial for my followers. I use it myself ! http://rebrand.ly/benzinga $aapl $amzn", "time": 1514244978.0, "sentiment": ""}, {"id": 106382858, "text": "$AAPL Merry Christmas!", "time": 1514244647.0, "sentiment": ""}, {"id": 106382793, "text": "$SMH $AAPL $INTC Samsung issues http://english.hani.co.kr/arti/english_edition/e_international/824844.html", "time": 1514244478.0, "sentiment": ""}, {"id": 106382689, "text": "$AAPL estimates distribution - here\u2019s what 264 Estimize analysts are expecting $AAPL to report for Q1 [Reporting 01/30 AMC]\nhttp://www.estimize.com/intro/aapl?utm_content=AAPL&amp;amp;utm_medium=distribution&amp;amp;utm_source=stocktwits#chart=scatter-plot", "time": 1514244239.0, "sentiment": ""}, {"id": 106382111, "text": "@RagnarBullbrok Agreed! $AAPL another cheap buy! $MU", "time": 1514243163.0, "sentiment": "Bullish"}, {"id": 106380682, "text": "Barron&#39;s Picks And Pans: Apple, PG&amp;E, Western Digital And More https://benzinga.com/z/10953797 $AAPL $AMZN $MSFT $EPD $WDC", "time": 1514240215.0, "sentiment": ""}, {"id": 106379676, "text": "$AAPL brutal", "time": 1514238117.0, "sentiment": "Bearish"}, {"id": 106379592, "text": "$AAPL i choose the 8, just could not do the X, loved the vibrant screen but downhill from there, notch?! face recognition!!?? battery %?", "time": 1514237913.0, "sentiment": ""}, {"id": 106379570, "text": "$AAPL another fake analyst news article about iPhone sales out again.  Hopefully people know enough by now to completely ignore.", "time": 1514237865.0, "sentiment": ""}, {"id": 106379528, "text": "$AAPL reading on my new iPhone8 waiting for my kids to wake up (CA), merry Christmas! and yikes!--&gt; Lukewarm Demand https://www.bloomberg.com/news/articles/2017-12-25/analysts-cut-iphone-x-shipment-forecasts-citing-lukewarm-demand", "time": 1514237738.0, "sentiment": "Bearish"}, {"id": 106379497, "text": "$AAPL this household = 2 iPhone 8\u2019s, one iPhone X, one Apple Watch S3, one decked out MacBook Pro under tree vs no Apple products last 2 yrs", "time": 1514237642.0, "sentiment": "Bullish"}, {"id": 106379442, "text": "$AAPL Any insight how well iPhone X sold for Christmas?", "time": 1514237499.0, "sentiment": ""}, {"id": 106379387, "text": "$UVXY $tvix $svxy $xiv $vxx Analysts on $AAPL https://www.bloomberg.com/news/articles/2017-12-25/analysts-cut-iphone-x-shipment-forecasts-citing-lukewarm-demand This is the reason I invest only in volatility, indexes &amp; cryptos", "time": 1514237332.0, "sentiment": ""}, {"id": 106379375, "text": "Warren Buffett&#39;s Top Holdings - https://buff.ly/2iFkrpB  $AAPL $WFC $IBM $GS $DAL $GM $AAL $DAL $V", "time": 1514237313.0, "sentiment": ""}, {"id": 106378809, "text": "$AAPL $TSLA $AMZN $WMT $BABA $MSFT $NFLX $FB $BTC.X $NVDA", "time": 1514235860.0, "sentiment": ""}, {"id": 106378685, "text": "$AAPL #HardwareAndStorage sector comp is now available https://link.scoutfin.com/8gyk/UUn0KYYlaJ", "time": 1514235603.0, "sentiment": ""}, {"id": 106378460, "text": "$AAPL $BABA $X $C $IMMU $VRTX $TSCO $WEN  Merry Christmas to all! Huge week ahead, stay sharp. Big $ this week", "time": 1514234928.0, "sentiment": "Bullish"}, {"id": 106378213, "text": "Here\u2019s what 264 Estimize analysts believe $AAPL will report for Q1 2018 revenue [Reporting 01/30 AMC]\nhttp://www.estimize.com/intro/aapl?utm_content=AAPL&amp;amp;utm_medium=revenue_update&amp;amp;utm_source=stocktwits#chart=historical", "time": 1514233806.0, "sentiment": ""}, {"id": 106378029, "text": "$AAPL kids and wifey about to get new iPhone X. Wonder how many activations today? Happy Xmas to all.", "time": 1514233134.0, "sentiment": ""}, {"id": 106377778, "text": "$BTC.X $GBTC $AMZN $FNMA $AAPL MERRY CHRISTMAS StockTwits Peeps!! \ud83c\udf84", "time": 1514232157.0, "sentiment": ""}, {"id": 106377659, "text": "$AAPL Berkshire is by far the largest holding of Gates Foundation which now owns oversized position in Apple.", "time": 1514231719.0, "sentiment": "Bullish"}, {"id": 106377345, "text": "Will $AAPL \u2b07\ufe0f due to class action lawsuit? They ADMIT slowing down older phones. Current stock price is $175.01. https://www.cnbc.com/2017/12/22/apple-sued-after-it-admits-to-slowing-down-older-iphones.html", "time": 1514230701.0, "sentiment": ""}, {"id": 106377069, "text": "APPLE Charts:  https://goo.gl/UgJepm  $AAPL $ES_F", "time": 1514229452.0, "sentiment": ""}, {"id": 106376978, "text": "$AAPL Apple&#39;s policy of slowing down older iPhones to conserve battery has led to a lawsuit. https://stocknews.com/news/aapl-users-bring-class-action-lawsuit-against-apple-inc-aapl-over/", "time": 1514228984.0, "sentiment": ""}, {"id": 106376553, "text": "23.7% earnings growth next year? Check out Apple $AAPL https://simplywall.st/NasdaqGS:AAPL/apple/?utm_medium=stocktwits&amp;anchor=growth-in-earnings#growth-in-earnings", "time": 1514226393.0, "sentiment": ""}, {"id": 106376520, "text": "$AAPL  Demandhttps://www.bloomberg.com/news/articles/2017-12-25/analysts-cut-iphone-x-shipment-forecasts-citing-lukewarm-demand", "time": 1514226168.0, "sentiment": ""}, {"id": 106376452, "text": "$BABA $AAPL the more shares you buy now the richer you become in the future. Thank me after 2-5 years", "time": 1514225587.0, "sentiment": "Bullish"}, {"id": 106376399, "text": "$AAPL i just bought my Iphone x two days ago. This is the best IPhone ever!", "time": 1514225287.0, "sentiment": ""}, {"id": 106376083, "text": "Here\u2019s what 264 Estimize analysts believe $AAPL will report for Q1 2018 EPS [Reporting 01/30 AMC]\nhttp://www.estimize.com/intro/aapl?utm_content=AAPL&amp;amp;utm_medium=eps_update&amp;amp;utm_source=stocktwits#chart=historical", "time": 1514223416.0, "sentiment": ""}, {"id": 106375726, "text": "Short volume for $BBY on 2017-12-22 is 47%. http://shortvolumes.com/?t=BBY $AAPL 47% $CONN 65% $SNE 38% $SHLD 61%  via @shortvolumes", "time": 1514221218.0, "sentiment": ""}, {"id": 106375336, "text": "$AAPL I stopped by two Apple stores yesterday and today, and it was jam packed with customers. Can\u2019t wait till this goes up to $180.", "time": 1514219045.0, "sentiment": "Bullish"}, {"id": 106374141, "text": "$AAPL analysts on Estimize are expecting 9.99% YoY revenue growth for Q1, down from 12.22% in Q4 [Reporting 01/30 AMC]\nhttp://www.estimize.com/intro/aapl?utm_content=AAPL&amp;amp;utm_medium=revenue_growth&amp;amp;utm_source=stocktwits#chart=historical", "time": 1514212976.0, "sentiment": ""}, {"id": 106373588, "text": "$NVDA $AMD $AAPL $FB $MU $NTDOY  beers and cheers to all the longs, have a Merry Christmas!", "time": 1514210359.0, "sentiment": "Bullish"}, {"id": 106372619, "text": "trading robot with an average profit of 279% per day: https://goo.gl/nLPHo7 -n $AAPL $NVDA $TOPS $AMZN", "time": 1514207417.0, "sentiment": ""}, {"id": 106371344, "text": "$AAPL \uf8ff still long. \ud83e\udd11\ud83c\udf4f", "time": 1514204310.0, "sentiment": "Bullish"}, {"id": 106370532, "text": "$AAPL analysts on Estimize are expecting 12.74% YoY EPS growth for Q1, down from 23.95% in Q4 [Reporting 01/30 AMC]\nhttp://www.estimize.com/intro/aapl?utm_content=AAPL&amp;amp;utm_medium=eps_growth&amp;amp;utm_source=stocktwits#chart=historical", "time": 1514202535.0, "sentiment": ""}, {"id": 106370083, "text": "$AAPL I\u2019m pissed at an iOS feature.", "time": 1514201390.0, "sentiment": "Bearish"}, {"id": 106368481, "text": "$AAPL It&#39;s not the money, it&#39;s the principle. Don&#39;t lock us into a shitty situation then give us 0 transparency or choice. Let us downgrade.", "time": 1514197627.0, "sentiment": ""}, {"id": 106368400, "text": "$AAPL I hope Santa brings me Apple for Christmas", "time": 1514197458.0, "sentiment": "Bullish"}, {"id": 106366987, "text": "Barron&#39;s Picks And Pans: Apple, PG&amp;E, Western Digital And More\n\n$AAPL $MSFT $AMZN $EPD $WDC $MAS \n\nhttps://m.benzinga.com/article/10953797", "time": 1514194468.0, "sentiment": ""}, {"id": 106365859, "text": "Estimize revenue expectations are 0.54% higher than that of Wall Street for $AAPL Q1 [Reporting 01/30 AMC]\nhttp://www.estimize.com/intro/aapl?utm_content=AAPL&amp;amp;utm_medium=revenue_difference&amp;amp;utm_source=stocktwits#chart=change-over-time", "time": 1514192096.0, "sentiment": ""}, {"id": 106365016, "text": "$AAPL  Sorry but I don&#39;t think they take graphics cards either.", "time": 1514190112.0, "sentiment": ""}, {"id": 106364968, "text": "$AAPL Does anyone have an iMac Pro here?", "time": 1514190000.0, "sentiment": ""}, {"id": 106364919, "text": "$AAPL  Trump otta know if they swooning you they are doing something wrong", "time": 1514189878.0, "sentiment": ""}, {"id": 106364178, "text": "$AAPL J Ive was busy building the spaceship. He\u2019s back now, ios12 I promise will be a lot better. Sorry.", "time": 1514188470.0, "sentiment": ""}, {"id": 106364110, "text": "$AAPL Trump is getting swoonned by these big companies.", "time": 1514188335.0, "sentiment": ""}, {"id": 106363947, "text": "$AAPL Jerry, forget Texas and Pa.", "time": 1514188017.0, "sentiment": ""}, {"id": 106363770, "text": "$AAPL You see California can do some things right. Go Jerry Brown!,", "time": 1514187714.0, "sentiment": ""}, {"id": 106363654, "text": "$AAPL $TSLA $AMZN $WMT $BABA $MSFT $NFLX $FB $BTC.X $NVDA", "time": 1514187471.0, "sentiment": ""}, {"id": 106362774, "text": "$AAPL weekly bull flag in play to 190 by mid-Feb. 2018, Merry Christmas", "time": 1514185845.0, "sentiment": "Bullish"}, {"id": 106361487, "text": "$AAPL What if you don&#39;t want to wait for the new iphone?", "time": 1514183496.0, "sentiment": ""}, {"id": 106361251, "text": "$AAPL The Pre-earnings Momentum Pattern in Apple and How to Trade It http://bit.ly/2BAcdUx", "time": 1514183051.0, "sentiment": "Bullish"}, {"id": 106360751, "text": "Looking at over 95M phones sold assuming installed base of 750M $AAPL", "time": 1514182095.0, "sentiment": "Bullish"}, {"id": 106360532, "text": "Estimize EPS expectations are 1.01% higher than that of Wall Street for $AAPL Q1 [Reporting 01/30 AMC]\nhttp://www.estimize.com/intro/aapl?utm_content=AAPL&amp;amp;utm_medium=eps_difference&amp;amp;utm_source=stocktwits#chart=change-over-time", "time": 1514181658.0, "sentiment": ""}, {"id": 106359027, "text": "$AAPL We need some good news for new year here!", "time": 1514178888.0, "sentiment": "Bullish"}, {"id": 106358902, "text": "$AAPL Carriers pushing IPhone X hard!", "time": 1514178706.0, "sentiment": "Bullish"}, {"id": 106358810, "text": "$AMZN $FB $AAPL $GOOGL $NFLX $SBUX $TWTR thoroughly enjoyed this podcast while prepping the feast #scottgalloway https://www.bloomberg.com/news/audio/2017-10-27/scott-galloway-discusses-four-world-conquering-companies", "time": 1514178582.0, "sentiment": ""}, {"id": 106358697, "text": "$AAPL phone shit the bed today.not paying1000 for a new one.unlocked lg for 80 bucks.fu", "time": 1514178381.0, "sentiment": ""}, {"id": 106357967, "text": "$AAPL \ud83c\udf84 \ud83c\udfb6  FA LA LA LA LA, LA LA, LA LAAAAA \ud83c\udfb6 \ud83c\udf84", "time": 1514177295.0, "sentiment": "Bullish"}, {"id": 106357933, "text": "$AAPL The Three Kings", "time": 1514177227.0, "sentiment": "Bullish"}, {"id": 106357770, "text": "$AAPL does anyone else think ios11 is the worst thing Apple has ever done? It is insanely buggy and the UX and design are just awful.", "time": 1514176957.0, "sentiment": ""}, {"id": 106357209, "text": "Can someone tell me the name of any Apps that can be used to buy Commodities from my cell phone? Thank you  $GOOG $BAC $BTC.X $AAPL  $AMZN", "time": 1514175975.0, "sentiment": ""}, {"id": 106356265, "text": "$AAPL with installed base estimate of ~ 750M we\u2019re looking at ~ 95M phones sold already", "time": 1514174329.0, "sentiment": "Bullish"}, {"id": 106355976, "text": "$AAPL Have a wonderful CHRISTMAS.", "time": 1514173823.0, "sentiment": "Bullish"}, {"id": 106355958, "text": "NEW POST: ACJ Week 52 Members https://antichartjunk.com/2017/12/24/week-52-12-25-17/ $AAPL $ABMD $BABA $CORT $FB $SEND $TSLA $FFTY $SMH $RHT $TTWO + 20 more", "time": 1514173777.0, "sentiment": ""}, {"id": 106354711, "text": "http://quad7capital.com/2017/12/23/key-stocks-watch-week-merry-christmas/\n\n$AAPL could deliver a very happy new year", "time": 1514171918.0, "sentiment": ""}, {"id": 106354203, "text": "$AAPL estimates distribution - here\u2019s what 263 Estimize analysts are expecting $AAPL to report for Q1 [Reporting 01/30 AMC]\nhttp://www.estimize.com/intro/aapl?utm_content=AAPL&amp;amp;utm_medium=distribution&amp;amp;utm_source=stocktwits#chart=scatter-plot", "time": 1514171217.0, "sentiment": ""}, {"id": 106352784, "text": "$AAPL secretly slowing the device you paid for as a favor to you.", "time": 1514169056.0, "sentiment": ""}, {"id": 106352753, "text": "$ES_F $NQ_F $IWM $RUT $SPX $NDX $QQQ $SPY $COMPQ $VIX $NBI $SOX $FB $AAPL $AMZN $NFLX $GOOGL MERRY CHRISTMAS!!!  From www.winningstockpix.com", "time": 1514169012.0, "sentiment": ""}, {"id": 106351614, "text": "@Stockmarketdr I am not an $aapl fan.   It was all about $fnsr", "time": 1514167262.0, "sentiment": ""}, {"id": 106350533, "text": "$AAPL \n\nWho here believes AAPL will be over $200 in 6 months or less?\n\nOver $225 by EOY 2018?", "time": 1514165675.0, "sentiment": "Bullish"}, {"id": 106350294, "text": "$AAPL Apple: $83.2 billion typo persists on Yahoo Finance. 6 weeks later, still there.", "time": 1514165356.0, "sentiment": "Bullish"}, {"id": 106349941, "text": "$TSLA bankruptcy\u2019s soon? Unless $AAPL or $GOOGL buy that company and invest more for  ideas otherwise all bond holder gone? $AMZN $FDX more?", "time": 1514164871.0, "sentiment": "Bullish"}, {"id": 106349697, "text": "$AAPL $NVDA $GM $AMZN $FB $OIL $XOM @CNBC @CNNMoney @BloombergNews", "time": 1514164563.0, "sentiment": ""}, {"id": 106349690, "text": "$AAPL All I know is no matter the time of day or year the apple store at my local mall is always packed with people buying devices!", "time": 1514164558.0, "sentiment": ""}, {"id": 106349467, "text": "$AAPL any idea about next week action???", "time": 1514164277.0, "sentiment": ""}, {"id": 106349182, "text": "$SPY $QQQ $DJIA $FB $AAPL $NFLX $GOOG $PYPL going to be a good 2018 with tax reform passed https://www.youtube.com/watch?v=YA6qrIjJdpk&amp;feature=share", "time": 1514163872.0, "sentiment": "Bullish"}, {"id": 106348900, "text": "VIDEO: $XLK $AAPL $FB Technical Analysis 12/24/2018 chartguys.com/tickers/aapl #Market #Stock #Markets #Stocks #trading #investing #daytrade", "time": 1514163528.0, "sentiment": ""}, {"id": 106348467, "text": "Free video with setups for Dec 26 &quot;The Most Likely Scenario&quot;  $AAPL $FB $WMT $X $FSLR https://www.learnstocks101.com/stock-market-analysis/2017/12/most-likely-scenario", "time": 1514162910.0, "sentiment": ""}, {"id": 106347852, "text": "\u202aChristmas shoppers packing #Apple Store as #iphone X in short supply. $AAPL \u202c", "time": 1514161987.0, "sentiment": ""}, {"id": 106347762, "text": "$AAPL  Freedom of Arrested Saudi Billionaire Prince Bin Talal\u2019s Priced At $6 Billion. Where will he get it from?", "time": 1514161847.0, "sentiment": ""}, {"id": 106347446, "text": "Happy Holidays everyone I\u2019ll be posting again after NewYear took some time off and went long $AAPL $SQ but Im ready to day/swing trade again", "time": 1514161339.0, "sentiment": ""}, {"id": 106347099, "text": "Here\u2019s what 263 Estimize analysts believe $AAPL will report for Q1 2018 revenue [Reporting 01/30 AMC]\nhttp://www.estimize.com/intro/aapl?utm_content=AAPL&amp;amp;utm_medium=revenue_update&amp;amp;utm_source=stocktwits#chart=historical", "time": 1514160778.0, "sentiment": ""}, {"id": 106346444, "text": "$AAPL $WMT $INTC $MSFT these 4 Dow stocks nearing buy points https://www.investors.com/news/dow-stocks-walmart-apple-microsoft-intel-just-below-buy-points/", "time": 1514159678.0, "sentiment": ""}, {"id": 106346440, "text": "$AAPL could increase dividends, buybacks after tax reform - likely in my view. https://www.benzinga.com/analyst-ratings/analyst-color/17/12/10950052/gene-munster-apple-could-increase-buybacks-dividends-af", "time": 1514159665.0, "sentiment": "Bullish"}, {"id": 106346393, "text": "$AAPL Well, it\u2019s official. Apple will be scalping personal transactions normally reserved for PayPal and Square.", "time": 1514159583.0, "sentiment": ""}, {"id": 106346219, "text": "$AAPL Apple&#39;s Growing Bet on Hardware:  https://www.aboveavalon.com/notes/2017/12/20/apples-growing-bet-on-hardware", "time": 1514159320.0, "sentiment": "Bullish"}, {"id": 106346180, "text": "possible we will see $AAPL sell 50M wearable devices in FY2018 as Apple Watch and AirPods are seeing remarkable momentum in the marketplace.", "time": 1514159254.0, "sentiment": ""}, {"id": 106346116, "text": "$AAPL sold nearly 30M wearable devices in FY2017, up from 10M devices in FY2016. Nearly one out of ten gadgets Apple sells is a wearable.", "time": 1514159162.0, "sentiment": "Bullish"}, {"id": 106345933, "text": "$AAPL must be xmas eve, I just blocked a homophobe.", "time": 1514158880.0, "sentiment": "Bullish"}, {"id": 106345770, "text": "$AAPL I agree with this article. So why do many say we are seeing a &quot;rotation out of tech stocks?&quot;", "time": 1514158614.0, "sentiment": ""}, {"id": 106345682, "text": "$AAPL shot on iPhone 8", "time": 1514158485.0, "sentiment": "Bullish"}]