[{"id": 92028341, "text": "$AAPL $SPY $AMZN $GOOG $QQQ Why I sold everything today and am only holding cash http://www.foxnews.com/politics/2017/08/14/mattis-if-north-korea-fires-missile-at-us-its-game-on.html", "time": 1502775306.0, "sentiment": ""}, {"id": 92028040, "text": "Barron&#39;s: &quot;Amazon to Hit $1,275 Next Year&quot; https://aff.whotrades.com/t/b/2s5ss/ $AMZN $AAPL $GOOG $GOOGL", "time": 1502775056.0, "sentiment": ""}, {"id": 92027980, "text": "All You Need To Know About The Upcoming Dropbox IPO https://aff.whotrades.com/t/b/g55ja/ $BOX $GOOG $GOOGL $AAPL", "time": 1502775013.0, "sentiment": ""}, {"id": 92027941, "text": "Why This Apple Inc. iPhone 8 Rumor Seems Wrong https://aff.whotrades.com/t/b/2gf6w/ $AAPL", "time": 1502774984.0, "sentiment": ""}, {"id": 92027933, "text": "Apple Inc.&#39;s iPhone 8 Has China-Based Smartphone Vendors Scared https://aff.whotrades.com/t/b/9t3pt/ $AAPL $SSNLF", "time": 1502774976.0, "sentiment": ""}, {"id": 92027919, "text": "3 of the World&#39;s Biggest Tech Companies Hold $500 Billion in Cash: https://aff.whotrades.com/t/b/4abb5/ $AAPL $MSFT $CSCO", "time": 1502774965.0, "sentiment": ""}, {"id": 92027895, "text": "Rumored Apple Inc. Supplier Talks 3D Sensing https://aff.whotrades.com/t/b/6c5xy/ $AAPL $LITE", "time": 1502774948.0, "sentiment": ""}, {"id": 92027884, "text": "3 Things That Would Make the iPhone 7s Great https://aff.whotrades.com/t/b/5fj9x/ $AAPL", "time": 1502774935.0, "sentiment": ""}, {"id": 92027873, "text": "Foxconn Earnings Weren&#39;t Great, Offer Few Hints About iPhone 8 Demand https://aff.whotrades.com/t/b/ru5wz/ $AAPL", "time": 1502774928.0, "sentiment": ""}, {"id": 92027816, "text": "Apple Inc. CEO Tim Cook Talks Market Share Gains https://aff.whotrades.com/t/b/wsare/ $AAPL", "time": 1502774875.0, "sentiment": ""}, {"id": 92027788, "text": "Logitech to Boost Console Market Foothold on Astro Gaming https://aff.whotrades.com/t/b/bj3ah/ $AAPL $LOGI $RHT $XPLR", "time": 1502774850.0, "sentiment": ""}, {"id": 92027753, "text": "A Foolish Take: Google, Amazon, and Apple Still Aren&#39;t Winning This Market https://aff.whotrades.com/t/b/yf3z4/ $AMZN $AAPL $GOOG", "time": 1502774816.0, "sentiment": ""}, {"id": 92027745, "text": "Stocks surge as geopolitical tensions ease https://aff.whotrades.com/t/b/jkb9f/ $AAPL $FB $SNAP", "time": 1502774804.0, "sentiment": ""}, {"id": 92027735, "text": "Profiting From Failure: The Wash &amp; Rinse Trade, Part I https://aff.whotrades.com/t/b/9r8xv/ $AAPL $TLT", "time": 1502774799.0, "sentiment": ""}, {"id": 92027684, "text": "Apple and Aetna hold secret meetings to bring the Watch to millions of customers https://aff.whotrades.com/t/b/5p9f8/ $AAPL $AET", "time": 1502774748.0, "sentiment": ""}, {"id": 92027644, "text": "Who Are Uber&#39;s Biggest Competitors? https://aff.whotrades.com/t/b/cm5hq/ $AAPL $GM $GOOGL $BABA $TCEHY", "time": 1502774711.0, "sentiment": ""}, {"id": 92027595, "text": "Will Uber Be the Hottest IPO of 2017? https://aff.whotrades.com/t/b/vd3xb/ $AAPL $TSLA $F $GOOGL $TWLO $NTNX $SNAP", "time": 1502774673.0, "sentiment": ""}, {"id": 92027260, "text": "Scroll through this bad boy to see current &amp; future $OLED innovations coming your way $AAPL $AMAT $FB $NVDA $AMZN http://s21.q4cdn.com/428849097/files/doc_presentations/2017/UDC_2017_IR-presentation_August.pdf", "time": 1502774367.0, "sentiment": ""}, {"id": 92024988, "text": "Synchrony Financial up 3% after Berkshire Hathaway discloses stake https://seekingalpha.com/news/3289194?source=ansh $BRK.A, $BRK.B, $GE, $SYF, $STOR, $BK, $GM, $AAPL", "time": 1502772672.0, "sentiment": ""}, {"id": 92024948, "text": "$AAPL 12-1 calls to puts this week.. Holy cow!  It&#39;s still going up against those odds", "time": 1502772647.0, "sentiment": ""}, {"id": 92024079, "text": "$AAPL VIDEO | 10 Reasons To Buy Apple! \ud83c\udfe6\ud83d\udcb0\ud83d\ude80 https://youtu.be/3N5acfELts4", "time": 1502772022.0, "sentiment": "Bullish"}, {"id": 92023334, "text": "Community is predicting Tuesday&#39;s closing price for $AAPL to be $161.09 (updated). More info: https://goo.gl/66ITYw", "time": 1502771535.0, "sentiment": "Bullish"}, {"id": 92023119, "text": "$AAPL 162.50 tomorrow", "time": 1502771410.0, "sentiment": "Bullish"}, {"id": 92022956, "text": "Price Returns vs Expected Daily Move $TSLA $GM $AAPL $NKE $F $COH $KORS $BUD $KO $FOSL $FL $HLF http://tinyurl.com/y7zbwhgq", "time": 1502771326.0, "sentiment": ""}, {"id": 92022063, "text": "Setups we&#39;ll be watching Tues. $AMD $MITK $LITE $EDIT $FSLR $SPWR $AAOI $CLDR $AAPL $XBI $DWT $NYMO $SVXY $SPY More. http://livetradepro.com/", "time": 1502770821.0, "sentiment": "Bullish"}, {"id": 92021726, "text": "Tepper&#39;s Appaloosa dumps Snap Inc. stake, loads up on tech, health care\nhttp://feeds.marketwatch.com/~r/marketwatch/marketpulse/~3/PBCL1RCWpCw/story.aspx\n$AAPL $TEVA $ETP $PFE $XBI $SNAP $BABA", "time": 1502770631.0, "sentiment": ""}, {"id": 92021722, "text": "$AAPL Tepper&#39;s Hedge Fund Appaloosa Management doubled its Apple Inc. position to 625,000 shares worth about $90 million", "time": 1502770629.0, "sentiment": "Bullish"}, {"id": 92021657, "text": "David Einhorn&#39;s Greenlight Capital bulks up tech holdings\nhttp://feeds.marketwatch.com/~r/marketwatch/marketpulse/~3/yDIy32tctxk/story.aspx\n$AAPL $MU $VZ $VZA $HPE", "time": 1502770599.0, "sentiment": ""}, {"id": 92021347, "text": "$AAPL when&#39;s the new iwatch dropping?", "time": 1502770463.0, "sentiment": "Bullish"}, {"id": 92021106, "text": "$AAPL Paulson &amp; Co. Takes New Stake in Apple, With 12,300 Shares today -- 13F Filing", "time": 1502770347.0, "sentiment": "Bullish"}, {"id": 92020674, "text": "$AAPL breaks above 156.", "time": 1502770113.0, "sentiment": ""}, {"id": 92020355, "text": "$AAPL VIDEO | 10 Reasons To Buy Apple \ud83d\udcb0\ud83d\udcb0\ud83d\udcb0https://youtu.be/3N5acfELts4", "time": 1502769931.0, "sentiment": "Bullish"}, {"id": 92019671, "text": "$AAPL analysts on Estimize are expecting 13.00% YoY EPS growth for Q4, down from 17.61% in Q3 [Reporting 10/24 AMC]\nhttp://www.estimize.com/intro/aapl?utm_content=AAPL&amp;amp;utm_medium=eps_update&amp;amp;utm_source=stocktwits#chart=historical", "time": 1502769583.0, "sentiment": ""}, {"id": 92019425, "text": "$AAPL careful if you shorted at 162 last week", "time": 1502769443.0, "sentiment": "Bullish"}, {"id": 92019154, "text": "@nerdtechie You&#39;re on the roll! Great job! \ud83d\udc4d\ud83c\udffb it&#39;s a bummer I wasn&#39;t able to participate the fun. Waiting for $AAPL to hit $162 this week!", "time": 1502769298.0, "sentiment": ""}, {"id": 92019082, "text": "$BW is going up tomorrow  come play $MSTX $NVDA $AAPL", "time": 1502769259.0, "sentiment": "Bullish"}, {"id": 92019019, "text": "$AAPL can plough through 180 if Aetna deal is real", "time": 1502769232.0, "sentiment": "Bullish"}, {"id": 92018855, "text": "$aapl barely moved, target 180", "time": 1502769149.0, "sentiment": "Bullish"}, {"id": 92018462, "text": "$FIT $AAPL If even single digits improve health via Watch, that saves Aetna $$$. But, yeah, they&#39;ll raise rates anyway. It&#39;s what they do!", "time": 1502768935.0, "sentiment": ""}, {"id": 92018241, "text": "$AAPL meanwhile, Apple itself continues buys backs, retiring even more shares. How can anyone be bearish on this company?", "time": 1502768826.0, "sentiment": ""}, {"id": 92018156, "text": "Hot Options Report For End Of Day August 14, 2017 - $URBN, $AAPL, $BAC, $AMD, $TJX, $SNAP   http://www.theoptionsinsider.com/hot-options-report-end-day-august-14-2017-urbn-aapl-bac-amd-tjx-snap-fb-ksu/", "time": 1502768776.0, "sentiment": ""}, {"id": 92018134, "text": "2 Dow Stocks to Buy Right Now http://www.schaeffersresearch.com/content/analysis/2017/08/14/2-dow-stocks-to-buy-right-now $AAPL $NKE", "time": 1502768764.0, "sentiment": ""}, {"id": 92018089, "text": "\ud83d\udc4c\ud83d\udc4c\ud83d\udc4c\ud83d\udcb2\ud83d\udcb2\ud83d\udcb2\ud83d\udcaf\ud83d\udcaf\ud83d\udcaf\ud83d\udd25\ud83d\udd25\ud83d\udd25\n$AMD $STUDY $NVDA $MU $FB $AAPL $AMZN $NFLX $GOOGL $TSLA $BTC.X $ETH.X $LTC.X $XRP.X $DIS", "time": 1502768748.0, "sentiment": "Bullish"}, {"id": 92018034, "text": "$AAPL Sanford C. Bernstein sets PT at $175 https://stocknews.com/news/aapl-sanford-c-bernstein-sets-pt-at-175/", "time": 1502768728.0, "sentiment": ""}, {"id": 92017922, "text": "$AAPL high open interest range is 140.00 to 160.00 for option expiration 08/18/2017. http://bit.ly/2uw7yTp", "time": 1502768661.0, "sentiment": ""}, {"id": 92017131, "text": "Synchrony Financial up 3% after Berkshire Hathaway discloses stake https://seekingalpha.com/news/3289194?source=ansh $BRK.A, $BRK.B, $GE, $SYF, $STOR, $BK, $GM, $AAPL", "time": 1502768220.0, "sentiment": ""}, {"id": 92016015, "text": "$SPY Watch list status end of day - $SVXY $MRVL $AAPL $FB $RACE $TSLA $KITE $NVDA $AVGO $T $NRG $INTC $GOOG $AMZN ..", "time": 1502767686.0, "sentiment": "Bullish"}, {"id": 92015936, "text": "BERKSHIRE BOOSTED $BK, $GM, $AAPL IN 2Q: 13F", "time": 1502767647.0, "sentiment": ""}, {"id": 92015673, "text": "$AAPL Buffett adds 834,854 shares.", "time": 1502767512.0, "sentiment": "Bullish"}, {"id": 92015546, "text": "$AAPL \nBuffett adds 834,854 shares", "time": 1502767443.0, "sentiment": ""}, {"id": 92015536, "text": "$AAPL that&#39;s $230,000,000", "time": 1502767435.0, "sentiment": ""}, {"id": 92015517, "text": "Apple given $175.00 PT by Sanford C. Bernstein. buy rating. http://www.marketbeat.com/r/874571 $AAPL", "time": 1502767419.0, "sentiment": ""}, {"id": 92015464, "text": "$AAPL  woo hoo!!!!", "time": 1502767394.0, "sentiment": "Bullish"}, {"id": 92015438, "text": "$AAPL Up 1.6% Today. Apple Dividend Stock Analysis: http://dividendvaluebuilder.com/apple-aapl-stock-analysis/ #dividend #growth #technology #DVB", "time": 1502767381.0, "sentiment": ""}, {"id": 92015245, "text": "$AAPL 27151 share buy", "time": 1502767283.0, "sentiment": ""}, {"id": 92015183, "text": "$AAPL yeah 1.8 million shares", "time": 1502767249.0, "sentiment": ""}, {"id": 92014632, "text": "$AAPL huge buys AH? Anyone else see that", "time": 1502767010.0, "sentiment": ""}, {"id": 92014214, "text": "Stocks close higher as geopolitical fears ease\nhttp://feeds.marketwatch.com/~r/marketwatch/marketpulse/~3/alwQ9ynSG8s/story.aspx\n$COMPQ $SPX $AAPL $V", "time": 1502766842.0, "sentiment": ""}, {"id": 92014112, "text": "Dow closes up 135 points as North Korea tensions ease\nhttp://feeds.marketwatch.com/~r/marketwatch/marketpulse/~3/0p888OPwsrc/story.aspx\n$COMPQ $SPX $AAPL $GS $MRK $TSLA", "time": 1502766813.0, "sentiment": ""}, {"id": 92013809, "text": "Bullish Setups - Because It&#39;s Not Like This Market Is Ever Going To Sell-Off - $AAPL $AVGO $BA $BAC $C SharePlanner http://www.shareplanner.com/featured-blogs/ryan-mallory/trade-setups/23743-bullish-setups-because-it-s-not-like-this-market-is-ever-going-to-sell-off.html", "time": 1502766693.0, "sentiment": "Bullish"}, {"id": 92013691, "text": "$UVXY $JWN $AAPL $PYPL $BABA Scared money don&#39;t make no money! \ud83d\ude80", "time": 1502766644.0, "sentiment": ""}, {"id": 92013155, "text": "$AAPL There was a seller all day over $160. Hopefully they got out w/ that 3mil shares that traded in the last 5 min&#39;s. Great day", "time": 1502766433.0, "sentiment": "Bullish"}, {"id": 92012523, "text": "$AAPL someone really wanted in at 159.85.  Jesus that&#39;s a lot of money", "time": 1502766203.0, "sentiment": ""}, {"id": 92012076, "text": "$FIT I have Aetna and trust me, they will find a way to increase premiums for the $AAPL deal", "time": 1502766067.0, "sentiment": ""}, {"id": 92011735, "text": "$AAPL enjoyyyyyyyy jai shree krishna\n\nwww.magictrade.in", "time": 1502765975.0, "sentiment": "Bullish"}, {"id": 92011406, "text": "$AAPL  160 level .. to ATH soon .. mrkt so strong. leaders leading so shorting is NOT a good idea $SPY $QQQ $SOXX $IBB $XBI $LABU", "time": 1502765875.0, "sentiment": ""}, {"id": 92011396, "text": "$AAPL lets close above 160. 165+ EOW!", "time": 1502765871.0, "sentiment": "Bullish"}, {"id": 92011247, "text": "$AAPL should stay above $160, had blow out ER and next month iPhone 8 release, so hold on and buy more shares", "time": 1502765823.0, "sentiment": "Bullish"}, {"id": 92011186, "text": "$TWTR Disappointed i came on here and nobody had yet tweeted, &quot;let the bidding war begin!&quot;  you guys are slipping. $AAPL $GOOG $FB $QQQ $SPY", "time": 1502765806.0, "sentiment": "Bullish"}, {"id": 92011094, "text": "$AAPL lol good sign for tomorrow", "time": 1502765775.0, "sentiment": ""}, {"id": 92010940, "text": "@PowerTriggerTrade Ru going to make a new plan for $aapl?  Still holding the Sep15 160s.", "time": 1502765728.0, "sentiment": ""}, {"id": 92010837, "text": "$AAPL Smart Money doesn&#39;t Buy until last 5 min&#39;s. All Algo&#39;s &amp; no emotion", "time": 1502765691.0, "sentiment": "Bullish"}, {"id": 92010826, "text": "$AAPL i need $165 by Friday!!! so get there no matter what", "time": 1502765690.0, "sentiment": ""}, {"id": 92010776, "text": "$AAPL Boom!", "time": 1502765671.0, "sentiment": ""}, {"id": 92010688, "text": "$AAPL nice eod push", "time": 1502765642.0, "sentiment": "Bullish"}, {"id": 92009604, "text": "$AAPL pin 160 to close.?", "time": 1502765271.0, "sentiment": ""}, {"id": 92009517, "text": "$AAPL Breakout. Target 193.43", "time": 1502765242.0, "sentiment": "Bullish"}, {"id": 92009122, "text": "$AAPL Added a little of the Aug 18 160/162.5 CS\n\nIf market avoid exogenous risks/news, bullish news could be coming on iPhone X this week.", "time": 1502765091.0, "sentiment": "Bullish"}, {"id": 92008872, "text": "$AAPL Racism is not a priority in Silicon Valley. Machines don&#39;t care. $QQQ", "time": 1502764992.0, "sentiment": ""}, {"id": 92008441, "text": "$AAPL I would be very surprised if Tech companies made significant and public denouncement of Trump&#39;s racist dog whistling. $QQQ", "time": 1502764827.0, "sentiment": ""}, {"id": 92008433, "text": "$BBRY $aapl works with arena while John Chen sits with thumb up his arse. Smh!", "time": 1502764823.0, "sentiment": ""}, {"id": 92008220, "text": "$AAPL Bring on China trade war Trump!!! $$$$$$$$$$$$$$$$$$$$$$$$$$$$$$", "time": 1502764754.0, "sentiment": ""}, {"id": 92008217, "text": "$AAPL $FB don&#39;t miss it", "time": 1502764751.0, "sentiment": "Bullish"}, {"id": 92008039, "text": "Heavy volume has become so bearish. Light volume is the bullish scenario. $spy $aapl", "time": 1502764655.0, "sentiment": ""}, {"id": 92007876, "text": "$AAPL yawn day. Come on 161!", "time": 1502764583.0, "sentiment": "Bullish"}, {"id": 92007811, "text": "$AAPL Tech is over crowded my Ass", "time": 1502764552.0, "sentiment": "Bullish"}, {"id": 92007324, "text": "$AAPL would have bought back again but this stock is so highly controlled barely moves", "time": 1502764366.0, "sentiment": "Bullish"}, {"id": 92007280, "text": "$AAPL No one cares what Trump says anymore.", "time": 1502764343.0, "sentiment": "Bullish"}, {"id": 92007220, "text": "$AAPL lol WS crackheads are pumping now $$$$$$$$$$$$$$$$$$$$$$$$$$$$$$$", "time": 1502764320.0, "sentiment": "Bullish"}, {"id": 92006943, "text": "$AAPL That dip was icing on the cake!  Bought a sh*t load more on marging..easy money $$$$$$$$$$$$$$$$$$$$$$$$$$$$", "time": 1502764207.0, "sentiment": "Bullish"}, {"id": 92006523, "text": "Google Hires Former Star Apple Engineer for Google Brain Team $AAPL http://dlvr.it/Pf3Pc6", "time": 1502764027.0, "sentiment": ""}, {"id": 92006290, "text": "$FB $AAPL $NVDA $SPY $TSLA $AMZN $GOOG $DIA ALL HOLDING ONTO GAINS NOW AND JUST SET A NEW BEAR TRAP - WE&#39;RE GOING HIGHER, MUCH HIGHER!!!!", "time": 1502763933.0, "sentiment": "Bullish"}, {"id": 92006285, "text": "Where&#39;s the VOLUME ? $SPY - $NVDA $AAPL $MRVL $INTC $T $ON $QCOM $FB $JPM $BAC ...", "time": 1502763931.0, "sentiment": "Bullish"}, {"id": 92006278, "text": "$AAPL Trump says China trade probe is &#39;just the beginning&#39;! Hasn&#39;t fixed other problems before starting another!", "time": 1502763930.0, "sentiment": "Bullish"}, {"id": 92005825, "text": "$AAPL With all the tools at WS&#39;s disposal..incompetence still prevails! $$$$$$$$$$$$$$$$$$$$$$$$$$$$$$$$$$$$$$$$$$$", "time": 1502763751.0, "sentiment": "Bullish"}, {"id": 92005679, "text": "$AAPL I don&#39;t trust this market since there are so many problems going on around the world. Took some off the table just in case", "time": 1502763675.0, "sentiment": ""}, {"id": 92005529, "text": "$aapl $fb FLAWLESS bounced to the penny off VWAP son", "time": 1502763611.0, "sentiment": ""}, {"id": 92005470, "text": "$AAPL So when the News travels this will open nicely. Looking for Buyers to come in hard EOD", "time": 1502763586.0, "sentiment": "Bullish"}, {"id": 92005378, "text": "$AAPL Thanks for the dip WS $$$$$$$$$$$$$$$$$$$$$$$$$$$$$$$$$$", "time": 1502763547.0, "sentiment": "Bullish"}, {"id": 92004721, "text": "$AAPL Bernstein says Google will pay Apple $3 billion to retain its spot as default iPhone search engine. https://stocknews.com/news/aapl-apple-inc-aapl-gets-3b-from-google-to-be-top/", "time": 1502763249.0, "sentiment": ""}, {"id": 92004716, "text": "$AAPL $SPY $NVDA All in cash for now in case NK does something stupid", "time": 1502763246.0, "sentiment": ""}, {"id": 92004587, "text": "$AAPL potential nuke war? Civil war? Trade war? Fuck that...all time high city bound!", "time": 1502763194.0, "sentiment": ""}, {"id": 92004390, "text": "$AAPL lol WS gets &quot;crackhead move of the day&quot; award! $$$$$$$$$$$$$$$$$$$$$$$$$$$$$$$", "time": 1502763127.0, "sentiment": "Bullish"}, {"id": 92003884, "text": "$AAPL Not sure what this means yet as Orange Head signs a memorandum on Chinese trade practices. This may be the reason for that dump...", "time": 1502762910.0, "sentiment": "Bullish"}, {"id": 92003641, "text": "How Apple Could Make Default Apps A Profit Machine, Like Google: http://ow.ly/gW1C30ep0Zi $AAPL $GOOGL $FB $SNAP $TWTR", "time": 1502762812.0, "sentiment": ""}, {"id": 92003488, "text": "$SPY $AAPL $FB back to the highs pls", "time": 1502762747.0, "sentiment": ""}, {"id": 92003157, "text": "$AAPL China intellectual property thing is causing a sell off now unfortunately.  Gonna close down closer to 159 I think", "time": 1502762613.0, "sentiment": ""}, {"id": 92003041, "text": "$AAPL pushing towards $175", "time": 1502762570.0, "sentiment": ""}, {"id": 92002922, "text": "Qualcomm outlines impact of dispute with Apple after SEC request\nhttp://www.reuters.com/article/us-apple-qualcomm-idUSKCN1AU256\n$AAPL $QCOM", "time": 1502762520.0, "sentiment": ""}, {"id": 92002494, "text": "Google paying Apple billions to remain default search on iOS, analyst says\nhttp://feeds.marketwatch.com/~r/marketwatch/marketpulse/~3/ahBw4u5bHOw/story.aspx\n$AAPL $GOOG $GOOGL", "time": 1502762340.0, "sentiment": ""}, {"id": 92002358, "text": "VIDEO | 10 Reasons To Buy Qualcomm \ud83d\udcb0\ud83d\udcb0\ud83d\udcb0\ud83d\udcb0$FB $GPRO $NVDA $AMD $AAPL https://youtu.be/zE_qz2fJccY", "time": 1502762293.0, "sentiment": "Bullish"}, {"id": 92002337, "text": "$SPY snapping the bears necks.   Head fake down then massive move up. $JNJ $KHC $AAPL $GS $JPM $GOOG $GOOGL $AMZN \nSpike up into EOD", "time": 1502762283.0, "sentiment": "Bullish"}, {"id": 92002330, "text": "$AAPL go all the way as they say!", "time": 1502762281.0, "sentiment": "Bullish"}, {"id": 92002227, "text": "$AAPL this is called paralysis effect, dump then buy hard!", "time": 1502762241.0, "sentiment": "Bullish"}, {"id": 92002072, "text": "$SINA $NVDA $AMD $GOOG $AMZN $RACE $TSLA $MSFT $WB $FB $AAPL NK fake news last week lol", "time": 1502762174.0, "sentiment": "Bullish"}, {"id": 92001765, "text": "$AAPL who farted!?  I was just about to cash in....d*mn it!", "time": 1502762059.0, "sentiment": ""}, {"id": 92001743, "text": "Apple discusses bringing Watch to Aetna members https://seekingalpha.com/news/3289094?source=ansh $AAPL, $AET", "time": 1502762051.0, "sentiment": ""}, {"id": 92001687, "text": "$AAPL ???", "time": 1502762028.0, "sentiment": ""}, {"id": 92001534, "text": "$AAPL Goldman Sachs U.S. equity strategist David Kostin advises clients to buy growth stocks like Nvidia", "time": 1502761965.0, "sentiment": ""}, {"id": 92001476, "text": "$AAPL large sell blocks went thru.. WTF?", "time": 1502761935.0, "sentiment": ""}, {"id": 92001366, "text": "$AAPL someone just dumped a shit load of Apple!! Wtf", "time": 1502761890.0, "sentiment": "Bullish"}, {"id": 92001224, "text": "$AAPL haha damn did a bomb drop?", "time": 1502761830.0, "sentiment": ""}, {"id": 92000470, "text": "$SPY $QQQ $AAPL $FB $NVDA $JD - China just announced they are halting Herbalife sales while they investigate ponzi scheme-time to get short!", "time": 1502761479.0, "sentiment": ""}, {"id": 92000287, "text": "$SINA $NVDA $AMD $GOOG $AMZN $RACE $TSLA $MSFT $WB $FB $AAPL This is just the beginning", "time": 1502761405.0, "sentiment": "Bullish"}, {"id": 92000208, "text": "$AAPL some of my money will go hunting neo Nazis n W-supremacist whom my ancestors died to fight them in WW2!", "time": 1502761370.0, "sentiment": "Bullish"}, {"id": 92000109, "text": "$AAOI  Huawei Technologies China Made Offer For $AAOI is possible .but  I think US will prohibit the DEAL .$AMZN or $AAPL Acquire it better", "time": 1502761331.0, "sentiment": "Bullish"}, {"id": 92000089, "text": "$SINA $NVDA $AMD $GOOG $AMZN $RACE $TSLA $MSFT $WB $FB $AAPL Boom", "time": 1502761324.0, "sentiment": "Bullish"}, {"id": 91999969, "text": "$AAPL be careful Ching Chong announcement at 3pm. Could have YUGE impact", "time": 1502761283.0, "sentiment": ""}, {"id": 91999640, "text": "$SPY Big Volume $INTC $MRVL $AAPL $FB $JPM ...", "time": 1502761145.0, "sentiment": "Bullish"}, {"id": 91999308, "text": "$AAPL  Apple Watch recently overtook Fitbit as the top-selling wearable tracker", "time": 1502760999.0, "sentiment": "Bullish"}, {"id": 91999294, "text": "$SPY I will say it again. The $JNJ will spike higher into EOD.  $GS $JPM $C $AAPL all going higher into EOD", "time": 1502760993.0, "sentiment": "Bullish"}, {"id": 91998865, "text": "Apple &amp; Aetna hold secret meetings to bring the Apple Watch to millions of Aetna customers $AAPL $AET http://cnb.cx/2w4il7K", "time": 1502760800.0, "sentiment": ""}, {"id": 91998854, "text": "$AAPL USD tanking since May.  If only Apple invested the horde in $BTC.X $ETH.X", "time": 1502760796.0, "sentiment": "Bullish"}, {"id": 91998767, "text": "$AAPL Hey Bobby, You like Apples? https://www.youtube.com/watch?v=sf0OFZexRGs", "time": 1502760754.0, "sentiment": "Bullish"}, {"id": 91998630, "text": "$AAPL Better get in soon as the iphone 8 and the Aetna deal will drive this to the moon !", "time": 1502760698.0, "sentiment": "Bullish"}, {"id": 91998390, "text": "Im thinking personally the $NXP deal will finish up shoulder but the $AAPL settlement would be kneckline breakout point going back to $60", "time": 1502760588.0, "sentiment": ""}, {"id": 91998303, "text": "Apple, Aetna Considering Bringing Apple Watch to 23 Million Aetna Customers $AAPL http://dlvr.it/Pf2tZ7", "time": 1502760552.0, "sentiment": ""}, {"id": 91997972, "text": "13F from Buffett after the close. Interesting to see $BAC as big holding after warrants exercised. And did $BRK.B buy more $AAPL &amp; airlines?", "time": 1502760417.0, "sentiment": ""}, {"id": 91997821, "text": "$AAPL", "time": 1502760353.0, "sentiment": ""}, {"id": 91997458, "text": "@lecorb that&#39;s just a start of similar  trend in health care monitoring. $AAPL leads this technology.", "time": 1502760194.0, "sentiment": "Bullish"}, {"id": 91997267, "text": "$AAPL Do it already $160!!!!", "time": 1502760106.0, "sentiment": "Bullish"}, {"id": 91997150, "text": "$AAPL Don&#39;t know I blocked him", "time": 1502760054.0, "sentiment": ""}, {"id": 91997024, "text": "$AAPL https://apple.news/A-5xFU1uEQ7ClUlrRg9iNtA", "time": 1502760006.0, "sentiment": "Bullish"}, {"id": 91996953, "text": "$AAPL where&#39;s Bobby?? He&#39;s so quite now!!", "time": 1502759966.0, "sentiment": "Bullish"}, {"id": 91996731, "text": "Apple discusses bringing Watch to Aetna members https://seekingalpha.com/news/3289094?source=ansh $AAPL, $AET", "time": 1502759867.0, "sentiment": ""}, {"id": 91996458, "text": "$AMD $NVDA $SINA $WB $FB $AAPL $BABA $GOOG $AMZN $TSLA", "time": 1502759775.0, "sentiment": "Bullish"}, {"id": 91996182, "text": "$AAPL \ud83d\ude80 \ud83d\ude82 next stop 161 \ud83d\ude82  \ud83d\ude80", "time": 1502759665.0, "sentiment": "Bullish"}, {"id": 91996150, "text": "$AAPL NVDA leading tech looking strong QQQ SPY", "time": 1502759648.0, "sentiment": ""}, {"id": 91996104, "text": "$AAPL", "time": 1502759630.0, "sentiment": ""}, {"id": 91995916, "text": "$AAPL And you wonder why Bears look like this", "time": 1502759552.0, "sentiment": "Bullish"}]