[{"id": 93228874, "text": "$AAPL $GOOGL $AMZN $TSLA $PLNC $FB $NVDA $BABA $CME Didn&#39;t make any sense to me.", "time": 1503877332.0, "sentiment": ""}, {"id": 93228701, "text": "Nice overview of the coming weeks markets http://stockmillionaires.com/market-overview-week-ahead-82817-spy-dji-aapl-aa-fcx-mosy-amzn-tsla/ $SPY $DJI $AAPL $MOSY $AMZN $TSLA $AA $FCX", "time": 1503876868.0, "sentiment": "Bullish"}, {"id": 93228547, "text": "$AAPL another week, another inside day, another trade plan. \nhttps://youtu.be/gErK2yUgwew", "time": 1503876438.0, "sentiment": "Bullish"}, {"id": 93228409, "text": "The &quot;Cashtag&quot; Turns Nine: http://howardlindzon.com/cashtag-turns-nine/, via @howardlindzon. | How Finance Twitter was Born. $AAPL", "time": 1503876044.0, "sentiment": ""}, {"id": 93228188, "text": "$SPY Why give company like $AAPL Tax break, Tax the crap out of them, build phones overseas 4 ever, add 100bil DEBT instead of paying $QQQ", "time": 1503875385.0, "sentiment": ""}, {"id": 93228121, "text": "THIS is what you&#39;re enabling innocent people to do? Shame...only 17\n\nhttps://youtu.be/YvpFJ6QEYdU\n\n$UVV $MO $BTI $LO $PM $RAI $UVV $VGR $FB $AAPL", "time": 1503875234.0, "sentiment": "Bullish"}, {"id": 93227907, "text": "$AAPL I explain many key points before things can change for this great leader. This stock is key for market direction I explain the facts", "time": 1503874702.0, "sentiment": ""}, {"id": 93227730, "text": "$FB $NVDA $NFLX $GOOG $GOOGL $AMZN $TSLA $AAPL $BABA $C $GS $SPY $QQQ $UVXY https://youtu.be/Fzms7dzzla0 Choosing Strike and Delta correctly", "time": 1503874301.0, "sentiment": ""}, {"id": 93227489, "text": "@EatSleepBreatheMNKD $aapl was 10-15 presplit before its run", "time": 1503873622.0, "sentiment": ""}, {"id": 93227484, "text": "$AAPL Why AAPL will Crush Industry? https://finance.yahoo.com/m/d1f1f716-edb6-3819-8efb-bfd78500c1ac/here%27s-why-apple%27s-homepod.html", "time": 1503873594.0, "sentiment": "Bullish"}, {"id": 93227199, "text": "$AMD $NVDA $INTC $FB $AAPL $GOOGL $NFLX $TSLA $BABA $BIDU $BZUN $SNAP $TWTR $GPRO $AMZN $BTC.X $ETH.X $LTC.X $XRP.X", "time": 1503872707.0, "sentiment": "Bullish"}, {"id": 93227184, "text": "$AAPL   BFDI SYMBOL brekford company about to complete merger with PENTAGON company. Trading at 11 cents, heavily under the radar", "time": 1503872655.0, "sentiment": "Bullish"}, {"id": 93226941, "text": "$AAPL As the markets were churning this past week, Apple was pushing to reassert itself as a continuing out-perfor\u2026 https://stocknews.com/news/aapl-as-the-markets-were-churning-this-past-week-apple-was/", "time": 1503871778.0, "sentiment": ""}, {"id": 93226208, "text": "$AAPL $GOOGL $AMZN $TSLA $PLNC $FB $NVDA $BABA $CME", "time": 1503869510.0, "sentiment": "Bearish"}, {"id": 93225806, "text": "$GDX $GDXJ $JNUG $JDST $NUGT $DUST $UGAZ $DGAZ $UWT $DWT $AAPL $BABA check this out I will post another video today, like and subscribe.", "time": 1503868301.0, "sentiment": ""}, {"id": 93225089, "text": "$AAPL $WMT $KR $ITB $XHB more links from Tadas", "time": 1503865345.0, "sentiment": ""}, {"id": 93225072, "text": "Sunday links: a common theme, rebalancing time and overbuilt luxury homes. https://abnormalreturns.com/2017/08/27/sunday-links-a-common-theme/ $AAPL $WMT $KR $ITB $XHB", "time": 1503865295.0, "sentiment": ""}, {"id": 93225062, "text": "$AAPL No doubt.", "time": 1503865240.0, "sentiment": ""}, {"id": 93225043, "text": "$AAPL Good luck and stay safe to  our Texas friends,", "time": 1503865105.0, "sentiment": ""}, {"id": 93224714, "text": "$AAPL analysts on Estimize are expecting 13.41% YoY EPS growth for Q4, down from 17.61% in Q3 [Reporting 10/24 AMC]\nhttp://www.estimize.com/intro/aapl?utm_content=AAPL&amp;amp;utm_medium=eps_update&amp;amp;utm_source=stocktwits#chart=historical", "time": 1503863185.0, "sentiment": ""}, {"id": 93224635, "text": "$AAPL - prayers for Texas", "time": 1503862749.0, "sentiment": ""}, {"id": 93224264, "text": "Here&#39;s Why Apple&#39;s HomePod Will Crush the Amazon Echo and Google Home Over Time $AAPL http://dlvr.it/Phwrlj", "time": 1503860463.0, "sentiment": ""}, {"id": 93223680, "text": "We detected a trading range for $AAPL between $156 and $162. Follow Us to see how we trade !", "time": 1503854451.0, "sentiment": ""}, {"id": 93223116, "text": "$GPRO $RTNB $XXII $SNAP $PCLN $AAPL wishing all a great week ahead \ud83d\udc4d\ud83c\udffd", "time": 1503847038.0, "sentiment": "Bullish"}, {"id": 93222958, "text": "Estimize revenue expectations are 0.17% higher than that of Wall Street for $AAPL Q4 [Reporting 10/24 AMC]\nhttp://www.estimize.com/intro/aapl?utm_content=AAPL&amp;amp;utm_medium=eps_update&amp;amp;utm_source=stocktwits#chart=historical", "time": 1503845918.0, "sentiment": ""}, {"id": 93222941, "text": "https://www.youtube.com/watch?v=qYGuhRfLSs0 McGregor and Mayweather fight in less than 2 minutes. $AMRS $FB $TWTR $AAPL $BIIB $SPY", "time": 1503845767.0, "sentiment": ""}, {"id": 93222866, "text": "$AAPL that $160 resistance is strong. It has to break above it, and retest it 3 time for us to go to $200", "time": 1503844837.0, "sentiment": ""}, {"id": 93222404, "text": "$AAPL how high does Wally pump this baby 5 years down. 250$ 350$ stock split.    Greasy money bags $$$", "time": 1503841233.0, "sentiment": ""}, {"id": 93222395, "text": "$AAPL cheers to the effing weekend and iPhone 8 \ud83c\udf7b", "time": 1503841161.0, "sentiment": ""}, {"id": 93222066, "text": "$AAPL hhgregg.com get in be4 its to late", "time": 1503839154.0, "sentiment": ""}, {"id": 93221347, "text": "Trade of the Week; Tax Reform Is Harder Than the Markets Think: Doug Kass&#39; Views $AAPL http://dlvr.it/Pht7gm", "time": 1503835442.0, "sentiment": ""}, {"id": 93220889, "text": "$AAPL https://www.twitch.tv/kankleslive hi", "time": 1503833598.0, "sentiment": ""}, {"id": 93220403, "text": "$AAPL follow Instagram account @1onewlf for free streaming of fight", "time": 1503831214.0, "sentiment": ""}, {"id": 93220346, "text": "$AAPL Great summary of David Einhorn&#39;s Letter- long thesis for Apple: https://investoralmanac.com/2017/05/16/greenlight-capital-1q17-letter-gm-aapl-cc-tsla-rad-cndt-prgo-gold/", "time": 1503830963.0, "sentiment": "Bullish"}, {"id": 93220233, "text": "$PLM loving the future growth here. $aapl $tsla", "time": 1503830422.0, "sentiment": ""}, {"id": 93220180, "text": "$WUBA $CTRP $BABA $BIDU even hotter than FANG $FB $AAPL $NFLX $GOOG - now to build base and find support in 10 wk MA", "time": 1503830027.0, "sentiment": "Bullish"}, {"id": 93220093, "text": "$DGLT $AAPL $AMZN $AMZN $ETRM", "time": 1503829571.0, "sentiment": ""}, {"id": 93219891, "text": "Estimize EPS expectations are 1.50% higher than that of Wall Street for $AAPL Q4 [Reporting 10/24 AMC]\nhttp://www.estimize.com/intro/aapl?utm_content=AAPL&amp;amp;utm_medium=eps_update&amp;amp;utm_source=stocktwits#chart=historical", "time": 1503828628.0, "sentiment": ""}, {"id": 93219581, "text": "@InwestorkaAmatorka @cfutgwei For the record I never tell anyone to buy or follow me in to a trade. W/ $AAPL, $BA &amp; $AFG they just did", "time": 1503827181.0, "sentiment": "Bullish"}, {"id": 93219336, "text": "$AMZN whole food project is underestimated, as $aapl iphone 1trick poney is overestimated Time to reverse that", "time": 1503826202.0, "sentiment": ""}, {"id": 93218253, "text": "@BadaBingCapital Thank you.  I was actually sharing an interesting perspective.  I&#39;m long $AAPL but enjoy reading different opinions.", "time": 1503822230.0, "sentiment": ""}, {"id": 93217699, "text": "$AMD $STUDY $FB $AAPL $AMZN $NVDA $INTC $TWTR $SNAP is making waves @ QUAKECON! https://twitter.com/AMDRyzen/status/901605037142679552?s=09", "time": 1503820084.0, "sentiment": "Bullish"}, {"id": 93217414, "text": "DROPS IN NASDAQ SHORTS: $MSFT $QCOM $AMD $CMCSA $HIMX $MYL $AMTD $CENX $HDS $CY $COST $CTRP $GPRO $AAPL $NVDA $STMP $MAR $UBNT $AMAG $GLUU", "time": 1503819112.0, "sentiment": ""}, {"id": 93217025, "text": "$GDX $GDXJ $JNUG $JDST $NUGT $DUST $UGAZ $DGAZ $UWT $DWT $AAPL $BABA https://youtu.be/uKk65k3IOA8 How to day trade using the first 15min Candle", "time": 1503817656.0, "sentiment": ""}, {"id": 93216852, "text": "$AAPL spam", "time": 1503817028.0, "sentiment": ""}, {"id": 93216821, "text": "$AAPL looking at options for the next months and this is getting pinned at 160 until we all die", "time": 1503816920.0, "sentiment": "Bullish"}, {"id": 93216194, "text": "@dennisj As far as $AAPL the smartest most  Successful investors on the planet own Apple. Along w/ the analyst who cover the stock.", "time": 1503814634.0, "sentiment": "Bullish"}, {"id": 93216114, "text": "yAxis Data 08/28 $AAPL 97Day LookBack Suggest OverBought, Trough Bottom @ 155.11, Impulse Potential =/&gt; 160.74", "time": 1503814383.0, "sentiment": ""}, {"id": 93216074, "text": "UpDate 08/28 $AAPL A *Possibly Actionable Opportunity has Developed", "time": 1503814220.0, "sentiment": ""}, {"id": 93215774, "text": "$AAPL not me.", "time": 1503813287.0, "sentiment": ""}, {"id": 93215382, "text": "$aapl", "time": 1503811864.0, "sentiment": ""}, {"id": 93215339, "text": "$AAPL hhgregg.com grandopening coming soon", "time": 1503811692.0, "sentiment": ""}, {"id": 93215203, "text": "$AAPL estimates distribution - here\u2019s what 279 Estimize analysts are expecting $AAPL to report for Q4 [Reporting 10/24 AMC]\nhttp://www.estimize.com/intro/aapl?utm_content=AAPL&amp;amp;utm_medium=eps_update&amp;amp;utm_source=stocktwits#chart=historical", "time": 1503811169.0, "sentiment": ""}, {"id": 93213795, "text": "Episode 122 - From Intel to Disney - Exponent $aapl  http://exponent.fm/episode-122-from-intel-to-disney/", "time": 1503806069.0, "sentiment": ""}, {"id": 93213756, "text": "70 percent of iPhone buyers won&#39;t even consider another brand - CNET $aapl  https://www.cnet.com/news/70-percent-of-iphone-buyers-wont-even-consider-another-brand/#ftag=CAD-09-10aai5b", "time": 1503805949.0, "sentiment": ""}, {"id": 93213664, "text": "$AAPL http://iphone.appleinsider.com/articles/17/08/26/apples-iphone-8-rumored-to-top-out-at-75w-for-wireless-charging", "time": 1503805608.0, "sentiment": ""}, {"id": 93213662, "text": "$AAPL something George Bush ....", "time": 1503805601.0, "sentiment": "Bullish"}, {"id": 93212627, "text": "$AAPL If they can get away selling a $1200 phones (you know they will) this shit is going to the MOON.", "time": 1503802096.0, "sentiment": "Bullish"}, {"id": 93212496, "text": "$AAPL", "time": 1503801694.0, "sentiment": "Bullish"}, {"id": 93212191, "text": "$AAPL SAMSUNG NOTE 8 sucks! its a brick", "time": 1503800652.0, "sentiment": "Bullish"}, {"id": 93212150, "text": "$AAPL pleas sticker be 163.50 on Monday !", "time": 1503800513.0, "sentiment": "Bullish"}, {"id": 93212143, "text": "$AAPL $SPY $AMZN $TSLA $IBB Let&#39;s Get Ready For the Week Ahead 8/28 to 9/1 https://www.youtube.com/watch?v=3zPzyVstXEA&amp;t=58s", "time": 1503800502.0, "sentiment": ""}, {"id": 93212040, "text": "$AAPL $AMD $BTCUSD $AMZN \ud83d\udcb0\ud83d\ude0e #mgti http://mgtci.com/content/vision/bitcoin/index.html", "time": 1503800244.0, "sentiment": "Bullish"}, {"id": 93211962, "text": "$AAPL $AMZN $BTCUSD &quot;The New Darling of Crypto Currency #mgti start up on OTC. Your welcome ppl.\n\nhttp://oracledispatch.com/2017/08/24/mgt-capital-investments-inc-otcmktsmgti-stays-red-hot/", "time": 1503800014.0, "sentiment": "Bullish"}, {"id": 93211913, "text": "$AAPL open interest for maturity 09/01/2017. High put=140.00 High call=160.00 #maxpain #options http://maximum-pain.com/options/open-interest?s=AAPL", "time": 1503799875.0, "sentiment": ""}, {"id": 93211795, "text": "Seasonally weak August but holding $2400 $ES_F - $SPY $SPX  $AAPL $MRVL $FB $NFLX $JPM $SVXY ....", "time": 1503799515.0, "sentiment": "Bullish"}, {"id": 93211519, "text": "Self-Driving: The Companies That Will Win (And Lose)\nhttps://seekingalpha.com/article/4101942-self-driving-companies-will-win-lose    $AAPL", "time": 1503798880.0, "sentiment": ""}, {"id": 93211393, "text": "$AAPL go 150 tommodo. phone 8 not good like Samsung", "time": 1503798605.0, "sentiment": ""}, {"id": 93211116, "text": "$AAPL Apple Dividend Stock Analysis: http://dividendvaluebuilder.com/apple-aapl-stock-analysis/ #dividend #growth #technology #dividends #DVB", "time": 1503797762.0, "sentiment": ""}, {"id": 93210871, "text": "$AAPL Here&#39;s Why Apple Inc Remains Overvalued http://acquirersmultiple.com/2017/08/heres-why-apple-inc-remains-overvalued/ via @greenbackd @tobiascarlisle", "time": 1503797174.0, "sentiment": ""}, {"id": 93210409, "text": "Computers &amp; Chainsaws, $AAPL $SPY #Apple", "time": 1503795927.0, "sentiment": ""}, {"id": 93210381, "text": "$AAPL Wait for release...then the inevitable drop...then you buy?", "time": 1503795842.0, "sentiment": ""}, {"id": 93209816, "text": "$AAPL it&#39;s a show...not a fight. The promoter, deal maker, boxer, the &quot;employer&quot; vs &quot;employee&quot;, all in one. Who do you think will win?", "time": 1503794280.0, "sentiment": ""}, {"id": 93209607, "text": "Here\u2019s what 279 Estimize analysts believe $AAPL will report for Q4 2017 revenue [Reporting 10/24 AMC]\nhttp://www.estimize.com/intro/aapl?utm_content=AAPL&amp;amp;utm_medium=eps_update&amp;amp;utm_source=stocktwits#chart=historical", "time": 1503793728.0, "sentiment": ""}, {"id": 93209466, "text": "$AAPL Apple Ascending Wedge?. Long term bullish setup", "time": 1503793368.0, "sentiment": ""}, {"id": 93209370, "text": "$AAPL 4th green week in a row. Up $2.36 for last week. Here come the new iPhones too.", "time": 1503793069.0, "sentiment": "Bullish"}, {"id": 93209059, "text": "$AAPL lots of consolidation took place needs to rip now", "time": 1503792361.0, "sentiment": "Bullish"}, {"id": 93208899, "text": "$AAPL some say up some say down ?", "time": 1503792001.0, "sentiment": ""}, {"id": 93208778, "text": "lol $VUZI Blaze 3000 in Barron&#39;s article about $AAPL http://www.barrons.com/articles/apples-smartglasses-opportunity-could-be-enormous-says-bernstein-1503664280", "time": 1503791672.0, "sentiment": ""}, {"id": 93208565, "text": "$AAPL who here is parlaying their AAPL gains into tonight&#39;s fight? \ud83e\udd14\ud83e\udd11", "time": 1503791082.0, "sentiment": ""}, {"id": 93208345, "text": "$AAPL fast money chart guys called a head and shoulders at $142. Wrong again. It&#39;s a backward indicator", "time": 1503790527.0, "sentiment": ""}, {"id": 93208321, "text": "$AAPL not true. I would love AAPL to drop. I play it both ways. However the chart is just up to interpretation that&#39;s all I&#39;m saying.", "time": 1503790472.0, "sentiment": ""}, {"id": 93208290, "text": "@soccerstar61 by reading your thread, clearly you have no bias towards $AAPL. A potential top below 161.8 fib is not place to be aggressive", "time": 1503790364.0, "sentiment": ""}, {"id": 93207826, "text": "$AMZN looking at this week drop it looks like the great Whole food project is underestimate. While $aapl iphone 1trick poney is overestimate", "time": 1503789204.0, "sentiment": ""}, {"id": 93207775, "text": "$AAPL love apple product got some shares but find strange that a 1trick poney cie hold so well as $amzn drop on a new great project (WF) wtf", "time": 1503789052.0, "sentiment": ""}, {"id": 93207192, "text": "$AAPL I could draw that another way as an inverse head and shoulders or the Loch Ness monster.", "time": 1503787627.0, "sentiment": ""}, {"id": 93207025, "text": "$DIS $NKE $AAPL $JPM $MSFT $TSLA $T $X $WFC which is the best bet and our easy money making strategy stats http://bit.ly/2v52jFQ", "time": 1503787225.0, "sentiment": ""}, {"id": 93206757, "text": "$AAPL Mine pretty much works the same way; however, it&#39;s free &amp; you don&#39;t have to wait on $10+ moves to see pivots! \nhttp://d.pr/i/ehFzyk", "time": 1503786649.0, "sentiment": ""}, {"id": 93206752, "text": "$AAPL Trends are bullish and our ALGO suggests BO at $163... more here http://bit.ly/2v52jFQ", "time": 1503786639.0, "sentiment": ""}, {"id": 93205528, "text": "$AAPL is the new iPhone frenzy cooked in or it is still time to,buy this stock for more gain in 2017 ?????", "time": 1503783927.0, "sentiment": ""}, {"id": 93205313, "text": "$AAPL Weekly", "time": 1503783289.0, "sentiment": ""}, {"id": 93205255, "text": "$AAPL  Apple LT weekly chart - Technical analysis meets Trend Following... trends, warnings, breakdowns &amp; breakouts.", "time": 1503783087.0, "sentiment": ""}, {"id": 93205217, "text": "$AAPL withdrawn.....", "time": 1503782946.0, "sentiment": "Bullish"}, {"id": 93205080, "text": "$AAPL Great summary of Saber Capital&#39;s 1H17 Letter - long thesis for Apple https://investoralmanac.com/2017/08/23/saber-capital-1h17-letter-big-inevitable-trends-large-caps-tencent-apple/", "time": 1503782489.0, "sentiment": "Bullish"}, {"id": 93204624, "text": "$NTNX the longest, largest forming cup and handle since I bought $AAPL", "time": 1503781077.0, "sentiment": "Bullish"}, {"id": 93204558, "text": "@calvingrinder $AAPL Apple needs to create glasses that you can wear without looking like a tool.  Thats the reason Google glass never", "time": 1503780844.0, "sentiment": ""}, {"id": 93204137, "text": "[Wkend] U.S. Market Technical Analysis August 26, 2017 $CHK $BAC $F $VALE $KR $AMD $AAPL $BABA $SNAP $GE $WLL $GME  https://youtu.be/9g1GDND1El4", "time": 1503779754.0, "sentiment": ""}, {"id": 93204010, "text": "Another weekly high close in $AAPL, but a look under the surface says it&#39;s not out of the woods just yet.", "time": 1503779310.0, "sentiment": ""}, {"id": 93203649, "text": "Why Apple, Facebook, Microsoft and Google Are Flocking to Iowa $AAPL http://dlvr.it/PhlVpZ", "time": 1503778074.0, "sentiment": ""}, {"id": 93203470, "text": "$AAPL Apple is targeting high-end consumers with its new iPhone 8, whose price is said to be $1,000 or more when i\u2026 https://stocknews.com/news/aapl-1k-apple-inc-aapl-iphone-would-push-brand-back-to/", "time": 1503777523.0, "sentiment": ""}, {"id": 93203439, "text": "$AAPL sept 1 OI ... looks good for upside. 162.5", "time": 1503777414.0, "sentiment": ""}, {"id": 93203315, "text": "$TLT $GDX $GLD $JNUG $JDST $UGAZ $DGAZ $UWT $DWT $AAPL https://youtu.be/Ja1v35qL8Sc Doing some basic option training", "time": 1503777053.0, "sentiment": ""}, {"id": 93203128, "text": "Here\u2019s what 278 Estimize analysts believe $AAPL will report for Q4 2017 EPS [Reporting 10/24 AMC]\nhttp://www.estimize.com/intro/aapl?utm_content=AAPL&amp;amp;utm_medium=eps_update&amp;amp;utm_source=stocktwits#chart=historical", "time": 1503776427.0, "sentiment": ""}, {"id": 93202930, "text": "$AAPL can you say &quot;AirPods?&quot; I know you can. AR is not exclusively a visual technology.", "time": 1503775778.0, "sentiment": "Bullish"}, {"id": 93202913, "text": "1 of 5 Daily charts of the DJIA Components $AAPL $AXP $BA $CAT $CSCO $CVX with the SSI indicator \u2026", "time": 1503775719.0, "sentiment": ""}, {"id": 93202864, "text": "$AAPL &quot;Apple Watch to dominate smartwatches through 2021, says Gartner&quot; Apple Glasses will cap Apple&#39;s domination in the wearable space.", "time": 1503775555.0, "sentiment": "Bullish"}, {"id": 93202649, "text": "$AAPL www.forbes.com/sites/ewanspence/2017/08/25/apple-news-headlines-iphone8-new-leak-rumor-camera-design-price-macbookpro/amp/", "time": 1503774433.0, "sentiment": "Bullish"}, {"id": 93201944, "text": "$SPY $QQQ $NVDA $TSLA $FB $AAPL Latest Blog Post - &#39;Day-Trading Is Like War...&#39; https://www.samuraialerts.com/blog/2017/8/26/day-trading-is-like-warfail-to-plan-plan-to-fail", "time": 1503770289.0, "sentiment": ""}, {"id": 93201176, "text": ": gap-fill is possible. If we can get to 162.50 before, we might bounce off it again, gap-fill, then continue upwards. $AAPL", "time": 1503764303.0, "sentiment": "Bullish"}, {"id": 93201117, "text": "$QQQ $SPY PT 246-48 $AAPL $AMZN $FB $NFLX $FB PT 180 $TSLA PT 400. Updated. AMD/NVDA off the list. Sept20-24th.", "time": 1503763815.0, "sentiment": "Bullish"}, {"id": 93200533, "text": "$AAPL analysts on Estimize are expecting 9.12% YoY revenue growth for Q4, up from 7.20% in Q3 [Reporting 10/24 AMC]\nhttp://www.estimize.com/intro/aapl?utm_content=AAPL&amp;amp;utm_medium=eps_update&amp;amp;utm_source=stocktwits#chart=historical", "time": 1503758978.0, "sentiment": ""}, {"id": 93200183, "text": "$AAPL https://www.cnbc.com/2017/08/25/north-korea-fires-unidentified-projectile-off-its-east-coast-report-says.html", "time": 1503756635.0, "sentiment": "Bullish"}, {"id": 93200149, "text": "$AAPL $TSLA $NVDA $BABA They can shove it in their leaders rear!", "time": 1503756505.0, "sentiment": ""}, {"id": 93198824, "text": "$NVDA $AMD $FB $AAPL $TSLA $NTDOY $MU $BZUN $AAOI  \u201cThe very important thing you should have is patience.\u201d \u2013 Jack Ma", "time": 1503750336.0, "sentiment": "Bullish"}, {"id": 93198489, "text": "Wireless charging confirmed for iPhone 8 http://bit.ly/2vplL0U  $AAPL", "time": 1503749164.0, "sentiment": ""}, {"id": 93197543, "text": "Price Moves vs Expected Moves $EEM $USO $AAPL $GLD $BAC $AMD $AMZN $FB $TSLA $BABA $VXX $UVXY http://tinyurl.com/y7zbwhgq", "time": 1503746286.0, "sentiment": ""}, {"id": 93197169, "text": "$TSLA Tim &quot; Opps Wrong Turn!&quot; $AAPL may find its way sometime soon !! Driverless car was a dead end ! sorry \ud83d\ude10 \n\nhttp://amp.slate.com/articles/technology/technology/2017/08/apple_s_future_isn_t_a_self_driving_car_it_s_siri.html", "time": 1503745293.0, "sentiment": "Bullish"}, {"id": 93196132, "text": "$SPY $AAPL is far beyond RIM and no has been company.  You can think really deep and build the future with their clout.", "time": 1503742575.0, "sentiment": "Bullish"}, {"id": 93195925, "text": "$SPY all that doesn&#39;t slow $AAPL   sales or people buying $SBUX ... in the big picture.", "time": 1503741988.0, "sentiment": ""}, {"id": 93195818, "text": "$AAPL analysts on Estimize are expecting 13.48% YoY EPS growth for Q4, down from 17.61% in Q3 [Reporting 10/24 AMC]\nhttp://www.estimize.com/intro/aapl?utm_content=AAPL&amp;amp;utm_medium=eps_update&amp;amp;utm_source=stocktwits#chart=historical", "time": 1503741684.0, "sentiment": ""}, {"id": 93195815, "text": "$AAPL keeping my eye on $160 PUTS for next week", "time": 1503741672.0, "sentiment": "Bearish"}, {"id": 93194866, "text": "$AMD $FB $AAPL $TWTR $SNAP $BTC.X some of you need 2 travel abroad more or take a history lesson! War doesn&#39;t mean the world stops turning.", "time": 1503739637.0, "sentiment": "Bullish"}, {"id": 93194847, "text": "$AAPL Fuck Casper Gomez fuck the Diaz brothers and fuck the bears!", "time": 1503739594.0, "sentiment": "Bullish"}, {"id": 93194814, "text": "VIDEO: $XLK $AAPL $FB Technical Analysis Chart 08/25/2017 http://www.chartguys.com/tickers/aapl/ #Markets #NASDAQ #NYSE #Technicalanalysis #Daytrader", "time": 1503739529.0, "sentiment": ""}, {"id": 93194629, "text": "@itcantgoanylower At the time Buffett said that $AAPL was at $500 SA. He waited until $700 to buy split adjusted. Thanks Warren.", "time": 1503739156.0, "sentiment": "Bullish"}, {"id": 93194593, "text": "@itcantgoanylower Funny thing about Buffett when asked about $AAPL on CNBC he said if I could buy $100 bills 4 $70 I&#39;d buy them all day long", "time": 1503739063.0, "sentiment": "Bullish"}, {"id": 93194436, "text": "Big Put Buying  $ADMS $UPS $HCLP $ADBE $SNAP $JPM $SEAS $CAR $WLL $WFT $ACAD $ULTA $BHGE $FANH $CVX $DVN $AAPL $MDLZ $CSCO $GOOG GDX $GDXJ", "time": 1503738749.0, "sentiment": ""}, {"id": 93194139, "text": "$SPY it was so classified no one knew the companies name only rumored possible $AAPL.\nHiding big time tech to come for sure", "time": 1503738166.0, "sentiment": "Bullish"}, {"id": 93194107, "text": "Just interesting info, not junk and no desire to pump $AAPL,  it was the suspected company but unknown it was so classified", "time": 1503738091.0, "sentiment": ""}, {"id": 93194003, "text": "$SPY so advanced it would cause economic social rift.  It would upend entire industries \nFascinating info but rumored $AAPL", "time": 1503737901.0, "sentiment": "Bullish"}, {"id": 93193943, "text": "$SPY learned about it from a guy who worked on robots so advanced the media does not know.\n$AAPL.  Not rumor, and no specifics", "time": 1503737755.0, "sentiment": "Bullish"}, {"id": 93193913, "text": "$SPY $AAPL top secret &quot;skiff&quot; facilities in Austin \nusing South Korean engineers \ntechnology far beyond what can be assimilated into society", "time": 1503737682.0, "sentiment": "Bullish"}, {"id": 93193446, "text": "$AAPL the next iPhone cycle should see an18% uptrend plus an increase in sales over in china. But the healthcare market is a big win 4 AAPL", "time": 1503736642.0, "sentiment": "Bullish"}, {"id": 93193184, "text": "$AAPL new!", "time": 1503736149.0, "sentiment": "Bullish"}, {"id": 93192336, "text": "$AAPL $QQQ sorry but this looks like a buy at 155 next week (traders only) long term investors you&#39;re fine", "time": 1503734652.0, "sentiment": "Bearish"}, {"id": 93191509, "text": "$AAPL gas", "time": 1503733161.0, "sentiment": ""}, {"id": 93190911, "text": "$WATT oh we going with the $AAPL leak story again hmmmm", "time": 1503732146.0, "sentiment": ""}, {"id": 93190711, "text": "$STUDY $AMD $FB $AAPL $AMZN $NFLX $GOOGL $TSLA $GM $GPRO $TWTR $SNAP $JD $BIDU $BZUN $BABA $MELI $BTC.X $ETH.X $LTC.X $XRP.X", "time": 1503731821.0, "sentiment": "Bullish"}, {"id": 93190580, "text": "$AAPL Forecast review vs Today Actual. Stats on site. 100% fees to charity. The rare Inside Day, chop", "time": 1503731645.0, "sentiment": ""}, {"id": 93190296, "text": "$AAPL wahoo wireless charging.. nice kite flying without string.  Haha hint hint", "time": 1503731236.0, "sentiment": "Bullish"}, {"id": 93190131, "text": "$AAPL $TSLA  $NVDA $BABA North Korea Fires Several Short-Range Projectiles", "time": 1503731006.0, "sentiment": ""}, {"id": 93189769, "text": "$AAPL Steve, wanted to thx u 4 your guidance.  Doubled funds in 3 wks after depositing 5 figure funds into acct.  Your plays are 4 real", "time": 1503730502.0, "sentiment": ""}, {"id": 93189711, "text": "$AAPL $GOOG $GOOGL $AMD $IBM  hey any advice on $INFY", "time": 1503730428.0, "sentiment": ""}, {"id": 93189639, "text": "$AAPL 2017 revenue is ~ $225B. Wall St. 2018 Projection is ~ $260B. My projection is ~ 270B. Q1 (dec qtr) iPhone sales likely to be 100mil+", "time": 1503730313.0, "sentiment": "Bullish"}, {"id": 93189444, "text": "$AAPL atlas he didn&#39;t fire on a Sunday time to recover", "time": 1503730028.0, "sentiment": ""}, {"id": 93189405, "text": "$AAPL 2017 EPS is ~ $9. 2018 wall st. projection is ~ $10.6. My 2018 projection is $11.3. Easily $200+ by EoJan &#39;18. After that is a ?", "time": 1503729951.0, "sentiment": ""}, {"id": 93189121, "text": "$AAPL  I explain some new key important detailed facts in this special update       https://youtu.be/8d6qbgNWeCg", "time": 1503729549.0, "sentiment": ""}, {"id": 93189078, "text": "Stocks close mixed to end the week. $AAPL $TSLA $NVDA https://www.periscope.tv/NaviAvatar", "time": 1503729481.0, "sentiment": ""}, {"id": 93189040, "text": "$AAPL if you are using North Korea to justify your short position then you probably won&#39;t be trading for long. \ud83e\udd14\ud83d\ude02", "time": 1503729425.0, "sentiment": "Bullish"}, {"id": 93188910, "text": "$SPY $TVIX $AAPL $COMPQ Lets not forget: Gartman &quot;I doubt Harvey gets much past a Category 1 hurricane&quot;", "time": 1503729267.0, "sentiment": ""}]