[{"id": 94570928, "text": "$AAPL they couldve presented the iphone 7 today and people would still buy it. wake up bears", "time": 1505268816.0, "sentiment": "Bullish"}, {"id": 94570925, "text": "@mTOR I botched that one, was referring to $AAPL disappointing. I&#39;m balls deep in $HIMX and extremely excited about the future.", "time": 1505268814.0, "sentiment": ""}, {"id": 94570923, "text": "$AAPL if Apple priced the phones lower they would destroy competitors cmon now", "time": 1505268813.0, "sentiment": ""}, {"id": 94570918, "text": "$AAPL dead dog bounce", "time": 1505268812.0, "sentiment": "Bearish"}, {"id": 94570904, "text": "$AAPL green EOD", "time": 1505268807.0, "sentiment": "Bullish"}, {"id": 94570882, "text": "$AAPL posting from Android and iPhone x will be my 1st iPhone.. Loved it.. never liked 6or 7 but this is huge improvement", "time": 1505268796.0, "sentiment": "Bullish"}, {"id": 94570881, "text": "$AAPL i feel as if the leaks ruined everything, could have exploded higher !", "time": 1505268796.0, "sentiment": "Bullish"}, {"id": 94570878, "text": "$AAPL they are obviously aiming towards teens with the front facing camera updates/ emojis and guess what every teen wants for Christmas.", "time": 1505268794.0, "sentiment": ""}, {"id": 94570876, "text": "$AAPL just like last year $SPY $QQQ #MuchMoreToCome", "time": 1505268792.0, "sentiment": "Bearish"}, {"id": 94570864, "text": "$AAPL they already have something that everyone already buys. you want them to completely change it?", "time": 1505268787.0, "sentiment": ""}, {"id": 94570821, "text": "$AAPL weak hands are leaving. this will be back to green by end of day. Mark it.", "time": 1505268777.0, "sentiment": ""}, {"id": 94570794, "text": "$AAPL Straight lookin-ass", "time": 1505268770.0, "sentiment": "Bullish"}, {"id": 94570772, "text": "$AAPL waiting on puts to come back to some normalcy here &amp; rinse/repeat for tomorrow!", "time": 1505268761.0, "sentiment": "Bearish"}, {"id": 94570768, "text": "Disney is lone holdout from Apple\u2019s plan to sell 4K movies for $20. (WSJ) $DIS $AAPL", "time": 1505268761.0, "sentiment": ""}, {"id": 94570748, "text": "$AAPL 160.25 SELL!!! Wave 2", "time": 1505268753.0, "sentiment": "Bearish"}, {"id": 94570717, "text": "$AAPL erm looks like Apple pooped the deck here - will have to refinance house to buy new iPhone", "time": 1505268744.0, "sentiment": "Bearish"}, {"id": 94570711, "text": "$AAPL buying the 8 not the x", "time": 1505268742.0, "sentiment": ""}, {"id": 94570705, "text": "@paheli04 I don&#39;t understand why people don&#39;t see that.  Made $$$$ on $aapl after every launch by being a bull and buying more.", "time": 1505268741.0, "sentiment": "Bullish"}, {"id": 94570698, "text": "$AAPL green eod! BTFD! :-))", "time": 1505268738.0, "sentiment": "Bullish"}, {"id": 94570674, "text": "$SPY $AAPL and selfie portrait mode! And Scenes! + 4k 60fps video! #bullish", "time": 1505268730.0, "sentiment": ""}, {"id": 94570672, "text": "$AAPL Speakers stuttered left and right..delivery weak. needs to hire public speaking coaches if you have that much money", "time": 1505268730.0, "sentiment": ""}, {"id": 94570657, "text": "$AAPL screaming buy on buyback, cash repat, divvy, and the watch alone. The iPhone is icing on the cake", "time": 1505268727.0, "sentiment": "Bullish"}, {"id": 94570641, "text": "$AAPL Guacamole Blocked.....:)", "time": 1505268722.0, "sentiment": ""}, {"id": 94570626, "text": "$AAPL I&#39;m looking at the comments, and a lot of them look like they&#39;re written by people who habitually lose money. Up 40% year 2 date.", "time": 1505268715.0, "sentiment": "Bullish"}, {"id": 94570621, "text": "$AAPL Negative Divergence?? Have No position", "time": 1505268714.0, "sentiment": ""}, {"id": 94570605, "text": "$AAPL Is Apple the new Radio Shack?", "time": 1505268708.0, "sentiment": ""}, {"id": 94570602, "text": "$SNAP and $AAPL collaboration is simply paid news. Who really thinks Apple needs help to make something.", "time": 1505268707.0, "sentiment": "Bearish"}, {"id": 94570586, "text": "$AAPL ohh common once they go to the store and hold an IPhone the first time they will be buying .", "time": 1505268700.0, "sentiment": "Bullish"}, {"id": 94570583, "text": "$AAPL doesn&#39;t cure cancer. that means dud since these event always bring price down", "time": 1505268699.0, "sentiment": ""}, {"id": 94570566, "text": "$AAPL Facial technology watch future film where each city will determine who can buy or sell in their town", "time": 1505268695.0, "sentiment": ""}, {"id": 94570561, "text": "$AAPL nobody is going to buy this crap", "time": 1505268694.0, "sentiment": "Bearish"}, {"id": 94570550, "text": "$AAPL why going low with the announcement of X?\nThoughts anyone.", "time": 1505268690.0, "sentiment": ""}, {"id": 94570544, "text": "$AAPL  I have iphone 7plus 128gb. The problem is battery !", "time": 1505268688.0, "sentiment": ""}, {"id": 94570523, "text": "$AAPL \ud83e\udd23\ud83e\udd23\ud83e\udd23\ud83e\udd23 \nLAME", "time": 1505268678.0, "sentiment": ""}, {"id": 94570520, "text": "$AAPL As happened in 2016, the stock is dipping after the announcement but like last year it will go up 2-4% by 9/22 once the dust settles", "time": 1505268677.0, "sentiment": "Bullish"}, {"id": 94570512, "text": "$AAPL WhatsApp $FB made iMessage essentially obsolete, then apple longs use iMessage to justify their mythical and irreplaceable ecosystem.", "time": 1505268676.0, "sentiment": ""}, {"id": 94570503, "text": "At a 10% discount to its current price $AAPL is probably still waaay overvalued. Priced for growth, slowing like behemoths tend to do.", "time": 1505268673.0, "sentiment": "Bearish"}, {"id": 94570493, "text": "$AAPL &quot;Easy money&quot; if there is such a thing", "time": 1505268671.0, "sentiment": ""}, {"id": 94570477, "text": "$AAPL #iphonex\n$1K and only 64gb?\nNext price point jumps to 256gb?\nI think I can wait AAPL out, don&#39;t think they can command these prices.", "time": 1505268662.0, "sentiment": ""}, {"id": 94570468, "text": "$aapl 161.5 line i drew now is lower\n160.5 could give it breathing room", "time": 1505268659.0, "sentiment": ""}, {"id": 94570466, "text": "$AAPL this is a solid company. Got back in at 159.50", "time": 1505268657.0, "sentiment": "Bullish"}, {"id": 94570458, "text": "$AAPL is new world order status symbol. they dont have to be the most cutting edge", "time": 1505268656.0, "sentiment": "Bullish"}, {"id": 94570435, "text": "Why is $AAPL iPhones always playing catch up.  Samsung 8 has iris recognition iPhone 8 just facial and so on", "time": 1505268649.0, "sentiment": "Bearish"}, {"id": 94570424, "text": "$AAPL this is better than the iphone x", "time": 1505268646.0, "sentiment": ""}, {"id": 94570417, "text": "$AAPL  Nasdaq gapping up in the Power Hour (3-4 PM)", "time": 1505268644.0, "sentiment": ""}, {"id": 94570414, "text": "$AAPL hold it up only 50 minutes left!!", "time": 1505268642.0, "sentiment": ""}, {"id": 94570411, "text": "$AAPL did they say how much the 256gb version (not 64gb) of iPhone X will cost?", "time": 1505268641.0, "sentiment": ""}, {"id": 94570410, "text": "$AAPL Does this mean i&#39;ll get to buy at 155?", "time": 1505268641.0, "sentiment": ""}, {"id": 94570400, "text": "$AAPL GET READY...", "time": 1505268636.0, "sentiment": "Bearish"}, {"id": 94570386, "text": "$AAPL do you guys think Wall Street lets you have easy money  they know the iPhone it&#39;s impressive but they areplayingthat manipulation game", "time": 1505268633.0, "sentiment": "Bullish"}, {"id": 94570385, "text": "$AAPL  150", "time": 1505268632.0, "sentiment": "Bearish"}, {"id": 94570377, "text": "$AAPL everyone saying, &quot;too expensive, people won&#39;t buy,&quot; has not been watching this stock very long.", "time": 1505268629.0, "sentiment": "Bullish"}, {"id": 94570353, "text": "I must admit, $AAPL new iPhone is gorgeous. But $SNAP is dying anyway. :)", "time": 1505268618.0, "sentiment": "Bearish"}, {"id": 94570339, "text": "$AAPL You&#39;re a fraud and you know it\nBut it&#39;s too good to throw it all away\nAnyone would do the same $GOTYE", "time": 1505268613.0, "sentiment": ""}, {"id": 94570338, "text": "$AAPL Now I think they should have saved the money on the new HQ.", "time": 1505268612.0, "sentiment": ""}, {"id": 94570337, "text": "$AAPL IPhone X will record new record sale\ud83e\udd37\u200d\u2640\ufe0f", "time": 1505268612.0, "sentiment": "Bullish"}, {"id": 94570331, "text": "$AAPL tell me what you think the low will be", "time": 1505268610.0, "sentiment": ""}, {"id": 94570324, "text": "$AAPL $163.96 Target \ud83c\udfaf \n\nPerfect hit today!\n\nEnjoying shrimp cocktail now", "time": 1505268607.0, "sentiment": ""}, {"id": 94570322, "text": "$AAPL garbage.. Taking the whole sector down with em. Sad", "time": 1505268607.0, "sentiment": "Bearish"}, {"id": 94570313, "text": "$AAPL closing green?", "time": 1505268604.0, "sentiment": "Bullish"}, {"id": 94570305, "text": "$AAPL Okay, I get it. But this is alitle much, don&#39;tchya think? Will catch the bounce!", "time": 1505268602.0, "sentiment": ""}, {"id": 94570289, "text": "$AAPL SELL Wave 2 coming at 160.25", "time": 1505268598.0, "sentiment": "Bearish"}, {"id": 94570265, "text": "$AAPL lol is QI charging innovation? What is this Airpower though? Distance?", "time": 1505268586.0, "sentiment": ""}, {"id": 94570231, "text": "$AAPL $SPY lol", "time": 1505268575.0, "sentiment": ""}, {"id": 94570224, "text": "$AAPL overpriced", "time": 1505268573.0, "sentiment": "Bearish"}, {"id": 94570222, "text": "You&#39;d think w 250B cash, $AAPL could make an edge-to-edge smartphone or make world&#39;s best battery...but instead u get talking animoji turds", "time": 1505268572.0, "sentiment": "Bearish"}, {"id": 94570167, "text": "$AAPL They just put Apple logo on them. Thats it.  No more innovations frol them. \nJust a good marketing company, not product compnay anymor", "time": 1505268555.0, "sentiment": "Bearish"}, {"id": 94570165, "text": "$WEED.CA $AAPL Grass is greener on the other side of the fence...", "time": 1505268555.0, "sentiment": "Bullish"}, {"id": 94570161, "text": "$AAPL Sell of isn&#39;t going to come when you have all these people waiting for it to happen to buy", "time": 1505268554.0, "sentiment": "Bullish"}, {"id": 94570137, "text": "$AAPL thought I could sit out for the rest of the day but it&#39;s impossible with an edge sharper than a machete\ud83d\udd2a", "time": 1505268547.0, "sentiment": "Bearish"}, {"id": 94570116, "text": "$AAPL at least preorders start before Holidays.", "time": 1505268541.0, "sentiment": ""}, {"id": 94570093, "text": "$AAPL  Another overpriced garbage.", "time": 1505268535.0, "sentiment": ""}, {"id": 94570042, "text": "$AAPL last time it panic sold like this it bounced back nicely.", "time": 1505268518.0, "sentiment": ""}, {"id": 94570019, "text": "$AAPL This is good stock!! People  will buy the dip!!", "time": 1505268510.0, "sentiment": ""}, {"id": 94570014, "text": "$AAPL Some days the pos that is capital one lets me day trade. other times no. I want to join in with the puts", "time": 1505268509.0, "sentiment": ""}, {"id": 94569988, "text": "Have a great day all. Some good trading today. I&#39;m happy to put vacation behind l &amp; start a new business year./1 $AAPL $NVDA $GILD $RIG $KBR", "time": 1505268500.0, "sentiment": ""}, {"id": 94569986, "text": "$AAPL company has zombie following that buys anything so they don&#39;t need to innovate.", "time": 1505268499.0, "sentiment": ""}, {"id": 94569945, "text": "$AAPL will hit new ATH before the end of the week.", "time": 1505268486.0, "sentiment": ""}, {"id": 94569944, "text": "$AAPL Today was a good day took 70% profits since $95 dip a few months back on Apple and was still able to keep some skin in the game. Q1$$$", "time": 1505268486.0, "sentiment": "Bullish"}, {"id": 94569936, "text": "$AAPL lol", "time": 1505268483.0, "sentiment": ""}, {"id": 94569935, "text": "$AMZN Godamn you $AAPL. Why does everything need to constantly attach themselves to Amazons stock price? BS smh...", "time": 1505268482.0, "sentiment": ""}, {"id": 94569904, "text": "$AAPL any chance it&#39;s going to go back up? have 160 call for Sept 15.", "time": 1505268472.0, "sentiment": "Bullish"}, {"id": 94569897, "text": "$AAPL this time around, there won&#39;t be any lines in front of the stores until november. This is not so good. But they will still sell a lot.", "time": 1505268468.0, "sentiment": ""}, {"id": 94569883, "text": "$CLVS  H&amp;H . Yday was a hammer , now higher high . bottom is in .  $AAPL red so money moving back to bio .. bio on diaps &amp; CHEAP $IBB $XBI", "time": 1505268462.0, "sentiment": ""}, {"id": 94569871, "text": "$AAPL Lets milk this clown stock!!!!", "time": 1505268460.0, "sentiment": ""}, {"id": 94569866, "text": "$AAPL can someone pls explain why did TimCook say IPhone X as the future of smartphone?", "time": 1505268458.0, "sentiment": ""}, {"id": 94569863, "text": "$AAPL heehaw", "time": 1505268457.0, "sentiment": "Bearish"}, {"id": 94569857, "text": "$BBRY $AAPL Apple copying BlackBerry 10 swipe gestures ..Chen have a talk with Google they need a real time Os.", "time": 1505268454.0, "sentiment": "Bullish"}, {"id": 94569833, "text": "$AAPL about to start block, nothing intelligent you will be block", "time": 1505268449.0, "sentiment": ""}, {"id": 94569832, "text": "$AAPL", "time": 1505268449.0, "sentiment": ""}, {"id": 94569831, "text": "$AAPL time to switch over to Samsung. That phone looks  aren&#39;t appealing anymore.", "time": 1505268448.0, "sentiment": ""}, {"id": 94569765, "text": "$AAPL $1000 phone. EPIC FAIL", "time": 1505268426.0, "sentiment": "Bearish"}, {"id": 94569764, "text": "$AAPL  Forget the noise . Anyone who trades $AAPL knows it sells the news. Look beyond the trees.", "time": 1505268426.0, "sentiment": "Bullish"}, {"id": 94569747, "text": "$AAPL gap down tomorrow morning to add .", "time": 1505268419.0, "sentiment": "Bullish"}, {"id": 94569731, "text": "$AAPL iPhone X comes with bigger Apple sticker", "time": 1505268416.0, "sentiment": "Bullish"}, {"id": 94569728, "text": "$AAPL screwed this week&#39;s bull.. going into reverse.", "time": 1505268415.0, "sentiment": ""}, {"id": 94569716, "text": "$AAPL Don&#39;t buy the iphone if you can&#39;t afford it but millions will. Long since iphone 4s \u263a\ufe0f", "time": 1505268410.0, "sentiment": "Bullish"}, {"id": 94569712, "text": "$AAPL that&#39;s some weak sell-off on the news", "time": 1505268409.0, "sentiment": ""}, {"id": 94569708, "text": "$AAPL ANDROID already has all this and more", "time": 1505268407.0, "sentiment": "Bearish"}, {"id": 94569694, "text": "$AAPL was great when the phone didn&#39;t unlock \ud83d\ude2d\ud83d\ude2d\ud83d\ude2d", "time": 1505268402.0, "sentiment": ""}, {"id": 94569692, "text": "$AAPL Bought 160 puts but wish I had when it was $163. Hopefully this will drop more tomorrow", "time": 1505268401.0, "sentiment": ""}, {"id": 94569691, "text": "$QQQ @GoodNewsBull we know how WS does it. This is going green, to new highs. It&#39;s the reason why we&#39;re pulled back. $AAPL $AMZN $FB $NVDA", "time": 1505268401.0, "sentiment": "Bullish"}, {"id": 94569673, "text": "$AAPL you have been visited by the Walrus of good fortune! 1 Like = 1 functional facial recognition !", "time": 1505268397.0, "sentiment": ""}, {"id": 94569664, "text": "No alert was sent for this $AAPL short - exclusive only to our trading room and of course our ST followers :)", "time": 1505268395.0, "sentiment": "Bearish"}, {"id": 94569621, "text": "$SPY PREPARE FOR A V RALLY THE LIKES OF WHICH THE WORLD HAS NEVER SEEN $AAPL ($VXX ANNHILATION IS CONFIRMATION)", "time": 1505268383.0, "sentiment": ""}, {"id": 94569618, "text": "$AAPL jesus.. they aren&#39;t even good at playing catch up with Samsung", "time": 1505268381.0, "sentiment": "Bearish"}, {"id": 94569602, "text": "$AAPL $FB $SPY  needs to go down for a little don&#39;t worry 5-10 percent it will be back to new highs but for now I wouldn&#39;t  buy", "time": 1505268375.0, "sentiment": "Bearish"}, {"id": 94569567, "text": "$AAPL unimpressed and overpriced", "time": 1505268362.0, "sentiment": "Bearish"}, {"id": 94569529, "text": "$AAPL boo", "time": 1505268350.0, "sentiment": ""}, {"id": 94569523, "text": "$AAPL One of the worst unveiling ever IMO there was huge expectations but they couldn&#39;t deliver.", "time": 1505268348.0, "sentiment": "Bearish"}, {"id": 94569518, "text": "$AAPL emotionally driven people will never do well in the market \n\n$1 down and you panic the stock is up 40 percent ytd \n\nGive me break \ud83d\ude0e", "time": 1505268346.0, "sentiment": "Bullish"}, {"id": 94569502, "text": "$AAPL Another ridiculous announcement by aapl about the watch.I guess they don&#39;t call Tim Big Ben for nothing", "time": 1505268342.0, "sentiment": "Bearish"}, {"id": 94569500, "text": "$MVIS I sold all of this yesterday so I&#39;m hoping for a drop. Won&#39;t lie. Thought it might have been pumped leading up to $aapl announcement.", "time": 1505268341.0, "sentiment": ""}, {"id": 94569488, "text": "$AAPL people crack me up. Acting like Apple is king to fall off a major cliff now. This company is an absolute cash printing press. Buy dips", "time": 1505268336.0, "sentiment": "Bullish"}, {"id": 94569480, "text": "$AAPL They traded in hype for secrecy which is responsible for this dip. They shouldn&#39;t have leaked!", "time": 1505268334.0, "sentiment": "Bearish"}, {"id": 94569478, "text": "$AAPL wow this is ugly \nSomeone feeling the pain", "time": 1505268332.0, "sentiment": ""}, {"id": 94569476, "text": "$AAPL weak", "time": 1505268331.0, "sentiment": "Bearish"}, {"id": 94569474, "text": "$AAPL SELL THE NEWS!!!", "time": 1505268330.0, "sentiment": "Bearish"}, {"id": 94569473, "text": "$AAPL Regusesless of what any Bear on here says - the world is gonna buy these up like hot cakes #guaranteed", "time": 1505268330.0, "sentiment": "Bullish"}, {"id": 94569457, "text": "$OPGN is running \ud83d\udcc8\ud83d\ude80 $BABA $NETE $AAPL $NFLX on the watch", "time": 1505268322.0, "sentiment": "Bullish"}, {"id": 94569442, "text": "$AAOI The only good news today, is that we aren&#39;t $AAPL.", "time": 1505268316.0, "sentiment": "Bullish"}, {"id": 94569419, "text": "$AAPL sell the news, puts is running fast.", "time": 1505268310.0, "sentiment": ""}, {"id": 94569417, "text": "$AAPL The Watch was the best part. The emoji crap was the worse. Could you ever see Steve jobs approving a 10 min presentation on emoji?", "time": 1505268310.0, "sentiment": "Bearish"}, {"id": 94569416, "text": "$AAPL hahaha every year after the announcement, stock drops.  For some reason, every year stock continues to rise to give awesome returns...", "time": 1505268310.0, "sentiment": "Bullish"}, {"id": 94569399, "text": "$AAPL Go buy Samjunk then bro", "time": 1505268302.0, "sentiment": ""}, {"id": 94569398, "text": "$AAPL Long 159.30. Phone is boring but people will buy it anyway.", "time": 1505268301.0, "sentiment": ""}, {"id": 94569390, "text": "$AAPL What I hate about Apple is they lie in these events about &quot;first ever&quot; or &quot;we innovated&quot; features used by companies well before them.", "time": 1505268298.0, "sentiment": ""}, {"id": 94569387, "text": "$WATT $AAPL  Apple&#39;s &#39;innovation&#39; really needs to kick it up a notch though. The X was not enough to live up to the hype, or price.", "time": 1505268296.0, "sentiment": ""}, {"id": 94569386, "text": "$AAPL https://cdn.vox-cdn.com/thumbor/2q97YCXcLOlkoR2jKKEMQ-wkG9k=/0x0:900x500/1200x800/filters:focal(378x178:522x322)/cdn.vox-cdn.com/uploads/chorus_image/image/49493993/this-is-fine.0.jpg", "time": 1505268296.0, "sentiment": ""}, {"id": 94569383, "text": "$AAPL the chart was clear. Wasn&#39;t it? 156-157 is support", "time": 1505268296.0, "sentiment": ""}, {"id": 94569369, "text": "$AAPL apple gonna tank the market", "time": 1505268292.0, "sentiment": ""}, {"id": 94569366, "text": "$AAPL every product launch this happens..every year fresh newbs buy the selloff...", "time": 1505268289.0, "sentiment": ""}, {"id": 94569338, "text": "$SNAP \n$AAPL Because Apple&#39;s version of filters are terrible. Why do you think they used Snap on stage? That fox-face was horrific", "time": 1505268280.0, "sentiment": ""}, {"id": 94569335, "text": "$AAPL so freaken glad I didn&#39;t get greedy on long scalp otherwise I&#39;d be down yuge.  Actually profited a little jumping out at $163.375", "time": 1505268280.0, "sentiment": ""}, {"id": 94569323, "text": "$AAPL couldn&#39;t help but laugh. They introduce wireless charging which androids had in 2014 as as breakthrough. Same with OLED.. 7 years late", "time": 1505268277.0, "sentiment": "Bearish"}, {"id": 94569292, "text": "$AAPL super fans are probably like its only 999 not 1000", "time": 1505268268.0, "sentiment": ""}, {"id": 94569287, "text": "$AAPL Anddddddd they will sell more iPhones between now and Dec 31 then they have ever before!!", "time": 1505268265.0, "sentiment": "Bullish"}, {"id": 94569283, "text": "$AAPL BULL MARKET PEAK IS HERE.....WE JUST WITNESSED PEAK APPLE TODAY.", "time": 1505268264.0, "sentiment": ""}, {"id": 94569276, "text": "$AAPL IPhone SE model for X is Iphone SeX? just asking", "time": 1505268262.0, "sentiment": ""}, {"id": 94569274, "text": "$AAPL Iphone X = FAIL", "time": 1505268261.0, "sentiment": "Bearish"}, {"id": 94569269, "text": "$AAPL Innovative or not, iPhone X at $999 will still sell out immediately and cause long delivery times.", "time": 1505268259.0, "sentiment": ""}, {"id": 94569268, "text": "$AAPL Jobs has to be rolling over in his grave... he tried to open the iPX up with the facial recognition feature and it didn&#39;t work!!!", "time": 1505268259.0, "sentiment": ""}, {"id": 94569264, "text": "$AAPL Someone has to tell Tim Cook not to wear mom-jeans.", "time": 1505268258.0, "sentiment": ""}, {"id": 94569244, "text": "$AAPL Still looking for this to go green. Some were going to Sell regardless but the even was great for WS. It really was", "time": 1505268250.0, "sentiment": "Bullish"}, {"id": 94569237, "text": "$AAPL research suggests face scanning causes face cancer. Also known as butter face!", "time": 1505268248.0, "sentiment": ""}, {"id": 94569222, "text": "$AAPL Smart phone industry needs a phone that can pump gas, vacuum the floor, wash dishes, write based on thoughts to say innovation lol", "time": 1505268242.0, "sentiment": ""}, {"id": 94569215, "text": "$AAPL I will sit comfortable on the 10/6 $165 calls. I think this selloff is extreme overreaction and apple will bounce n next few days.", "time": 1505268237.0, "sentiment": "Bullish"}, {"id": 94569214, "text": "$AAPL both 165 and 170 weeks calls expiring worthless this Friday.", "time": 1505268237.0, "sentiment": "Bearish"}, {"id": 94569210, "text": "$AAPL This is what happens when these tech companies determine a large part of an ETF $SPY $AMZN $GOOGL $FB $MSFT", "time": 1505268236.0, "sentiment": ""}, {"id": 94569203, "text": "$AAPL we will close green", "time": 1505268235.0, "sentiment": "Bullish"}]