[{"id": 95761142, "text": "$AAPL This has an RSI that has fallen from 67 on 9/1 to 33.5 on 9/22. Unless Apple is going broke, I think this is a buy. Thoughts?", "time": 1506321685.0, "sentiment": ""}, {"id": 95761100, "text": "$AAPL They are in a sweet spot shipping phones....1-3 business days is the prime area.....if demand was low it would say &quot;In stock&quot;", "time": 1506321587.0, "sentiment": "Bullish"}, {"id": 95760905, "text": "$AAPL Siri on my MacBook Pro, Apple TV and iPhone is freakin awesome.", "time": 1506321058.0, "sentiment": ""}, {"id": 95760880, "text": "$AAPL agreed. I came from the 7 and got the 8 plus. Faster, better camera, iOS 11 is nice, and phone has a more premium feel", "time": 1506320991.0, "sentiment": ""}, {"id": 95760864, "text": "$GOOG $AAPL $AMZN $C $BABA $HD day drinking in south beach thru out Sunday night yield money Monday&#39;s...sacrifices I do for all and market", "time": 1506320977.0, "sentiment": ""}, {"id": 95760841, "text": "$AAPL oversold - in weekly calls", "time": 1506320936.0, "sentiment": "Bullish"}, {"id": 95760709, "text": "$AAPL LOL 6-7 series \u201clook\u201d nothing like previous, not even to a blind person", "time": 1506320622.0, "sentiment": ""}, {"id": 95760702, "text": "$AAPL I&#39;m perfectly happy with the iPhone 8 I bought \u2014 there&#39;s no need to wait for the X https://www.cnbc.com/2017/09/22/iphone-8-and-iphone-8-plus-review.html", "time": 1506320606.0, "sentiment": "Bullish"}, {"id": 95760599, "text": "$AAPL will drop to $142, get ready for the loss of innocence. I am", "time": 1506320373.0, "sentiment": "Bearish"}, {"id": 95760499, "text": "$AAPL its so sweet and ripe. Good thing i bought some \ud83c\udf4f. $beat \ud83d\ude06 $tdoc \ud83d\ude09 $ual $\ud83d\ude0d and $momo \ud83d\ude1a  $amd \ud83d\ude10 $nvda \ud83d\ude11 $mu \ud83d\ude36 $amat \ud83d\ude44", "time": 1506320106.0, "sentiment": "Bullish"}, {"id": 95760146, "text": "$AAPL The new Apple Watch finally freed me from my phone https://www.cnbc.com/2017/09/24/apple-watch-series-3-review.html", "time": 1506319154.0, "sentiment": ""}, {"id": 95759946, "text": "$AAPL wrong! They are not filled 97% of the time", "time": 1506318643.0, "sentiment": ""}, {"id": 95759670, "text": "$AAPL just saw Aapl maps van roaming south of NJ,are they trying to take over google maps?", "time": 1506318010.0, "sentiment": ""}, {"id": 95759613, "text": "$AAPL slow sell on iPhone 8 will impact stock&#39;s price. Probably see 140 in a week or 2.", "time": 1506317892.0, "sentiment": "Bearish"}, {"id": 95759591, "text": "Bounce likely into next week, but this is a short the rallies stock. (Below KUMO.) $AAPL", "time": 1506317846.0, "sentiment": ""}, {"id": 95759395, "text": "$AAPL Went long friday morning for this weeks short squeeze to 160.", "time": 1506317464.0, "sentiment": ""}, {"id": 95759341, "text": "Support level is 143.38 $QQQ Can $AAPL get it&#39;s act together?", "time": 1506317322.0, "sentiment": ""}, {"id": 95759278, "text": "$RUT $IWM $NDXY $AAPL $SI_F $GC_F $DX $ES_F $SPY Get the all charts for this week FREE.", "time": 1506317148.0, "sentiment": ""}, {"id": 95759116, "text": "$AAPL be careful bears this will bounce too $250", "time": 1506316743.0, "sentiment": "Bullish"}, {"id": 95759043, "text": "$AAPL people need to realize the display innovation/challenges before worrying about strategy. https://www.youtube.com/watch?v=hOs8a_FCBws", "time": 1506316588.0, "sentiment": "Bullish"}, {"id": 95759036, "text": "$AAPL Bears,.....sorry about tomorrow. As long as you&#39;re not short or have Puts you&#39;re good. But WS is buying &amp; upgrades are coming", "time": 1506316566.0, "sentiment": "Bullish"}, {"id": 95758836, "text": "Under Pressure $AVGO $AAPL $AMZN $AMGN &amp; $NVDA $FB Keep close eye on these", "time": 1506316110.0, "sentiment": "Bullish"}, {"id": 95758823, "text": "$AAPL A 10% dip.  Who cares.  Is there any doubt AAPL will be pushing $200 in the next 12 mos?     Rock solid play for me.  NEXT", "time": 1506316072.0, "sentiment": ""}, {"id": 95758759, "text": "@stckpkr7000 Looks like a better chance of trumpet being boycotted lol $TVIX SPY $DIA $QQQ $AAPL $BAC", "time": 1506315935.0, "sentiment": ""}, {"id": 95758734, "text": "@DigBaddee \nMeanwhile $AAPL is steadily slipping into 130-land... and I&#39;ve got $30K locked up that I could be spending on 100 ETH smh", "time": 1506315877.0, "sentiment": ""}, {"id": 95758674, "text": "@DigBaddee yup I hear ya. I have to break the WS mindset.  Even over there, I just blew a load on $AAPL at $164 &amp; sitting on the shitter now", "time": 1506315747.0, "sentiment": ""}, {"id": 95758490, "text": "$AAPL $CLX $KMI $PEG $DPS $UNG $DRRX", "time": 1506315341.0, "sentiment": ""}, {"id": 95758457, "text": "$AAPL as this ticks back up Melissa Lee will be inconsolable and her tears will destroy her caked on makeup!", "time": 1506315271.0, "sentiment": ""}, {"id": 95758342, "text": "$AAPL those late put buyers be like...when \ud83c\udf4f rips back up \ud83d\ude02\ud83d\ude02\ud83d\ude02\ud83c\udf4f\ud83c\udf4f\ud83c\udf4f", "time": 1506314944.0, "sentiment": "Bullish"}, {"id": 95758307, "text": "$AAPL Sammy&#39;s volume was 20 shares traded on Friday an it was up 10%. The S8 is rocking the market. Earth shattering sales Worldwide. GL!", "time": 1506314826.0, "sentiment": ""}, {"id": 95758291, "text": "$AAPL millennials are going to he insanely jealous of the pictures the 8+ takes. expect good sales", "time": 1506314764.0, "sentiment": ""}, {"id": 95758258, "text": "$AAPL $FB $NFLX $TSLA Who remembers this in September last year, right after The IPhone 7 when out for sale.", "time": 1506314693.0, "sentiment": ""}, {"id": 95758240, "text": "Got 300k extra to liquidate this week $AAPL $AMD $MU $NVDA $BABA $WB", "time": 1506314643.0, "sentiment": "Bullish"}, {"id": 95758218, "text": "$AAPL please post supporting evidence", "time": 1506314589.0, "sentiment": ""}, {"id": 95758199, "text": "$AAPL BlackBerry, Windows Phone and Apple. May you rest in peace. Did you really think a smart watch was going to save you?", "time": 1506314553.0, "sentiment": ""}, {"id": 95758062, "text": "$AAPL only 2 phones sold in China?? WTF!!! My calls are doomed.", "time": 1506314138.0, "sentiment": ""}, {"id": 95757935, "text": "$AAPL shorting this stock is like driving drunk hoping not to get caught dead serious.", "time": 1506313862.0, "sentiment": ""}, {"id": 95757892, "text": "$AAPL Here&#39;s how we see the major channel supports and resistances. Click for a zoomed out view.", "time": 1506313730.0, "sentiment": ""}, {"id": 95757869, "text": "$spy $spx $ndx $qqq $soxl Top Rollover led by $aapl\n(Chart: Jack Damn)", "time": 1506313643.0, "sentiment": ""}, {"id": 95757868, "text": "$SPY $TVIX $AAPL $BAC A shame", "time": 1506313643.0, "sentiment": ""}, {"id": 95757821, "text": "$AAPL This year we have Rocket Man to deal with and ANYTHING can happen so stay nimble", "time": 1506313537.0, "sentiment": "Bullish"}, {"id": 95757806, "text": "$AAPL Historically it reverses big time after 10/13. Nothing is certain but it is something to keep in mind", "time": 1506313487.0, "sentiment": "Bullish"}, {"id": 95757789, "text": "$AAPL Warren Buffett Only Owns Two Tech Stocks -- Can You Guess Which Ones?\nAnd only one of them is from the FANG group. Hint:AA..", "time": 1506313440.0, "sentiment": "Bullish"}, {"id": 95757779, "text": "$AAPL Food for thought. Financhill.com has this at a 58% possible historical low around 145.48 on 10/13 before it reverses Bigly.", "time": 1506313415.0, "sentiment": "Bullish"}, {"id": 95757776, "text": "$AAPL analysts on Estimize are expecting 9.45% YoY revenue growth for Q4, up from 7.20% in Q3 [Reporting 10/24 AMC]\nhttp://www.estimize.com/intro/aapl?utm_content=AAPL&amp;amp;utm_medium=eps_update&amp;amp;utm_source=stocktwits#chart=historical", "time": 1506313402.0, "sentiment": ""}, {"id": 95757745, "text": "$AAPL Bears love Apples. They eat them out of the garbage but it gives them horrible gas. It&#39;s  why they get so angry. $155 coming", "time": 1506313331.0, "sentiment": "Bullish"}, {"id": 95757734, "text": "Top And Bottom Performing Stocks For Week #39 http://evilspeculator.com/top-and-bottom-performing-stocks-for-week-39/ $PAYX $WEC $AMD $AAPL $INTC $CSCO $ARNC $JPM", "time": 1506313306.0, "sentiment": ""}, {"id": 95757671, "text": "$SPY, $QQQ, $DIA, $IWM, $VIIX, $UVXY, $AAPL, $UNH, $ICPT, $TSLA, $JNUG, $NVDA, $RCL...Shorts licking their chops!", "time": 1506313200.0, "sentiment": ""}, {"id": 95757496, "text": "$AAPL support at 140, unfilled gap at 125. Unfilled gaps get filled 97% of the time (when is another story).", "time": 1506312805.0, "sentiment": ""}, {"id": 95757395, "text": "Boeing Widens Lead as DJIA\u2019s Top Performer $DJIA $BA $V $CAT $AAPL $MCD http://bit.ly/2fkSsGm http://bit.ly/AAPL912", "time": 1506312568.0, "sentiment": ""}, {"id": 95757339, "text": "$AAPL AAPL strategy so well thought out. Media doesn\u2019t understand. All of this is planned by marketing &amp; sales. Think they did not c this\u2019s", "time": 1506312458.0, "sentiment": ""}, {"id": 95757308, "text": "@nacoleon people said the same thing when the iPhone 6 &amp; 7 came out $AAPL", "time": 1506312409.0, "sentiment": ""}, {"id": 95757299, "text": "$AAPL should bring back Woz back if not this company will die a slow death", "time": 1506312392.0, "sentiment": "Bearish"}, {"id": 95757243, "text": "$AAPL Honestly, who is excited about the new iPhone 8?? Keep in mind that the phone looks just like the iPhone 6 and 7.", "time": 1506312291.0, "sentiment": ""}, {"id": 95757213, "text": "Weekly Wrap: $AAPL Leads Market Top http://stockcharts.com/articles/decisionpoint/2017/09/dp-weekly-wrap-possible-top.html Charts &amp; analysis by Carl Swenlin. $SPY $USO $GLD etc.", "time": 1506312236.0, "sentiment": ""}, {"id": 95757186, "text": "$AAPL low 145 high 152", "time": 1506312186.0, "sentiment": ""}, {"id": 95757162, "text": "$AAPL 3 of those in front are employees the others are just trolling", "time": 1506312140.0, "sentiment": ""}, {"id": 95757157, "text": "$AAPL ok. iPhone 8 Plus camera is insane. A studio light &amp; backdrop in your pocket.", "time": 1506312136.0, "sentiment": "Bullish"}, {"id": 95757119, "text": "$AAPL greedy engineers that think they are the best should be ashamed of themselves for delivering poor products &amp; earning more than Steve W", "time": 1506312060.0, "sentiment": "Bearish"}, {"id": 95756982, "text": "$AAPL @jlightweis \n\nOnly Sprint sell the iPhone? \n\n\ud83d\ude00", "time": 1506311766.0, "sentiment": ""}, {"id": 95756855, "text": "$AAPL may bounce, but more pain to come imo...", "time": 1506311528.0, "sentiment": ""}, {"id": 95756655, "text": "@JNUGIsASteamyDump $TVIX $SPY $AAPL $BAC Excellent imagery my man and spot on !!!", "time": 1506311066.0, "sentiment": "Bullish"}, {"id": 95756590, "text": "$AAPL seems pretty packed to me with a line outside the store as well. Only store in mall with traffic like that.", "time": 1506310891.0, "sentiment": ""}, {"id": 95756478, "text": "@ruffryders Cook to announce over the weekend watch sales....(First time he has done this ever) $AAPL", "time": 1506310732.0, "sentiment": "Bullish"}, {"id": 95756252, "text": "$AAPL bearish short-term (1-2 weeks) until I see this bottom out near 150, will review later.", "time": 1506310276.0, "sentiment": "Bearish"}, {"id": 95756235, "text": "$AAPL early next week likely a fake pump for 155 to lure more suckers in, later on 149.50-150.00 print coming no doubt about that.", "time": 1506310230.0, "sentiment": "Bearish"}, {"id": 95756214, "text": "$AAPL any predictions for this week\u2019s high and low?", "time": 1506310189.0, "sentiment": ""}, {"id": 95756207, "text": "$AAPL Shorting $AAPL or &quot;AAPL&quot; Carefully. Here is what we are seeing that the underline has already had 3 Thrusts Down", "time": 1506310174.0, "sentiment": "Bearish"}, {"id": 95756173, "text": "$AAPL Spoke with my local sprint store manager. Only 7 customers ordered iPhone 8. Short to 141", "time": 1506310106.0, "sentiment": "Bearish"}, {"id": 95756097, "text": "$AAPL agreed", "time": 1506309952.0, "sentiment": ""}, {"id": 95756078, "text": "$AAPL see how major media sources keep pumping this shit, it will rebound", "time": 1506309905.0, "sentiment": "Bullish"}, {"id": 95755638, "text": "Apple is the worst performing Tech stock within the entire S&amp;P Info Technology index for the mth of September (69 members), -7.38% $AAPL", "time": 1506308722.0, "sentiment": "Bearish"}, {"id": 95755612, "text": "$AAPL should Apple head lower at cash open may dip to 150 gap or prior s/r 148 then bounce", "time": 1506308638.0, "sentiment": ""}, {"id": 95755333, "text": "A few stocks removed from the weekly ACJ watchlist: $PAYC $MKSI $BA $AAPL $SWKS and one stock added: $WB", "time": 1506307896.0, "sentiment": ""}, {"id": 95755000, "text": "$AXON $ORCL $NVDA $SPY $QQQ $AAPL $MU @BlakeH", "time": 1506307060.0, "sentiment": ""}, {"id": 95754831, "text": "$AAPL should \ud83c\udf4e bounce on the oversold condition would consider calls for intraday upside", "time": 1506306607.0, "sentiment": ""}, {"id": 95754803, "text": "$AAPL", "time": 1506306531.0, "sentiment": ""}, {"id": 95754756, "text": "$AAPL HERE IT IS FOLKS!! iPhone X - better preorder NOW!", "time": 1506306425.0, "sentiment": ""}, {"id": 95754684, "text": "$AAPL", "time": 1506306208.0, "sentiment": ""}, {"id": 95754592, "text": "$AAPL ceo not some shorts trying to force stock down", "time": 1506305917.0, "sentiment": ""}, {"id": 95754569, "text": "$AAPL fake news drives apple stock down wish apple comes in monday and buys back a billion shares lol all bs", "time": 1506305846.0, "sentiment": ""}, {"id": 95754469, "text": "@runxtc $aapl  so ppl sold aapl stock based on whose facts that 8 and 8+ weren&#39;t selling yet ceo cook says watch and 8 and 8+ sold out !", "time": 1506305628.0, "sentiment": ""}, {"id": 95754384, "text": "VIDEO: $XLK $AAPL $FB Technical Analysis 9/22/2017 https://chartguys.com/tickers/aapl #Market #Markets #Stock #Stocks #Daytrade #Invest #Daytrading", "time": 1506305453.0, "sentiment": ""}, {"id": 95754198, "text": "Let&#39;s Get Ready For the Week Ahead 9/25 to 9/28 $AAPL $IBB $QQQ $GLD $CAT $IWM $IYT and more https://www.youtube.com/watch?v=j6GrUGszOtY&amp;t=54s", "time": 1506304988.0, "sentiment": ""}, {"id": 95754174, "text": "$AAPL https://www.fool.com/investing/2017/09/22/will-apple-inc-hit-its-guidance-after-all.aspx", "time": 1506304941.0, "sentiment": ""}, {"id": 95754033, "text": "My new DayTrading Setup is looking pretty good... $AAPL $NVDA $LPL http://www.youtube.com/watch?v=KHX-x2Z2JxE", "time": 1506304655.0, "sentiment": "Bullish"}, {"id": 95754024, "text": "Bought $AAPL sep29 150 calls @ 2.45", "time": 1506304641.0, "sentiment": ""}, {"id": 95753840, "text": "$AAPL It&#39;s ALL about marketing!\n\nHire crowds of people! \n\nHow clever our society has become \n\nBear \ud83d\udc3b Hug", "time": 1506304312.0, "sentiment": ""}, {"id": 95753774, "text": "$AAPL Crowds on Demand \n\nApple \ud83c\udf4e store long lines!", "time": 1506304167.0, "sentiment": ""}, {"id": 95753311, "text": "$AAPL Buy the fear \ud83e\udd18", "time": 1506303049.0, "sentiment": "Bullish"}, {"id": 95753262, "text": "$AXON $ORCL $NVDA $SPY $QQQ $AAPL $MU Very nice insight from a Trading Partner of mine @iownwallstreet @BlackBox2  https://www.docdroid.net/W6IgEDX/newsletter.pdf", "time": 1506302892.0, "sentiment": "Bullish"}, {"id": 95753060, "text": "$AAPL managed to hold its 20 week.... barely. On watch this week. Gl everyone", "time": 1506302400.0, "sentiment": ""}, {"id": 95752946, "text": "$AAPL high probability to fill the gap next week", "time": 1506302179.0, "sentiment": ""}, {"id": 95752705, "text": "$AAPL SwingTraderAmos  wants to see RSI in the 10&#39;s........yea.....right...", "time": 1506301614.0, "sentiment": ""}, {"id": 95752529, "text": "$AAPL Bulls come get some more pain Monday", "time": 1506301211.0, "sentiment": ""}, {"id": 95752459, "text": "Weekend Edition is here! https://youtu.be/GyGwwhnCv90\n\n$SPY $QQQ $IWM $FAZ $GLD $USO $UNG $GBTC $FB $AMZN $NFLX $GOOG $AAPL $TSLA $GS $JPM $BAC", "time": 1506301068.0, "sentiment": ""}, {"id": 95752383, "text": "This week&#39;s winners and losers - part 2 $BWLD $ IGT $KMX $FINL $AAPL $SIG $MU $AZO $SCS", "time": 1506300895.0, "sentiment": ""}, {"id": 95752375, "text": "$AAPL Bears are so f-ed tomorrow. This board so so bearish it&#39;s actually a buy signal.", "time": 1506300872.0, "sentiment": "Bullish"}, {"id": 95752374, "text": "$GOOG $AAPL $AMZN $C $BABA $HD are gonna keep my nipples hard all week...got that going for me; which is nice", "time": 1506300872.0, "sentiment": "Bullish"}, {"id": 95752167, "text": "$AAPL Nice \ud83d\udc3b Hug! Monday 4 all of bulls then bear \ud83d\udc3b slam !\n\nBulls bring plenty of \ud83d\udcb0 \ud83d\udcb0 \ud83d\udcb0", "time": 1506300369.0, "sentiment": ""}, {"id": 95752110, "text": "$AAPL nice tail on the daily still think the gap needs to be filled. Market trade imo", "time": 1506300224.0, "sentiment": ""}, {"id": 95752109, "text": "$AAPL Shorts, you all know Monday is going to be Bullish right?", "time": 1506300223.0, "sentiment": "Bullish"}, {"id": 95751994, "text": "$AAPL", "time": 1506299918.0, "sentiment": ""}, {"id": 95751990, "text": "I found this interesting ... $BABA vs $AAPL https://bartscharts.com/2017/09/24/i-found-this-interesting-baba-vs-amzn/", "time": 1506299909.0, "sentiment": ""}, {"id": 95751949, "text": "$AAPL when will investors learn the SP of a company has nothing to do with financial health. It&#39;s about future growth. So sad. Many are lost", "time": 1506299796.0, "sentiment": "Bearish"}, {"id": 95751929, "text": "$AAPL Steve may have been a picky asshole but he was right about most of it. SE, 6S, 7, 8, X? What...? That&#39;s just one of many issues here.", "time": 1506299725.0, "sentiment": ""}, {"id": 95751842, "text": "$AAPL Well we&#39;ve head mixed sentiment regarding the new iPhone 8 launch but unfortunately the stock was pricing i\u2026 https://stocknews.com/news/aapl-well-weve-head-mixed-sentiment-regarding-the-new-iphone-8/", "time": 1506299550.0, "sentiment": ""}, {"id": 95751820, "text": "$AAPL &quot;sometimes a forkup is just a forkup and a bug is just a bug, not the proof for your searing indictment of a company you don\u2019t like&quot;", "time": 1506299499.0, "sentiment": "Bullish"}, {"id": 95751700, "text": "Trends in Investing - $MSFT, $NVDA, $AMZN, $AAPL  http://crweworld.com/article/news-provided-by-accesswire/143650/reda-bedjaoui-explains-2017-trends-in-investing", "time": 1506299233.0, "sentiment": ""}, {"id": 95751698, "text": "$AAPL Example of what this guy posted on Friday...I don&#39;t think he knows where he is at...I&#39;m sure he wants attention", "time": 1506299231.0, "sentiment": ""}, {"id": 95751613, "text": "$AAPL is the only Fang stock that will go up to 1 trillion market cap.", "time": 1506299006.0, "sentiment": ""}, {"id": 95751200, "text": "$AAPL A bunch of people wanted in when It was ATH, now it&#39;s on discount and people are too scared. BTFD", "time": 1506298018.0, "sentiment": "Bullish"}, {"id": 95750765, "text": "$AAPL Bulls just don&#39;t be late on Monday or us bears \ud83d\udc3b will beat u down even further.\n\n$150 coming !", "time": 1506297067.0, "sentiment": "Bearish"}, {"id": 95750713, "text": "$AAPL Say what you want but the Bottom Line: iPhone are consistently worth more than android. BOOYAH!", "time": 1506296959.0, "sentiment": ""}, {"id": 95750698, "text": "@CWORKM6600 $AAPL How To Trade a Doji Candlestick Pattern http://www.swing-trade-stocks.com/doji-candlestick-pattern.html", "time": 1506296931.0, "sentiment": ""}, {"id": 95750697, "text": "$AAPL cautious outlook in here going forward, but bulls still can get a new push if we bottom out near 150 next few weeks. ER pump likely.", "time": 1506296930.0, "sentiment": ""}, {"id": 95750615, "text": "@CWORKM6600 $AAPL Friday&#39;s Bullish Doji Candle suggests Bottom may have been found S 150.15; neds to confirm Monday", "time": 1506296748.0, "sentiment": ""}, {"id": 95750422, "text": "$AAPL 13 EMA &lt; 34 EMA Daily going to teach you Bulls huge lesson \n\nIt&#39;s not WHAT U buy that&#39;s more important than WHEN u buy \n\nDelays", "time": 1506296358.0, "sentiment": ""}, {"id": 95750354, "text": "$AAPL More reports pushing back delays", "time": 1506296234.0, "sentiment": ""}, {"id": 95750320, "text": "$AAPL held gap support at 150 once can it continue", "time": 1506296160.0, "sentiment": ""}, {"id": 95750304, "text": "$AAPL analysts on Estimize are expecting 13.38% YoY EPS growth for Q4, down from 17.61% in Q3 [Reporting 10/24 AMC]\nhttp://www.estimize.com/intro/aapl?utm_content=AAPL&amp;amp;utm_medium=eps_update&amp;amp;utm_source=stocktwits#chart=historical", "time": 1506296119.0, "sentiment": ""}, {"id": 95750290, "text": "$AAPL Sept 24 Delays", "time": 1506296090.0, "sentiment": ""}, {"id": 95750263, "text": "$AAPL delays coming for iPhone X", "time": 1506296030.0, "sentiment": ""}, {"id": 95750087, "text": "$AAPL wifi issue is a software fix.", "time": 1506295662.0, "sentiment": ""}, {"id": 95750057, "text": "$AAPL with the embarrassment of release of iphone 8, expect they cut the price of this junk phone to drive sales up , stock will rebound", "time": 1506295601.0, "sentiment": "Bullish"}, {"id": 95749942, "text": "$AAPL https://www.theguardian.com/commentisfree/2017/sep/23/what-no-queues-has-apple-lost-its-core-supporters", "time": 1506295307.0, "sentiment": "Bearish"}, {"id": 95749862, "text": "$AAPL  ignore the FANG at your own risk. FANG is the ATM of America. Where else are you gonna go?", "time": 1506295097.0, "sentiment": "Bullish"}, {"id": 95749781, "text": "The best weekly newsletter out there for you from @suriNotes is at http://www.surinotes.com/CPAT/CPAT2.pdf many stocks covered $SPY $AMZN $AAPL $TSLA $CELG", "time": 1506294905.0, "sentiment": ""}, {"id": 95749500, "text": "Big Call Buyers $HD $AAPL $TSLA $FMI $BWP $WETF $CYH $ORCL $GE $WMT $MDR $AMZN $ESPR $SPWR $GPC $NXST $JKS $LB $GM $APC $NTAP $OLN   $SPLK", "time": 1506294222.0, "sentiment": ""}, {"id": 95749470, "text": "$AAPL  Bulls don&#39;t panic...170 will come shortly..", "time": 1506294140.0, "sentiment": "Bullish"}, {"id": 95749447, "text": "$AAPL Ever notice that majority of iPhone users can care less about android but it&#39;s rather majority of android users who always compare? \ud83e\udd14", "time": 1506294090.0, "sentiment": ""}, {"id": 95749129, "text": "$AAPL price targets EOW? I say 155-157.5", "time": 1506293192.0, "sentiment": "Bullish"}, {"id": 95749002, "text": "The new Apple Watch finally freed me from my phone $AAPL @apple #applewatch http://cnb.cx/2ymfNie http://bit.ly/AAPL912", "time": 1506292861.0, "sentiment": ""}, {"id": 95748997, "text": "$AAPL Everyone wants cheap shares. If the buying pressure cranks up, I suspect it would have the same snowball effect as a short squeeze.", "time": 1506292849.0, "sentiment": "Bullish"}, {"id": 95748772, "text": "$STUDY $BIOA $CTRV $AAPL if Anyone wants to sign up for Robinhood we both get a free stock if you use this link! \nhttp://share.robinhood.com/marcusm7", "time": 1506292289.0, "sentiment": ""}, {"id": 95748757, "text": "$AAPL  $170 soon next $180 is coming", "time": 1506292259.0, "sentiment": "Bullish"}, {"id": 95748419, "text": "Sunday links: diverting legal weed, not having to drive to work and Peak Apple. https://abnormalreturns.com/2017/09/24/sunday-links-putting-skills-to-use/ $AMJ $AMLP $AAPL $PYPL $FB $AMZN", "time": 1506291555.0, "sentiment": ""}, {"id": 95748228, "text": "$AAPL 13 EMA crosses 34 EMA ( 5 times in past ) odds favor lower prices Coming than $150.50 \n\niPhone X delayed Nov 3 ?\n\nGeo politely risk", "time": 1506291174.0, "sentiment": ""}, {"id": 95748028, "text": "$AAPL My ex wife&#39;s parents had ton of \ud83d\udcb0 father lived in double wide and mom lived triple wide trailer, swear so wide she rented two spaces", "time": 1506290639.0, "sentiment": ""}, {"id": 95747792, "text": "$AAPL I bought into appl because its has mountains of cash...its hard to go wrong with that much cash. Plus Apple is a cult.", "time": 1506290005.0, "sentiment": "Bullish"}, {"id": 95747787, "text": "$AAPL help! $QCOM is spanking us!!! Oh yes, we have to use QCOM, because there is nothing better on market at any price!", "time": 1506289989.0, "sentiment": "Bullish"}, {"id": 95747760, "text": "$QCOM it is like $AAPL had any other choice than to use QCOM parts in new iphones?", "time": 1506289912.0, "sentiment": ""}, {"id": 95747725, "text": "$AAPL This is (probably) how low #Apple\u2019s stock will go in current slide http://www.marketwatch.com/story/this-is-probably-how-low-apples-stock-will-go-2017-09-22", "time": 1506289817.0, "sentiment": ""}, {"id": 95747468, "text": "$AAPL $FDX $NFLX  I explain options plans for all these stocks inside this video", "time": 1506289106.0, "sentiment": ""}, {"id": 95747214, "text": "NASDAQ JUMP IN SHORTS: $INTC $CMCSA $MSFT $AAPL $ENDP $CSCO $BZUN $MAT $MOMO $URBN $BUFF $PETS $CZR $ARRY $SBUX $COST $SFM $AAOI $FAST $QCOM", "time": 1506288408.0, "sentiment": ""}, {"id": 95747156, "text": "$AAPL can", "time": 1506288227.0, "sentiment": ""}, {"id": 95746931, "text": "$AAPL below 147$ and $AMZN below 940$, everything will crash - 9th June FANG crash is still here and levels are next again", "time": 1506287536.0, "sentiment": "Bearish"}, {"id": 95746895, "text": "@Stocktwits $AAPL below 147$ and $AMZN below 940$, everything will crash - 9th June FANG crash is still here and levels are next again", "time": 1506287404.0, "sentiment": "Bearish"}, {"id": 95746629, "text": "$AAPL Apple Dividend Stock Analysis: http://dividendvaluebuilder.com/apple-aapl-stock-analysis/ #dividend #growth #technology #dividends #DVB", "time": 1506286524.0, "sentiment": ""}, {"id": 95746576, "text": "$AAPL Real people using the Apple Watch in real life situation. Not the biased bear drama troll click bait reviews.", "time": 1506286327.0, "sentiment": ""}]