[{"id": 95801496, "text": "$AAPL No reason to own here until TC gives guidance for next quarter. Safer to Buy at ATH than here. Weakness in SPY will cause further fall", "time": 1506376357.0, "sentiment": ""}, {"id": 95801399, "text": "$SPY $QQQ $AAPL $AMZN $FB $GOOGL$NVDA  NAZCRACK!", "time": 1506376327.0, "sentiment": ""}, {"id": 95801352, "text": "$261,000,000,000 Ms. Moneybags aka $AAPL is buying back furiously at these prices. Total share count reduction over 20% to date.", "time": 1506376312.0, "sentiment": "Bullish"}, {"id": 95801329, "text": "$AAPl see ya", "time": 1506376301.0, "sentiment": ""}, {"id": 95801156, "text": "$FB Currently reached short term extreme area 165.26 - 163.20 where 3 waves bounce can be seen before lower again #Elliottwave $AAPL", "time": 1506376245.0, "sentiment": ""}, {"id": 95801092, "text": "@calvingrinder OH give the $AAPL  #iWatch3 LTE/wifi issue a rest already. has ONLY been 15% of ppl and will be fixed with update.", "time": 1506376227.0, "sentiment": ""}, {"id": 95801008, "text": "$BBRY just to be funny,  but did Bezos really name his grocery chain &quot;Waterloo? hint hint   $AMZN + $BBRY = $AAPL revenge  Winter is coming", "time": 1506376196.0, "sentiment": "Bullish"}, {"id": 95800992, "text": "$FB any predictions on when the markets finally go back to the normal green after all that rate hike talk????!!!?? $BABA $AAPL $TSLA $AMGN", "time": 1506376189.0, "sentiment": ""}, {"id": 95800869, "text": "$AAPL theres that volume confirming a level of importance. Patiently waiting for price action confirmation", "time": 1506376149.0, "sentiment": ""}, {"id": 95800863, "text": "Volatile Swings for Apple Lead Tech Stocks on a Wild Ride $AAPL http://dlvr.it/PqLH7f", "time": 1506376147.0, "sentiment": ""}, {"id": 95800833, "text": "$AAPL https://techpinions.com/apple-watch-series-3-a-personal-experience/51143", "time": 1506376139.0, "sentiment": "Bullish"}, {"id": 95800812, "text": "$BABA $FB $AMZN $AAPL Sill no real Buy Programs yet. We&#39;ll know when they come in", "time": 1506376137.0, "sentiment": "Bullish"}, {"id": 95800728, "text": "$AAPL my god, a review recommendation done right. Not &quot;I don\u2019t like it so it sucks, so don\u2019t buy it. Fail.&quot; opinion", "time": 1506376112.0, "sentiment": "Bullish"}, {"id": 95800689, "text": "NEW POST: Fashion Always Comes Back Around https://marketchess.com/2017/09/25/fashion-always-comes-back-around $AAPL $FB $IWM $RL $XRT", "time": 1506376096.0, "sentiment": ""}, {"id": 95800576, "text": "$AAPL looking good for a2nd trade above 150.50 vs sl just below 150. #planningpays https://youtu.be/7EadRiisPE8", "time": 1506376062.0, "sentiment": "Bullish"}, {"id": 95800523, "text": "$AAPL target $125", "time": 1506376043.0, "sentiment": ""}, {"id": 95800451, "text": "PROFITunity Grid Update:\n$NQ_F $YM_F $GC_F $SPY $AAPL all hit tgts.\nShort $TF_F ($RTY_F) &amp; $CL_F .\nFlat $ES_F \n$SPX", "time": 1506376017.0, "sentiment": ""}, {"id": 95800406, "text": "$AAPL when Cramer &amp; CNBC go a pumpin, get ready to receive some humpin", "time": 1506376004.0, "sentiment": ""}, {"id": 95800393, "text": "$AAPL $145 weekly puts at .23", "time": 1506375998.0, "sentiment": ""}, {"id": 95800386, "text": "$AAPL triest to stabilize at 150 gap level.\nWe&#39;ll see if it holds.  $QQQ Hoping it does. $SPY $SWKS", "time": 1506375995.0, "sentiment": ""}, {"id": 95800361, "text": "$AAPL two point bounce was sweet. Trailing stop out did well. Now I am just sidelined.", "time": 1506375985.0, "sentiment": ""}, {"id": 95800286, "text": "$AAPL", "time": 1506375959.0, "sentiment": "Bearish"}, {"id": 95800268, "text": "$AAPL i iwsh appl stay some more time on $149&#39;s so ill take exit from other stock n move it to \ud83c\udf4e! \ud83d\ude42", "time": 1506375953.0, "sentiment": ""}, {"id": 95800260, "text": "$AAPL  target 140", "time": 1506375949.0, "sentiment": "Bearish"}, {"id": 95800158, "text": "$AAPL once crapple drops below $150 today it is straight to $145", "time": 1506375917.0, "sentiment": ""}, {"id": 95800139, "text": "$AAPL And to think this was almost green", "time": 1506375912.0, "sentiment": ""}, {"id": 95800132, "text": "$AAPL amazing a stock this big and so widely owned can move this much", "time": 1506375910.0, "sentiment": ""}, {"id": 95800129, "text": "$AAPL $GS $SPY RECESSION may be here or may have never left due to Obamacare taxes, premiums and deductibles. It&#39;s killing us. Thanks Senate", "time": 1506375909.0, "sentiment": "Bearish"}, {"id": 95800072, "text": "$SPY bears CONTINUE to sit on in cash, not realizing there&#39;s a rolling correction in many stocks for months now $AAPL $GOOGL", "time": 1506375890.0, "sentiment": "Bullish"}, {"id": 95800031, "text": "$AAPL $NVDA $NFLX $FB $MU I&#39;m overwhelmed.....everything is on sale!", "time": 1506375878.0, "sentiment": ""}, {"id": 95800009, "text": "$AAPL prop to drop??", "time": 1506375873.0, "sentiment": ""}, {"id": 95799991, "text": "Apple&#39;s 4-day stock tumble has been biggest drag on Dow industrials\nhttp://feeds.marketwatch.com/~r/marketwatch/marketpulse/~3/deO4ctBZwkc/story.aspx\n$COMPQ $SPX $AAPL", "time": 1506375867.0, "sentiment": ""}, {"id": 95799962, "text": "oh well.. $aapl i might as well take the loss and be done with it. sticking to $NFLX long with lod stop", "time": 1506375857.0, "sentiment": ""}, {"id": 95799931, "text": "$AAPL real life S3 Cellular battery experience. For most will be fine. WiFi issue is software bug, fixed soon.", "time": 1506375852.0, "sentiment": "Bullish"}, {"id": 95799896, "text": "#Facebook $FB Showing a bearish sequence from July peak &amp; can extend lower toward 159.8 - 156.5 #Elliottwave $AAPL $XLK $AMZN $NDX", "time": 1506375841.0, "sentiment": ""}, {"id": 95799860, "text": "$AAPL keep shorting Doug \ud83d\udc4c", "time": 1506375831.0, "sentiment": "Bullish"}, {"id": 95799853, "text": "$AAPL Still gonna send it!!!!", "time": 1506375830.0, "sentiment": ""}, {"id": 95799848, "text": "$AAPL NO Apple supplier would EVER dare say anything like this, so we are dealing with ANOTHER #FakeNews story.", "time": 1506375827.0, "sentiment": ""}, {"id": 95799834, "text": "$AAPL Good price to get in..", "time": 1506375823.0, "sentiment": "Bullish"}, {"id": 95799664, "text": "This is perhaps the BIGGEST buying opportunity of the year for the FANG gang. $aapl $amzn $nflx $googl $fb", "time": 1506375775.0, "sentiment": ""}, {"id": 95799654, "text": "$AAPL", "time": 1506375773.0, "sentiment": ""}, {"id": 95799605, "text": "$AMZN $AAPL  many people I know lost 90% of their worth during the past 2 crashes. A fool and his money....", "time": 1506375756.0, "sentiment": "Bearish"}, {"id": 95799539, "text": "iPhone X preorders could top 50 million, but TrueDepth camera is bottleneck for Apple\nhttps://goo.gl/6ejXd4 $AAPL  https://goo.gl/6ejXd4", "time": 1506375737.0, "sentiment": ""}, {"id": 95799526, "text": "$AAPL  aapl is a mirror to reflect how much wall street is greedy and short sighted", "time": 1506375733.0, "sentiment": ""}, {"id": 95799508, "text": "$AAPL Do we *really* think Apple has lost its popularity? Think about it, people are just waiting for the iPhone X.", "time": 1506375728.0, "sentiment": ""}, {"id": 95799444, "text": "$AAPL $FB $NVDA $SHOP  Can we go back to the ATH now, and I promise to sell this time... THANKS", "time": 1506375713.0, "sentiment": "Bullish"}, {"id": 95799375, "text": "$AAPL Entire tech sector getting smacked today by algo&#39;s. stupid just stupid.  $FB $BABA $AMZN $NFLX $AABA $TWLO $QQQ", "time": 1506375695.0, "sentiment": ""}, {"id": 95799362, "text": "$AAPL CNBC scared Mom &amp; Pop out of some ETF&#39;s. This isn&#39;t bad today. WS def pushing Shorts for the day but Bulls still here", "time": 1506375692.0, "sentiment": "Bullish"}, {"id": 95799342, "text": "minute-by-minute VWAP results for $AAPL stock https://marketchameleon.com/Overview/AAPL/VwapTable/TradingHours", "time": 1506375687.0, "sentiment": ""}, {"id": 95799320, "text": "$AAPL", "time": 1506375678.0, "sentiment": ""}, {"id": 95799302, "text": "$AAPL -bears raiding the tree.  Nice buying dips.", "time": 1506375671.0, "sentiment": "Bullish"}, {"id": 95799263, "text": "$AAPL Could this be the real truth behind the rumored parts trimming by Apple and not having to do with iPX orders?", "time": 1506375660.0, "sentiment": ""}, {"id": 95799199, "text": "$AAPL this weak, 150 tommod", "time": 1506375638.0, "sentiment": ""}, {"id": 95799001, "text": "$SPY $AAPL Doug Kass shorting. Going green today.", "time": 1506375576.0, "sentiment": "Bullish"}, {"id": 95798983, "text": "$AAPL FLASH CRASH !!!", "time": 1506375569.0, "sentiment": "Bearish"}, {"id": 95798952, "text": "$AAPL U.K. resident experiences a &quot;hot mess&quot; activating Series 3 Cellular. Entirely U.S. carriers fault.", "time": 1506375555.0, "sentiment": "Bullish"}, {"id": 95798949, "text": "$AAPL filled the gap from Aug 1st, way oversold. not finding bottom still. wtf", "time": 1506375555.0, "sentiment": ""}, {"id": 95798940, "text": "@Macdad 3 of top 10 apps on $AAPL app store is owned by $FB.  Real data", "time": 1506375552.0, "sentiment": ""}, {"id": 95798932, "text": "$AAPL damn, down a $1.5 in 20 mins.", "time": 1506375550.0, "sentiment": ""}, {"id": 95798867, "text": "$AAPL  fading...", "time": 1506375525.0, "sentiment": ""}, {"id": 95798785, "text": "$AAPL Correction not over. Just watching &amp; waiting for Panic selling. May get to the low 140&#39;s. GLTA", "time": 1506375501.0, "sentiment": ""}, {"id": 95798727, "text": "Apple cuts back on orders, Semi&#39;s struggle, Social Media also.... Mkt Update at 10:30 am:  https://www.top3sectorportfolio.com/  $SPY $AAPL", "time": 1506375482.0, "sentiment": ""}, {"id": 95798556, "text": "$AAPL uh oh", "time": 1506375424.0, "sentiment": "Bearish"}, {"id": 95798447, "text": "$AAPL avg&#39;d down to $1.02, sold at $1.40", "time": 1506375388.0, "sentiment": ""}, {"id": 95798310, "text": "$QQQ $SPY $NFLX $FB $AAPL $EVERYTHING puts on the open across the board way out of the money bags on bags on bags of loot....!!!", "time": 1506375347.0, "sentiment": ""}, {"id": 95798272, "text": "$AAPL Im gona sell my calls while they are still up. apple in September is a piece of garbage", "time": 1506375337.0, "sentiment": ""}, {"id": 95798236, "text": "don&#39;t forget $AAPL below 147$ and $AMZN below 940$, everything will crash - 9th June FANG crash is still here and levels are next again", "time": 1506375322.0, "sentiment": "Bearish"}, {"id": 95798178, "text": "$AAPL $FB $AMZN $MSFT $BABA $NVDA $TSLA *****NOT YET*** I&#39;m the biggest bull and will add to long term positions, but they are not ready\ud83c\udf2a\ud83c\udf2a", "time": 1506375303.0, "sentiment": "Bearish"}, {"id": 95797969, "text": "$AAPL Of 6 stores GE monitor, 6 sold out of Watch 3 lte ver, 6 sold out of TV 4K, and a \u201csteady flow\u201d of iPhone 8 purchases at all 6 stores.", "time": 1506375231.0, "sentiment": ""}, {"id": 95797938, "text": "$AAPL 147.50 floor incoming. likely will provide decent support.", "time": 1506375221.0, "sentiment": "Bearish"}, {"id": 95797748, "text": "$AAPL I really thought the iPhone 8 was gonna knock it out of the park. Messaging this from my iPhone 8 plus.", "time": 1506375158.0, "sentiment": ""}, {"id": 95797573, "text": "$AAPL MASSIVE BULL TRAP...WAIT FOR 145", "time": 1506375097.0, "sentiment": "Bearish"}, {"id": 95797467, "text": "Add to $AAPL oct 160 call at .77 (original fill 1.71). stop for full position lod", "time": 1506375062.0, "sentiment": ""}, {"id": 95797387, "text": "$AAPL Dont forget your stop-loss or trailing-stop folks! Be smart about it! The computer is faster than you!", "time": 1506375038.0, "sentiment": ""}, {"id": 95797353, "text": "$AAPL going up, all eyes on the price", "time": 1506375029.0, "sentiment": "Bullish"}, {"id": 95797347, "text": "$AAPL people are already calling stores trying to order iphone x. It will be huge. People are holding off on iphone 8", "time": 1506375026.0, "sentiment": "Bullish"}, {"id": 95797281, "text": "Will $AAPL stock continue to move lower? Or, is a bottom in sight for #Apple stock? https://amigobulls.com/articles/79128-has-apple-inc-aapl-stock-bottomed-out-for-now", "time": 1506375003.0, "sentiment": ""}, {"id": 95797270, "text": "$AAPL bought the watch it\u2019s a game changer with LTE", "time": 1506375000.0, "sentiment": "Bullish"}, {"id": 95797159, "text": "@ilostallmymoneyonfitbit why wont it?has various colored bands. I own many apple products, apple watch is one I will never own $AAPL $FIT", "time": 1506374957.0, "sentiment": ""}, {"id": 95797143, "text": "$AAPL Can we get a Green Day? &quot;Wake me up, when September ends&quot;", "time": 1506374951.0, "sentiment": ""}, {"id": 95797130, "text": "$AAPL This is how we saw it before the new iPhone release. 3 wave bounce then lower again #Elliottwave $XLK $FB", "time": 1506374947.0, "sentiment": ""}, {"id": 95797095, "text": "Analyst: iPhone 8 Demand Bounced Back On Day 2 https://benzinga.com/z/10095481 $AAPL", "time": 1506374938.0, "sentiment": ""}, {"id": 95797085, "text": "$AAPL trading at a discount price", "time": 1506374935.0, "sentiment": "Bullish"}, {"id": 95797012, "text": "$AAPL totally spitballing here but i think some $ will move out of $FB and into a slightly oversold Apple. People stick to what they know", "time": 1506374914.0, "sentiment": ""}, {"id": 95796964, "text": "With hits to leaders like $aapl and $fb it would be wise to get protection $VIX or puts", "time": 1506374900.0, "sentiment": ""}, {"id": 95796820, "text": "$AAPL typically they announce some weekend figures. Strange they haven&#39;t", "time": 1506374850.0, "sentiment": ""}, {"id": 95796804, "text": "@PentagonIntel $AAPL hope you didn&#39;t actually get out at the bottom \ud83d\ude28 don&#39;t trade before 10:30!!", "time": 1506374845.0, "sentiment": ""}, {"id": 95796756, "text": "$NVDA ER season is here soon. Should be interesting this month. $fb $amzn $nvda $bac $aapl", "time": 1506374826.0, "sentiment": ""}, {"id": 95796722, "text": "$AAPL We warned our member that July cycle was at extreme area &amp; expected a correction to take place #Elliottwave", "time": 1506374816.0, "sentiment": ""}, {"id": 95796468, "text": "Price Target Alert: Trading the Zacks price target change for APPLE $AAPL http://wp.me/p5bLGB-6iwN", "time": 1506374732.0, "sentiment": ""}, {"id": 95796413, "text": "$AAPL still under-pressure but already at short term extreme area from September peak so 3 waves bounce can be seen #Elliottwave", "time": 1506374716.0, "sentiment": ""}, {"id": 95796301, "text": "$AAPL closed its post-earnings gap up and bounced...so far. =gulp=", "time": 1506374678.0, "sentiment": "Bullish"}, {"id": 95796264, "text": "$AAPL Almost time", "time": 1506374667.0, "sentiment": "Bullish"}, {"id": 95796185, "text": "$AAPL Bing for Business may be great, but that name!", "time": 1506374642.0, "sentiment": "Bullish"}, {"id": 95796153, "text": "$AAPL will take down the QQQ with it this sucker", "time": 1506374633.0, "sentiment": ""}, {"id": 95795924, "text": "$AAPL  early round of short squeeze....fizzling out", "time": 1506374560.0, "sentiment": ""}, {"id": 95795843, "text": "$AAPL HERE COMES THE BIG DUMP", "time": 1506374530.0, "sentiment": "Bearish"}, {"id": 95795782, "text": "$AAPL Not this again.........c&#39;mon!!!", "time": 1506374511.0, "sentiment": ""}, {"id": 95795739, "text": "$AAPL http://www.stockconsultant.com/consultnow/basicplus.cgi?symbol=aapl", "time": 1506374500.0, "sentiment": "Bullish"}, {"id": 95795599, "text": "$AAPL Large April 2018 call buy; 400//$155//$9.80 ($392k)", "time": 1506374443.0, "sentiment": ""}, {"id": 95795472, "text": "$SPY $AAPL $FB Banks and tech dumping and spy is still getting propped?", "time": 1506374400.0, "sentiment": ""}, {"id": 95795425, "text": "$AAPL btfd", "time": 1506374382.0, "sentiment": "Bullish"}, {"id": 95795400, "text": "$AAPL You were almost green!!!!", "time": 1506374373.0, "sentiment": ""}, {"id": 95795298, "text": "$AAPL I&#39;m too spooked - I am expecting people will do a pre-lunch sell and a post lunch/mid-day/end-of-day buy for tomorrow. 50/50 market", "time": 1506374340.0, "sentiment": ""}, {"id": 95795258, "text": "$AAPL $FUT Fitbit bulls be looking like", "time": 1506374324.0, "sentiment": "Bullish"}, {"id": 95795174, "text": "$AAPL Apple sharpens decline http://www.economies.com/stocks/united-states-analysis/apple-sharpens-decline---analysis---25-09-2017-43182", "time": 1506374298.0, "sentiment": ""}, {"id": 95795089, "text": "$AAPL https://sixcolors.com/post/2017/09/arkit-goes-to-the-ballpark-with-mlb-at-bat/", "time": 1506374268.0, "sentiment": "Bullish"}, {"id": 95795085, "text": "$FIT This is goin 7.00!  Keep in mind market is red like all last week xD This wants to FLY! $AAPL", "time": 1506374266.0, "sentiment": "Bullish"}, {"id": 95795029, "text": "$AAPL This is an impressive move forward for sure. I&#39;m still gun shy here  at this level. $153+ &amp; I&#39;ll feel safer from hedge manipulation", "time": 1506374247.0, "sentiment": "Bullish"}, {"id": 95795013, "text": "$AAPL You see that?  That&#39;s bear tears flowing.", "time": 1506374242.0, "sentiment": "Bullish"}, {"id": 95794984, "text": "$AAPL how do we know this won&#39;t fill Jan gap 120-127? The reversal today?", "time": 1506374232.0, "sentiment": ""}, {"id": 95794983, "text": "$AAPL Bears Dazed and Confused", "time": 1506374232.0, "sentiment": ""}, {"id": 95794958, "text": "$IZEA IZEA, Inc (IZEA) Announces Release of CurationEngine https://www.streetinsider.com/Corporate+News/Izea+Inc.+Common+%28IZEA%29+Announces+Release+of+CurationEngine/13323806.html $AAPL $NVDA $GOOG $FB $TSLA", "time": 1506374224.0, "sentiment": ""}, {"id": 95794918, "text": "$AAPL Let&#39;s invest in this instead of FIT because its the exact same as every other release and phone (2y/o). Connectivity problems. Lolzzzz", "time": 1506374212.0, "sentiment": "Bearish"}, {"id": 95794906, "text": "$AAPL green by 10:30", "time": 1506374209.0, "sentiment": "Bullish"}, {"id": 95794903, "text": "$AAPL salty $FIT bulls keep trying get in here and bash.", "time": 1506374208.0, "sentiment": "Bullish"}, {"id": 95794884, "text": "$AAPL that is not the Flush..........", "time": 1506374201.0, "sentiment": ""}, {"id": 95794879, "text": "$AAPL \u2b06\ufe0f\u2b06\ufe0f\u2b06\ufe0f we go", "time": 1506374198.0, "sentiment": "Bullish"}, {"id": 95794870, "text": "$AAPL Nonsense.....just resting from the tremendous run up!!! Faked out them bears!!!", "time": 1506374196.0, "sentiment": "Bullish"}, {"id": 95794860, "text": "$SPY $AAPL iPhone X component suppliers told to slow down delivery, say sources http://www.digitimes.com/news/a20170925PD200.html", "time": 1506374194.0, "sentiment": "Bearish"}, {"id": 95794820, "text": "$AAPL Almost 14M Volume in first hour wow!", "time": 1506374180.0, "sentiment": "Bullish"}, {"id": 95794742, "text": "$FIT $aapl what?!", "time": 1506374157.0, "sentiment": ""}, {"id": 95794698, "text": "$AAPL i feel an early morning call burn. so reliable it&#39;s sad", "time": 1506374143.0, "sentiment": "Bearish"}, {"id": 95794689, "text": "$AAPL Why is anyone except the idiots at the SNB buying this with its cash cow in trouble?", "time": 1506374139.0, "sentiment": ""}, {"id": 95794679, "text": "$AAPL  NVAX on the move. Up nearly 10%  https://www.fool.com/investing/2017/09/23/why-novavax-inc-could-be-a-gold-mine-for-growth-in.aspx", "time": 1506374136.0, "sentiment": "Bullish"}, {"id": 95794666, "text": "$AAPL Those who bought puts should sell them now", "time": 1506374133.0, "sentiment": ""}, {"id": 95794573, "text": "$FIT the $aapl watch is so feminine and disgusting looking that no one wants it anymore. Ionic looks rugged", "time": 1506374101.0, "sentiment": ""}, {"id": 95794567, "text": "$AAPL hope yall bought at 150..160 EOW!", "time": 1506374099.0, "sentiment": "Bullish"}, {"id": 95794484, "text": "$AAPL was so many bears posting this morning, I mean it was relentless!!  They almost had me rattled!  Well Bears, 2 words: Go Long!", "time": 1506374075.0, "sentiment": ""}, {"id": 95794460, "text": "$AAPL missed the lows of the day. Added a bit more. If its red tomorrow I will add a bit more", "time": 1506374066.0, "sentiment": "Bullish"}, {"id": 95794446, "text": "$AAPL Warren should be on the phone talking to Tim.......get them buybacks to boost up the price!!!", "time": 1506374061.0, "sentiment": "Bullish"}, {"id": 95794441, "text": "$AAPL wake me up at 170 \ud83d\ude34", "time": 1506374059.0, "sentiment": ""}, {"id": 95794402, "text": "$AAPL Now keep in mind none of this is BuyBacks yet", "time": 1506374043.0, "sentiment": "Bullish"}, {"id": 95794375, "text": "$AAPL like I said last week 100EMA still in play 200 comes into play under 148", "time": 1506374036.0, "sentiment": ""}, {"id": 95794350, "text": "$AAPL Imo looking like it wants too see140", "time": 1506374029.0, "sentiment": ""}, {"id": 95794293, "text": "$AAOI $BZUN $AAPL Accumulate and hold. Buy low sell high. Average down fellas. Tech sector will recover. Keep that grip tight.", "time": 1506374012.0, "sentiment": "Bullish"}, {"id": 95794292, "text": "$AAPL last chance to btfd cheap", "time": 1506374011.0, "sentiment": "Bullish"}, {"id": 95794288, "text": "Lots of stocks going red to green this morning BTD? $AAPL $SPY $TGT $TSLA $WMT", "time": 1506374009.0, "sentiment": ""}, {"id": 95794286, "text": "$AAPL $149.16 by lunch. Burn call buyers who want to believe. LOL", "time": 1506374009.0, "sentiment": "Bearish"}, {"id": 95794285, "text": "$AAPL Stop worrying about today. Stop trying to become rich over night. Slow your roll &amp; Buy Common $FB $AMZN", "time": 1506374009.0, "sentiment": "Bullish"}, {"id": 95794266, "text": "$AAPL Go!  Don&#39;t be shy I need cash!!!!!", "time": 1506374002.0, "sentiment": ""}, {"id": 95794239, "text": "$AAPL buyers coming in! 12million shares in the first 30 min. It&#39;s a game kids.", "time": 1506373993.0, "sentiment": ""}, {"id": 95794184, "text": "$AAPL ", "time": 1506373978.0, "sentiment": "Bearish"}, {"id": 95794182, "text": "$AAPL nice start of the week, now set stop at Fridays low150.5ish", "time": 1506373978.0, "sentiment": "Bullish"}, {"id": 95794097, "text": "$AAPL Congrats to all who bought the pullback!", "time": 1506373955.0, "sentiment": "Bullish"}, {"id": 95794090, "text": "$AAPL who the hell is anyone kidding.  Apple is king of smartphones for the next decade, with ARkit and X leading the way.", "time": 1506373954.0, "sentiment": "Bullish"}, {"id": 95794051, "text": "$AAPL dumped my call option at open.. now it is almost going green .. that is just joke.. I bought $BABA option that red too.. Lets see", "time": 1506373941.0, "sentiment": ""}, {"id": 95794024, "text": "$AAPL oh no", "time": 1506373934.0, "sentiment": "Bearish"}, {"id": 95794000, "text": "$AAPL Next stop 154", "time": 1506373925.0, "sentiment": "Bullish"}, {"id": 95793996, "text": "$AAPL Inflection point is 152&#39;s.....Friday&#39;s close", "time": 1506373924.0, "sentiment": ""}]