[{"id": 97139062, "text": "$AAPL iPhone X billboard ads in Toronto for Nov 3rd release.  Also saw them in NYC over the weekend", "time": 1507503436.0, "sentiment": "Bullish"}, {"id": 97139019, "text": "$AAPL if you are in the market- save a few bucks http://www.businessinsider.com/apple-multiport-av-adapter-amazon-warehouse-deal-2017-10", "time": 1507503341.0, "sentiment": "Bullish"}, {"id": 97138863, "text": "$AAPL https://techcrunch.com/2017/10/06/benchmarks-contradict-apple-slowed-down-my-iphone-claims/", "time": 1507502923.0, "sentiment": "Bullish"}, {"id": 97138640, "text": "@condor214 I&#39;m not surprise that $AAPL is the only ticker u know, crowdinvesting", "time": 1507502415.0, "sentiment": ""}, {"id": 97138610, "text": "$AAPL for those who like to trade long on apple. Just to clarify . I dont look at anything as bearish or bullish, i onl", "time": 1507502361.0, "sentiment": "Bearish"}, {"id": 97138439, "text": "$AAPL https://www.youtube.com/watch?v=S0QWxgHo0ao", "time": 1507501949.0, "sentiment": ""}, {"id": 97138060, "text": "$AAPL a steal at this price", "time": 1507500959.0, "sentiment": "Bullish"}, {"id": 97137841, "text": "$AAPL Best show ever https://youtu.be/WVyUfHFU20g?t=72", "time": 1507500421.0, "sentiment": ""}, {"id": 97137748, "text": "$MAT #Mattel continuously pushing into #app world adding app to iOS $AAPL &amp; android $GOOG  http://www.therockfather.com/news-and-reviews/toy-and-games/item/5560-mobile-gaming-welliewishers-garden-fun-comes-to-ios-and-android", "time": 1507500201.0, "sentiment": "Bullish"}, {"id": 97137265, "text": "$AAPL I\u2019m increasingly critical about Cramer and the \u201cStreet\u201d their app has regular articles bashing AAPL but Cramer is a holder what gives?", "time": 1507498835.0, "sentiment": "Bullish"}, {"id": 97137243, "text": "Tickers mentioned in Sunday&#39;s linkfest: https://abnormalreturns.com/2017/10/08/sunday-links-opaque-fees-and-hidden-levies/ $DSI $KLD $BRKA $BRKB $AAPL $BTC.X $ETH.X $AMZN $WMT", "time": 1507498771.0, "sentiment": ""}, {"id": 97137220, "text": "$AAPL New iPhone X Problems, iPhone 8 Growing Battery Issues, Apple&#39;s Arrogant Decision https://goo.gl/s2B6Yx", "time": 1507498710.0, "sentiment": "Bearish"}, {"id": 97137127, "text": "$AAPL I see many lawsuits coming about face recognition especially when friends and family adding non user faces to their phone", "time": 1507498423.0, "sentiment": "Bearish"}, {"id": 97136992, "text": "@Rocketman808 people says same for $AAPL lol and check check where it is .. they just make laptops n phones ;)", "time": 1507498129.0, "sentiment": "Bullish"}, {"id": 97136938, "text": "$AAPL Secret Killer Application for health industry \n\nWatch \u231a\ufe0f might save Apple \ud83c\udf4e", "time": 1507497998.0, "sentiment": ""}, {"id": 97136924, "text": "$AAPL $GOOGL $GOOG $NFLX $AMZN $NVDA $BABA $FB correct as NQ is in weekly Squeeze along with big tech names named here", "time": 1507497961.0, "sentiment": ""}, {"id": 97136904, "text": "$AAPL if you think the TrueDepth camera system will only be for unlocking phones, think again. Think Different.", "time": 1507497899.0, "sentiment": "Bullish"}, {"id": 97136724, "text": "$AAPL iPhone 8 sale disappointing in de US? What are your observations?", "time": 1507497364.0, "sentiment": "Bullish"}, {"id": 97136716, "text": "$AMD $FB $AAPL $GOOGL $TSLA $GPRO $TWTR $AMZN $MSFT $GM $F $TM $BTC.X $ETH.X $LTC.X", "time": 1507497340.0, "sentiment": "Bullish"}, {"id": 97136697, "text": "$AAPL swellaphones!!!", "time": 1507497282.0, "sentiment": "Bearish"}, {"id": 97136661, "text": "$AAPL Crucial Pivot level still\n\nWeekly Pivot", "time": 1507497175.0, "sentiment": ""}, {"id": 97136618, "text": "$AAPL is not afraid of a dip in sales when driving technology forward. Headphone port/TouchID/Home Button gone. That is indeed courage.", "time": 1507497036.0, "sentiment": "Bullish"}, {"id": 97136572, "text": "$AAPL required to disclose which manufacturers are producing the swelling batteries for safety of others who may decide to use them", "time": 1507496910.0, "sentiment": "Bearish"}, {"id": 97136470, "text": "$AAPL good luck fixing those iphone 8, 8+, and X battery problems they won&#39;t go away because your arrogant engineers chose wrong technology", "time": 1507496671.0, "sentiment": "Bearish"}, {"id": 97136396, "text": "$AAPL Swelling iPhone 8 batteries bursting some phones open have Apple working hard on solution... https://www.cnbc.com/2017/10/07/apple-is-looking-into-why-some-iphone-8-batteries-are-swelling.html", "time": 1507496453.0, "sentiment": ""}, {"id": 97136268, "text": "$AAPL battery selling is a big issue Apple should recall and stop selling jphone 8 and 8 plus until issue is resolved.", "time": 1507496068.0, "sentiment": "Bearish"}, {"id": 97136251, "text": "APPLE Chart analysis: http://niftychartsandpatterns.blogspot.in/2017/10/apple-chart-analysis.html $AAPL $QQQ", "time": 1507495993.0, "sentiment": ""}, {"id": 97136242, "text": "$AAPL cannot make the iPhone x less than 5k a day are being made", "time": 1507495951.0, "sentiment": "Bearish"}, {"id": 97136129, "text": "$AAPL my sister iPhone 8 has no issues", "time": 1507495625.0, "sentiment": ""}, {"id": 97135950, "text": "$AAPL battery issues in iphone8\nhttp://www.techtimes.com/articles/214128/20171007/apple-is-aware-of-iphone-8-battery-swelling-issues-and-is-looking-into-it.htm", "time": 1507495076.0, "sentiment": ""}, {"id": 97135790, "text": "$GLD $SPY $AAPL How to be in a free trade on GLD...  https://tinyurl.com/y7nbzug6.", "time": 1507494566.0, "sentiment": "Bullish"}, {"id": 97135684, "text": "$AAPL cmon 158.\n https://youtu.be/dsAknXdDY4I\n$SPY $SPX $QQQ", "time": 1507494122.0, "sentiment": "Bullish"}, {"id": 97135636, "text": "$AAPL $GOOGL $GOOG $NFLX $AMZN $NVDA $BABA $FB is everyone ready to see new all time highs? Tech will rally like crazy this week. Buy now!", "time": 1507493942.0, "sentiment": "Bullish"}, {"id": 97135561, "text": "$AAPL Bashing, but claims in another post he\u2019ll buy in the 140s??? A confused young hypocrite - entitled kid!", "time": 1507493597.0, "sentiment": ""}, {"id": 97135425, "text": "$dgaz $ugaz $aapl $goog Natty not a buy yet!!!", "time": 1507493138.0, "sentiment": ""}, {"id": 97135405, "text": "Estimize revenue expectations are 0.02% higher than that of Wall Street for $AAPL Q4 [Reporting 11/02 AMC]\nhttp://www.estimize.com/intro/aapl?utm_content=AAPL&amp;amp;utm_medium=eps_update&amp;amp;utm_source=stocktwits#chart=historical", "time": 1507493051.0, "sentiment": ""}, {"id": 97135295, "text": "$SPY On tap this week: Tax plan failure sets in, NKorea starts nuclear war, $AAPL confirms iPhone 8 splits when charging- worst week of 2017", "time": 1507492699.0, "sentiment": "Bearish"}, {"id": 97135269, "text": "$SPY $AAPL", "time": 1507492605.0, "sentiment": ""}, {"id": 97135198, "text": "$AAPL I had an iPhone 7 replaced because of a swollen battery. Think it was from a cheap charger", "time": 1507492343.0, "sentiment": ""}, {"id": 97135180, "text": "$AAPL found it: https://www.futuremark.com/pressreleases/is-it-true-that-iphones-get-slower-over-time  besides, who doesn\u2019t upgrade every 2-3 years except grandma?", "time": 1507492265.0, "sentiment": ""}, {"id": 97135145, "text": "$AAPL &quot;Android makers shift focus from under-display fingerprint readers to 3D sensing after iPhone X debut&quot; innovation?", "time": 1507492058.0, "sentiment": "Bullish"}, {"id": 97135111, "text": "$AAPL own the notch. But could enough battery be packed into glasses without making them bulky/heavy anytime soon?", "time": 1507491933.0, "sentiment": "Bullish"}, {"id": 97135046, "text": "$AAPL I just saw a benchmarking article that disproves that theory, but I can\u2019t remember where.", "time": 1507491655.0, "sentiment": ""}, {"id": 97135007, "text": "$AAPL I\u2019d go by specs and how many ports you need. Test drive at an Apple Store or Best Buy too. PS Best Buy puts Macs on sale a lot.", "time": 1507491459.0, "sentiment": ""}, {"id": 97134986, "text": "$AAPL you can set it to display F keys as default. Don\u2019t forget it has TouchID folks I know who have TB say that\u2019s the feature they love.", "time": 1507491361.0, "sentiment": ""}, {"id": 97134967, "text": "$AAPL you got that right. Every year. Like clockwork.", "time": 1507491222.0, "sentiment": ""}, {"id": 97134965, "text": "@TheStreet exactly the primary $AAPL risk is X, and secondary risk is repatriation, both already in the price and starting to come out", "time": 1507491212.0, "sentiment": "Bearish"}, {"id": 97134922, "text": "$AAPL notice how iPhone X scare stories have pivoted from &quot;too expensive. Fail.&quot; to &quot;short supply. Fail.&quot;", "time": 1507491025.0, "sentiment": "Bullish"}, {"id": 97134731, "text": "$AAPL", "time": 1507490068.0, "sentiment": "Bullish"}, {"id": 97134620, "text": "$TSLA $aapl $fb $googl $goog $gs Action/Reaction example", "time": 1507489602.0, "sentiment": ""}, {"id": 97134618, "text": "Here Is Why I Hate Apple&#39;s Stock in October $AAPL http://dlvr.it/Pt9WfR", "time": 1507489586.0, "sentiment": ""}, {"id": 97134617, "text": "$AAPL Why I owned a Macbook Pro for a day \u2014 and what it says to me about the future of Apple https://hackernoon.com/why-i-owned-a-macbook-pro-for-a-day-and-what-it-says-to-me-about-the-future-of-apple-75b84458d86c", "time": 1507489581.0, "sentiment": "Bearish"}, {"id": 97134181, "text": "$AAPL my brother&#39;s friend&#39;s niece&#39;s phone exploded last night, no big injury", "time": 1507486444.0, "sentiment": ""}, {"id": 97134121, "text": "$SPY  $AAPL", "time": 1507485917.0, "sentiment": ""}, {"id": 97134015, "text": "$SPY $AMD $FAS $AAPL When you hear there is a fire &amp; run to save, but see FED top floor \ud83c\udfb5\ud83c\udfb5", "time": 1507484824.0, "sentiment": ""}, {"id": 97134002, "text": "$AAPL ready for the week ahead. \n https://youtu.be/dsAknXdDY4I", "time": 1507484617.0, "sentiment": "Bullish"}, {"id": 97133790, "text": "$USDJPY $SPY $IWM $EURUSD $GBPUSD $AUDUSD $QQQ $AAPL $DIS $TSLA", "time": 1507482582.0, "sentiment": ""}, {"id": 97133510, "text": "$AAPL Has a shareholder suit been filed against Cook&#39;s $1M contribution to hate group Southern Poverty Law Center?", "time": 1507479609.0, "sentiment": ""}, {"id": 97133059, "text": "Estimize EPS expectations are 1.09% higher than that of Wall Street for $AAPL Q4 [Reporting 11/02 AMC]\nhttp://www.estimize.com/intro/aapl?utm_content=AAPL&amp;amp;utm_medium=eps_update&amp;amp;utm_source=stocktwits#chart=historical", "time": 1507475787.0, "sentiment": ""}, {"id": 97132980, "text": "$AAPL are you a racist piece of shit ? You sound like it w this post.", "time": 1507474705.0, "sentiment": ""}, {"id": 97132949, "text": "$AAPL last good bargain in big tech", "time": 1507474314.0, "sentiment": "Bullish"}, {"id": 97132946, "text": "$AAPL I\u2019m thinking this prints $156 this week...and I hope not much higher b/c I gotta open some new spreads before ER", "time": 1507474286.0, "sentiment": "Bullish"}, {"id": 97132075, "text": "$PI \n\nwhen $AAPL buys $PI! :-)", "time": 1507469217.0, "sentiment": "Bullish"}, {"id": 97131878, "text": "$AAPL VIX goes up 5% right before earnings weeks...", "time": 1507468015.0, "sentiment": ""}, {"id": 97131718, "text": "$CTRV $AMD $HMNY $AAPL Watchlist! Looking Forward Continues Play In The Long Term!", "time": 1507467053.0, "sentiment": ""}, {"id": 97131211, "text": "$BAC $AAPL $JCP $GM $MAR $C $AMD $NTRS $FB $OCN $BX $F $NFLX $TSLA $KR $AMZN $NVDA", "time": 1507464918.0, "sentiment": ""}, {"id": 97129435, "text": "$AAPL estimates distribution - here\u2019s what 348 Estimize analysts are expecting $AAPL to report for Q4 [Reporting 11/02 AMC]\nhttp://www.estimize.com/intro/aapl?utm_content=AAPL&amp;amp;utm_medium=eps_update&amp;amp;utm_source=stocktwits#chart=historical", "time": 1507458493.0, "sentiment": ""}, {"id": 97129136, "text": "Higher Bond Yields A Headwind For Technology Stocks - https://buff.ly/2flDv6M\n\n$AAPL $GOOG $GOOGL $AMZN", "time": 1507457505.0, "sentiment": ""}, {"id": 97128601, "text": "$INVE working w/ Nike $NKE and Apple $AAPL on consumer products. NikeConnect Jerseys NFC tag is provided by Identiv", "time": 1507456029.0, "sentiment": ""}, {"id": 97128301, "text": "Can $AAPL&#39;s iMessage Be The Same Threat To $SNAP As $FB&#39;s Instagram? https://buff.ly/2wQmWq3", "time": 1507455187.0, "sentiment": ""}, {"id": 97127816, "text": "$AAPL When I go into the Apple store, it&#39;s a lot of old people and random kids running around", "time": 1507454087.0, "sentiment": ""}, {"id": 97127784, "text": "$XRP.X $SQ $AAPL $goog $amzn $spy - KC chiefs or HOU Texans?", "time": 1507453993.0, "sentiment": ""}, {"id": 97127433, "text": "$AAPL Daily Candlestick ( \u26a0\ufe0f Warning Sign", "time": 1507453010.0, "sentiment": ""}, {"id": 97126337, "text": "$AAPL  good strategy", "time": 1507450304.0, "sentiment": ""}, {"id": 97126214, "text": "$AAPL Powerful Tool \n\nPolice \ud83d\udc6e departments to health care workers add huge value to them", "time": 1507450061.0, "sentiment": ""}, {"id": 97125971, "text": "$AAPL Time Segmented Volume on hourly still above zero line but fairly strong into close with Neg div into Monday", "time": 1507449541.0, "sentiment": ""}, {"id": 97125503, "text": "$AAPL Odds seem better of being struck by a meteorite.", "time": 1507448587.0, "sentiment": "Bullish"}, {"id": 97125345, "text": "$AAPL TC send me 10 million bucks and I will tell you how to fix your displays from cracks and your batteries from swelling \ud83d\ude02 \ud83d\ude02 \ud83d\ude02", "time": 1507448232.0, "sentiment": "Bearish"}, {"id": 97125087, "text": "$AAPL i think $AAPL tries to move higher and fails this week to keep 156, no position yet, watching", "time": 1507447537.0, "sentiment": "Bearish"}, {"id": 97125007, "text": "$AAPL Move below $154 \n\nOpens door to $151.96 possible lower \n\nInflection Pivot point", "time": 1507447321.0, "sentiment": ""}, {"id": 97124965, "text": "$AAPL Move above $156.26 \n\nConfirmation that correction is complete \n\nMonday might give us clearer picture", "time": 1507447201.0, "sentiment": ""}, {"id": 97124957, "text": "$AAPL $SPY $googl  If &amp; when Trump lowers capital gains taxes, will the big kahunas (Buffet .... etc.) taking profits crash the markets ?", "time": 1507447180.0, "sentiment": ""}, {"id": 97124751, "text": "$AAPL Most R just swinger bars! When I&#39;m drinking, don&#39;t care for woman touching me", "time": 1507446779.0, "sentiment": ""}, {"id": 97124712, "text": "$AAPL Anyone here like/dislike the new touch bar? In the market for a new MBP and can&#39;t decide. Not fond of gadgety &#39;touch bars&#39; but thatsit", "time": 1507446653.0, "sentiment": "Bullish"}, {"id": 97124670, "text": "$BBRY $AAPL no $4,000. Kids and wifey.", "time": 1507446546.0, "sentiment": ""}, {"id": 97124014, "text": "@MoneyPistol don\u2019t get me wrong I love $BBRY management, they have a market but they\u2019re not gonna rise going head to head with Sam or $AAPL", "time": 1507444947.0, "sentiment": ""}, {"id": 97123875, "text": "$AAPL battery issue a big problem Apple needs to recall all iPhone 8s https://youtu.be/8FwF-M9dbWg as it is not a safe product to use", "time": 1507444589.0, "sentiment": "Bearish"}, {"id": 97123874, "text": "@MoneyPistol if you\u2019re not an iOS person you won\u2019t understand. You, $BBRY Samsung HTG or $GOOG wont make $AAPL people switch #1 cust loyalty", "time": 1507444586.0, "sentiment": "Bullish"}, {"id": 97123847, "text": "$BBRY lol lol lol $aapl it&#39;s lit\ud83d\udd25", "time": 1507444514.0, "sentiment": "Bullish"}, {"id": 97123746, "text": "$BBRY Let me ask you this? Are You Really Ready To Drop $1k on a &#39;Smart&#39; Phone. $AAPL", "time": 1507444274.0, "sentiment": "Bullish"}, {"id": 97123283, "text": "$AAPL slammed!!!!$$$$", "time": 1507443164.0, "sentiment": "Bullish"}, {"id": 97123100, "text": "$AAPL Hay ratmonny, AAPL has best quality, best operating system and best customer service. They even speak English!!", "time": 1507442644.0, "sentiment": "Bullish"}, {"id": 97122600, "text": "Here\u2019s what 348 Estimize analysts believe $AAPL will report for Q4 2017 revenue [Reporting 11/02 AMC]\nhttp://www.estimize.com/intro/aapl?utm_content=AAPL&amp;amp;utm_medium=eps_update&amp;amp;utm_source=stocktwits#chart=historical", "time": 1507441213.0, "sentiment": ""}, {"id": 97122481, "text": "$AAPL Has a shareholder suit been filed against Cook&#39;s $1M contribution to hate group Southern Poverty Law Center?", "time": 1507440771.0, "sentiment": ""}, {"id": 97122437, "text": "$AAPL $AVGO $FB $BABA", "time": 1507440580.0, "sentiment": ""}, {"id": 97122254, "text": "$FIT New Ionic&#39;s on EBay for high prices, rave Ionic reviews on Amazon, SDK still in progress. Ionic 2017 is EXACTLY like $AAPL iPhone 2007.", "time": 1507440015.0, "sentiment": ""}, {"id": 97122176, "text": "$AAPL  @Ford_Timelord  &quot;Trader&quot; LOfnL!! Is that what you call what you do when you get home from your job at Micky Ds?", "time": 1507439768.0, "sentiment": ""}, {"id": 97121943, "text": "$AAPL http://amzn.to/2fTasbb they need to offer a .999 gold plated iphone.", "time": 1507439069.0, "sentiment": ""}, {"id": 97121550, "text": "1 of 5 Daily charts of the DJIA Components $AAPL $AXP $BA $CAT $CSCO $CVX with the SSI indicator \u2026", "time": 1507438044.0, "sentiment": ""}, {"id": 97121464, "text": "$AAPL", "time": 1507437798.0, "sentiment": ""}, {"id": 97121025, "text": "DROPS IN NASDAQ SHORTS: $AAPL $MDRX $FEYE $PYPL $CAR $HZNP $FOSL $EXAS $STX $OPK $JUNO $DISH $OCLR $JBHT $AAL $ILG $NTAP $CZR $AMKR $SBRA", "time": 1507436765.0, "sentiment": ""}, {"id": 97120718, "text": "To the conspiracy theorist go complain to the Federal Trade Commission that $AAPL updates software to screw up ur iPhone to make u buy new", "time": 1507435879.0, "sentiment": ""}, {"id": 97120617, "text": "Conspiracy theorists say $AAPL updates software when a new version comes out &amp; screws up ur iPhone to make u buy the new iPhone  $SPY", "time": 1507435603.0, "sentiment": ""}, {"id": 97120598, "text": "$AAPL Yesterday very low vol and weird fing day, Looks like bloatgate lost its mojo if ever had any.\nAnd pin did not pin.", "time": 1507435530.0, "sentiment": ""}, {"id": 97120540, "text": "If U don\u2019t like the new $AAPL IPhone software update then go get an Android. It is what it is even if u spent $900 on ur iPhone 8 plus $SPY", "time": 1507435366.0, "sentiment": ""}, {"id": 97120515, "text": "Has $AAPL Overtaken $GOOG In Smartphone AI? https://buff.ly/2xq9RUI", "time": 1507435303.0, "sentiment": ""}, {"id": 97119778, "text": "$AAPL Moving Into Digital Glasses A Good Idea?   https://buff.ly/2xofNBE", "time": 1507433471.0, "sentiment": ""}, {"id": 97119640, "text": "$AAPL &quot;Google&#39;s Pixel 2 may be the iPhone X&#39;s biggest rival&quot; No, dead wrong. Most folks are not OS agnostic. Pixel 2 is Galaxy 8 rival.", "time": 1507433135.0, "sentiment": "Bullish"}, {"id": 97119265, "text": "$AAPL $PCLN $NTES $AVGO", "time": 1507432199.0, "sentiment": ""}, {"id": 97119196, "text": "$AAPL Max pain for 13 Oct 2017 again 155", "time": 1507432014.0, "sentiment": ""}, {"id": 97119067, "text": "$AAPL Going down this coming week. I&#39;d be absolutely gobsmacked if it doesn&#39;t (but that is something of an occupational hazard for a trader)", "time": 1507431637.0, "sentiment": "Bearish"}, {"id": 97118903, "text": "$1 Trillion Race, Valuation Update https://buff.ly/2jVWPwL\n\n$AAPL $802B\n$GOOG $689B\n$MSFT $585B\n$FB $500B\n$AMZN $475B\n$BABA $456B\n$TSLA $60B", "time": 1507431246.0, "sentiment": ""}, {"id": 97118670, "text": "$AAPL, $X, $DISCA, $DB -Mind-boggling Stocks http://www.thestreetpoint.com/2017/10/06/mind-boggling-stocks-apple-inc-nasdaqaapl-united-states-steel-corporation-nysex-discovery-communications-inc-nasdaqdisca-deutsche-bank-aktiengesellschaft-nysedb/", "time": 1507430696.0, "sentiment": ""}, {"id": 97118115, "text": "Tesla, Acadia, Netflix, and The FAANG&#39;s - Mott Capital $nflx $googl $fb $amzn $tsla $aapl $spy https://mottcapitalmanagement.com/big-week-tesla-acadia-netflix-faangs/", "time": 1507429349.0, "sentiment": ""}, {"id": 97117918, "text": "$AAPL Unreliable when crossing so low might be Head fake trap", "time": 1507428907.0, "sentiment": ""}, {"id": 97117884, "text": "$AAPL 20 EMA &amp; 34 EMA Zone \n\nDepends if they need to clear few stops above 20 EMA or not", "time": 1507428824.0, "sentiment": ""}, {"id": 97117872, "text": "$AAPL macd crossed. Run is just beginning.", "time": 1507428792.0, "sentiment": "Bullish"}, {"id": 97117512, "text": "$AAPL Still wonder why they deal with Sammy for batteries.", "time": 1507427879.0, "sentiment": ""}, {"id": 97117177, "text": "$SWCH Shares of data provider Switch soar in market debut. https://www.washingtonpost.com/business/economy/shares-of-data-center-provider-switch-soar-in-its-market-debut/2017/10/06/18a1889c-aac4-11e7-850e-2bdd1236be5d_story.html?utm_term=.d013865d271b $ROKU $BBY $SNAP $AXP $PYPL $AAPL $EBAY $GOOGL $GOOG", "time": 1507427224.0, "sentiment": "Bullish"}, {"id": 97117164, "text": "Hottest Elliott Wave Stock Charts For 10.7.17 - $AAPL $AVGO $FB $BABA #elliottwave #stocks #trading   http://wavegenius.com/hottest-elliott", "time": 1507427186.0, "sentiment": ""}, {"id": 97117109, "text": "314 Companies With Long-Term EPS Growth Expectations Of 10%+ - https://buff.ly/2xpWfZp\n\n$AAPL $ADBE $ADI $ADP $ADSK $AET $AGN $AIG $AMT $AZO", "time": 1507427056.0, "sentiment": ""}, {"id": 97116466, "text": "$AAPL see my #Stocktwits feed and follow me if you like what you see! Enjoy your weekend traders\ud83d\ude03", "time": 1507425745.0, "sentiment": ""}, {"id": 97116007, "text": "$AAPL tagging all your replies to people as bearish is proof you\u2019re a moron", "time": 1507424831.0, "sentiment": ""}, {"id": 97115900, "text": "$AAPL This year do we have the extra week for sales in the holiday quarter? Adds an extra 8% EPS or so!!!", "time": 1507424606.0, "sentiment": "Bullish"}, {"id": 97115671, "text": "$AAPL or they think they\u2019re \u201centitled\u201d to get it at the price they want", "time": 1507424130.0, "sentiment": ""}, {"id": 97115645, "text": "$AAPL New generation of kids somehow believe they can \u201cwill\u201d a stock price down by bashing", "time": 1507424093.0, "sentiment": ""}, {"id": 97115476, "text": "Here\u2019s what 348 Estimize analysts believe $AAPL will report for Q4 2017 EPS [Reporting 11/02 AMC]\nhttp://www.estimize.com/intro/aapl?utm_content=AAPL&amp;amp;utm_medium=eps_update&amp;amp;utm_source=stocktwits#chart=historical", "time": 1507423756.0, "sentiment": ""}, {"id": 97115316, "text": "$AAPL yup", "time": 1507423465.0, "sentiment": ""}, {"id": 97115301, "text": "$AAPL so you speak with Tim on this? lol", "time": 1507423427.0, "sentiment": ""}, {"id": 97115120, "text": "$AAPL 13 trading days to Friday close short of reaching 34 EMA level \n\nBut it&#39;s same number of days as June", "time": 1507423063.0, "sentiment": ""}, {"id": 97115082, "text": "$AAPL Comparing June sell off 13 trading days ( match) \n\nBounce back to 34 EMA level", "time": 1507422985.0, "sentiment": ""}, {"id": 97114774, "text": "$AAPL Wake me up at $165 pre-ER. Rotten!", "time": 1507422331.0, "sentiment": ""}, {"id": 97114546, "text": "$AAPL Makes Strategic Move http://crweworld.com/article/news-provided-by-business-wire/152061/katherine-adams-joins-apple-as-general-counsel-amp-svp", "time": 1507421809.0, "sentiment": ""}, {"id": 97114367, "text": "$AAPL http://www.firstpost.com/tech/news-analysis/apple-acknowledges-swelling-of-iphone-8-and-iphone-8-plus-and-says-that-they-are-looking-into-the-problem-4119105.html", "time": 1507421423.0, "sentiment": "Bearish"}, {"id": 97114275, "text": "$AAPL https://www.forbes.com/sites/ewanspence/2017/10/06/apple-news-digest-iphonex-stock-iphone8-battery-problems-notch-fail/#7816ffa41ced", "time": 1507421244.0, "sentiment": "Bearish"}, {"id": 97114234, "text": "$AAPL https://www.usatoday.com/story/tech/2017/10/06/tiny-number-iphone-8-plus-owners-report-swelling-battery-problem/741750001/", "time": 1507421155.0, "sentiment": "Bearish"}, {"id": 97114040, "text": "$AAPL Mystery woman \n\nhttps://m.youtube.com/watch?v=EqmB102k0zQ", "time": 1507420720.0, "sentiment": ""}, {"id": 97113866, "text": "10.07.17 Elliott Wave CHART Updates For Big Tech: $AAPL $PCLN $NTES $AVGO   http://wavegenius.com/10-07-17-elliott-wave-chart-updates-for-b", "time": 1507420262.0, "sentiment": ""}, {"id": 97113700, "text": "$AAPL Who was woman screaming 45 minutes before concert event?", "time": 1507419845.0, "sentiment": ""}, {"id": 97113675, "text": "Can $AAPL&#39;s New iPhones Help $SNAP? https://buff.ly/2wOxSUN", "time": 1507419793.0, "sentiment": ""}, {"id": 97113406, "text": "Big week for - Tesla, Acadia, Netflix, and The FAANG&#39;s -$tsla $amzn $acad $googl $fb $spy $xbi $ibb $aapl $spx $xlk https://mottcapitalmanagement.com/big-week-tesla-acadia-netflix-faangs/", "time": 1507419205.0, "sentiment": ""}, {"id": 97113315, "text": "$NFLX $AMZN $GOOGL $FB $AAPL $SPY $QQQ Last 2 weeks has been like $$$$$", "time": 1507419008.0, "sentiment": ""}, {"id": 97112705, "text": "$SWCH Has Great Buy-In Position For Monday Morning... $ROKU $BBY $SNAP $AXP $PYPL $AAPL $EBAY $GOOGL $GOOG", "time": 1507417892.0, "sentiment": "Bullish"}, {"id": 97112411, "text": "Bigly FAANG Predictions By November - https://buff.ly/2xvdMTd   \n\n$FB $AMZN $AAPL $NFLX $GOOG $GOOGL", "time": 1507417290.0, "sentiment": ""}, {"id": 97112346, "text": "This week&#39;s Saturday Portfolio Analysis $BABA $FB $SMH $WMT $AAPL $SPY $QQQ $VXX https://youtu.be/mRTeduf4lJs", "time": 1507417135.0, "sentiment": ""}, {"id": 97112329, "text": "$AAPL $GM $SBUX $LB $BOFI $GOLD $MOMO . Stocks for next week. http://www.warnya.com/predictions/stocks-prediction-for-oct-9-13-2017", "time": 1507417107.0, "sentiment": "Bullish"}, {"id": 97112299, "text": "$AAPL but don\u2019t blame your inability to efficiently allocate capital on me. Cheers! See ya on the way down to 140.", "time": 1507417017.0, "sentiment": "Bearish"}, {"id": 97112271, "text": "$AAPL means that the bear case has crossed their minds.They\u2019re just heavily,probably disproportionately in their portfolio,invested here.", "time": 1507416946.0, "sentiment": "Bearish"}, {"id": 97112176, "text": "$AAPL fact that @condor214 @Caseevaluator @longandcentered are with their panties in a bunch is all the proof I need to know I\u2019m right.", "time": 1507416709.0, "sentiment": "Bearish"}, {"id": 97112137, "text": "Exploring Tesla, Acadia, Netflix and The FAANG\u2019s https://mottcapitalmanagement.com/big-week-tesla-acadia-netflix-faangs/ $spy $spx $tsla $amzn $fb $aapl $nflx $googl $tsla $acad $IBB $xbi", "time": 1507416585.0, "sentiment": ""}]