[{"id": 97587255, "text": "$AAPL told first half hour and last hour hour of the day MAYBE is movement time then flatline for the rest of the day! See you at 3:30pm", "time": 1507842050.0, "sentiment": "Bullish"}, {"id": 97587234, "text": "$AAPL https://asia.nikkei.com/Business/Companies/iPhone-X-makers-still-struggling-to-refine-facial-recognition", "time": 1507842045.0, "sentiment": ""}, {"id": 97587229, "text": "$AAPL was about to sell my calls...wow", "time": 1507842043.0, "sentiment": ""}, {"id": 97587228, "text": "$AAPL if the 8 EMA crosses above the 21ema. That\u2019s a very bullish sign in my opinion", "time": 1507842043.0, "sentiment": ""}, {"id": 97587096, "text": "$AAPL sell the calls at thew money now at $157 for pure Delta play", "time": 1507842010.0, "sentiment": "Bearish"}, {"id": 97587070, "text": "$AAPL of course 1/2hr up; 2 minutes down", "time": 1507842004.0, "sentiment": ""}, {"id": 97587059, "text": "$AAPL Think it\u2019s done for the day!!", "time": 1507842003.0, "sentiment": "Bullish"}, {"id": 97586926, "text": "$AAPL and heres the dump...", "time": 1507841973.0, "sentiment": ""}, {"id": 97586914, "text": "They are selling banks $XLF $JPM .... and buying Tech $AAPL $NFLX $AMD $FB $NVDA $AVGO $AMZN ....... SPY gap down !", "time": 1507841970.0, "sentiment": "Bullish"}, {"id": 97586858, "text": "$AAPL does it everyday", "time": 1507841959.0, "sentiment": ""}, {"id": 97586810, "text": "$AAPL seriously. How much are you down. I respect everyone making money but u r a real jerk..y", "time": 1507841949.0, "sentiment": ""}, {"id": 97586797, "text": "$AAPL ah fuk...million share is a sell", "time": 1507841946.0, "sentiment": ""}, {"id": 97586685, "text": "Took a trading S $AAPL $157.15 avg", "time": 1507841922.0, "sentiment": ""}, {"id": 97586589, "text": "$AAPL No balls no babies! #daytrade.", "time": 1507841901.0, "sentiment": "Bullish"}, {"id": 97586359, "text": "$AAPL were in this let&#39;s goo", "time": 1507841844.0, "sentiment": ""}, {"id": 97586328, "text": "$AAPL The world&#39;s can&#39;t lose ATM. Absolutely brilliant..", "time": 1507841838.0, "sentiment": "Bullish"}, {"id": 97586272, "text": "$AAPL why not 160? recent survey of young people  overwhelming vote for iPhone and Apple Watch.", "time": 1507841827.0, "sentiment": ""}, {"id": 97586204, "text": "$AAPL cause it\u2019s been flatlined for a month for no reason", "time": 1507841813.0, "sentiment": ""}, {"id": 97586176, "text": "$AAPL no resistance til 158", "time": 1507841806.0, "sentiment": ""}, {"id": 97586173, "text": "$AAPL Magic $160! Friday Fish Fry!", "time": 1507841806.0, "sentiment": "Bullish"}, {"id": 97586113, "text": "$AAPL slowly moving higher still holding this swing long 158 next level on my radar", "time": 1507841795.0, "sentiment": ""}, {"id": 97586072, "text": "$AAPL It\u201ds alive!", "time": 1507841786.0, "sentiment": "Bullish"}, {"id": 97585946, "text": "$AVGO $AAPL $NFLX $AMD $NVDA Looks like heavy short covering for $AMD  ------ $QQQ $SMH", "time": 1507841760.0, "sentiment": "Bullish"}, {"id": 97585668, "text": "A new daily high at $157.26 was just reached for $AAPL.    #AAPL", "time": 1507841705.0, "sentiment": ""}, {"id": 97585615, "text": "$AAPL The party has only started.....don&#39;t get your hopes up yet!!!!", "time": 1507841695.0, "sentiment": "Bearish"}, {"id": 97585595, "text": "$MTZ this will be over $50 next month. Better investment than $TMUS $VZ $AAPL $GLUU $S $FB", "time": 1507841691.0, "sentiment": ""}, {"id": 97585569, "text": "SPY SPX GAP DOWN ! --- $AMD $AAPL $AMZN $FB $NFLX $GOOGL $AMAT $SWKS $TSLA WINNING !", "time": 1507841686.0, "sentiment": "Bullish"}, {"id": 97585460, "text": "$AAPL $157s!!!!!!!!!!! Now if we can hold and close here.", "time": 1507841665.0, "sentiment": ""}, {"id": 97585410, "text": "$AAPL lets keep it over 157 at the minimum for the day", "time": 1507841655.0, "sentiment": "Bullish"}, {"id": 97585386, "text": "$AAPL why is apple up?", "time": 1507841650.0, "sentiment": ""}, {"id": 97585182, "text": "$AAPL Jerky, told u to pack mucho beef jerkey because this badboy gonna fly!!", "time": 1507841610.0, "sentiment": "Bullish"}, {"id": 97585117, "text": "$AAPL Room to run if it can hold over 157", "time": 1507841596.0, "sentiment": ""}, {"id": 97585056, "text": "$AAPL did he cover yet?????????", "time": 1507841583.0, "sentiment": ""}, {"id": 97585051, "text": "$AAPL ha", "time": 1507841582.0, "sentiment": ""}, {"id": 97585030, "text": "Checking in on SPX --- $AMD $AAPL $NVDA $MU $FB $NFLX $AMZN $PYPL $CAT $MA GREEN", "time": 1507841578.0, "sentiment": "Bullish"}, {"id": 97584587, "text": "$AAPL strong out of the gates today, buyers take 157 liq offered.", "time": 1507841493.0, "sentiment": "Bullish"}, {"id": 97584294, "text": "$AAPL don&#39;t you dare give this all back", "time": 1507841435.0, "sentiment": ""}, {"id": 97584186, "text": "$AAPL  cwlls at open from .23 to .35.... now eyeing puts for .9s to 1.3s ?", "time": 1507841414.0, "sentiment": "Bearish"}, {"id": 97584092, "text": "$aapl $nflx $amd $AMAT - $FB $AAPL $AMZN stick with winners", "time": 1507841395.0, "sentiment": "Bullish"}, {"id": 97584080, "text": "$AAPL break &amp; hold 157 &amp; it\u2019s gone", "time": 1507841393.0, "sentiment": "Bullish"}, {"id": 97584068, "text": "A new daily high at $156.985 was just reached for $AAPL.    #AAPL", "time": 1507841390.0, "sentiment": ""}, {"id": 97583907, "text": "$BABA This is a gift folks. Mrkt sell programs not thinking, Use them! $AAPL $AMZN $FB $QQQ $SPY", "time": 1507841358.0, "sentiment": "Bullish"}, {"id": 97583876, "text": "$AAPL Make em cover", "time": 1507841350.0, "sentiment": "Bullish"}, {"id": 97583804, "text": "$AAPL Come on....let&#39;s break through 157 and 158 and then we fly", "time": 1507841335.0, "sentiment": "Bullish"}, {"id": 97583750, "text": "$AAPL in at 156", "time": 1507841326.0, "sentiment": "Bullish"}, {"id": 97583673, "text": "@alex321 same here man. Not sure what going on, but after the $AAPL news yesterday I was expecting it to soar.", "time": 1507841307.0, "sentiment": "Bullish"}, {"id": 97583618, "text": "$AAPL heres the move.\n https://youtu.be/ZPq3Z1Qhoxc", "time": 1507841296.0, "sentiment": "Bullish"}, {"id": 97583376, "text": "$AAPL .91 triple top", "time": 1507841245.0, "sentiment": ""}, {"id": 97582847, "text": "$AAPL $MU $AVGO great buying opportunity in $AVGO", "time": 1507841136.0, "sentiment": "Bullish"}, {"id": 97582761, "text": "$AAPL this is where you Buy AAPL", "time": 1507841118.0, "sentiment": "Bullish"}, {"id": 97582698, "text": "extremely bearish on $aapl under 156.70 and very bullish above", "time": 1507841108.0, "sentiment": ""}, {"id": 97582626, "text": "$GOOG $TSLA $AMZN $NVDA $FB $AAPL $NFLX $NTES pivotal research upping the PT to 970 on GOOG is more like a downgrade to a PT of 970", "time": 1507841092.0, "sentiment": ""}, {"id": 97582456, "text": "$AAPL Dr Bo (hobo) who rides the trains sent me photo of Apple box car \n\niPhones r coming \n\nNear Texas area", "time": 1507841055.0, "sentiment": "Bullish"}, {"id": 97581462, "text": "$AAPL $157 and then $158.60 ..let it break", "time": 1507840859.0, "sentiment": ""}, {"id": 97581448, "text": "$AAPL Come on man,move", "time": 1507840855.0, "sentiment": ""}, {"id": 97581396, "text": "$AAPL lets hope it keeps going up ! \n\nMy dog really loves barbecue treats I admit they taste pretty good", "time": 1507840845.0, "sentiment": ""}, {"id": 97581243, "text": "$AMD $NFLX $BLK $C $AMZN $MA $GS $NVDA $AAPL $MS", "time": 1507840815.0, "sentiment": "Bullish"}, {"id": 97580986, "text": "$AAPL You are all seeing first hand how impossible it is for this stock to ever go down. Just can&#39;t do it! It can&#39;t!!", "time": 1507840762.0, "sentiment": ""}, {"id": 97580787, "text": "$AAPL Short gonna get paid!!!!", "time": 1507840723.0, "sentiment": "Bearish"}, {"id": 97580707, "text": "$AAPL Bought @ $156.50 \n\nSold 1 minute later @ $156.70 \n\nNot many street walkers make that selling their wares", "time": 1507840707.0, "sentiment": ""}, {"id": 97580246, "text": "$AAPL you\u2019re done", "time": 1507840608.0, "sentiment": "Bearish"}, {"id": 97579915, "text": "$AAPL this is moving up today better cover!", "time": 1507840530.0, "sentiment": "Bullish"}, {"id": 97579858, "text": "$AAPL Still in 20..higher we go!", "time": 1507840512.0, "sentiment": ""}, {"id": 97579834, "text": "$AAPL Got back from Italy and there is lack of enthusiasm for Iphone 8/x...don&#39;t know if it&#39;s of any relevance", "time": 1507840506.0, "sentiment": ""}, {"id": 97579786, "text": "$AAPL Added more short right here", "time": 1507840497.0, "sentiment": "Bearish"}, {"id": 97579659, "text": "$AAPL Same price as yesterday it stops at", "time": 1507840467.0, "sentiment": "Bearish"}, {"id": 97579594, "text": "Estimize EPS expectations are 0.92% higher than that of Wall Street for $AAPL Q4 [Reporting 11/02 AMC]\nhttp://www.estimize.com/intro/aapl?utm_content=AAPL&amp;amp;utm_medium=eps_update&amp;amp;utm_source=stocktwits#chart=historical", "time": 1507840452.0, "sentiment": ""}, {"id": 97579317, "text": "$AAPL big move coming soon.  X is getting close!!", "time": 1507840391.0, "sentiment": "Bullish"}, {"id": 97579295, "text": "$AAPL bought 10/13 157.5 Calls at .31", "time": 1507840387.0, "sentiment": "Bullish"}, {"id": 97579185, "text": "$AAPL 155\u2019s Cmon!!!!", "time": 1507840360.0, "sentiment": "Bearish"}, {"id": 97579178, "text": "$AAPL Traded over 500k shares in the first 2 minutes.", "time": 1507840359.0, "sentiment": ""}, {"id": 97579104, "text": "Top 9 holdings (21%) of $SPY about to breakout $AAPL $GOOG $MSFT $FB $AMZN $JNJ $BRK.B $JPM $XOM $STUDY", "time": 1507840335.0, "sentiment": "Bullish"}, {"id": 97578875, "text": "$AAPL POS", "time": 1507840263.0, "sentiment": ""}, {"id": 97578805, "text": "$AAPL Bought the open more free easy money", "time": 1507840242.0, "sentiment": "Bullish"}, {"id": 97578597, "text": "$AAPL what are we looking at", "time": 1507840188.0, "sentiment": ""}, {"id": 97578459, "text": "$TSLA $AMZN $GOOG $NVDA $FB $AAPL Richard Branson&#39;s Virgin Group invests in super-fast Hyperloop One transportsystem https://www.cnbc.com/2017/10/12/richard-bransons-virgin-group-invests-in-hyperloop-one.html", "time": 1507840145.0, "sentiment": ""}, {"id": 97578355, "text": "$AAPL 10am pin for the day again???", "time": 1507840115.0, "sentiment": "Bullish"}, {"id": 97578040, "text": "3 Stocks on $AAPL  &#39;Hit List&#39; to Buy Next $TWTR $SPY $QQQ$TSLA $GPRO $GRUB $DIS $GE $GB $YHOO $AABA $TWLO $CSCO https://marketchameleon.com/Blog/post/2017/10/11/3-stocks-on-apple-s-hit-list-to-buy-next", "time": 1507840023.0, "sentiment": ""}, {"id": 97578013, "text": "$AAPL,$ZSAN  http://www.thestreetpoint.com/2017/10/12/sector-investors-alert-apple-inc-nasdaqaapl-zosano-pharma-corporation-nysezsan/", "time": 1507840017.0, "sentiment": ""}, {"id": 97577873, "text": "$USDCAD $SPY $AAPL $TWTR $LNKD $FB $EURUSD $USDJPY $NZDUSD $USDCHF $NFLX $BTCUSD $GBPJPY", "time": 1507839974.0, "sentiment": ""}, {"id": 97577857, "text": "$TSLA $AMZN $GOOG $NVDA $FB $AAPL $NFLX $NTES Richard Branson teaming with Tesla founder Elon Musk on hyperloop https://www.cbsnews.com/news/richard-branson-hyperloop-elon-musk-tesla-founder/", "time": 1507839967.0, "sentiment": ""}, {"id": 97577766, "text": "$AAPL", "time": 1507839937.0, "sentiment": "Bullish"}, {"id": 97577756, "text": "$AAPL It&#39;s not easy being green....Kermit", "time": 1507839932.0, "sentiment": ""}, {"id": 97577499, "text": "$AAPL Everyone knows this instantly turns green. You got a stock that Just never can be brought down. Easy money just buy the open", "time": 1507839845.0, "sentiment": "Bullish"}, {"id": 97577337, "text": "Thursday\u2019s Vital Data: $AAPL $KR and $T - https://investorplace.com/2017/10/thursdays-vital-data-apple-inc-aapl-kroger-co-kr-and-att-inc-t/", "time": 1507839794.0, "sentiment": ""}, {"id": 97576588, "text": "Click Here To Read The Gorilla&#39;s Latest #FREE #Article On The Need For Increased Broadband: http://www.gorillatrades.com/information-gridlock-mind-gorilla/ $CSCO $AMZN $AAPL", "time": 1507839547.0, "sentiment": ""}, {"id": 97575523, "text": "$AAPL 156.70+ long and strong", "time": 1507839147.0, "sentiment": ""}, {"id": 97574893, "text": "$AAPL buy  @144 area or @135 area __", "time": 1507838895.0, "sentiment": "Bearish"}, {"id": 97574819, "text": "$AAPL who has the last laugh now? Dell who?", "time": 1507838868.0, "sentiment": "Bullish"}, {"id": 97574684, "text": "$AAPL", "time": 1507838818.0, "sentiment": ""}, {"id": 97574299, "text": "$AAPL Drops the mic...", "time": 1507838668.0, "sentiment": ""}, {"id": 97574174, "text": "Apple Gets the Go-Ahead for $1 Billion Data Center in Ireland $AAPL http://dlvr.it/Pv4l3g", "time": 1507838617.0, "sentiment": ""}, {"id": 97571740, "text": "$HIMX (+1.6% pre) Himax reportedly supplying WLO chips for iPhone X face ID $AAPL - Digitimes\n\nhttp://ooc.bz/l/16685", "time": 1507837601.0, "sentiment": ""}, {"id": 97571585, "text": "More New S&amp;P 500 Record Highs Or Topping Action? https://www.sunshineprofits.com/gold-silver/free-alerts/more-new-sp-500-record-highs-topping-action/ $SPY $SPX $DJIA $DJ_F $AAPL $ND_F $SP_F", "time": 1507837530.0, "sentiment": "Bearish"}, {"id": 97571516, "text": "$AAPL guys how do you make the stocktwits &#39;discover&#39; biggest winner gone?  just want to ses trending stocks rather than scrolling down ??!", "time": 1507837496.0, "sentiment": ""}, {"id": 97571337, "text": "$AAPL", "time": 1507837408.0, "sentiment": "Bullish"}, {"id": 97570104, "text": "$SNAP better than $FB, $GOOG, $GOOGL, $AAPL, $AMZN, $NFLX, $TWTR! Revenues and financials are for old geezers! $SNAP will rule them all!!!!", "time": 1507836868.0, "sentiment": "Bullish"}, {"id": 97569712, "text": "$AAPL great stock https://www.youtube.com/watch?v=Lw2HGY2HxjE&amp;feature=share", "time": 1507836690.0, "sentiment": "Bullish"}, {"id": 97569554, "text": "Constant talk of Apple buying Netflix perfect sense from $AAPL massive cash pile and need to ramp up spend. But what about branding? $NFLX", "time": 1507836610.0, "sentiment": ""}, {"id": 97569130, "text": "$Jpm JPM Credit Card Charge-Offs Just Shy Of Four Year Highs http://www.zerohedge.com/news/2017-10-12/missing-slide-jpm-credit-card-charge-offs-just-shy-four-year-highs $spy $qqq $aapl $c $bac $gs $NVDA $jnug $nugt $gld", "time": 1507836383.0, "sentiment": ""}, {"id": 97569075, "text": "$HIMX (+1.6% pre) Himax Begins Shipping Wafer-Level Optics Technology for iPhone X&#39;s Face ID $AAPL - MacRUmors\n\nhttp://ooc.bz/l/16682", "time": 1507836354.0, "sentiment": ""}, {"id": 97569058, "text": "$GOOG $TSLA $AMZN $NVDA $FB $AAPL $NFLX $NTES Amazon to add 120,000 jobs this holiday season  http://www.marketwatch.com/story/amazon-to-add-120000-jobs-this-holiday-season-2017-10-12", "time": 1507836345.0, "sentiment": ""}, {"id": 97568308, "text": "IBD notes relatively weak &quot;technical&quot; metric scores for Apple (AS a stock), but it keeps holding and $157 clears and new high coming. $AAPL", "time": 1507835955.0, "sentiment": ""}, {"id": 97568158, "text": "$GOOG $TSLA $AMZN $NVDA $FB $AAPL $NFLX $NTES goog well above pivotal research&#39;s new PT which is 970.", "time": 1507835887.0, "sentiment": ""}, {"id": 97567950, "text": "$AAPL &quot;this is the top&quot;", "time": 1507835776.0, "sentiment": "Bullish"}, {"id": 97567841, "text": "$AAPL #Trading range today: 155.75. to 156.98. Above 156.98 Bullish, Below 155.75. Bearish. #Trade Smart #Techstock!", "time": 1507835713.0, "sentiment": ""}, {"id": 97567608, "text": "$AAPL $160, Friday Fish \ud83d\udc20 Frying!", "time": 1507835601.0, "sentiment": "Bullish"}, {"id": 97566275, "text": "$AAPL heading for 154..", "time": 1507834789.0, "sentiment": "Bearish"}, {"id": 97565636, "text": "$DISH https://www.yahoo.com/entertainment/t-warns-investors-heavy-q3-002055016.html More evident that they need to make a move soon. Need to sale to $DIS $AAPL $FB $GOOG", "time": 1507834314.0, "sentiment": ""}, {"id": 97565143, "text": "#Facebook Inc (FB) Stock: Will #Zuckerberg&#39;s #VR Gamble Payoff? $FB $GOOGL $AAPL https://amigobulls.com/articles/79983-facebook-inc-fb-stock-will-zuckerbergs-vr-gamble-payoff", "time": 1507833904.0, "sentiment": ""}, {"id": 97564406, "text": "$AAPL This WhatsUp group is JUST about the Apple stock as a short and long term trading. https://chat.whatsapp.com/invite/63ethfIq4kUEjsog5IiPwj#", "time": 1507833337.0, "sentiment": ""}, {"id": 97563398, "text": "$AAPL JPM, Blackrock and Warren are waiting for you today to buy shares, in order to cash out before earnings and screw you off", "time": 1507832514.0, "sentiment": "Bearish"}, {"id": 97563394, "text": "$AAPL still looking for that 158 this week. https://youtu.be/ZPq3Z1Qhoxc\n$SPX $SPY $QQQ", "time": 1507832513.0, "sentiment": "Bullish"}, {"id": 97563191, "text": "$AAPL little PM volume ?", "time": 1507832335.0, "sentiment": ""}, {"id": 97562894, "text": "$AAPL So if you&#39;re posting about &quot;Insider Selling&quot; with regards to scheduled sale by insiders, it tells everyone here you&#39;re a bit clueless", "time": 1507832104.0, "sentiment": "Bullish"}, {"id": 97562168, "text": "$AAPL Sure are a lot of very small share quantities being traded this am.", "time": 1507831281.0, "sentiment": ""}, {"id": 97562139, "text": "$AAPL Oct 10 and Oct 5 th \n\nSome insider selling \n\nBut often insiders r clueless", "time": 1507831241.0, "sentiment": ""}, {"id": 97561902, "text": "$AAPL Survey reveals ultra high iPhone ownership among U.S. teens. https://stocknews.com/news/aapl-u-s-teenagers-are-still-in-love-with-the-apple-inc/", "time": 1507830864.0, "sentiment": ""}, {"id": 97561225, "text": "Half of $AAPL executives sold their shares last week. Historic insider selloff.", "time": 1507829779.0, "sentiment": "Bearish"}, {"id": 97561185, "text": "$AAPL NEW INSIDER 2017-10-10 18:31:25 AAPL Riccio Daniel J. SVP S - Sale $155.01 -15,642 46,923 -25% -$2,424,666 http://openinsider.com/search?q=aapl", "time": 1507829701.0, "sentiment": "Bearish"}, {"id": 97560963, "text": "$AAPL I love the apple watch!", "time": 1507829248.0, "sentiment": "Bullish"}, {"id": 97560935, "text": "$AAPL Implied Volatility in 15-Dec-17 Expiration is down -2.3% https://marketchameleon.com/Overview/AAPL/OptionSummary/", "time": 1507829196.0, "sentiment": ""}, {"id": 97560736, "text": "$HMNY $NFLX $AAPL Every &#39;disruptive&#39; service/product have big impact on stock price, look at Apple/Netflix/Amazon/Tesla and now Moviepass.", "time": 1507828931.0, "sentiment": "Bullish"}, {"id": 97560267, "text": "$AAPL volume, volume , we need volume to push this higher!!!", "time": 1507827738.0, "sentiment": "Bullish"}, {"id": 97560243, "text": "$AAPL Bears into hibernation mode NOW!", "time": 1507827659.0, "sentiment": "Bullish"}, {"id": 97559855, "text": "@SwingTraderAmos $AAPL Down 24 cents on 2094 shares traded in Frankfurt. Oh, The Humanity .. !!!", "time": 1507826358.0, "sentiment": ""}, {"id": 97559135, "text": "$AAPL I must say the Apple watch looks worse than likes of a little kids toy watch and not fashionable at all like my Patek Philippe", "time": 1507824337.0, "sentiment": "Bearish"}, {"id": 97559085, "text": "$AAPL trotted by my local apple establishment and saw a bunch of workers and 3 on lookers", "time": 1507824140.0, "sentiment": "Bearish"}, {"id": 97558806, "text": "$AAPL estimates distribution - here\u2019s what 360 Estimize analysts are expecting $AAPL to report for Q4 [Reporting 11/02 AMC]\nhttp://www.estimize.com/intro/aapl?utm_content=AAPL&amp;amp;utm_medium=eps_update&amp;amp;utm_source=stocktwits#chart=historical", "time": 1507823178.0, "sentiment": ""}, {"id": 97558410, "text": "$AAPL Thank you Apple I\u2019ve always wanted to buy my dog these treats\n\nToday that life long dream came true \n\nBlessed", "time": 1507821534.0, "sentiment": ""}, {"id": 97558369, "text": "$AAPL Opening in Frankfurt lower so far", "time": 1507821322.0, "sentiment": ""}, {"id": 97558282, "text": "$AAPL Almost 173,000 Watchers\n\nInvestors starting to take notice", "time": 1507820963.0, "sentiment": ""}, {"id": 97558142, "text": "$AAPL my iPhone 8 plus is beautiful. The gorilla glass is prestige. A beautiful specimen. Can\u2019t wait for the X!!! Trust...huge sales com in\u2019", "time": 1507820354.0, "sentiment": "Bullish"}, {"id": 97558086, "text": "$AAPL still not a clear long. either short or stay away", "time": 1507820128.0, "sentiment": ""}, {"id": 97557868, "text": "New video covering $USDCAD https://youtu.be/tYN05AosDgE $SPY $AAPL $TWTR $LNKD $FB $EURUSD $USDJPY $NZDUSD $USDCHF $NFLX $BTCUSD $GBPJPY", "time": 1507819021.0, "sentiment": ""}, {"id": 97557811, "text": "The Bull Market Roars on, but it\u2019s Time to Saddle up $FB $AMZN $AMD $AAPL $SNAP $TWTR $TSA $NVDA https://www.cityfalcon.com/blog/investments/bull-market-2018-explained/", "time": 1507818719.0, "sentiment": ""}, {"id": 97557522, "text": "$AAPL The ratio between AAPL and the dollar (UUP) looks stretched. What&#39;s next? #Apple #NowPlaying", "time": 1507817589.0, "sentiment": ""}, {"id": 97557293, "text": "@Mile1986 Sold $AAPL to buy $BABA Yayyyyyy", "time": 1507816942.0, "sentiment": ""}, {"id": 97556846, "text": "Dice Ideal Employers: $GOOG, $AMZN, $MSFT, $AAPL, $FB, $DIS, $IBM, $JPM, $UNH, $TSLA, $CSCO, $LMT, $T, $ORCL, $CRM  http://crweworld.com/article/news-provided-by-pr-newswire/154223/google-tops-the-first-ever-dice-list-of-ideal-employers-for-tech-professionals", "time": 1507815343.0, "sentiment": ""}, {"id": 97554459, "text": "Apple&#39;s Golden Middle Age\n https://seekingalpha.com/article/4113052?source=ansh $AAPL, $SSNLF", "time": 1507809519.0, "sentiment": ""}, {"id": 97553300, "text": "Price Returns vs Expected Daily Move $ABBV $AMD $KR $EEM $AAPL $MSFT $C $BAC $T $MU $GE $VXX http://tinyurl.com/y7zbwhgq", "time": 1507807499.0, "sentiment": ""}, {"id": 97553259, "text": "$AAPL why the fk does Dan the Nose (fast money) hate Apple so much.  Must have been short and lost his arse.", "time": 1507807437.0, "sentiment": "Bullish"}, {"id": 97553071, "text": "$ES_F $SPY $SPX $AAPL Come on doooown... $STUDY #ATH #TopCaller", "time": 1507807141.0, "sentiment": ""}, {"id": 97552208, "text": "Here\u2019s what 358 Estimize analysts believe $AAPL will report for Q4 2017 revenue [Reporting 11/02 AMC]\nhttp://www.estimize.com/intro/aapl?utm_content=AAPL&amp;amp;utm_medium=eps_update&amp;amp;utm_source=stocktwits#chart=historical", "time": 1507805893.0, "sentiment": ""}, {"id": 97552206, "text": "How five tech giants make their billions ($AAPL $GOOGL $MSFT $AMZN $FB) https://t.co/ql0LeWnRgb", "time": 1507805891.0, "sentiment": ""}, {"id": 97551958, "text": "$AAPL Shaping up nicely. Big move is coming up. Have been adding Jan 18 calls on every dip.", "time": 1507805444.0, "sentiment": "Bullish"}, {"id": 97551239, "text": "http://www.barrons.com/articles/apple-iphone-enters-supercycle-watch-demand-second-to-none-1507737844 $AAPL", "time": 1507804441.0, "sentiment": ""}, {"id": 97551228, "text": "$AAPL more good news. It\u2019s adding up. Algos will forget all the bad press in no time and turn up the buying soon.165 by 10/27 iphone X", "time": 1507804425.0, "sentiment": ""}, {"id": 97551183, "text": "$AAPL keep shorting", "time": 1507804359.0, "sentiment": "Bearish"}, {"id": 97551146, "text": "$HMNY $BW $AAPL $SNAP $AMD $GOOG $AMZN $FB \n\nThey say even death can&#39;t cure an idiot.", "time": 1507804316.0, "sentiment": ""}]