[{"id": 98331372, "text": "$AAPL Take advantage! I sold aapl in the 90&#39;s for a 200% profit at $30!  Makes me sick - I could have owned an island by now had I held!", "time": 1508432063.0, "sentiment": "Bullish"}, {"id": 98330849, "text": "$AAPL China says buy the dip!!!", "time": 1508430843.0, "sentiment": "Bullish"}, {"id": 98330807, "text": "$AAPL moron seller here", "time": 1508430762.0, "sentiment": ""}, {"id": 98330672, "text": "$AAPL why is this low today? I couldn&#39;t find any significant cause. Any ideas !!!?", "time": 1508430469.0, "sentiment": ""}, {"id": 98330625, "text": "$AAPL 154 or lower by EOW and 170 just before earnings Q1 2017. We\u2019re due for a market correction as well so be safe folks", "time": 1508430347.0, "sentiment": ""}, {"id": 98330596, "text": "$AAPL futures 30 points above lows--- AAPL lagging and will get back to 158.777", "time": 1508430244.0, "sentiment": ""}, {"id": 98330531, "text": "$AAPL this is where u buy this ahead of X and durong flight to safety", "time": 1508429993.0, "sentiment": "Bullish"}, {"id": 98330484, "text": "Share an idea on $AAPL buy Aapl", "time": 1508429829.0, "sentiment": "Bullish"}, {"id": 98330464, "text": "$AAPL and GE Deep partnership.  Nice!", "time": 1508429746.0, "sentiment": ""}, {"id": 98330367, "text": "$AAPL sma50 Daily is 158.10  -- SO", "time": 1508429534.0, "sentiment": ""}, {"id": 98330309, "text": "$SPY $BABA $AMZN $AAPL $FB $TSLA $BAC $TWTR $DIS $GILD $ADBE $AMD $SVXY  it\u2019s oh crap day guys", "time": 1508429321.0, "sentiment": "Bullish"}, {"id": 98330171, "text": "#Microsoft investors scratch the #Surface for hardware value $MSFT $AAPL $GOOGL $GOOG $NVDA https://investorplace.com/2017/10/microsoft-corporations-new-surface-tablet-isnt-a-stock-game-changer-yet/", "time": 1508428847.0, "sentiment": ""}, {"id": 98330167, "text": "$AAPL BAM!", "time": 1508428835.0, "sentiment": "Bearish"}, {"id": 98330143, "text": "$AAPL I own at least 10 aapl products - every mutual fund has to buy it&#39;s only gone up - but way to many phones, short term top with X", "time": 1508428757.0, "sentiment": ""}, {"id": 98329960, "text": "Ahead of #Earnings, Investors Hoping #Amazon Can Catch #FAANG Climb $AMZN $FB $NFLX $GOOGL $WFM $KSS $AAPL https://investorplace.com/2017/10/as-amazon-com-inc-stock-trails-faang-peers-look-for-after-earnings-pop", "time": 1508428190.0, "sentiment": ""}, {"id": 98329935, "text": "$AMD $NVDA $FB $AAPL $ATVI what do tech stocks have to do with Spanish government ruling over Catalonia. Buy the dip.", "time": 1508428061.0, "sentiment": "Bullish"}, {"id": 98329840, "text": "$AAPL do you think the nasdaq will bounce back quickly?", "time": 1508427814.0, "sentiment": ""}, {"id": 98329824, "text": "$AAPL piece of .... cake!", "time": 1508427750.0, "sentiment": "Bullish"}, {"id": 98329796, "text": "$AAPL This will be a short lived dip. China&#39;s GDP for Q3 = 6.8%. Ah, poor babies.", "time": 1508427684.0, "sentiment": ""}, {"id": 98329708, "text": "$AAPL how many bought the 8 or wait for X - if you bought 8 you not getting X -if waiting for X than no 8 -they still sell 6&amp;7 - when&#39;s X1??", "time": 1508427477.0, "sentiment": "Bearish"}, {"id": 98329659, "text": "$QCOM trying to block $AAPL in Asia but AAPL lawsuit will give them time to get rid of QCOM and it\u2019s not QCOM like to see, target AAPL $165", "time": 1508427281.0, "sentiment": "Bullish"}, {"id": 98329640, "text": "$QQQ $SPY $AAPL Save us Kurodaaaaa... we beg yah", "time": 1508427213.0, "sentiment": ""}, {"id": 98329597, "text": "$AAPL massive run up", "time": 1508427107.0, "sentiment": ""}, {"id": 98329557, "text": "$AAPL this is overdue guys we&#39;ve had a massive up in this market", "time": 1508426998.0, "sentiment": ""}, {"id": 98329521, "text": "$UVXY Europe and China are Yuge black swans with 40% sub prime debt. $spy $aapl the real # folks $jnug", "time": 1508426892.0, "sentiment": ""}, {"id": 98329452, "text": "$AAPL Futures is red, what is going on?", "time": 1508426742.0, "sentiment": ""}, {"id": 98329404, "text": "$AAPL Premarket low so far = $156.85. Eleven trading days till ER. BTD!", "time": 1508426573.0, "sentiment": ""}, {"id": 98329382, "text": "$AAPL just dipped below $157 and bounced. Oh well, we can&#39;t have another 1987 meltdown so just going to sleep now", "time": 1508426500.0, "sentiment": ""}, {"id": 98329360, "text": "$AAPL woke up to a lot of crazy alerts. Red across the board.", "time": 1508426424.0, "sentiment": ""}, {"id": 98329338, "text": "$AAPL world isnt ending so BTFD", "time": 1508426335.0, "sentiment": ""}, {"id": 98329316, "text": "$AAPL BTFD cant stress that enough\ud83d\ude02", "time": 1508426293.0, "sentiment": ""}, {"id": 98329261, "text": "$SPY $AAPL $FB $UVXY $SVXY $AMZN $BABA $JNUG $TSLA Trump will $TWTR &amp; we will BTFD", "time": 1508426088.0, "sentiment": ""}, {"id": 98329217, "text": "$QQQ $spy $iwm $aapl $fb sky is falling? Why the drop?", "time": 1508425910.0, "sentiment": ""}, {"id": 98329170, "text": "$AAPL rocket man?", "time": 1508425814.0, "sentiment": ""}, {"id": 98328437, "text": "Update on $USDCAD https://youtu.be/DSNy8Z3k1u4 $USDJPY $EURUSD $GBPUSD $NZDUSD $SPY $BTCUSD $AAPL $FB $TWTR", "time": 1508423267.0, "sentiment": ""}, {"id": 98328151, "text": "$AAPL It&#39;s been an impressive 52-weeks for longs. Charting an Ichimoku beauty. [Weekly Chart] +40% since buy signal.", "time": 1508422102.0, "sentiment": ""}, {"id": 98327932, "text": "$AAPL until recent high at $160.87 is broken, it is a short now", "time": 1508421288.0, "sentiment": ""}, {"id": 98327904, "text": "$AAPL Be patients for X preorder, $165 isn\u2019t far away  #iphonex", "time": 1508421197.0, "sentiment": "Bullish"}, {"id": 98327745, "text": "@FrankRizzoJerky powder ready to buy $AAPL long money", "time": 1508420729.0, "sentiment": "Bullish"}, {"id": 98327598, "text": "$AAPL 155 tomorrow?", "time": 1508420331.0, "sentiment": "Bearish"}, {"id": 98327323, "text": "FT *Apple supplier TSMC cites declining sales | China Economic Daily report released AH correlating with stock decline. $AAPL $TSM $QQQ $SPY", "time": 1508419470.0, "sentiment": ""}, {"id": 98327013, "text": "$AAPL 157&#39;s in Frankfart....I&#39;ll be damned.....you people are that stupid", "time": 1508418616.0, "sentiment": ""}, {"id": 98326893, "text": "https://www.google.com/search?q=october+19%2C+1987&amp;oq=october+19%2C+1987&amp;aqs=chrome..69i57j0l5.6449j0j1&amp;sourceid=chrome&amp;ie=UTF-8  $SPX $ES_F $SPY $DIA $IWM $QQQ $AAPL $NFLX $AMZN", "time": 1508418288.0, "sentiment": ""}, {"id": 98326805, "text": "Here\u2019s what 388 Estimize analysts believe $AAPL will report for Q4 2017 revenue [Reporting 11/02 AMC]\nhttp://www.estimize.com/intro/aapl?utm_content=AAPL&amp;amp;utm_medium=eps_update&amp;amp;utm_source=stocktwits#chart=historical", "time": 1508418113.0, "sentiment": ""}, {"id": 98326756, "text": "$AAPL I&#39;m not a baker but....I knead the dough....bad!!!", "time": 1508417995.0, "sentiment": ""}, {"id": 98326527, "text": "$AAPL cut numbers on  Taiwan sales..", "time": 1508417403.0, "sentiment": ""}, {"id": 98326352, "text": "$AAPL http://info.localytics.com/blog/after-first-weekend-of-sales-iphone-8-shows-slower-adoption-to-previous-models", "time": 1508416927.0, "sentiment": ""}, {"id": 98326173, "text": "$AAPL buy and forget stock. Period.", "time": 1508416448.0, "sentiment": ""}, {"id": 98325917, "text": "$AAPL https://www.phonearena.com/news/And-the-main-reason-not-to-buy-the-iPhone-8-is...-iPhone-X-poll-results_id99064", "time": 1508415901.0, "sentiment": "Bearish"}, {"id": 98325389, "text": "$AAPL week dollar/ lower analyst estimates/ huge watch sales / great iPhone 7/8 sales and rising services = Earnings beat", "time": 1508414816.0, "sentiment": "Bullish"}, {"id": 98324755, "text": "$SPY $SPX $QQQ $DIA $IWM $USO $AAPL $GLD futures", "time": 1508413733.0, "sentiment": ""}, {"id": 98324624, "text": "$AAPL https://www.youtube.com/watch?v=rDRE-S9f-W0 Those who bought the &quot;fake&quot; dip", "time": 1508413503.0, "sentiment": "Bullish"}, {"id": 98324488, "text": "$AAPL Apple And Its Decoy Pricing For iPhone X $AAPL http://www.seekingalpha.com/article/4112991", "time": 1508413289.0, "sentiment": ""}, {"id": 98324412, "text": "$AAPL iPhone 8 is a decoy marketing strategy. Do your homework and check my previous posts on this.", "time": 1508413201.0, "sentiment": ""}, {"id": 98324188, "text": "Price Moves vs Expected Moves $IBM $MU $BAC $EEM $EWZ $FB $UNP $AAPL $VXX $XOP $T $NFLX http://tinyurl.com/y7zbwhgq", "time": 1508412857.0, "sentiment": ""}, {"id": 98323896, "text": "$AAPL Not gonna let some fruity ass article drag me down.......that Chinese article is filled with speculation crap!", "time": 1508412478.0, "sentiment": ""}, {"id": 98323827, "text": "$AAPL Iphone 8 plus in colors other than black are shipping Oct 24-26..........Iphone 7....Oct 20th....so where is demand more for Iphone 7?", "time": 1508412384.0, "sentiment": ""}, {"id": 98323723, "text": "$AAPL I mean these fake articles are like a redneck white trash family calling the cops on each other.....seriously....piss off", "time": 1508412243.0, "sentiment": ""}, {"id": 98323712, "text": "$AAPL Can someone explain to me how Iphone 7 is outselling the Iphone 8? Ship times....Iphone 7 10/20..........ship times Iphone 8 11/2.....", "time": 1508412214.0, "sentiment": ""}, {"id": 98323548, "text": "$AAPL I&#39;m like the Donald Trump of Stocktwits!!!!", "time": 1508412003.0, "sentiment": ""}, {"id": 98323428, "text": "Can Tech Companies Make Virtual Reality More Than Just a Tech Toy?\n\nhttps://buff.ly/2yyG2ox\n\n$AAPL $FB $GOOG $GOOGL", "time": 1508411833.0, "sentiment": ""}, {"id": 98323305, "text": "$AAPL Futures melting away......reminds me of November election night...Apple tanking.....futures falling out of control", "time": 1508411669.0, "sentiment": ""}, {"id": 98323225, "text": "$AAPL \nI\u2019m calling it now.\n\nApple will have to lower prices on  #iphoneX", "time": 1508411530.0, "sentiment": ""}, {"id": 98323150, "text": "Thursday\u2019s Watch Part 1: $ADBE $GILD $JUNO $AMD $AAPL $AMZN $FB $BABA $IBM $CMG $AMAT $BA $GOOGL $JD $CAT $CNAT \u263a\ufe0f\ud83d\ude18", "time": 1508411431.0, "sentiment": ""}, {"id": 98323116, "text": "$AAPL some so call Analysts used to make up / make a China story for their Own purpose  , because investors in US don&#39;t know China much..", "time": 1508411370.0, "sentiment": "Bullish"}, {"id": 98322976, "text": "$AAPL so call Analysts are evils. Chinese like to show rich  to eachother .How can they don&#39;t use aapl phone? most are waiting for X/10", "time": 1508411118.0, "sentiment": "Bullish"}, {"id": 98322662, "text": "$AAPL China wang fake news!!!  Rich  people in China  all  buy AAPL phone!", "time": 1508410689.0, "sentiment": "Bullish"}, {"id": 98322595, "text": "$AAPL Basteds..........selling off some ching chang China wang fake news!!! Split the nuts off the side of your face!", "time": 1508410566.0, "sentiment": ""}, {"id": 98322397, "text": "Prime dips on $AAPL $EBAY", "time": 1508410271.0, "sentiment": "Bullish"}, {"id": 98322353, "text": "$AAPL still waiting for those 2025 $25 puts... Said I&#39;d do .05 a piece... And that was at 110 last year guess could get better premiums now", "time": 1508410218.0, "sentiment": ""}, {"id": 98322089, "text": "$AAPL are you pumper?", "time": 1508409790.0, "sentiment": ""}, {"id": 98321823, "text": "$AAPL melania body double", "time": 1508409427.0, "sentiment": "Bearish"}, {"id": 98321769, "text": "$AAPL imo AAPL should stop selling i8 before more battery issues surface and concentrate on iPhone X for now on", "time": 1508409335.0, "sentiment": ""}, {"id": 98321763, "text": "$AAPL too much negative sentiment here, good time to buy on the dip tomorrow!", "time": 1508409327.0, "sentiment": ""}, {"id": 98321686, "text": "$AAPL Looked on the Apple site....the Iphone 7 out selling the 8? Where? Iphone 7 ship time Oct 20th......fake!!!!\n https://www.youtube.com/watch?v=a1Y73sPHKxw", "time": 1508409227.0, "sentiment": ""}, {"id": 98321616, "text": "$AAPL $200 before eoy 2018", "time": 1508409123.0, "sentiment": ""}, {"id": 98321573, "text": "$AAPL by now every person with brains knows that next 2Q&#39;s earning will be bad. But that won&#39;t stop AAPL from becoming the first $1T company", "time": 1508409064.0, "sentiment": ""}, {"id": 98321484, "text": "@Top_Caller bro go to sleep you&#39;re a pathetic troll. $AAPL", "time": 1508408950.0, "sentiment": "Bullish"}, {"id": 98321469, "text": "$AAPL analyst downgrades in the morning", "time": 1508408938.0, "sentiment": "Bearish"}, {"id": 98321450, "text": "$AAPL net AAPL back above $160 tomorrow morning", "time": 1508408919.0, "sentiment": ""}, {"id": 98321437, "text": "$AAPL watch for EU fines and taxes.", "time": 1508408901.0, "sentiment": "Bearish"}, {"id": 98321426, "text": "$AAPL most AH news are in Chinese stating the AAPL suppliers got downgraded due to lack of iPhone 8 demands and iPhone X delays.", "time": 1508408884.0, "sentiment": ""}, {"id": 98321395, "text": "$AAPL hahahaha. price cuts coming", "time": 1508408841.0, "sentiment": "Bearish"}, {"id": 98321247, "text": "$AAPL didn&#39;t you find it odd that they announced 8s and the X at the same time - my wife got an 8 last wk - I still like my 6 - short at 160", "time": 1508408642.0, "sentiment": ""}, {"id": 98321188, "text": "$AAPL they don&#39;t want the iPhone 8.", "time": 1508408571.0, "sentiment": "Bearish"}, {"id": 98321159, "text": "$AAPL this stocks a guillotine. will retest $90s. don&#39;t get caught in the way down", "time": 1508408544.0, "sentiment": "Bearish"}, {"id": 98320790, "text": "$AAPL damn this sucks, back to 105?? \n\nW\n\nT\n\nF", "time": 1508408116.0, "sentiment": ""}, {"id": 98320651, "text": "Data shows $AAPL is selling more 8+\u2019s than 8\u2019s. I\u2019m guessing they\u2019ll sell more X\u2019s than 8/8+ combined. Means ASPs going up by 25%", "time": 1508407891.0, "sentiment": "Bullish"}, {"id": 98320606, "text": "$AAPL Why is AAPL trending when ER isn&#39;t for 2 weeks?  Not a follower.", "time": 1508407844.0, "sentiment": ""}, {"id": 98320537, "text": "$AAPL down with Apple and market gets suckered punched. The Chinese ho down.", "time": 1508407749.0, "sentiment": "Bearish"}, {"id": 98320478, "text": "$AAPL looking for opportunities to add tomorrow", "time": 1508407665.0, "sentiment": ""}, {"id": 98320294, "text": "$AAPL Where are the headlines of this news on MAJOR providers.....I can&#39;t find anything yet!!!!", "time": 1508407484.0, "sentiment": ""}, {"id": 98320245, "text": "$Aapl the world has reached peak-Apple", "time": 1508407417.0, "sentiment": ""}, {"id": 98320053, "text": "$AAPL No Position  you aren&#39;t getting IPhone 8s for Christmas kids! Consumer reports behind 18 month old Samsungs http://bgr.com/2017/10/17/iphone-8-vs-galaxy-s8-consumer-reports-ranking/", "time": 1508407215.0, "sentiment": ""}, {"id": 98319915, "text": "$AAPL 1971", "time": 1508407043.0, "sentiment": "Bullish"}, {"id": 98319741, "text": "$DIS $AAPL https://www.macrumors.com/roundup/apple-vr-project/\nMatter of days! Let the force be with you!", "time": 1508406833.0, "sentiment": ""}, {"id": 98319692, "text": "$AAPL impossible $185 in 5 wks", "time": 1508406781.0, "sentiment": ""}, {"id": 98319681, "text": "$AAPL Pixel 2 image display", "time": 1508406771.0, "sentiment": "Bullish"}, {"id": 98319672, "text": "$AAPL I bet m guarantee you not", "time": 1508406761.0, "sentiment": ""}, {"id": 98319626, "text": "$AAPL iPhone 8 image display", "time": 1508406707.0, "sentiment": "Bullish"}, {"id": 98319581, "text": "$AAPL \u201cGot my Pixel 2! First impressions: setup is fantastic. Nice updates to Android UI. Camera is snappy. Wow, the screen is... not good.&quot;", "time": 1508406656.0, "sentiment": "Bullish"}, {"id": 98319244, "text": "$AAPL heard it here first 20&#39;S!", "time": 1508406304.0, "sentiment": "Bearish"}, {"id": 98319102, "text": "$AAPL The night time freaks come out now!!! what were you doing jerking it all day? Piss off!!!", "time": 1508406156.0, "sentiment": "Bullish"}, {"id": 98319028, "text": "$AAPL CHINA TO APPLE IS LIKE TUNA TO THE FISH", "time": 1508406090.0, "sentiment": ""}, {"id": 98319017, "text": "$AAPL DID I MENTION BEarish", "time": 1508406069.0, "sentiment": "Bearish"}, {"id": 98318992, "text": "$aapl 43!!!", "time": 1508406051.0, "sentiment": ""}, {"id": 98318889, "text": "$AAPL $75", "time": 1508405951.0, "sentiment": "Bearish"}, {"id": 98318847, "text": "Why most people screw up counter-trend trades: http://crackedmarket.com/2017/10/cmu-why-most-traders-screw-up-counter-trend-trades/ $SPY $SPX $QQQ $IWM $AAPL $BTC.X $STUDY", "time": 1508405924.0, "sentiment": ""}, {"id": 98318770, "text": "$AAPL I\u2019m may have to buy in early on this dip\ud83e\udd11\ud83e\udd11\ud83e\udd11\ud83e\udd11", "time": 1508405837.0, "sentiment": ""}, {"id": 98318735, "text": "Friday, at what time?\n$AAPL", "time": 1508405798.0, "sentiment": ""}, {"id": 98318497, "text": "$SPY continued its meltup on lower vol. finding support @ Tues record high. #Study $NFLX $QQQ $AAPL", "time": 1508405558.0, "sentiment": ""}, {"id": 98318432, "text": "$AAPL https://seekingalpha.com/article/4113588-takes-apple-reach-210-throughout-2018", "time": 1508405487.0, "sentiment": "Bullish"}, {"id": 98318272, "text": "$AAPL 2 week\u2019s shipping on IPhone 8\u2019s.......yep, they really cut orders I guess!!!", "time": 1508405341.0, "sentiment": "Bearish"}, {"id": 98318156, "text": "$AAPL https://seekingalpha.com/article/4113786-apple-bullish-surprise", "time": 1508405213.0, "sentiment": "Bullish"}, {"id": 98318140, "text": "$AMZN $GILD $AAPL $INTC $SHOP $MELI  Trade what you see , don&#39;t predict nor assume. Cut your losers and keep your winners! Good Night folks!", "time": 1508405199.0, "sentiment": "Bullish"}, {"id": 98318034, "text": "$AAPL looking good Sir\ud83e\udd11", "time": 1508405093.0, "sentiment": ""}, {"id": 98317967, "text": "$AAPL http://www.investopedia.com/news/why-apple-cheap-amid-richly-valued-techs/", "time": 1508405016.0, "sentiment": "Bullish"}, {"id": 98317859, "text": "$AAPL nothing to see here..see ya at open..low volume drop..hmm", "time": 1508404923.0, "sentiment": "Bullish"}, {"id": 98317725, "text": "$AAPL this is deliberate price manipulation.. AH.. Hold tight.. do not panic sell.", "time": 1508404776.0, "sentiment": "Bullish"}, {"id": 98317645, "text": "$AAPL still looking for the actual breaking news from a major site!!! I\u2019m waiting!!!!", "time": 1508404694.0, "sentiment": ""}, {"id": 98317393, "text": "$AAPL Damn!  I would be a toast, if I didn&#39;t take profit this afternoon.  This tells me not holding anything overnight.", "time": 1508404453.0, "sentiment": ""}, {"id": 98317172, "text": "The updated SS Indicator in Aggressive Mode really nailed the action on $AAPL today.", "time": 1508404219.0, "sentiment": ""}, {"id": 98316982, "text": "Apple and GE partner to bring Predix industrial apps to iPhone and iPad\n\nhttps://www.apple.com/newsroom/2017/10/apple-and-ge-partner-to-bring-predix-industrial-apps-to-iphone-and-ipad/\n\n$AAPL $GE", "time": 1508404047.0, "sentiment": ""}, {"id": 98316949, "text": "$AAPL Guys 134k shares AH? This is what Bears are dancing about? This dip won&#39;t even last the PM tomorrow. I thought it was 3mil shares :o)", "time": 1508404013.0, "sentiment": "Bullish"}, {"id": 98316924, "text": "$AAPL\nI hope you wouldn&#39;t quote him.", "time": 1508403986.0, "sentiment": ""}, {"id": 98316730, "text": "$AAPL I hope you don&#39;t get filled!", "time": 1508403824.0, "sentiment": ""}, {"id": 98316664, "text": "$AAPL while AH is often meaningless, this is why you need to obey your stops.  I sold my AAPL calls for a10% loss today.  Can rebuy tomorrow", "time": 1508403772.0, "sentiment": ""}, {"id": 98316341, "text": "$AAPL Higher than expected demand on the X over the lower margin 8- whats not to like about that? Use your heads folks or lose your money", "time": 1508403490.0, "sentiment": "Bullish"}, {"id": 98315856, "text": "$AAPL I don&#39;t even like Apple but this is red for no reason.", "time": 1508403061.0, "sentiment": ""}, {"id": 98315571, "text": "$AAPL  do they sell the watch at Wal Mart yet?", "time": 1508402811.0, "sentiment": ""}, {"id": 98315469, "text": "$AAPL Well, if the market accepts this news was real...so be it.....buying at 156 155 154 153 152 151 150 149 148 147 146 145 144 tomorrow", "time": 1508402720.0, "sentiment": "Bearish"}, {"id": 98315385, "text": "Dow ETFs Soar as the Index Hits 23,000 - https://buff.ly/2xPj2Os\n\n$AAPL $IBM $BA $MCD $UNH $JNJ $UDOW $DDM $DIA", "time": 1508402639.0, "sentiment": ""}, {"id": 98315354, "text": "$AAPL Iphone X will drive spike in smartphone sales https://www.cultofmac.com/508903/iphone-x-will-drive-worldwide-spike-smartphone-sales/", "time": 1508402616.0, "sentiment": "Bullish"}, {"id": 98315186, "text": "$AAPL https://www.youtube.com/watch?v=BzUWKSYjpgQ When they found Apple shares so low afterhours for no reason", "time": 1508402450.0, "sentiment": "Bullish"}, {"id": 98315146, "text": "$AAPL Just creating weakness so Institutions can accumulate at cheaper prices", "time": 1508402417.0, "sentiment": ""}, {"id": 98315081, "text": "$AAPL jesus christ sounds like the party started without me 150 on deck fast short tomorrow wooo hhooooo", "time": 1508402357.0, "sentiment": ""}, {"id": 98315075, "text": "$AAPL What does &quot;i8 cut a single 5 into&quot; What kind of shit is this crap..somebody shoot the bastard that wrote that article and published it", "time": 1508402354.0, "sentiment": ""}, {"id": 98315064, "text": "$BGFV actually $BGFV is looking better than even $GILD, $AAPL, $EBAY, $FCX", "time": 1508402346.0, "sentiment": "Bullish"}, {"id": 98315047, "text": "$AAPL $SPY $JD  $FCX $TSLA $LULU  $STUDY  $NFLX $NVDA   PowerTarget Trades live stream     \n https://www.youtube.com/channel/UCMJkbxkrOfSR7HZbD0s0oNg/live", "time": 1508402331.0, "sentiment": ""}, {"id": 98314938, "text": "$AAPL https://money.udn.com/money/story/5612/2765507?ref=tab20171019 Look at this link....article sound like a Chinese...Ah...i live in a house botch chop suey!!! Ching chang boom", "time": 1508402255.0, "sentiment": "Bullish"}, {"id": 98314675, "text": "Analysts covering Apple $AAPL expect 19% EPS growth  next year: https://simplywall.st/NasdaqGS:AAPL/apple/?utm_medium=stocktwits&amp;anchor=growth-in-earnings#growth-in-earnings", "time": 1508402037.0, "sentiment": ""}, {"id": 98314606, "text": "$AAPL see u all at $162 9:31am ET.  Get some rest kids this is for Adukts only", "time": 1508401968.0, "sentiment": "Bullish"}, {"id": 98314459, "text": "I am going to do another live stream people in about 10min. $AAPL $SPY $JD  $FCX $TSLA $LULU  $STUDY", "time": 1508401843.0, "sentiment": ""}, {"id": 98314418, "text": "Today $AAPL shows HOLD signal (TA) for short term. Technical analysis source: https://goo.gl/7ORADm", "time": 1508401808.0, "sentiment": ""}, {"id": 98314383, "text": "$AAPL china news is controlled by the gov&#39;t.  they want to buy apple shares more than Qualcomm so they create fake new to drop price. lol", "time": 1508401782.0, "sentiment": ""}, {"id": 98314379, "text": "$AAPL no...iPhone 8 shipments for nov and dec are half of what was originally projected", "time": 1508401773.0, "sentiment": ""}, {"id": 98314324, "text": "$AAPL -definitely going to be interesting tomorrow.  will opportunity to BTFD.  Lets all base our trading on UDN.com", "time": 1508401733.0, "sentiment": ""}, {"id": 98314186, "text": "$AAPL Sales will disappoint PT $96", "time": 1508401603.0, "sentiment": "Bearish"}, {"id": 98314175, "text": "$AAPL fuck happened? - algos?", "time": 1508401592.0, "sentiment": ""}]