[{"id": 127407103, "text": "$AAPL can be doing a flat from May peak &amp; while it remain above $160 then it&#39;s still expected to rally to new highs later on #elliottwave", "time": 1529446157.0, "sentiment": ""}, {"id": 127406464, "text": "$AAPL\n New Insider Filing On: \n AHRENDTS ANGELA J\nTransaction Code: M\n http://www.filingscanner.com/Alerts/AAPL.php", "time": 1529445981.0, "sentiment": ""}, {"id": 127406414, "text": "$AAPL Showing 3 swings from the peak but exceeding breaking below $182.7 will become 5 waves move #elliottwave", "time": 1529445967.0, "sentiment": ""}, {"id": 127406402, "text": "$AAPL $CAT $BA like this trade war drama .. Trump has to slap china if not now then never", "time": 1529445964.0, "sentiment": "Bullish"}, {"id": 127406339, "text": "Apple $AAPL, a Dow Jones Industrial stock moved below $185.10 completing a double top pattern", "time": 1529445951.0, "sentiment": ""}, {"id": 127405325, "text": "$AAPL cleaned out the garage, preparing for Lambo.", "time": 1529445680.0, "sentiment": "Bullish"}, {"id": 127405319, "text": "NEW POST: Unexploded Trade War Bombs https://marketchess.com/2018/06/19/unexploded-trade-war-bombs $AAPL $QQQ $SNAP $SPY $SRPT", "time": 1529445678.0, "sentiment": ""}, {"id": 127405254, "text": "2008 Case Study:  How to Profit from the Next Panic \n \nhttps://www.thefrugalprof.com/2008-financial-crisis-lessons-learned-for-investors/ \n \n$spy $AAPL $QQQ", "time": 1529445656.0, "sentiment": ""}, {"id": 127405236, "text": "$AAPL Close 183.76", "time": 1529445652.0, "sentiment": ""}, {"id": 127405025, "text": "$AAPL BLOCKS ON [Jun 19, 2018] FOR AAPL", "time": 1529445614.0, "sentiment": ""}, {"id": 127404706, "text": "$JD $NTNX $BABA $AAPL  great. stuck at hospital all morning while market is taking a bloodbath. #AppropriatePlace.", "time": 1529445535.0, "sentiment": ""}, {"id": 127404467, "text": "$AAPL thanks Trump! Anyone who continues to vote for this idiot is a fool! Ill vote Dem for the first time in 20 years b/c of him!", "time": 1529445475.0, "sentiment": "Bearish"}, {"id": 127403989, "text": "$AAPL $185 is the key level ..lets see if they bring it back over $185 on hours first", "time": 1529445356.0, "sentiment": ""}, {"id": 127403935, "text": "Checking my account this morning... $SPY $AAPL $QQQ $FB $AMZN $GOOGL $MU $NVDA $AMD $BABA $JD $BA $CAT", "time": 1529445339.0, "sentiment": ""}, {"id": 127403927, "text": "right back to 185 almost feels too obvious to short here $AAPL", "time": 1529445338.0, "sentiment": ""}, {"id": 127403836, "text": "$AAPL bottom was 184.00 call off the \ud83d\udc3b its bull time baby \ud83d\ude80 \ud83c\udf46", "time": 1529445306.0, "sentiment": "Bullish"}, {"id": 127403113, "text": "$AMZN $BABA $AAPL $IQ $TWTR $MU $MSFT $FB $NFLX never thought I\u2019d miss GW.", "time": 1529445106.0, "sentiment": ""}, {"id": 127402973, "text": "$AAPL Marge just had viagra", "time": 1529445075.0, "sentiment": ""}, {"id": 127402844, "text": "$NVDA $MU $TWTR  $FB $AAPL $AMZN  $GOOG $NFLX $x almost like my grandbabbies used to bounce on my knee", "time": 1529445045.0, "sentiment": ""}, {"id": 127402839, "text": "$AAPL good Bear blocking today.", "time": 1529445044.0, "sentiment": ""}, {"id": 127402593, "text": "$AAPL $MU $AMD Bottom is in imo barring any new news", "time": 1529444981.0, "sentiment": "Bullish"}, {"id": 127402292, "text": "Great quick read! \ud83d\udcda $F $MU $AAPL", "time": 1529444909.0, "sentiment": ""}, {"id": 127402224, "text": "$AAPL we just stack gains \ud83e\udd37\ud83c\udffc\u200d\u2642\ufe0f\ud83e\udd11", "time": 1529444892.0, "sentiment": ""}, {"id": 127402128, "text": "$SPY $AAPL when we start breaking really important levels on stocks, then talk to me, or otherwise just enjoy the shake and bake.", "time": 1529444865.0, "sentiment": ""}, {"id": 127402075, "text": "$AAPL Bring this down to 160, so that Tim Cook can run to Casa Blanco to tell the mad man to stop nonsense.", "time": 1529444852.0, "sentiment": ""}, {"id": 127402026, "text": "$AAPL Market Positioning is Very Overweight. CrowdThnk&#39;s Algo forecasts 55% chance Moving Lower: https://crowdthnk.com/stocks/AAPL", "time": 1529444842.0, "sentiment": ""}, {"id": 127401968, "text": "$AAPL administration has told Apple Tim Cook that iPhones won\u2019t be hit by the proposed tariffs https://www.bloomberg.com/news/articles/2018-06-19/trump-casts-china-tariff-net-wider-and-catches-u-s-consumers", "time": 1529444825.0, "sentiment": "Bullish"}, {"id": 127401865, "text": "$AAPL  \nOut of style and touch with consumers. Failure to innovate. Buy FIT instead.", "time": 1529444797.0, "sentiment": "Bearish"}, {"id": 127401853, "text": "$AAPL Just on time to avoid the hardware fate of IBM #WakeUpCall", "time": 1529444794.0, "sentiment": "Bearish"}, {"id": 127401729, "text": "$AAPL it\u2019s so amusing to read all of these BS posts from \u201ctrade experts.\u201d  You know nothing. It\u2019s a shit show people. Get over yourselves.", "time": 1529444763.0, "sentiment": ""}, {"id": 127401646, "text": "$AAPL interesting bounce", "time": 1529444741.0, "sentiment": ""}, {"id": 127401441, "text": "$BABA $MU $NVDA $WDC $AVGO $AAPL $LRCX $AMAT FS I hate U Trump for your non-stop tariffs slaps on China. Please stop this nonsense trade war", "time": 1529444694.0, "sentiment": ""}, {"id": 127401215, "text": "$AAPL All the fools chasing this. stop.. dont forget this is apple. They will manipulate this lower. PT 170 even 165", "time": 1529444630.0, "sentiment": ""}, {"id": 127401055, "text": "$AAPL $185 7/20 call", "time": 1529444590.0, "sentiment": "Bullish"}, {"id": 127400873, "text": "$AAPL $SPX support 2744 ..lets see", "time": 1529444544.0, "sentiment": ""}, {"id": 127400810, "text": "$TWTR $MU $LVMUY $JWN $PYPL $CG $AAPL $EL $MSFT  \ud83d\udea8", "time": 1529444525.0, "sentiment": "Bullish"}, {"id": 127400666, "text": "$AAPL if the prior ATH does not hold on a closing basis, oh boy.", "time": 1529444487.0, "sentiment": ""}, {"id": 127400374, "text": "$AAPL dam think I&#39;m gona have to buy more", "time": 1529444417.0, "sentiment": ""}, {"id": 127400230, "text": "$AAPL I\u2019m lovin it!", "time": 1529444386.0, "sentiment": ""}, {"id": 127400159, "text": "$AAPL ok- after waiting since $190 I just got into Calls (July exp)", "time": 1529444371.0, "sentiment": "Bullish"}, {"id": 127400101, "text": "$AAPL I pray that y\u2019all are not long...please close ASAP", "time": 1529444358.0, "sentiment": ""}, {"id": 127400039, "text": "@TonyYayo IMO, best short term support for $AAPL is around $180, but that&#39;s pretty weak &amp; really, there isn&#39;t much until the $170-ish area.", "time": 1529444345.0, "sentiment": ""}, {"id": 127400035, "text": "$SPY $QQQ $IWM $AAPL  Good morning!...", "time": 1529444344.0, "sentiment": ""}, {"id": 127399916, "text": "$AAPL WTF. Where are the dip buyers. Please call them asap.", "time": 1529444318.0, "sentiment": ""}, {"id": 127399882, "text": "$AAPL did a stupid thing and bought a call", "time": 1529444307.0, "sentiment": ""}, {"id": 127399658, "text": "Nice drop $AAPL if played along", "time": 1529444248.0, "sentiment": ""}, {"id": 127399458, "text": "$SPY I knew $aapl was gonna be trashed... really wish i had money for puts last week.", "time": 1529444204.0, "sentiment": ""}, {"id": 127399309, "text": "@GenerousY $AAPL at these levels, I sure hope so ! :)", "time": 1529444173.0, "sentiment": "Bullish"}, {"id": 127399235, "text": "$SPY $aapl is down over 5% from its june 7 high", "time": 1529444155.0, "sentiment": ""}, {"id": 127399232, "text": "$AAPL the run is over ....back to $160", "time": 1529444154.0, "sentiment": "Bearish"}, {"id": 127399151, "text": "$AAPL short term support for this?  Any suggestions; got in at 186 and about to cut my losses", "time": 1529444133.0, "sentiment": ""}, {"id": 127399070, "text": "$AAPL #Trump \u2665", "time": 1529444114.0, "sentiment": "Bullish"}, {"id": 127398990, "text": "$SPY $aapl is basically collapsing", "time": 1529444092.0, "sentiment": ""}, {"id": 127398856, "text": "$AAPL I am going back to sleep, and when I wake up, this is a dream.", "time": 1529444060.0, "sentiment": ""}, {"id": 127398800, "text": "$AAPL there a bottom on this today? Jeez", "time": 1529444047.0, "sentiment": ""}, {"id": 127398763, "text": "$AAPL so far so right \ud83e\udd37\ud83c\udffc\u200d\u2640\ufe0f", "time": 1529444036.0, "sentiment": ""}, {"id": 127398431, "text": "$AAPL 20 \npoonts to go and then I buy for dead cat bounce", "time": 1529443956.0, "sentiment": ""}, {"id": 127398341, "text": "$AAPL Remember this day Apple Bulls no stock is foolproof no matter how much bS the company throws at you", "time": 1529443931.0, "sentiment": ""}, {"id": 127398281, "text": "$AAPL major support here folks hmmm do we bounce ?", "time": 1529443916.0, "sentiment": ""}, {"id": 127398058, "text": "$AAPL $175 Incoming within this week.", "time": 1529443859.0, "sentiment": ""}, {"id": 127398008, "text": "$AAPL Apple new feature. When the price drops, more money comes in from an external source. \ud83d\udcb5\ud83d\udcb0\ud83d\udcb8\ud83d\udcb0", "time": 1529443847.0, "sentiment": "Bullish"}, {"id": 127397941, "text": "$AAPL mind as well tag the 50-day moving average down at $182.23 and just get it over with. Maybe a ricochet bounce there.", "time": 1529443830.0, "sentiment": ""}, {"id": 127397831, "text": "$AAPL the support is broken?", "time": 1529443804.0, "sentiment": "Bearish"}, {"id": 127397516, "text": "$AAPL DROP DROP DROP THANK YOU TRUMP", "time": 1529443725.0, "sentiment": "Bearish"}, {"id": 127397434, "text": "$AAPL buffet is loading somewhere with his pile of cash.", "time": 1529443702.0, "sentiment": ""}, {"id": 127397314, "text": "$AAPL 10 \npoints wiped out since high . Can always count on Apple", "time": 1529443671.0, "sentiment": ""}, {"id": 127397141, "text": "$AAPL taking out 184 now . Nice !", "time": 1529443633.0, "sentiment": ""}, {"id": 127397097, "text": "$AAPL sorry this is my fault, last time i bought in near the top it sunk $20 to 150", "time": 1529443623.0, "sentiment": ""}, {"id": 127397040, "text": "https://www.youtube.com/watch?v=L842mz-tNBQ $QQQ $TQQQ $SOXX $SOXL $FNGU $TNA $REMX $BZUN $AMD $JD $TSLA $AAPL $EEM $OSTK", "time": 1529443609.0, "sentiment": ""}, {"id": 127396796, "text": "&quot;If reports are accurate, $AAPL has ordered 45M panels for high-end 6.5 inch, 25M for 5.8-inch OLED, 30M LCD screens&quot; https://appleinsider.com/articles/18/06/19/2018-high-end-iphone-x-plus-expected-to-be-just-as-popular-as-iphone-x", "time": 1529443547.0, "sentiment": ""}, {"id": 127396698, "text": "$AAPL this a is a nothing burger. Trump be Trump.", "time": 1529443520.0, "sentiment": ""}, {"id": 127396644, "text": "$AAPL holy. Sheeeeeit. It&#39;s back to where it was a month ago.", "time": 1529443507.0, "sentiment": ""}, {"id": 127396612, "text": "Everyone on here uses the &quot;its best long term stock&quot; line when its selling off but you&#39;re averaged down into OTM weekly calls lol $AAPL hmm", "time": 1529443500.0, "sentiment": ""}, {"id": 127396584, "text": "$SPY $AAPL #FaangReef   ichimokuuu...", "time": 1529443490.0, "sentiment": ""}, {"id": 127396296, "text": "$AAPL potential apple boycott in China", "time": 1529443418.0, "sentiment": ""}, {"id": 127395846, "text": "$AAPL rotten Apples.... see ya at $160 by September", "time": 1529443314.0, "sentiment": "Bearish"}, {"id": 127395275, "text": "$HUYA BLNK very bullish. $HUYA $BLNK $AAPL $INFI", "time": 1529443175.0, "sentiment": ""}, {"id": 127395230, "text": "$GEVO so everyone over at $AAPL not seeing $GEVO ok \ud83e\udd17\ud83d\ude0e", "time": 1529443167.0, "sentiment": "Bullish"}, {"id": 127395010, "text": "$AAPL It\u2019s bears day &amp; have fun with it while it last! Me? I\u2019ll be patiently waiting for solid greens long term! I\u2019ll take a nice break, bye", "time": 1529443104.0, "sentiment": "Bullish"}, {"id": 127394835, "text": "$AAPL it\u2019s not possible to just take an elevator down to $175", "time": 1529443057.0, "sentiment": ""}, {"id": 127394660, "text": "$AAPL oh good this is happening again. everytime i buy apple", "time": 1529443014.0, "sentiment": ""}, {"id": 127394658, "text": "$SPY $aapl new LOD", "time": 1529443013.0, "sentiment": ""}, {"id": 127394258, "text": "$AAPL like I said, 170$ - 175$ coming", "time": 1529442921.0, "sentiment": "Bearish"}, {"id": 127394202, "text": "$AAPL $175 - $180 this week? possible. Buy more if you don&#39;t want it to drops bull....:)", "time": 1529442906.0, "sentiment": ""}, {"id": 127394041, "text": "$AAPL I\u2019m long term investor/trader. Day to day fluctuations don\u2019t bother me! I think long term &amp; invest/trade smartly! Dips are reality!!!", "time": 1529442864.0, "sentiment": "Bullish"}, {"id": 127393980, "text": "$AAPL stop hit on the rest of the swing trade +10.58 per share +6% have the let it ride position left. Will also put back on watch for swing", "time": 1529442848.0, "sentiment": ""}, {"id": 127393930, "text": "$AMZN $BABA $AAPL $IQ $TWTR $MU $MSFT $FB $NFLX", "time": 1529442837.0, "sentiment": ""}, {"id": 127393747, "text": "Fun days for the bears\n$SPY $DIA $IWM $AAPL $BABA $BA", "time": 1529442794.0, "sentiment": ""}, {"id": 127393740, "text": "$AAPL trade wars and the perfect recipe for economic meltdown - good job \u2018mmmmerica electing this bum for pres!", "time": 1529442792.0, "sentiment": ""}, {"id": 127393635, "text": "We used  $AAPL $XLK $NQ_F to explain the short term view and why 3 waves bounce will be soon taking place #elliottwave", "time": 1529442764.0, "sentiment": ""}, {"id": 127393451, "text": "$AAPL \ud83e\udd11 come to papa", "time": 1529442713.0, "sentiment": "Bullish"}, {"id": 127393437, "text": "$AAPL Leverage China has to retaliate?  Further incursions into the South China Sea, not rein in North Korea, call all our debt they own....", "time": 1529442710.0, "sentiment": ""}, {"id": 127393079, "text": "no longs under 185 $AAPL in the abyss now", "time": 1529442627.0, "sentiment": ""}, {"id": 127392953, "text": "$AAPL trade wars are too noisy right now &amp; disrupting overall market! I\u2019ll take the paper losses &amp; not sell! I\u2019ll take deep breath &amp; relax!!", "time": 1529442598.0, "sentiment": "Bullish"}, {"id": 127392889, "text": "$AAPL thanks for the trade war; I&#39;m sure this will solve everything.", "time": 1529442582.0, "sentiment": ""}, {"id": 127392855, "text": "185 2x break $AAPL cya", "time": 1529442575.0, "sentiment": ""}, {"id": 127392530, "text": "$AAPL I wish this goes down real hard. I wanna get this for some clients.", "time": 1529442497.0, "sentiment": ""}, {"id": 127392386, "text": "not hearing much on here today everyone ok? $AAPL", "time": 1529442462.0, "sentiment": ""}, {"id": 127392302, "text": "$AAPL gonna load the bank here", "time": 1529442444.0, "sentiment": ""}, {"id": 127392298, "text": "$AAPL $SPY $QQQ Tariffs aside, Trump is under estimating effect of stirred up anti American sentiments around the world. Boycott inevitable", "time": 1529442443.0, "sentiment": ""}, {"id": 127392232, "text": "$TSLA $VIX $AAPL $AMD... Vix $11 July 3rd calls. Let\u2019s go baby. Keep the market volatility up. Trade war Uncertainty makes money \ud83d\udcb4", "time": 1529442425.0, "sentiment": "Bullish"}, {"id": 127392203, "text": "$AAPL $185 support broken easily, not good.", "time": 1529442420.0, "sentiment": ""}, {"id": 127392001, "text": "man this is so sketchy you cant be long here, if loses 185 again going to waterfall sell but also can randomly bounce $AAPL", "time": 1529442373.0, "sentiment": ""}, {"id": 127391948, "text": "$AAPL the dips are opportunity time! Can\u2019t wait for W Buffett to scoop up these dips! Buffett is eager to buy more AAPL shares! Go Buffett!", "time": 1529442359.0, "sentiment": "Bullish"}, {"id": 127391761, "text": "$AAPL China will most likely boycott all Apple products with trade war escalation\ud83d\udc4e\ud83c\udffb just like they did with Japanese cars", "time": 1529442314.0, "sentiment": ""}, {"id": 127391746, "text": "Can Wreck it Trump stop trying to break the stock market please. $SPY $AAPL $TSLA", "time": 1529442311.0, "sentiment": ""}, {"id": 127391610, "text": "$SPY $AAPL $NFLX $TSLA $IQ $UVXY $TWTR $AMD $BTC.X $ETH.X $NVDA $NUGT $FB $BABA $BIDU $C $AMZN $GOOGL", "time": 1529442274.0, "sentiment": ""}, {"id": 127391434, "text": "$AAPL Buy backs already happened", "time": 1529442231.0, "sentiment": ""}, {"id": 127391311, "text": "$AAPL Too big to drop. Keep buying more folks. Cheers", "time": 1529442206.0, "sentiment": ""}, {"id": 127391302, "text": "$AAPL Warren Buffets quarterly will show he sold Apple this quarter after the run up", "time": 1529442205.0, "sentiment": ""}, {"id": 127391284, "text": "$AAPL wow how did he know lol", "time": 1529442199.0, "sentiment": ""}, {"id": 127391197, "text": "$AAPL can\u2019t wait for the the GIGANTIC $100 BILLIONS BUYBACKS to get executed! Go AAPL administrators &amp; let the Buybacks kick in! I\u2019m waiting", "time": 1529442179.0, "sentiment": "Bullish"}, {"id": 127391154, "text": "Not a lot of good potential support areas for $AAPL at this point. Weak support around 185 and 180. Biggest supply comes in 170-180.", "time": 1529442169.0, "sentiment": ""}, {"id": 127391146, "text": "$AAPL buy backs kicking in", "time": 1529442166.0, "sentiment": "Bullish"}, {"id": 127391131, "text": "$AAPL Edwin you could have sold over 190 and bought back at 184 Trump or no Trump", "time": 1529442161.0, "sentiment": ""}, {"id": 127390917, "text": "Broke, anything under here is no touch for a long, above and can try $AAPL", "time": 1529442106.0, "sentiment": ""}, {"id": 127390859, "text": "$AAPL thats a looooong way down $SPY", "time": 1529442091.0, "sentiment": ""}, {"id": 127390816, "text": "$AAPL Time to buy. I called it on the 8th.", "time": 1529442079.0, "sentiment": ""}, {"id": 127390804, "text": "$SNAP $JD $MU $AMD $AAPL how many $200B dollars are we adding? I&#39;ve lost count.", "time": 1529442077.0, "sentiment": ""}, {"id": 127390735, "text": "$AAPL iPhones spared from tariffs, the side effect will still take a toll. China decides to &quot;China first&quot;&quot;boycott US&quot; \nhttps://www.cnbc.com/2018/06/18/trump-told-apple-ceo-iphones-will-be-spared-from-china-tariffs-report.html", "time": 1529442060.0, "sentiment": ""}, {"id": 127390531, "text": "$AAPL sure no tariffs but the phones gonna cost more to make you stupid bulls !!! Lol don\u2019t fuck with China", "time": 1529442017.0, "sentiment": ""}, {"id": 127390328, "text": "here we go $AAPL 185 if youre long i fear for that algo off it if it breaks", "time": 1529441974.0, "sentiment": ""}, {"id": 127390278, "text": "$AAPL", "time": 1529441964.0, "sentiment": ""}, {"id": 127390124, "text": "$AAPL This gets beaten up badly when everything else is going up. And suddenly one day it goes up and all the pundits come out of the woods!", "time": 1529441922.0, "sentiment": ""}, {"id": 127390021, "text": "$AAPL Support at 184-185??!?!?", "time": 1529441899.0, "sentiment": ""}, {"id": 127390012, "text": "$AAPL overall market is solid red due to Trump\u2019s trade war with China! Nothing to do with solid &amp; strong AAPL! Hold AAPL long term! PATIENCE", "time": 1529441898.0, "sentiment": "Bullish"}, {"id": 127389943, "text": "$AAPL still staying above 50 day.. Btfd", "time": 1529441880.0, "sentiment": ""}, {"id": 127389870, "text": "$AAPL i remember weeks ago when I said this stalled. And got lambasted for it. Welp, sorry bagholders from 190", "time": 1529441862.0, "sentiment": ""}, {"id": 127389301, "text": "$SPY $aapl bounced off support turned resistance", "time": 1529441717.0, "sentiment": ""}, {"id": 127389222, "text": "$AAPL it cannot be more obvious than that this manipulation by CNBC crooks", "time": 1529441697.0, "sentiment": ""}, {"id": 127389158, "text": "$AAPL Will be down over 2% today", "time": 1529441679.0, "sentiment": ""}, {"id": 127389118, "text": "$AAPL Let there be a big lesson to the bulls in this decade bull run. Keep buying more...", "time": 1529441668.0, "sentiment": ""}, {"id": 127388938, "text": "$AAPL Did cramer just give us a greenlight at 10 am \ud83d\ude02\ud83d\ude02\ud83d\ude02\ud83d\ude02", "time": 1529441621.0, "sentiment": "Bullish"}, {"id": 127388830, "text": "$AAPL Just shut up Jim Cramer stop manipulating", "time": 1529441591.0, "sentiment": ""}, {"id": 127388814, "text": "Top Implied #Volatility Gainers $EFA $SPY $DIA $UVXY $EEM $AAPL $IWM $MSFT $AMZN $QQQ $BAC $BA $JD $BIDU $FXI http://tinyurl.com/yd54v8v3", "time": 1529441589.0, "sentiment": ""}, {"id": 127388711, "text": "$AAPL can drop down into $180", "time": 1529441562.0, "sentiment": "Bearish"}, {"id": 127388643, "text": "$AAPL can head lower here today", "time": 1529441544.0, "sentiment": "Bearish"}, {"id": 127388587, "text": "Watch for a move lower in $AAPL", "time": 1529441528.0, "sentiment": "Bearish"}, {"id": 127387779, "text": "$AAPL Almost touching its 50 day which at 184.2 here. Not quite yet", "time": 1529441333.0, "sentiment": ""}, {"id": 127387713, "text": "$NFLX $400 \n$AAPL $200 \n$FB $200 \n$NVDA $300 \nNext stops", "time": 1529441320.0, "sentiment": "Bullish"}, {"id": 127387227, "text": "$AAPL Manipulation manipulation manipulation. Shorts will be burned soon", "time": 1529441184.0, "sentiment": ""}, {"id": 127387124, "text": "$AAPL leftover 182.50ps now a 3 bagger", "time": 1529441157.0, "sentiment": ""}, {"id": 127387074, "text": "$AAPL aggressively #BTD here. Bargain amid trade noise. #stocks #markets", "time": 1529441143.0, "sentiment": "Bullish"}, {"id": 127386861, "text": "$AAPL RSI on5 min and 1 hrour charts is in low teens 12 to 15 there got to be a huge bounce soon way oversold", "time": 1529441090.0, "sentiment": ""}, {"id": 127386457, "text": "$aapl down 2.5$ today,remmeber last few days  wkly 192.5 put block post (premium)&gt;", "time": 1529440986.0, "sentiment": ""}, {"id": 127386271, "text": "$NVDA $MU $TWTR  $FB $AAPL $AMZN  $GOOG $NFLX $X no funds for the dip but my bull puts jumped but now about to rot...", "time": 1529440938.0, "sentiment": "Bullish"}, {"id": 127386248, "text": "$AAPL My 1st Target is reached!  2nd Target Price $180.  3rd Target Price $175.  To those who laughed and name called me. SAD!", "time": 1529440931.0, "sentiment": ""}, {"id": 127385819, "text": "$AAPL ...CNBC, Jim Cramer...doing everything he can, to talk Apple, lower.  Must really, want shares.", "time": 1529440829.0, "sentiment": ""}, {"id": 127385749, "text": "$MSFT $AAPL China going to come back much harder in my opinion this time.  $AAPL is in trouble here.    180 this week", "time": 1529440815.0, "sentiment": "Bearish"}, {"id": 127385608, "text": "$AAPL Bargain, fire sale!!!!", "time": 1529440777.0, "sentiment": "Bullish"}]