[{"id": 127755444, "text": "Great job realizing the $AAPL gains!", "time": 1529628053.0, "sentiment": ""}, {"id": 127755322, "text": "$AAPL GET In this Pu****", "time": 1529628006.0, "sentiment": "Bullish"}, {"id": 127754166, "text": "Here\u2019s what 242 Estimize analysts believe $AAPL will report for Q3 2018 EPS [Reporting 07/31 AMC]\nhttp://www.estimize.com/intro/aapl?chart=historical&amp;metric_name=eps&amp;utm_content=AAPL&amp;utm_medium=eps_update&amp;utm_source=stocktwits", "time": 1529627597.0, "sentiment": ""}, {"id": 127754126, "text": "$AAPL has a Return On Equity of 42.02%. This is amongst the best returns in the industry. https://www.chartmill.com/analyze.php?utm_source=stocktwits&amp;utm_medium=FA&amp;utm_content=PROFITABILITY&amp;utm_campaign=social_tracking#/AAPL?r=fa&amp;key=bb853040-a4ac-41c6-b549-d218d2f21b32", "time": 1529627585.0, "sentiment": ""}, {"id": 127753871, "text": "$AAPL Options action - 70% calls / 30% puts", "time": 1529627493.0, "sentiment": ""}, {"id": 127753513, "text": "Most Active Equity Options And Strikes For Midday - Thursday, June 21 $AFSI $FOXA $AAPL $MU https://goo.gl/JQuUbN", "time": 1529627365.0, "sentiment": ""}, {"id": 127753138, "text": "Notable option activity https://yhoo.it/2tttwTx $MU $FB $NFLX $GE $AAPL $SBUX $AMD $AMZN $TSLA $ORCL", "time": 1529627226.0, "sentiment": ""}, {"id": 127752664, "text": "$FB the king. i tried to get clever and trade fb rip for $AAPL dip. but FB only stock you should ever buy", "time": 1529627049.0, "sentiment": ""}, {"id": 127752516, "text": "$AAPL $NVDA LOD. \n$FB HOD.", "time": 1529626995.0, "sentiment": ""}, {"id": 127752253, "text": "$AAPL they\u2019re making this too easy", "time": 1529626897.0, "sentiment": ""}, {"id": 127751566, "text": "$AAPL $SNAP $NAKD $CLPS $GEVO $FORD $AETI $LIFE $DAC $NVCN $BDR $YOGA $BSRC Charts 6/20/18  - https://youtu.be/-vlmFllhr-M", "time": 1529626647.0, "sentiment": ""}, {"id": 127751548, "text": "Current position $AAPL $BABA $FB $GSAT making it for a long term investment tired of day trading! Market will go backup soon.. GLTA", "time": 1529626641.0, "sentiment": "Bullish"}, {"id": 127750997, "text": "$AAPL may launch its AirPower wireless charger in September. https://investorplace.com/2018/06/apple-may-launch-airpower-in-september/", "time": 1529626448.0, "sentiment": ""}, {"id": 127749703, "text": "$SNAP $IQ $AAPL $NFLX  on YouTube\nhttps://youtu.be/lrJz9Dh5MsM.  Amazing news", "time": 1529625969.0, "sentiment": "Bullish"}, {"id": 127749394, "text": "$968,710.00 of bullish unusual option activity detected for $AAPL https://t.co/DhxSFMCLbl https://t.co/rfREnjRry0", "time": 1529625861.0, "sentiment": ""}, {"id": 127748902, "text": "$AAPL loaded up more at 185.25", "time": 1529625662.0, "sentiment": "Bullish"}, {"id": 127748866, "text": "Most Active Equity Options And Strikes For Midday June 21 - $AFSI, $FOXA, $AAPL, $MU \nhttp://www.theoptionsinsider.com/most-active-equity-options-and-strikes-for-midday-june-21-afsi-foxa-aapl-mu/", "time": 1529625650.0, "sentiment": ""}, {"id": 127748415, "text": "$AAPL  Every second Apple makes $4,540", "time": 1529625507.0, "sentiment": "Bullish"}, {"id": 127747361, "text": "$AAPL soon made in usa", "time": 1529625097.0, "sentiment": "Bearish"}, {"id": 127746726, "text": "$AAPL is this a good place to get in?", "time": 1529624861.0, "sentiment": ""}, {"id": 127746360, "text": "$AAPL load up. Good rvr", "time": 1529624725.0, "sentiment": "Bullish"}, {"id": 127746236, "text": "$AAPL why aapl down? need FANG go up to take market higher", "time": 1529624679.0, "sentiment": ""}, {"id": 127745962, "text": "$AAPL Goldman shorting it to 165", "time": 1529624589.0, "sentiment": ""}, {"id": 127745821, "text": "$AAPL hehehehhehe", "time": 1529624544.0, "sentiment": ""}, {"id": 127745798, "text": "$AAPL geeeeeez what a route thought u had an up daybheee", "time": 1529624537.0, "sentiment": ""}, {"id": 127745587, "text": "$AAPL bought a little here 185 calls this week exp let\u2019s see", "time": 1529624467.0, "sentiment": ""}, {"id": 127745497, "text": "$AAPL Bought that dip with light size. I like the 185 level.", "time": 1529624438.0, "sentiment": "Bullish"}, {"id": 127745361, "text": "$AAPL no bueno.", "time": 1529624391.0, "sentiment": "Bearish"}, {"id": 127745335, "text": "$AAPL I guess the longs now know we were right they were the buffet for warren", "time": 1529624380.0, "sentiment": ""}, {"id": 127745126, "text": "$AAPL whoa what a fuxcking reversal...", "time": 1529624313.0, "sentiment": ""}, {"id": 127745093, "text": "$AAPL THat is one ugly chart", "time": 1529624300.0, "sentiment": ""}, {"id": 127744914, "text": "$AAPL Wow this is worse than I thought", "time": 1529624238.0, "sentiment": ""}, {"id": 127744898, "text": "$AAPL this low volume market is dangerous. Ppl are not buying.", "time": 1529624232.0, "sentiment": ""}, {"id": 127744753, "text": "$AAPL under a bit of stress here. Average volume, atm.", "time": 1529624177.0, "sentiment": ""}, {"id": 127744696, "text": "This got rocked so hard from the highs $AAPL", "time": 1529624161.0, "sentiment": ""}, {"id": 127744568, "text": "Nice job! Keep Stacking $AAPL gains- love seeing you guys kill it and sell top", "time": 1529624120.0, "sentiment": ""}, {"id": 127744511, "text": "$IQ $MSFT $AAPL $FB $AMZN $NFLX $GOOG $HUYA $SOGO $BILI", "time": 1529624099.0, "sentiment": ""}, {"id": 127744499, "text": "$SPY $AAPL $INTC ker-plunk", "time": 1529624095.0, "sentiment": ""}, {"id": 127744471, "text": "$AAPL dividend don\u2019t mean shit when the stock sucks", "time": 1529624087.0, "sentiment": ""}, {"id": 127744461, "text": "$AAPL I blow my account fuck \ud83d\udc86\ud83c\udffb\u200d\u2642\ufe0f", "time": 1529624084.0, "sentiment": ""}, {"id": 127744411, "text": "$AAPL I will get for sure the wireless charging mat", "time": 1529624067.0, "sentiment": ""}, {"id": 127744359, "text": "$IQ $MSFT $AAPL $FB $AMZN $NFLX $GOOG $HUYA $SOGO $BILI", "time": 1529624049.0, "sentiment": ""}, {"id": 127744335, "text": "$AAPL us market lol full. Of theaves", "time": 1529624041.0, "sentiment": ""}, {"id": 127744209, "text": "$AAPL why is this shitting the bed?", "time": 1529624004.0, "sentiment": ""}, {"id": 127744048, "text": "$AAPL this is criminal.", "time": 1529623947.0, "sentiment": ""}, {"id": 127744044, "text": "$NFLX $AMZN $AAPL $GOOGL $FB $OSTK $SHOP $GRPN The ruling is very important because these judges are more cognizant of the internet world...", "time": 1529623946.0, "sentiment": ""}, {"id": 127744014, "text": "$AAPL I like stocks that drop more strength then!", "time": 1529623937.0, "sentiment": "Bullish"}, {"id": 127743968, "text": "$AAPL Wall Street crooks at work again and again", "time": 1529623920.0, "sentiment": ""}, {"id": 127743965, "text": "Nice job Scott! Way to lock in those $AAPL gains- as you see, it was the play that paid and now we have a dip to pounce on", "time": 1529623920.0, "sentiment": ""}, {"id": 127743749, "text": "$AAPL more games  being played. I\u2019ll just buy more and end up making more money when I sell it over 200. \ud83d\ude34", "time": 1529623842.0, "sentiment": ""}, {"id": 127743748, "text": "$AAPL could be taxed on both sides if trade wars lead to more tarriff", "time": 1529623842.0, "sentiment": ""}, {"id": 127743183, "text": "$AAPL What a reversal. 188+ to now under 186. Scary holding short 187.5 puts, bad decision not to close it.", "time": 1529623657.0, "sentiment": ""}, {"id": 127743065, "text": "$AAPL $NVDA Lows. \n$FB Sideways. \n$GOOGL VWAP.", "time": 1529623621.0, "sentiment": ""}, {"id": 127743012, "text": "$AAPL Trump excluded tarrifs of aapl", "time": 1529623607.0, "sentiment": "Bullish"}, {"id": 127742940, "text": "$AAPL BIG BUY", "time": 1529623586.0, "sentiment": "Bullish"}, {"id": 127742565, "text": "$SPY Clearly Melania is sending a big Fu to The Con. He&#39;ll be backing down on Tariffs soon $BABA $AMZN $FB $AAPL $QQQ", "time": 1529623465.0, "sentiment": "Bullish"}, {"id": 127741844, "text": "$AAPL sold at 188 today. Tariffs gonna hit this, I&#39;d rather rotate to domestic chitech w little USA exposure...unwarranted selloff today.", "time": 1529623232.0, "sentiment": "Bearish"}, {"id": 127740684, "text": "$AAPL back to 180 so WB can buy more?", "time": 1529622894.0, "sentiment": ""}, {"id": 127740395, "text": "$NFLX $MSFT $QQQ $AMZN $AAPL $FB $GOOGL $CRM $ORCL People keep saying growth, but don&#39;t understand they are all subsidies, tax/regulations.", "time": 1529622807.0, "sentiment": ""}, {"id": 127740288, "text": "$AAPL trading with low volume so it can swing a lot.", "time": 1529622770.0, "sentiment": ""}, {"id": 127739479, "text": "$AAPL opportunity to buy", "time": 1529622520.0, "sentiment": "Bullish"}, {"id": 127739221, "text": "Wow $AAPL", "time": 1529622445.0, "sentiment": ""}, {"id": 127738994, "text": "$AAPL I see the market likes to time all the major dips during my meetings", "time": 1529622374.0, "sentiment": ""}, {"id": 127738876, "text": "$TWTR $AAPL good buys?", "time": 1529622335.0, "sentiment": ""}, {"id": 127738661, "text": "$AAPL pathetic pos", "time": 1529622267.0, "sentiment": ""}, {"id": 127738200, "text": "Bloomberg: Apple&#39;s delayed charging mat could launch in September $AAPL @apple http://bit.ly/2lmq89g", "time": 1529622122.0, "sentiment": ""}, {"id": 127738170, "text": "$AAPL Currently it ended 3 waves bounce and needs to break 6/19 low to open next leg lower #elliottwave", "time": 1529622115.0, "sentiment": ""}, {"id": 127738076, "text": "@PerSE @reez007 @godzillalizard @Boyle @Stockcat01 @AlexanderHandleton @Frenzy @00jeson As $AAPl Did Not Hold $SPY will Dive $VIX", "time": 1529622086.0, "sentiment": "Bearish"}, {"id": 127738004, "text": "$AAPL Can see buyers next week around $177 - $174 area before resuming the rally to new all time highs #elliottwave", "time": 1529622063.0, "sentiment": ""}, {"id": 127737385, "text": "$WATT Bloomberg: Apple&#39;s delayed charging mat could launch in September https://seekingalpha.com/news/3365599?source=ansh $AAPL", "time": 1529621896.0, "sentiment": "Bullish"}, {"id": 127737313, "text": "$AAPL eod run or morning run \ud83c\udfc3 either way it runs", "time": 1529621875.0, "sentiment": "Bullish"}, {"id": 127736124, "text": "$AAPL $NFLX $AMZN $GOOG $FB \nChk out TNDM \ud83d\udc4d\ud83c\udffd Some current PT\u2019s:\nOppenheimer - $24, Lake Street - $30\nPiper Jaffray - $29, Tutes Own 58%+", "time": 1529621522.0, "sentiment": "Bullish"}, {"id": 127733474, "text": "@PerSE @reez007 @godzillalizard @Boyle @Stockcat01 @AlexanderHandleton @Frenzy @00jeson IF $AAPL Holds $186.60 then $SPY can Hold $VIX", "time": 1529620811.0, "sentiment": ""}, {"id": 127732852, "text": "@PerSE @reez007 @godzillalizard @Boyle @Stockcat01 @AlexanderHandleton @Frenzy @00jeson $AAPL: Support $186.60 if Gives Fast Down $184 $SPY", "time": 1529620640.0, "sentiment": "Bearish"}, {"id": 127731219, "text": "$AAPL Price moved lower this week, matching CrowdThnk&#39;s forecast based on Positioning: https://crowdthnk.com/stocks/AAPL", "time": 1529620204.0, "sentiment": ""}, {"id": 127730893, "text": "$AAPL any hope this will go past 190?\ud83d\ude02", "time": 1529620119.0, "sentiment": ""}, {"id": 127729709, "text": "$AAPL THat was a quick fall to 186 I predicted it but didn\u2019t realize it wouls be that quick", "time": 1529619790.0, "sentiment": ""}, {"id": 127728446, "text": "$NVDA $MU $TWTR  $FB $AAPL $AMZN  $GOOG $NFLX $x Got nflx on dip I made to many trades yesterday on dips waited. Bears hibernate soon", "time": 1529619462.0, "sentiment": "Bullish"}, {"id": 127728274, "text": "FAANG stocks have massively outperformed the S&amp;P 500. Wow\n\n $FB $AMZN $AAPL $NFLX $GOOG", "time": 1529619412.0, "sentiment": ""}, {"id": 127727224, "text": "@PerSE @reez007  @godzillalizard @Boyle @Stockcat01 @AlexanderHandleton @Frenzy @00jeson  WAKE UP! $VIX $SPY $FAS $UUP $AAPL $LQD", "time": 1529619142.0, "sentiment": ""}, {"id": 127726745, "text": "$AMZN $FB $SHOP $EBAY $AAPL $GOOGL $EXPE $BKNG https://www.wsj.com/articles/us-supreme-court-rules-states-can-require-online-merchants-to-collect-sales-taxes-1529591376 subsidies slowly ending. Next, need robo tax... $ORCL $CRM $MSFT $WMT", "time": 1529619017.0, "sentiment": ""}, {"id": 127725082, "text": "$SPY Lets closed EU, They&#39;re sucking up all the air :o) $BABA $AAPL $FB $AMZN $QQQ", "time": 1529618670.0, "sentiment": "Bullish"}, {"id": 127724307, "text": "$AAPL buyback money done today?", "time": 1529618619.0, "sentiment": ""}, {"id": 127722983, "text": "$MU if this doesn\u2019t go up now it is going to be a prime takeover target. Maybe $AVGO? Or $AAPL?", "time": 1529618527.0, "sentiment": "Bullish"}, {"id": 127722704, "text": "$AAPL I am trading now with almost 100% with house money , parties over lol \ud83d\ude1d Wall Street paying my bills lol \ud83d\ude1d till the next run suckers", "time": 1529618466.0, "sentiment": ""}, {"id": 127722028, "text": "Here comes the routine pre-programmed pump   $SPY $DJIA $QQQ $AAPL $BA $PYPL $V $F $FB $GS $TWTR $XOM $AMZN $BABA $TSLA $P $NFLX $INTC", "time": 1529618311.0, "sentiment": ""}, {"id": 127721944, "text": "$AAPL Analyst consensus for Jun&amp;Sep qtrs factors in flat to -ve y/y Iphone unit growth,thats quite helpful in terms of downgrade risk pre-ER", "time": 1529618286.0, "sentiment": ""}, {"id": 127720734, "text": "@reez007 @PerSE @godzillalizard @Boyle @Stockcat01 @AlexanderHandleton @Frenzy @00jeson so Today Time Price on $SPY with $AAPL $VIX", "time": 1529617975.0, "sentiment": ""}, {"id": 127720664, "text": "$AAPL might see 188-190 into weekend", "time": 1529617957.0, "sentiment": ""}, {"id": 127720486, "text": "$AAPL breakout alert", "time": 1529617907.0, "sentiment": "Bullish"}, {"id": 127720266, "text": "$AAPL Riding all the way to $195", "time": 1529617856.0, "sentiment": "Bullish"}, {"id": 127720218, "text": "$AAPL  Apple aims to release AirPower wireless charger in September, Bloomberg says ", "time": 1529617843.0, "sentiment": "Bullish"}, {"id": 127720144, "text": "@reez007 @PerSE @godzillalizard @Boyle @Stockcat01 @AlexanderHandleton @Frenzy @00jeson IF $AAPL Gives Up $184 Fast Down $SPY $VIX", "time": 1529617825.0, "sentiment": "Bearish"}, {"id": 127720127, "text": "$AAPL bobby axelrod getting into aapl", "time": 1529617820.0, "sentiment": ""}, {"id": 127720049, "text": "$AAPL doing the pop and drop today.  Stop set to make coin on swing trade and let it ride trade", "time": 1529617804.0, "sentiment": ""}, {"id": 127719955, "text": "$AAPL check this out $XERS", "time": 1529617777.0, "sentiment": ""}, {"id": 127719457, "text": "$AAPL finished phone made in china https://www.politico.com/story/2018/06/21/china-angry-trumps-latest-tariff-threats-641409", "time": 1529617653.0, "sentiment": "Bearish"}, {"id": 127719186, "text": "$AAPL short it", "time": 1529617581.0, "sentiment": ""}, {"id": 127719036, "text": "PROTECTION IN VOGUE AS PLAYERS SCRAMBLE SINCE THEY FINALLY SEE RED.  NO NEW NAMES CALL-SIDE, AGAIN .. BUT SOME BULL FLOW IN $AAPL", "time": 1529617541.0, "sentiment": ""}, {"id": 127718961, "text": "$AAPL Good time to buy calls?", "time": 1529617527.0, "sentiment": "Bullish"}, {"id": 127718705, "text": "$AAPL &quot;Sen. Patrick J. Toomey (R-PA) cautioned Kraft-Heinz may move ketchup production to Canada to avoid retaliatory tariffs&quot;", "time": 1529617455.0, "sentiment": ""}, {"id": 127718631, "text": "$MU u guys know semi conductor is fked right $NVDA $AAPL all ass fked now by tariff. This is beginning of bear market, 2018 is the new 2008", "time": 1529617434.0, "sentiment": "Bearish"}, {"id": 127717874, "text": "$AAPL weeeeeee how much money am i gonna lose today", "time": 1529617252.0, "sentiment": ""}, {"id": 127717561, "text": "$AAPL STOP IT WITH THE SUPPLY CHAIN RUMORS ALREADY! JFC!", "time": 1529617171.0, "sentiment": ""}, {"id": 127717434, "text": "$AAPL is it gonna be $195 or $177 first ? Opinions ?", "time": 1529617138.0, "sentiment": ""}, {"id": 127717330, "text": "$AAPL also one week left until the massive FUDslide begins anew. Supply chain rumors, anyone? Will they work this time? I say yup.", "time": 1529617109.0, "sentiment": ""}, {"id": 127717215, "text": "$AAPL coming into early Aug earnings it seems that analyst expectations for the June and Sept qtrs are already relatively conservative", "time": 1529617078.0, "sentiment": ""}, {"id": 127717020, "text": "$AAPL in recent quarters the wks ahead of ER have been poor for Apple;no buyback protection and a series of -ve analyst reports/downgrades", "time": 1529617020.0, "sentiment": ""}, {"id": 127716826, "text": "$AAPL we have got 1 week left of buybacks before the quiet period kicks in.", "time": 1529616968.0, "sentiment": ""}, {"id": 127716770, "text": "$AAPL up over 100% the last 12 months, steady as she goes BTFD every time, never panic sale.", "time": 1529616949.0, "sentiment": "Bullish"}, {"id": 127716596, "text": "$AAPL Maintaining recent strength currently. \n$FB $BABA Tight. \n$NVDA Small selloff. Nothing extraordinary like other friends.", "time": 1529616904.0, "sentiment": ""}, {"id": 127716158, "text": "$aapl holding up very well through this $SPY dip.", "time": 1529616788.0, "sentiment": "Bullish"}, {"id": 127715716, "text": "Get ready to BTD.  As on Mon and Tues and since 2008, indexes programmed to reverse losses midday   $SPY $DJIA $QQQ $AAPL $INTC $NFLX $GS", "time": 1529616674.0, "sentiment": ""}, {"id": 127714839, "text": "$AAPL where is the bounce back to $190? bulls in hibernation?", "time": 1529616475.0, "sentiment": ""}, {"id": 127713947, "text": "$AAPL Nasdaq hasn\u2019t nowhere to go but down now", "time": 1529616286.0, "sentiment": ""}, {"id": 127713582, "text": "@Frenzy @00jeson @reez007 @PerSE @godzillalizard @Boyle @Stockcat01 @AlexanderHandleton $AAPL Will Lead FAANG Down $SPY Markets $VIX", "time": 1529616207.0, "sentiment": "Bearish"}, {"id": 127713558, "text": "$AAPL looks like flat again", "time": 1529616199.0, "sentiment": ""}, {"id": 127713524, "text": "$AAPL we sold and got back in on this dip\ud83e\udd11", "time": 1529616192.0, "sentiment": "Bullish"}, {"id": 127713304, "text": "$AAPL The big boys went as far as they can hon with the Nasdaq time to go back to 7200", "time": 1529616143.0, "sentiment": ""}, {"id": 127712963, "text": "UK outlines &#39;simple&#39; process for EU citizens after Brexit $AAPL #AAPL https://www.marketbeat.com/n/3928288/", "time": 1529616060.0, "sentiment": ""}, {"id": 127712783, "text": "$AAPL sigh. Well, if the market recovers this should outperform nicely on the way up at least.", "time": 1529616024.0, "sentiment": ""}, {"id": 127712125, "text": "$AAPL $MU $SOGO $HMI we need a solution all this tariff talks got me wanting to bang my head against a wall. Messing up my gains", "time": 1529615882.0, "sentiment": ""}, {"id": 127711986, "text": "$NFLX $QQQ $AAPL $NFLX $GOOG Tech will roll over hard", "time": 1529615851.0, "sentiment": "Bearish"}, {"id": 127710938, "text": "$NFLX $FB $AMZN $AAPL is mostly flat on the day. Imagine the carnage if Big Tech was actually allowed to roll over? $TVIX $SPY $QQQ", "time": 1529615622.0, "sentiment": "Bearish"}, {"id": 127710023, "text": "$AAPL Whatvwas news?", "time": 1529615435.0, "sentiment": "Bullish"}, {"id": 127709230, "text": "$AAPL poof", "time": 1529615280.0, "sentiment": ""}, {"id": 127709098, "text": "$AAPL Broad market selloff in the making , hope to see a reverse when EU closes", "time": 1529615253.0, "sentiment": ""}, {"id": 127708897, "text": "$AAPL Can do 7 swings pullback then we can use it to time the Long side with #technology stocks #elliottwave $XLK $GOOGL $MSFT $FB", "time": 1529615215.0, "sentiment": ""}, {"id": 127708749, "text": "$BKYI this going to $3 hopefully am i reading this wrong? They have the patent on all in display finger id? $aapl $SSNLF $LPL", "time": 1529615189.0, "sentiment": "Bullish"}, {"id": 127708537, "text": "30% is 30 Years of savings account interest \ud83e\udd37\ud83c\udffc\u200d\u2642\ufe0f\ud83e\udd11... nice job in the $AAPL play!", "time": 1529615149.0, "sentiment": ""}, {"id": 127708349, "text": "Well done Josh - keep stacking $AAPL gains and enjoy!", "time": 1529615108.0, "sentiment": ""}, {"id": 127708250, "text": "$AAPL sweet $AAPL gains Jeff- congrats", "time": 1529615088.0, "sentiment": ""}, {"id": 127707964, "text": "@OptionsPlayers Out $AAPL 13JUL 190 calls at 2.56 from 2.02, ~26% gain.", "time": 1529615025.0, "sentiment": ""}, {"id": 127707457, "text": "$AAPL buyers dried up at these levels on Nasdaq time to sell it off", "time": 1529614916.0, "sentiment": ""}, {"id": 127706903, "text": "beautiful $AAPL", "time": 1529614798.0, "sentiment": ""}, {"id": 127706845, "text": "$SPY Apple moves markets, remember that..... and its moving up right now. $AAPL", "time": 1529614784.0, "sentiment": "Bullish"}, {"id": 127706423, "text": "5 Top-Ranked Tech Stocks Crushing FAANG Wave\n\n$NFLX $MOMO $GOOGL $AAPL $ETSY $FTNT $TWTR $KEYS $FB $AMZN\n\n  https://www.zacks.com/stock/news/308688/5-topranked-tech-stocks-crushing-faang-wave", "time": 1529614687.0, "sentiment": ""}, {"id": 127706216, "text": "$AAPL Prediction ... fizzles our back to 186", "time": 1529614640.0, "sentiment": ""}, {"id": 127706174, "text": "$AAPL congrats Jeff! It\u2019s up big", "time": 1529614630.0, "sentiment": ""}, {"id": 127706122, "text": "It\u2019s ok... we stack gains with $AAPL \nCongrats on the green!", "time": 1529614616.0, "sentiment": ""}, {"id": 127705453, "text": "Thanks, @OptionsPlayers!! $AAPL&#39;s on fire. I&#39;m still holding from 2.02.", "time": 1529614459.0, "sentiment": ""}, {"id": 127705395, "text": "$BAC Head on over to tech $FB $AAPL $LRCX make money while waiting", "time": 1529614446.0, "sentiment": ""}, {"id": 127705370, "text": "$AAPL I told u guys 3 buck pop day was coming soon. \ud83d\udc3a", "time": 1529614442.0, "sentiment": ""}, {"id": 127705361, "text": "looked like perfect short $AAPL reversed it out of no where im sure some got ripped up there short", "time": 1529614440.0, "sentiment": ""}, {"id": 127705096, "text": "$AAPL boom shakalaka", "time": 1529614386.0, "sentiment": ""}, {"id": 127704966, "text": "$AAPL Out the gates", "time": 1529614359.0, "sentiment": "Bullish"}, {"id": 127704645, "text": "$AAPL shorts better cover..", "time": 1529614292.0, "sentiment": ""}, {"id": 127702840, "text": "Said this yesterday look at divergence on names $AAPL vs $SPY wtf", "time": 1529613913.0, "sentiment": ""}, {"id": 127702611, "text": "$AAPL if it can bust through this resistance decisively at $187.52, it has a full dollar to run before next resistance zone", "time": 1529613860.0, "sentiment": ""}, {"id": 127701753, "text": "$AAPL lets get to $195.00 please", "time": 1529613657.0, "sentiment": "Bullish"}]