[{"id": 128130467, "text": "$aapl $amzn $bac $nflx  Close the market already before he tweets again. This is destruction.", "time": 1529969166.0, "sentiment": "Bullish"}, {"id": 128130423, "text": "@A1outlook @JimmyLC $AAPL TO THE MOON BABY", "time": 1529969152.0, "sentiment": "Bullish"}, {"id": 128130417, "text": "$AAPL reversal here time.for MM scoop shorts", "time": 1529969150.0, "sentiment": "Bullish"}, {"id": 128130291, "text": "$AAPL Come on boys: you know it: GAP FILL 165-70 has to happen. Trumpie starts tweeting again (PLEASE DO IT) then this whole market F&#39;d.", "time": 1529969114.0, "sentiment": ""}, {"id": 128130170, "text": "$AAPL 6/16 my indicators point this direction glad I remained patient", "time": 1529969076.0, "sentiment": ""}, {"id": 128129985, "text": "$AAPL timber &quot;full blown.&quot;", "time": 1529969015.0, "sentiment": ""}, {"id": 128129964, "text": "$AAPL reversal is coming!", "time": 1529969008.0, "sentiment": "Bullish"}, {"id": 128129915, "text": "$AAPL just popped up on QuickRunner scanner. We will see if the momentum holds.", "time": 1529968997.0, "sentiment": ""}, {"id": 128129840, "text": "$AAPL timber!!!!!", "time": 1529968974.0, "sentiment": "Bearish"}, {"id": 128129711, "text": "$SPY those Jul18 270P and 271P I got for 1.4x are selling for almost $4 and $4.3x. Time to ring the register? $VIX $AAPL $DIA $QQQ", "time": 1529968932.0, "sentiment": "Bearish"}, {"id": 128129632, "text": "$AAPL $SPY End of quarter rebalancing nobody is talking about it ,only trying to find excuses to bring down the market", "time": 1529968907.0, "sentiment": ""}, {"id": 128129543, "text": "$AAPL Friday March 23rd close was $165, following Monday close was $173. Therefore, $200 EOW. Lol.", "time": 1529968881.0, "sentiment": ""}, {"id": 128129380, "text": "$HMNY $TSLA $SPY $NDX $QQQ $JCP $TSLA $AAPL $FB $HQY $ANF BROTHER GRIM HAS PAID THE MARKET A VISIT AND HE IS NOT HAPPY \ud83d\udde1\ud83d\udde1\ud83d\ude30\ud83d\udde1\ud83d\udca3\ud83d\udca3\ud83d\ude27", "time": 1529968826.0, "sentiment": "Bearish"}, {"id": 128129238, "text": "$AAPL 181", "time": 1529968787.0, "sentiment": ""}, {"id": 128129106, "text": "$AAPL Moved my short 180 calls to 182.5 by selling 180 puts. Now I m short 2x 185 and 1x 180 puts. Praying for a rally now.", "time": 1529968742.0, "sentiment": "Bullish"}, {"id": 128129066, "text": "$BABA oh lord, this is disaster, it&#39;s like what we had in Feb, all gains are gone. it takes up to 3 mth to recover, sucks \ud83d\ude29 $MU $BAC $AAPL", "time": 1529968727.0, "sentiment": "Bullish"}, {"id": 128128927, "text": "will the market claw back? We shall see folks $SPY $OPK $MU $FB $AAPL $DJIA", "time": 1529968684.0, "sentiment": ""}, {"id": 128128846, "text": "$AAPL Any chance for a bounce and close above 184? Crazy long now.", "time": 1529968664.0, "sentiment": ""}, {"id": 128128372, "text": "$AAPL stock decreases -1.09% after pushing election coverage amidst 2016 controversy https://www.newsquantified.com/aapl/stock-report/apple-pushes-election-coverage-after-2016-05k9u6", "time": 1529968533.0, "sentiment": ""}, {"id": 128128310, "text": "$AAPL and they called me crazy..... To the damn T", "time": 1529968519.0, "sentiment": ""}, {"id": 128128224, "text": "$AAPL 181 held", "time": 1529968496.0, "sentiment": ""}, {"id": 128128199, "text": "$BABA at this point why is anyone bullish about anything?. like who the fuck are you kidding? $AAPL $ADBE $UAA $MMM $EMR $WYNN $TXN", "time": 1529968487.0, "sentiment": "Bearish"}, {"id": 128128143, "text": "$MU $AAPL $FB $TSE $AMAT Well. Looks like the week is already over. See you all next week. Enjoy the red everyone!", "time": 1529968470.0, "sentiment": ""}, {"id": 128127961, "text": "$NVDA, $AAPL  wtf ist Trump doing?", "time": 1529968411.0, "sentiment": ""}, {"id": 128127555, "text": "$AAPL and i will have my way,god,a 2 year old is more mature", "time": 1529968281.0, "sentiment": ""}, {"id": 128127507, "text": "$DJIA $SPX $AAPL $AMZN days like this is why 90% of portfolio is index funds $VTI $VXUS", "time": 1529968268.0, "sentiment": ""}, {"id": 128127470, "text": "$AAPL Yeah Steven Weiss attack Apple not Google or others", "time": 1529968258.0, "sentiment": ""}, {"id": 128127431, "text": "$AAPL 181 looks like it might hold", "time": 1529968244.0, "sentiment": ""}, {"id": 128127421, "text": "$AAPL shorts are getting greedy! They&#39;re loving Trumptard&#39;s tweets.", "time": 1529968241.0, "sentiment": ""}, {"id": 128127379, "text": "$AAPL close the markets already gotdam. Lol", "time": 1529968228.0, "sentiment": "Bearish"}, {"id": 128127233, "text": "$AAPL  ouch those July 215 calls what a scam that was the najarians were probably the ones selling them LOL", "time": 1529968187.0, "sentiment": ""}, {"id": 128127175, "text": "$AAPL I hope this goes to $160 again! Short $185 average. \ud83d\udcb0\ud83d\udca5\ud83c\udf77", "time": 1529968167.0, "sentiment": "Bearish"}, {"id": 128127122, "text": "Just Like I told Yesterday! $AAPL $MU", "time": 1529968148.0, "sentiment": "Bearish"}, {"id": 128127080, "text": "$AAPL expect a huge bounce back tomorrow...speculating...:)", "time": 1529968136.0, "sentiment": ""}, {"id": 128126906, "text": "$AAPL now is the time to buy on this big dip. Bulls charge!!!", "time": 1529968086.0, "sentiment": ""}, {"id": 128126647, "text": "$AAPL Bottom at $179? That 15 min candle is ugly. Waiting for the right time to pick up a call. $$ to be made", "time": 1529968002.0, "sentiment": "Bearish"}, {"id": 128126602, "text": "No entries for me today. Nothing is going to trigger. Selling has picked up in $AAPL so that&#39;s off. Research for the rest of the day.", "time": 1529967990.0, "sentiment": ""}, {"id": 128126493, "text": "$AAPL This move is so stupid. Wall Street is stupid. Yeah panic and sell everything.", "time": 1529967957.0, "sentiment": ""}, {"id": 128126480, "text": "$AAPL wow apple getting slaughtered.  Most owned stock in congress - Trump is going to have a lot of heat for this.  Someone talk some cents", "time": 1529967954.0, "sentiment": ""}, {"id": 128126473, "text": "$AAPL Wow under 182 . Never thought it would be his quick 18 points to go", "time": 1529967952.0, "sentiment": ""}, {"id": 128126355, "text": "there has to be people who call up their brokers and say want money back &quot; $AAPL went up so fast at open, then it just went down! &quot;", "time": 1529967915.0, "sentiment": ""}, {"id": 128126227, "text": "$AAPL  \nNaj out", "time": 1529967874.0, "sentiment": ""}, {"id": 128126197, "text": "$SPY $AAPL $GS $NFLX $FB $C $UVXY $V $HLF  $AMZN $GOOGL $TWTR $SNAP $X $SPOT $LTC.X  $EA $UA $TSLA $SQ $IQ   $OSTK  $NVDA $BABA $BA $SNAP", "time": 1529967862.0, "sentiment": ""}, {"id": 128126024, "text": "$AAPL god bless trump 100% on puts soon, see you at 180", "time": 1529967805.0, "sentiment": "Bearish"}, {"id": 128125882, "text": "Covered way too early story of life $AAPL", "time": 1529967755.0, "sentiment": ""}, {"id": 128125880, "text": "$AAPL and $NFLX case studies: Technicals Lead, Fundamentals Lag https://t.co/e1yNiNdEoQ", "time": 1529967755.0, "sentiment": ""}, {"id": 128125877, "text": "$AAPL in an interview in 1980 he said that if he would go bankrupt he maybe go for president \ud83d\ude28", "time": 1529967754.0, "sentiment": ""}, {"id": 128125589, "text": "$AAPL he was waiting 30 years to do this,we all should have known,it was all over youtube", "time": 1529967660.0, "sentiment": ""}, {"id": 128125124, "text": "$AAPL a real party poopah that prez", "time": 1529967513.0, "sentiment": ""}, {"id": 128124972, "text": "At the moment: \n$NFLX 17pts Thurs,10pts Fri, 23pts today. \n$NVDA 7.5pts, 8pts, 10pts. \n$GOOGL 27pts, 15pts, 30pts. \n$BABA $FB $AAPL", "time": 1529967463.0, "sentiment": ""}, {"id": 128124957, "text": "@CNBC noted $aapl only down 1.3% vsl $AMZN 2.5%. that&#39;s because aapl has shed most of its froth already. no story there. simple price action", "time": 1529967458.0, "sentiment": ""}, {"id": 128124893, "text": "$AAPL If i had to pick a stock to park money in if it drops too much its 100% Apple. Buybacks, growing dividend, etc.", "time": 1529967435.0, "sentiment": ""}, {"id": 128124739, "text": "the commentary and the level of surprise on @CNBC shows their weakness on grasping relative price action. $AAPl $AMZN etc.", "time": 1529967388.0, "sentiment": ""}, {"id": 128124625, "text": "$ES_F $AAPL $AMZN China&#39;s President warns US CEOs that he&#39;s done turning the other cheek https://tinyurl.com/ybwj4rg6", "time": 1529967350.0, "sentiment": "Bearish"}, {"id": 128124564, "text": "FAANG Names Down Big $FB $AAPL $AMZN $NFLX $GOOG https://bit.ly/2Mo7uto", "time": 1529967333.0, "sentiment": ""}, {"id": 128124437, "text": "$AAPL 194 to 182. Thks to Trumpy.", "time": 1529967294.0, "sentiment": ""}, {"id": 128124006, "text": "$AAPL folks this is in great shape down to 180. Backtesting the ER breakout is bullish. This bull flag projects 30 points higher from here", "time": 1529967157.0, "sentiment": "Bullish"}, {"id": 128123495, "text": "$AAPL bearishness at maximum overload. \ud83d\ude02\ud83d\ude02. Chart remains super bullish. Just like 160 except we are at 180+ now. Lol. 200+ kid.", "time": 1529966989.0, "sentiment": ""}, {"id": 128123480, "text": "$CAT $DIA $SPY $QQQ $AMZN $AAPL $FB $NFLX Shut your Trap fatty! Every time this fat f opens his tweet hole this happens. The moron in chief!", "time": 1529966984.0, "sentiment": ""}, {"id": 128123458, "text": "Apple reportedly slates high-end AirPods, headphones, and new HomePod for 2019 $AAPL @apple http://bit.ly/2tsNfn8", "time": 1529966976.0, "sentiment": ""}, {"id": 128123341, "text": "$AAPL breaks the 50 DMA, sellers kick it lower.  $QQQ suffering -2.3% now.  $SPY", "time": 1529966937.0, "sentiment": ""}, {"id": 128123141, "text": "$AAPL no bonuses this year and next 50", "time": 1529966870.0, "sentiment": ""}, {"id": 128122885, "text": "BLOCK TRADE: $AAPL 500,000 shares @ $182.33 [11:42:18]", "time": 1529966796.0, "sentiment": ""}, {"id": 128122754, "text": "$AAPL hes an amateur,a real anarchist made usa poor yesterday\ud83d\ude02", "time": 1529966758.0, "sentiment": ""}, {"id": 128122340, "text": "$UVXY $AAPL $TWTR $FB $AMZN $KMX $SPY indeed, he did. &quot;Full blown trade war&quot;", "time": 1529966638.0, "sentiment": ""}, {"id": 128122252, "text": "$AAPL ", "time": 1529966612.0, "sentiment": "Bullish"}, {"id": 128122045, "text": "$FB $AMZN $AAPL $NFLX $GOOGL FAANG portfolio (aka everyone&#39;s 401k) getting crushed today. Is it the start of what we foresaw or a fake out?", "time": 1529966552.0, "sentiment": "Bearish"}, {"id": 128121980, "text": "$AAPL BLOCK TRADE [11:42:18] @ $182.33 for 500,000 shares.  $DJIA $QQQ $SPY $XLK", "time": 1529966539.0, "sentiment": ""}, {"id": 128121916, "text": "$AAPL we are a global economy and the orange clown is going to tear it all down. He who lost over $1 billion\ud83d\udc4e\ud83c\udffb\ud83e\udd21", "time": 1529966521.0, "sentiment": ""}, {"id": 128121890, "text": "$AAPL lol this again. sigh", "time": 1529966517.0, "sentiment": ""}, {"id": 128121543, "text": "$AAPL Good job Donald.", "time": 1529966424.0, "sentiment": ""}, {"id": 128121508, "text": "$AAPL $IQ Great trading day in the small account - have a good one gents - the Apple contracts I told for daytrade was next week $182.50.", "time": 1529966413.0, "sentiment": ""}, {"id": 128120868, "text": "$AAPL ow yes circuut brakers please,getting unhealthy", "time": 1529966230.0, "sentiment": ""}, {"id": 128120337, "text": "$AAPL $IQ down to runner selling contacts right near $2 on Apple", "time": 1529966085.0, "sentiment": ""}, {"id": 128120123, "text": "Got trading $AAPL and $IQ - Prior posts say it all ... good luck .,, Apple iQUiyi", "time": 1529966022.0, "sentiment": ""}, {"id": 128120074, "text": "$AAPL estimates distribution - here\u2019s what 243 Estimize analysts are expecting $AAPL to report for Q3 [Reporting 07/31 AMC]\nhttp://www.estimize.com/intro/aapl?chart=scatter-plot&amp;metric_name=eps&amp;utm_content=AAPL&amp;utm_medium=distribution&amp;utm_source=stocktwits", "time": 1529966006.0, "sentiment": ""}, {"id": 128120015, "text": "$AAPL analysts on Estimize expect -6.27% YoY growth in iPad Sales for Q3, down from 14.77% in previous year [Reporting 07/31 AMC]\nhttp://www.estimize.com/intro/aapl?chart=change-over-time&amp;metric_name=ipad_unit_sales&amp;utm_content=AAPL&amp;utm_medium=metric_growth&amp;utm_source=stocktwits", "time": 1529965989.0, "sentiment": ""}, {"id": 128120014, "text": "$AAPL analysts on Estimize expect 1.31% YoY growth in Mac Sales for Q3, up from 0.94% in previous year [Reporting 07/31 AMC]\nhttp://www.estimize.com/intro/aapl?chart=change-over-time&amp;metric_name=mac_unit_sales&amp;utm_content=AAPL&amp;utm_medium=metric_growth&amp;utm_source=stocktwits", "time": 1529965989.0, "sentiment": ""}, {"id": 128119606, "text": "$AAPL analysts on Estimize expect -0.21% YoY growth in Gross Margins for Q3, down from 1.29% in previous year [Reporting 07/31 AMC]\nhttp://www.estimize.com/intro/aapl?chart=change-over-time&amp;metric_name=gross_margins&amp;utm_content=AAPL&amp;utm_medium=metric_growth&amp;utm_source=stocktwits", "time": 1529965870.0, "sentiment": ""}, {"id": 128119600, "text": "$AAPL analysts on Estimize expect 9.26% YoY growth in iPhone Sales for Q3, up from 1.56% in previous year [Reporting 07/31 AMC]\nhttp://www.estimize.com/intro/aapl?chart=change-over-time&amp;metric_name=iphone_unit_sales&amp;utm_content=AAPL&amp;utm_medium=metric_growth&amp;utm_source=stocktwits", "time": 1529965869.0, "sentiment": ""}, {"id": 128119400, "text": "$AAPL down to runner $182.68 avg for daytrade trading S", "time": 1529965812.0, "sentiment": ""}, {"id": 128119290, "text": "$NVDA $FB $AAPL $BABA $GOOGL Lows.", "time": 1529965785.0, "sentiment": ""}, {"id": 128119274, "text": "$AAPL congrats bears. Go have a party with all that money\ud83d\udd7a", "time": 1529965780.0, "sentiment": ""}, {"id": 128119245, "text": "$AAPL see you at $180", "time": 1529965774.0, "sentiment": "Bearish"}, {"id": 128119067, "text": "$FOSL is considered heavy weight in smart watch market given multi competitors $AAPL $GOOGL $QCOM $FIT LG Samsung. Now with NFC capability!", "time": 1529965712.0, "sentiment": ""}, {"id": 128119016, "text": "Apple Music, Video Could Become Meaningful Earnings Drivers http://ow.ly/aaGH30kEy5E $AAPL", "time": 1529965695.0, "sentiment": ""}, {"id": 128118926, "text": "$AAPL Have an order at 182. Lets go there and touch it today.", "time": 1529965671.0, "sentiment": "Bearish"}, {"id": 128118915, "text": "$IQ $AAPL $IBM $BB $AMD", "time": 1529965667.0, "sentiment": ""}, {"id": 128118826, "text": "$AAPL 170-175 is my buying range", "time": 1529965636.0, "sentiment": "Bearish"}, {"id": 128118764, "text": "Out of Apple 2/4 $AAPL", "time": 1529965617.0, "sentiment": ""}, {"id": 128118628, "text": "$AAPL come to me child... Im waiting for you...", "time": 1529965579.0, "sentiment": ""}, {"id": 128118190, "text": "$AAPL   $178 .00. ?", "time": 1529965465.0, "sentiment": ""}, {"id": 128117859, "text": "$AAPL You Apple Snowflakes lost alot of money . Holy crap . Thought it was going to $200 3 weeks ago went up 30\u2019points and u wanted 50 LOL", "time": 1529965365.0, "sentiment": ""}, {"id": 128117541, "text": "$AAPL LOD.", "time": 1529965266.0, "sentiment": ""}, {"id": 128117511, "text": "what an amazing open trap $AAPL", "time": 1529965258.0, "sentiment": ""}, {"id": 128117463, "text": "#STUDY lvels Today&#39;s ex $AAPL. I drew a &#39;ghost&#39; price path for aapl and it&#39;s unfolding as drawn. 3rd time this hapns. still bullish LT.", "time": 1529965243.0, "sentiment": "Bullish"}, {"id": 128117346, "text": "FAANG finally succumbs to gravity? (And trade war fears.)$FB down 2.5%. $AAPL down 1.1%. $AMZN down 2.6%. $NFLX down 5.5%. $GOOGL down 3%.", "time": 1529965205.0, "sentiment": ""}, {"id": 128117189, "text": "$AAPL has support at 180ish...see if it will test it", "time": 1529965159.0, "sentiment": ""}, {"id": 128117148, "text": "$AAPL down in low volume. That&#39;s scary shiit. There&#39;s no  buyers.", "time": 1529965147.0, "sentiment": ""}, {"id": 128117066, "text": "$AAPL good bye apple, follow the words of our great president", "time": 1529965118.0, "sentiment": "Bearish"}, {"id": 128115470, "text": "$AAOI broad selling watching $AAPL for a tell. Under $183 could get messy for everyone", "time": 1529964854.0, "sentiment": ""}, {"id": 128114237, "text": "$AAPL when they say Apple will be exempt from Tarrifs, I call BullShi* Holding these $190 puts", "time": 1529964712.0, "sentiment": "Bearish"}, {"id": 128113866, "text": "$NFLX $aapl $GOOG $nflx careful Mnuchin yapping. Please remember all of this and vote against those in Congress who sit and watch the BS...", "time": 1529964648.0, "sentiment": "Bullish"}, {"id": 128113534, "text": "$AAPL RyanDoty u mean 164 -210 in 2 years", "time": 1529964592.0, "sentiment": ""}, {"id": 128113475, "text": "$AAPL While $188 peak is holding then the stock will be looking for another leg lower toward $177 - $174 area #elliottwave", "time": 1529964583.0, "sentiment": ""}, {"id": 128113254, "text": "$AAPL Apple has $100B and Buffett is a buyer.  I BTD.", "time": 1529964548.0, "sentiment": "Bullish"}, {"id": 128113209, "text": "$AAPL Currently sitting at short term 100% area 183  and 3 waves bounce can still can take place against $188 #elliottwave", "time": 1529964541.0, "sentiment": ""}, {"id": 128113182, "text": "$AAPL vix is breaking out. We&#39;re going to see something like we saw in early February soon", "time": 1529964534.0, "sentiment": ""}, {"id": 128112890, "text": "$IQ $AAPL $AMD $BB all my puts in the money today \ud83d\udc4c\ud83c\udffb", "time": 1529964442.0, "sentiment": ""}, {"id": 128111674, "text": "$AAPL let me teach you people. Stocks go up and down. When it goes down you buy. You don\u2019t complain. You buy. Then it goes up &amp; you make \ud83d\udcb0", "time": 1529964079.0, "sentiment": "Bullish"}, {"id": 128111591, "text": "$AAPL trading above a rising 50MA. If #AAPL falls below this important support level it could trigger additional selling pressure. Watching!", "time": 1529964054.0, "sentiment": ""}, {"id": 128111485, "text": "$AAPL longs ready for 177", "time": 1529964030.0, "sentiment": ""}, {"id": 128111317, "text": "$AAPL well this will see 183.00 hope it breaks to 182 tho", "time": 1529964004.0, "sentiment": "Bearish"}, {"id": 128111226, "text": "$AAPL just entered at 183.23, good luck!", "time": 1529963978.0, "sentiment": "Bullish"}, {"id": 128111064, "text": "$AAPL stop crying you little babies. Jesus", "time": 1529963933.0, "sentiment": "Bullish"}, {"id": 128111002, "text": "finally $AAPL 183.40 break there expected LOD now", "time": 1529963915.0, "sentiment": ""}, {"id": 128110890, "text": "$AAPL lol. thanks mnuchin", "time": 1529963883.0, "sentiment": "Bearish"}, {"id": 128110544, "text": "$AAPL Hope Trump supporters will eventually figure out he is hurting not helping them. This idiot is single handily destroying our country.", "time": 1529963791.0, "sentiment": ""}, {"id": 128110311, "text": "Apple - sawtooth program trading ... $AAPL", "time": 1529963722.0, "sentiment": ""}, {"id": 128110040, "text": "a sell the rip all day $AAPL not an easy one but until get over 184.20 its vulvernable to take down", "time": 1529963648.0, "sentiment": ""}, {"id": 128109959, "text": "Apple is going lower ... $AAPL", "time": 1529963615.0, "sentiment": ""}, {"id": 128109832, "text": "$AAPL i will say this only once \u2018covfefe\u2019 the people who it is adressed to will know \ud83d\ude1b", "time": 1529963577.0, "sentiment": ""}, {"id": 128109699, "text": "$SPY Already cracking. Trump is a paper tiger. Amazing  $AAPL $BABA $GS $FB $JPM $AMZN $GOOG $QQQ", "time": 1529963534.0, "sentiment": "Bullish"}, {"id": 128109440, "text": "$AAPL market wants to recover fucking trump speaks the attention seeking of trump is to much", "time": 1529963468.0, "sentiment": ""}, {"id": 128109089, "text": "$AAPL TRUMP!", "time": 1529963376.0, "sentiment": ""}, {"id": 128108780, "text": "@jackdamn All things considered ($SPY pushing down) I think $aapl did a great job of holding this level - Which we discussed this weekend.", "time": 1529963291.0, "sentiment": ""}, {"id": 128108392, "text": "$HMNY Everything crashing relax! Almost a good time to buy more $AAPL and $AMZN!", "time": 1529963191.0, "sentiment": "Bullish"}, {"id": 128108120, "text": "@GoodNewsBull holding up nicely!!! Very happy compared to the other tech giants! This is good news, $1T coming very shortly $AAPL", "time": 1529963116.0, "sentiment": "Bullish"}, {"id": 128107891, "text": "$AAPL i am so so glad i am an index hugger right now", "time": 1529963046.0, "sentiment": ""}, {"id": 128107863, "text": "$AAPL is actually holding up pretty well this morning. No real panic there yet. Still on my swing long watch list. \u231a\ufe0f", "time": 1529963039.0, "sentiment": ""}, {"id": 128107674, "text": "$AAPL", "time": 1529962981.0, "sentiment": ""}, {"id": 128107264, "text": "$AAPL trump derangement syndrome all over the boards. \ud83d\ude02\ud83d\ude02", "time": 1529962871.0, "sentiment": ""}, {"id": 128106948, "text": "$SPY Some of this is the Mrkt telling Trump he&#39;s wrong, He&#39;s so stubborn though &amp; not that smart. Thats the real issue $AMZN $AAPL $FB", "time": 1529962784.0, "sentiment": "Bullish"}, {"id": 128106246, "text": "$AAPL This was not a short today. Pretty amazing what its doing", "time": 1529962595.0, "sentiment": "Bullish"}, {"id": 128106013, "text": "Apple trading suggests new lows ... $AAPL", "time": 1529962533.0, "sentiment": ""}, {"id": 128105822, "text": "$AAPL knowing trump hes gonna give tech a 200 billion tariff on tech, Puts going to make all the money", "time": 1529962474.0, "sentiment": "Bearish"}, {"id": 128105660, "text": "$AAPL will you lead? $SPY $QQQ", "time": 1529962428.0, "sentiment": "Bullish"}, {"id": 128105160, "text": "$SPY $AAPL $MU $AMD $NVDA $TSLA and many others,.,Trump needs to cool it.!!!  not 1 more tweet from him.", "time": 1529962291.0, "sentiment": ""}, {"id": 128105083, "text": "$JD $BABA $FB $AAPL $NVDA $IQ", "time": 1529962275.0, "sentiment": "Bullish"}, {"id": 128105022, "text": "Apple&#39;s Next Frontier Is Content Creation $AAPL http://dlvr.it/QYSHZS", "time": 1529962263.0, "sentiment": ""}, {"id": 128104970, "text": "$AAPL I&#39;m sorry.bulls but this will not see green", "time": 1529962249.0, "sentiment": "Bearish"}, {"id": 128104956, "text": "$SPY This is what Buffett meant, when there&#39;s real fear you get greedy. This is real fear. Jesse knew. $BABA $AAPL $FB $GS $JPM $AMZN $JPM $", "time": 1529962247.0, "sentiment": "Bullish"}, {"id": 128104781, "text": "$SPY $AAPL $MU $AMD $NVDA and many others, 1 more tweet, this whole thing will come down even harder, 700 800 points. I am not joking", "time": 1529962202.0, "sentiment": ""}, {"id": 128104717, "text": "$AAPL here we go above 184 and we stabilize!!!", "time": 1529962186.0, "sentiment": ""}, {"id": 128104460, "text": "@StockLover101 $250 billion in cash alone!! You people are all so silly to think this is going anywhere. $AAPL", "time": 1529962126.0, "sentiment": "Bullish"}, {"id": 128104455, "text": "$AAPL looking to add at $175", "time": 1529962124.0, "sentiment": "Bullish"}, {"id": 128104216, "text": "$AAPL  so many bears.  When there\u2019s this much fear in the water... my sources say BUY", "time": 1529962071.0, "sentiment": "Bullish"}, {"id": 128104033, "text": "$NFLX lol trump what a muppet of a president $AAPL", "time": 1529962034.0, "sentiment": ""}, {"id": 128104022, "text": "$AAPL too big to fail, this ain&#39;t going down. Keep your buying up....:)", "time": 1529962033.0, "sentiment": ""}, {"id": 128103445, "text": "$AAPL Holding up pretty well compared to the rest of FAANG. No worries with Buffet stocks #khc", "time": 1529961895.0, "sentiment": "Bullish"}]