[{"id": 128255958, "text": "$AAPL nice!", "time": 1530051095.0, "sentiment": "Bullish"}, {"id": 128254902, "text": "$AAPL Tech Analyst Dan Niles said on CNBC last night that the stocks to buy on China Trade fallout are FB and GOOG and sell Semis and AAPL.", "time": 1530050936.0, "sentiment": ""}, {"id": 128254729, "text": "$AAPL thanks for letting me load the boat! Sell target 209.99 \ud83d\udc3a", "time": 1530050896.0, "sentiment": ""}, {"id": 128254072, "text": "$MU $FANG $QQQ $BABA $AAPL $SPY the media gave TECH a death sentence by saying TECH SECTOR IS OVERVALUED \ud83d\udc40TOP $QQQ https://finviz.com/quote.ashx?t=QQQ", "time": 1530050731.0, "sentiment": ""}, {"id": 128253483, "text": "$AAPL my Friday calls almost ITM!!", "time": 1530050582.0, "sentiment": "Bullish"}, {"id": 128253439, "text": "$AAPL Dow will up 700-800 points by friday ..now 24300 25k plus by friday", "time": 1530050571.0, "sentiment": "Bullish"}, {"id": 128252404, "text": "$AAPL nice little money making channel. Short at 184.85, buy at 184.10", "time": 1530050332.0, "sentiment": ""}, {"id": 128251994, "text": "$AAPL $187-$188 by EOD and $192 by friday", "time": 1530050226.0, "sentiment": "Bullish"}, {"id": 128251843, "text": "$AAPL ++ some calls", "time": 1530050189.0, "sentiment": "Bullish"}, {"id": 128251696, "text": "$AAPL to the rescue", "time": 1530050146.0, "sentiment": ""}, {"id": 128251643, "text": "$BABA $SHOP $MDB $SQ $FB $AAPL $ATVI $MU $AMD spamming tickers gets you blocked", "time": 1530050132.0, "sentiment": ""}, {"id": 128251579, "text": "incredible keep going $AAPL just give another short opp", "time": 1530050108.0, "sentiment": ""}, {"id": 128251466, "text": "Added some $AAPL here. \n \nStop: 182.29 (tight trailing) \nTarget: N/A \nAvg. hold time: 5-7 days (swing).", "time": 1530050075.0, "sentiment": ""}, {"id": 128251441, "text": "$BLRX  $BLRX $AAPL $AMZN, $BRK.A from 2017, got involved in the race to buy up large shares in the healthcare! $MS joining the fray!!!", "time": 1530050067.0, "sentiment": "Bullish"}, {"id": 128250825, "text": "$AAPL perfect 618 fib bounce yesterday. Nice 4 pt move. Well done bulls", "time": 1530049895.0, "sentiment": ""}, {"id": 128250794, "text": "$AAPL still on track \ud83d\ude0a", "time": 1530049888.0, "sentiment": ""}, {"id": 128249675, "text": "$AAPL $NFLX shake and bake time", "time": 1530049585.0, "sentiment": ""}, {"id": 128249544, "text": "$AAPL bye bears \ud83d\udc4b \ud83d\udc3b \ud83d\udd25", "time": 1530049543.0, "sentiment": "Bullish"}, {"id": 128248618, "text": "$AAPL professional guessers zero accountability", "time": 1530049295.0, "sentiment": ""}, {"id": 128248507, "text": "Held $AAPL 29JUN 182.50 calls too long; got out at 2.69 from 2.60; left a bunch on the table.", "time": 1530049264.0, "sentiment": ""}, {"id": 128248405, "text": "$AAPL ABC BULL pattern forming on DAILY. Entry $186.80", "time": 1530049234.0, "sentiment": ""}, {"id": 128247763, "text": "$AAPL&gt;184.7", "time": 1530049057.0, "sentiment": ""}, {"id": 128247696, "text": "$AAPL looks like AAPL Bulls and big investors are making positive point! Let\u2019s make AAPL solid green rest of week! Go AAPL Bulls! Can do it!", "time": 1530049040.0, "sentiment": "Bullish"}, {"id": 128246942, "text": "$AAPL \nI would love to enter what is a good price to enter long today", "time": 1530048836.0, "sentiment": "Bullish"}, {"id": 128246610, "text": "$AMZN $AAPL $BA $NFLX $BABA trump needs another $100B from China to reach his initial target $500B on tariffs. Get it out and leave us", "time": 1530048736.0, "sentiment": ""}, {"id": 128246329, "text": "$IQ \ud83e\udd29 FORBES MAGAZINE \ud83d\udea8\ud83d\udea8\ud83d\udea8 $FB $AAPL $AMZN $NFLX $GOOG $DIS $CMCSA $FOXA $T $OSTK $TEUM $TSLA $SPY $DJIA $TWTR $SNAP $S $AKER $BIDU $LUV", "time": 1530048649.0, "sentiment": ""}, {"id": 128245486, "text": "$AAPL market feels weak and trump threatening more tariffs not good", "time": 1530048410.0, "sentiment": "Bullish"}, {"id": 128245190, "text": "$AAPL lets go to $$190 already", "time": 1530048322.0, "sentiment": "Bullish"}, {"id": 128244955, "text": "$AAPL Close 182.87-183.25", "time": 1530048259.0, "sentiment": ""}, {"id": 128244818, "text": "$AAPL oh yeah! Big SHORT SQUEEZE is definitely ongoing! Go AAPL! It\u2019s time to push AAPL to 190+! AAPL Bulls have been hungry lately!!!", "time": 1530048221.0, "sentiment": "Bullish"}, {"id": 128244749, "text": "$AAPL Morgan Stanley analyst Katy Huberty has revealed her price predictions in a note to clients. https://stocknews.com/news/aapl-report-apple-inc-aapl-iphone-prices-coming-down/", "time": 1530048201.0, "sentiment": ""}, {"id": 128244396, "text": "$AAPL just made a killing in 20 secs there \ud83e\udd11", "time": 1530048106.0, "sentiment": ""}, {"id": 128244195, "text": "$AAPL can\u2019t wait for the GiGANTIC Epic Proportion $100BILLIONS BUYBACKS to fully kick in! I can imagine 220+ this year!!! Very bullish!!!", "time": 1530048054.0, "sentiment": "Bullish"}, {"id": 128243996, "text": "$AAPL manipulation about to start", "time": 1530048001.0, "sentiment": ""}, {"id": 128243958, "text": "New #iphone to start at $699 according to morgan Stanley analyst. $AAPL", "time": 1530047991.0, "sentiment": "Bullish"}, {"id": 128243705, "text": "@OptionsPlayers  Picked up some $AAPL 29JUN 182.50 calls earlier.", "time": 1530047925.0, "sentiment": ""}, {"id": 128243597, "text": "$AAPL   #TechnologyHardware, Storage &amp; Peripherals", "time": 1530047894.0, "sentiment": ""}, {"id": 128243424, "text": "$AAPL let\u2019s see if that was top for today- I\u2019m guessing it was", "time": 1530047852.0, "sentiment": ""}, {"id": 128243274, "text": "$AAPL it you listen to this bafoon you should not be investing", "time": 1530047811.0, "sentiment": ""}, {"id": 128243238, "text": "$AAPL moon \ud83c\udf19 \ud83c\udf1d", "time": 1530047800.0, "sentiment": "Bullish"}, {"id": 128242681, "text": "$AAPL MM going to smack this market down some more just watch", "time": 1530047655.0, "sentiment": ""}, {"id": 128242550, "text": "$AAPL is popping up! More SHORT SQUEEZE coming! Many shorts got built up last few days!    Time for AAPL to get back to 190+! Go Bulls!!!", "time": 1530047623.0, "sentiment": "Bullish"}, {"id": 128242517, "text": "$AAPL to all that switch your shorts to Lol I\u2019m glad you saw the dark, you probably got pretty nervous", "time": 1530047614.0, "sentiment": ""}, {"id": 128242493, "text": "$AAPL Edwinstocktrader there u r nowhere to be found when Apple was getting crushed . Only shows his face when he has something to gain", "time": 1530047608.0, "sentiment": ""}, {"id": 128242451, "text": "$AAPL is trading above a rising 50-SMA. If AAPL falls below this important support level it could trigger additional selling pressure.", "time": 1530047597.0, "sentiment": "Bullish"}, {"id": 128242276, "text": "$AAPL filled gap from yesterday. Finally some strength", "time": 1530047551.0, "sentiment": ""}, {"id": 128242273, "text": "@thealmightybull @kstrader123 $AAPL bears? = LAWL!!!", "time": 1530047550.0, "sentiment": "Bullish"}, {"id": 128242258, "text": "$AAPL 187 not out of sight today... great price resistance, decent volume very early", "time": 1530047546.0, "sentiment": "Bullish"}, {"id": 128242087, "text": "@kstrader123 going the right way now ?? $AAPL", "time": 1530047506.0, "sentiment": "Bullish"}, {"id": 128241923, "text": "$AAPL Lightning up here by selling a chunk of the shares that I bought at 181", "time": 1530047462.0, "sentiment": ""}, {"id": 128241903, "text": "$AAPL how could you short a stock with up to 25$ bil in Buy backs", "time": 1530047458.0, "sentiment": ""}, {"id": 128241825, "text": "If the $AAPL closes below $184.73 a change in trend will be confirmed. #TechnologyHardware, Storage &amp; Peripherals", "time": 1530047437.0, "sentiment": "Bullish"}, {"id": 128241813, "text": "$AAPL Here we go Apple snowflakes touting the trillion $ company scenario again and $250 price tags LMAO !! This is hilarious", "time": 1530047436.0, "sentiment": ""}, {"id": 128241614, "text": "@renaissanceray hope you held on!! $AAPL", "time": 1530047388.0, "sentiment": "Bullish"}, {"id": 128241547, "text": "$AAPL it\u2019s nice to see that AAPL investors are ignoring today the best friend of the bears Trump! If Continue to ignore tariffs noise!!!", "time": 1530047372.0, "sentiment": "Bullish"}, {"id": 128241503, "text": "$AAPL $184.50 close", "time": 1530047358.0, "sentiment": ""}, {"id": 128241313, "text": "$AAPL if we pass 185 with some strength, we could really blow the roof off this one", "time": 1530047306.0, "sentiment": ""}, {"id": 128241023, "text": "$AAPL What a beauty", "time": 1530047233.0, "sentiment": "Bullish"}, {"id": 128240752, "text": "$AAPL ever heard of a short squeeze", "time": 1530047168.0, "sentiment": "Bullish"}, {"id": 128240593, "text": "$AAPL &amp; $XLE $XME Can still be used to provide a floor for the market if they reach 1H extreme area lower #elliottwave", "time": 1530047131.0, "sentiment": ""}, {"id": 128240430, "text": "$AAPL is up up and away", "time": 1530047097.0, "sentiment": ""}, {"id": 128240412, "text": "Top Implied #Volatility Decliners $BWP $AKAO $LEN $AMZN $NVDA $BA $P $GE $UVXY $VXX $IQ $MSFT $SPY $AAPL $CSCO http://tinyurl.com/yaxs85ln", "time": 1530047093.0, "sentiment": ""}, {"id": 128240325, "text": "$AAPL unbelievable price support, looking like a very very good day", "time": 1530047071.0, "sentiment": "Bullish"}, {"id": 128240134, "text": "In today&#39;s live session we talked about the short term bounce in #technology sector and how $AAPl can define the 15 min cycle #elliottwave", "time": 1530047027.0, "sentiment": ""}, {"id": 128239507, "text": "$AAPL register is about to start ringing", "time": 1530046878.0, "sentiment": "Bullish"}, {"id": 128238951, "text": "$AAPL next major resis is 187.30 will it b able 2 do it I think that will be difficult So I sold my shares locked in profits from yesterday.", "time": 1530046749.0, "sentiment": ""}, {"id": 128238570, "text": "@Wilbur3134 Nope yesterday I was just sad I missed the lowest point of this $AAPl bounce. But I held cause I&#39;m long. https://stocktwits.com/TwiSell/message/128160471", "time": 1530046652.0, "sentiment": "Bullish"}, {"id": 128238315, "text": "$AAPL looks like W Buffett or some big investors are buying the dips! AAPL is way OVERSOLD &amp; CHEAP! Go AAPL Bulls!!! Bullish!!!", "time": 1530046593.0, "sentiment": "Bullish"}, {"id": 128238150, "text": "$AAPL people who bought shorts yesterday shame on you, $AAPL cash assets, and recurring revenue support 1T eval alone..", "time": 1530046553.0, "sentiment": ""}, {"id": 128238103, "text": "$AAPL #Apple Is Having Another &#39;Garden Variety&#39; Correction https://finance.yahoo.com/m/9f1aed2f-2b38-3c13-ab73-84b1ab06dc35/ss_apple-is-having-another.html", "time": 1530046543.0, "sentiment": ""}, {"id": 128238021, "text": "$AAPL TRUMP STEEL TARIFF COULD AXE 200 JOBS AT MISSOURI NAIL PLANT THIS SUMMER. Hey Trumptards tired of winning yet? http://www.newsweek.com/trump-steel-tariff-nail-industry-992834", "time": 1530046520.0, "sentiment": ""}, {"id": 128237883, "text": "$AAPL 10 am selloff coming .SnowflaLee all over this board now . You geeks were all in hiding yesterday. amazing one way street greedy geeks", "time": 1530046485.0, "sentiment": ""}, {"id": 128237753, "text": "RT I wrote the following last Thurs &amp; it still applies http://crackedmarket.com/2018/06/should-we-fear-trumps-trade-war/ $SPY $SPX $ES_F $QQQ $IWM $AAPL $FB $AMZN $BTC.X", "time": 1530046451.0, "sentiment": ""}, {"id": 128237629, "text": "$SPY $NFLX $AMZN $AAPL You just know all those giddy shorts that thought they had it all figured out yesterday held into this run up ;)", "time": 1530046420.0, "sentiment": ""}, {"id": 128237591, "text": "@jeffman you\u2019re not alone. Today\u2019s pain will be worse than yesterday. Let that be a lesson next time you build a nice long in $aapl hold/add", "time": 1530046412.0, "sentiment": "Bullish"}, {"id": 128237226, "text": "$AAPL Here come all the snowflakes ! LOL they all crawled under their rocks yesterday weren\u2019t even around to defend their beloved Apple LOL", "time": 1530046318.0, "sentiment": ""}, {"id": 128237154, "text": "$AAPL Nice move, removed half call calendar position for a 28% gain.", "time": 1530046301.0, "sentiment": ""}, {"id": 128236946, "text": "$AAPL let&#39;s get one of those $7 days a la March 26th after the last unnecessary tanking", "time": 1530046253.0, "sentiment": ""}, {"id": 128236882, "text": "$AAPL classic... i sold yesterday... literally don&#39;t know how i do it.. every damn time", "time": 1530046238.0, "sentiment": ""}, {"id": 128236525, "text": "$AAPL first trillion $$$ company !!!", "time": 1530046152.0, "sentiment": "Bullish"}, {"id": 128236460, "text": "$AAPL OMG THE SHORTS ARE GETTING CRUSHED!!! HAHA WHAT A GREAT IDEA YESTERDAY!", "time": 1530046140.0, "sentiment": ""}, {"id": 128236357, "text": "$AAPL 185 please", "time": 1530046110.0, "sentiment": ""}, {"id": 128236335, "text": "$AAPL bull flag...then consolidation for rest of the day. See y\u2019all tomorrow", "time": 1530046105.0, "sentiment": ""}, {"id": 128236277, "text": "$AAPL where are the bears!??", "time": 1530046091.0, "sentiment": ""}, {"id": 128236134, "text": "$AAPL switched to Calls..", "time": 1530046050.0, "sentiment": ""}, {"id": 128236111, "text": "$AAPL having solid resistance at 184", "time": 1530046045.0, "sentiment": "Bullish"}, {"id": 128235621, "text": "$AAPL selloff At 10am", "time": 1530045916.0, "sentiment": ""}, {"id": 128235527, "text": "$AAPL it is funny when this gets bought back up all the bears \ud83d\udc3b go into hibernation \ud83d\ude02\ud83d\ude02\ud83d\ude02", "time": 1530045894.0, "sentiment": "Bullish"}, {"id": 128235494, "text": "$AAPL I will be buying at 165 shortly", "time": 1530045886.0, "sentiment": ""}, {"id": 128235410, "text": "$NFLX $AAPL $FB $GOOGL Highs. \n$NVDA VWAP. \n$BABA Lows.", "time": 1530045865.0, "sentiment": ""}, {"id": 128235233, "text": "$IQ $BABA $HUYA $SOGO $BTC.X $ETH.X $NFLX $DIS $BILI $BIDU $CMCSA $FOXA $ATNM $AMZN $AAPL $GOOGL $FB  \ud83c\udde8\ud83c\uddf3\ud83e\udd29\ud83d\ude86\ud83d\ude80\ud83d\udcb5\ud83e\udd11", "time": 1530045817.0, "sentiment": ""}, {"id": 128234861, "text": "Bitcoin News Crypto Currency Daily Roundup June 26 https://t.co/XLVWuS2yHY $btc $aapl #stocks #bitcoin", "time": 1530045722.0, "sentiment": ""}, {"id": 128234526, "text": "$AAPL 3 days up before the next leg down. Similar to 6-19 to 6/21", "time": 1530045634.0, "sentiment": ""}, {"id": 128234110, "text": "$AAPL DEAD on arrival", "time": 1530045508.0, "sentiment": ""}, {"id": 128233878, "text": "$FB $AMD $RHT $AAPL $BB $LMRMF New Cryptocurrency Computer Design May Save Power Consumption Costs http://business.financialpost.com/pmn/press-releases-pmn/business-wire-news-releases-pmn/lomiko-retains-20-of-promethieus-cryptocurrency-and-announces-seed-financing-round", "time": 1530045440.0, "sentiment": ""}, {"id": 128233592, "text": "$AAPL dropping 2018 prices on upcoming Iphone models", "time": 1530045357.0, "sentiment": ""}, {"id": 128233556, "text": "$NFLX $NVDA $BABA $AAPL $FB $GOOGL Lows.", "time": 1530045343.0, "sentiment": ""}, {"id": 128233351, "text": "$AAPL back to $190 by friday.", "time": 1530045286.0, "sentiment": "Bullish"}, {"id": 128233237, "text": "$AAPL wow 186 today?", "time": 1530045252.0, "sentiment": ""}, {"id": 128233220, "text": "$AAPL seems like a bull trap", "time": 1530045244.0, "sentiment": "Bearish"}, {"id": 128232703, "text": "$AAPL needs to cross that 183, almost there hold on guys", "time": 1530045070.0, "sentiment": ""}, {"id": 128232592, "text": "$AAPL bearish if $appl does not move manufacturing to USA", "time": 1530045027.0, "sentiment": "Bearish"}, {"id": 128232319, "text": "From yesterday. Stocks of interest:    \n$AAPL  $ADBE  $AMZN  $CAT  $CLX  $CPB  $CRM  $FSLR  $GE  $HRL  $HSY  $IQ  $KHC  $LB  $NWL  $WMT  $IQ", "time": 1530044940.0, "sentiment": ""}, {"id": 128232031, "text": "Tuesday\u2019s Vital Data: $AAPL, $BABA and $AMD https://investorplace.com/2018/06/tuesdays-vital-data-apple-alibaba-and-advanced-micro-devices/", "time": 1530044835.0, "sentiment": ""}, {"id": 128231762, "text": "$AAPL 10am dump as usual . Market sentiment is down MM not buying right now . Nasdaq to 7243", "time": 1530044730.0, "sentiment": ""}, {"id": 128231603, "text": "$AMZN $TSLA Monster range last 3 days. Small gap up. \n$NFLX $NVDA $BABA $FB $AAPL $GOOGL", "time": 1530044669.0, "sentiment": ""}, {"id": 128231278, "text": "$NQ_F $DAX $YM_F $FB $AAPL $BTC.X $CL_F  hmm trader know this process very well. Dedicate yourself to become a better trader and Win.", "time": 1530044544.0, "sentiment": "Bullish"}, {"id": 128231047, "text": "These 4 Leading Stocks Just Broke This Key Support Level\n\n$NVDA $AAPL $SIVB $ETFC  \n\nhttps://www.investors.com/research/apple-stock-nvidia-stock-top-stocks-to-buy/", "time": 1530044451.0, "sentiment": ""}, {"id": 128230521, "text": "$NQ_F $DAX $YM_F $FB $AAPL $BTC.X $CL_F Prices of indexes and energies consolidating after the selloff yesterday..Bitcoin trend is down", "time": 1530044247.0, "sentiment": ""}, {"id": 128228808, "text": "$AAPL up from here. 181 not gonna break", "time": 1530043561.0, "sentiment": ""}, {"id": 128228689, "text": "$AAPL world richest org...heavy side liquid and assest in hand...compare to amazon...push this guy....", "time": 1530043509.0, "sentiment": "Bullish"}, {"id": 128228642, "text": "$AAPL Future sliding again . Apple 180.76 close today on way to 170s", "time": 1530043491.0, "sentiment": ""}, {"id": 128228022, "text": "$AAPL They are going to smack this thing again today Apple fans may be loyal to product but Wallstreet cares about market sentiment only", "time": 1530043225.0, "sentiment": ""}, {"id": 128227793, "text": "$AAPL pathetic rebound. With senile Trump still in office, it means trade war will never end. Short all rebounds.", "time": 1530043133.0, "sentiment": "Bearish"}, {"id": 128227352, "text": "Today&#39;s actionable gappers: $ACHV $GE $AAPL $TSLA $LEN $HRTX $HOG $AKAO $INTC $AKAM $LEE $TVIX $UVXY $QQQ $GLD $GDX $GDXJ", "time": 1530042955.0, "sentiment": ""}, {"id": 128226798, "text": "$IBM $TWTR $AMD $AAPL i smell a bull trap brewing \ud83d\udc3b", "time": 1530042700.0, "sentiment": ""}, {"id": 128226745, "text": "Apple Is Having Another &#39;Garden Variety&#39; Correction $AAPL http://dlvr.it/QYYwqf", "time": 1530042671.0, "sentiment": ""}, {"id": 128224788, "text": "Trade advisor Navarro says no plans for investment restrictions on China, other countries $SQ $SHOP $CGC $AAPL $NVDA https://www.cnbc.com/2018/06/25/navarro-no-plans-to-impose-investment-restrictions-on-china-and-other.html", "time": 1530041739.0, "sentiment": ""}, {"id": 128224738, "text": "$AAPL no one cares about head phones . You can get them anywhere . LOL", "time": 1530041720.0, "sentiment": ""}, {"id": 128224538, "text": "$AAPL This isn\u2019t over 178 end of week", "time": 1530041641.0, "sentiment": ""}, {"id": 128224186, "text": "$AAPL 184 at the open is easy. Next stop 185", "time": 1530041472.0, "sentiment": "Bullish"}, {"id": 128223719, "text": "$SQ $IQ $BSTI $BABA $AAPL $BILI $SOGO \ud83c\udf7f", "time": 1530041227.0, "sentiment": "Bullish"}, {"id": 128223451, "text": "Apple&#39;s equal weight rating reiterated at Barclays PLC. $175.00 PT. http://www.marketbeat.com/r/1042648 $AAPL", "time": 1530041093.0, "sentiment": ""}, {"id": 128223446, "text": "$HOG $AAPL $AMD $NVDA finally the day has arrived our president has declared war againts a motorcycle.... That&#39;s sad", "time": 1530041092.0, "sentiment": ""}, {"id": 128223423, "text": "$FIT $aapl is running out of money to keep this down :D", "time": 1530041086.0, "sentiment": "Bullish"}, {"id": 128223080, "text": "$SPY $NFLX $GOOGL $AMZN $BABA $NVDA $AAPL  Trump trying to pop this Monster bubble ,he knows someone has to do this good job", "time": 1530040900.0, "sentiment": ""}, {"id": 128222039, "text": "$JD $mu $amd $aapl its time to get recovering  from yesterday&#39;s loss because of a fake news.", "time": 1530040259.0, "sentiment": "Bullish"}, {"id": 128222030, "text": "RT @WrigleyTom: Some early Analyst PT&#39;s ...\n\n$AAPL $161\u279c$175 Barclays\n$MELI SW\u279cOW $350 KeyBanc\n$MU $42\u279c$60 UBS\n$NFLX OP $503 Imperial Capit", "time": 1530040255.0, "sentiment": ""}, {"id": 128221849, "text": "$AAPL 4hr still flirting with death", "time": 1530040136.0, "sentiment": ""}, {"id": 128221547, "text": "$AAPL after Barclays increase Goldmans $165 PT is now lowest on the Street. Heres the analyst Rod Hall in early June https://www.cnbc.com/video/2018/06/04/apple-software-updates-stock.html", "time": 1530039967.0, "sentiment": ""}, {"id": 128220917, "text": "$AAPL will add to these if they drop further.", "time": 1530039536.0, "sentiment": ""}, {"id": 128220883, "text": "$AAPL bought opening positions in BABA ($189), NVDA ($240) and AAPL ($182.6). Bought Jan 2020 calls and stock for all during the fire sale.", "time": 1530039508.0, "sentiment": "Bullish"}, {"id": 128220782, "text": "$AAPL in the not too distant future,  a 1 trillion mkt cap co., no doubt #markets #stock #apple", "time": 1530039428.0, "sentiment": "Bullish"}, {"id": 128220597, "text": "$SPY Theres no way Trump &amp; his family aren&#39;t shorting the Mrkt. Would be great to ignore his stupidity today &amp; squeeze him $AMZN $AAPL $BABA", "time": 1530039285.0, "sentiment": "Bullish"}, {"id": 128220433, "text": "$AAPL Let&#39;s get a touch of 185 today. Airpods news should help.", "time": 1530039144.0, "sentiment": "Bullish"}, {"id": 128220293, "text": "$AAPL &quot;For Apple, its large investments have been made looking 7 to 10 years out, Cook said&quot; Please stop the 90 day do-or-die madness people", "time": 1530039027.0, "sentiment": ""}, {"id": 128220130, "text": "$AAPL Barclays, which had found itself with the lowest PT on the Street at $161, raises to $175. still way below $197.35 average PT.", "time": 1530038902.0, "sentiment": ""}, {"id": 128220051, "text": "$AAPL Barclays raises price target to $175 from $161 https://stocknews.com/news/aapl-barclays-raises-price-target-to-175-from-161/", "time": 1530038827.0, "sentiment": ""}, {"id": 128219926, "text": "$SPY $AMZN $BABA $FB $AAPL $GS $JPM $QQQ very corrupt this guy should be in Jail", "time": 1530038738.0, "sentiment": ""}, {"id": 128219895, "text": "@calvingrinder I&#39;m pencilling $30bn for the current qtr $AAPL", "time": 1530038714.0, "sentiment": ""}, {"id": 128219796, "text": "$AAPL &quot;It was the greatest quarterly volume ever for any company in the index.&quot;", "time": 1530038629.0, "sentiment": ""}, {"id": 128219764, "text": "$KMX CS raises to $87 from $81\n$AAPL Raised to $175 at Barclays\n$ADP Raised to $137 at Citi\n$OAS Raised to $10.50 at Stifel\n$NKE Raised to", "time": 1530038598.0, "sentiment": ""}, {"id": 128219700, "text": "$SPY What is wrong with him? What a clown $AMZN $BABA $FB $AAPL $GS $JPM $QQQ", "time": 1530038541.0, "sentiment": "Bullish"}, {"id": 128219402, "text": "Google, Apple and Facebook Push Tools to Fight Phone Addiction $AAPL http://dlvr.it/QYYXjf", "time": 1530038265.0, "sentiment": ""}, {"id": 128219317, "text": "$AAPL Def leppard 6 bucks on Amazon.", "time": 1530038183.0, "sentiment": ""}, {"id": 128219292, "text": "$AAPL Apple to unveil iPhone wireless charging with AirPods", "time": 1530038163.0, "sentiment": ""}, {"id": 128219043, "text": "$AAPL I heard Apple is purchasing the moon. So I expect a moon landing soon.", "time": 1530037960.0, "sentiment": "Bullish"}, {"id": 128218621, "text": "$AAPL below 180 isn\u2019t even really an option. Even if it hits 178 it won\u2019t last long. So be by your computer if you want low price", "time": 1530037603.0, "sentiment": "Bullish"}, {"id": 128218605, "text": "$AAPL While $188.4 peak is holding then it can still see another leg lower toward $177 - $170 area #elliottwave", "time": 1530037586.0, "sentiment": ""}, {"id": 128218463, "text": "$AAPL his name says it all", "time": 1530037440.0, "sentiment": ""}]