[{"id": 129085532, "text": "$AAPL -.- just 190 already", "time": 1530654830.0, "sentiment": ""}, {"id": 129084962, "text": "damn thats grimy $SPY $AAPL", "time": 1530654662.0, "sentiment": ""}, {"id": 129082672, "text": "$CHL $AAPL can the Chinese put tariffs on iPhones? They are made over there", "time": 1530653996.0, "sentiment": ""}, {"id": 129082053, "text": "How My Stock Picks Easily Beat Even the Red-Hot Nasdaq in the First Half of 2018 $AAPL http://dlvr.it/QZL2DK", "time": 1530653821.0, "sentiment": ""}, {"id": 129081329, "text": "$SDRL $XOM WHATTTT $AAPL", "time": 1530653612.0, "sentiment": ""}, {"id": 129080746, "text": "$AAPL Apple regains footing http://www.economies.com/stocks/united-states-analysis/apple-regains-footing---analysis---03-07-2018-52492", "time": 1530653428.0, "sentiment": ""}, {"id": 129080489, "text": "$OSTK Boom huge deal TZero as Top VC GSR Capital signs LOI 160Mil. Investors in Didi China along with $AAPL news.sys-con.com/node/4288248", "time": 1530653357.0, "sentiment": "Bullish"}, {"id": 129079956, "text": "$AAPL scalped 20 187.5C bought 0.68 sold 0.98 in 15 minutes. Happy 4th everyone!", "time": 1530653198.0, "sentiment": ""}, {"id": 129079855, "text": "down/up 80% gains overall $AAPL", "time": 1530653168.0, "sentiment": ""}, {"id": 129079785, "text": "Gene Munster Concedes &#39;Credible Bear Case&#39; For Tesla, But Remains A Believer https://benzinga.com/z/11971774 $TSLA $AAPL $FB", "time": 1530653152.0, "sentiment": ""}, {"id": 129079766, "text": "out $AAPL", "time": 1530653145.0, "sentiment": ""}, {"id": 129079070, "text": "$AAPL in and continuing to buy on the drop glta", "time": 1530652927.0, "sentiment": "Bullish"}, {"id": 129078713, "text": "have to say we are at a crucial level 187.50 and we failed &amp; bouncing hard which tells me we could see a new HOD as this was bear trap $AAPL", "time": 1530652817.0, "sentiment": ""}, {"id": 129078607, "text": "done, over 187 $AAPL 187.50 next over that is blue skies but not sure if gets over that", "time": 1530652781.0, "sentiment": ""}, {"id": 129078210, "text": "did it, over, now once again 187+ goal back under 186.70 be on guard $AAPL", "time": 1530652667.0, "sentiment": ""}, {"id": 129077790, "text": "$QQQ $TEVA $AMZN $AAPL $FB $TWITR ***REMINDER***  TOMORROW 07/04  INDEPENDENCE DAY MARKET CLOSE", "time": 1530652551.0, "sentiment": ""}, {"id": 129077710, "text": "$NFLX $BABA Through VWAP. \n$NVDA $FB VWAP. \n$AAPL $GOOGL Lows w/ SPY.", "time": 1530652528.0, "sentiment": ""}, {"id": 129077703, "text": "i think its going to do it here  $AAPL", "time": 1530652525.0, "sentiment": ""}, {"id": 129077674, "text": "Stocks on Sale: The 3 Cheapest Tech Stocks Worth Buying $SWKS $AAPL $INTC https://investorplace.com/2018/07/cheapest-tech-stocks-to-buy/", "time": 1530652518.0, "sentiment": ""}, {"id": 129077217, "text": "$FB $AAPL $MSFT $GOOG $AMZN $SPY $QQQ $IWM Earnings in a couple of weeks bulls will get paid BIG $$$$$$$ :)", "time": 1530652383.0, "sentiment": "Bullish"}, {"id": 129076793, "text": "186.70+ or hammer candle off 186.30 $AAPL until then no long on it", "time": 1530652265.0, "sentiment": ""}, {"id": 129076469, "text": "$AAPL knife", "time": 1530652175.0, "sentiment": ""}, {"id": 129076252, "text": "40 Well-Known Stocks Goldman Sachs Thinks Are Bad Investments http://bit.ly/2MKrGWq @BrianSozzi $TRIP $CPB $CMG $TGT $AMD $AAPL $BBY $DVN", "time": 1530652109.0, "sentiment": ""}, {"id": 129076076, "text": "$AAPL Still holding 500 @ $115.35. Waiting on +$200 before scale out.", "time": 1530652058.0, "sentiment": "Bullish"}, {"id": 129076017, "text": "as said look at the level 186.70 rejected it too many times..... now diving... will chase it again but not sitting in this blindly $AAPL", "time": 1530652040.0, "sentiment": ""}, {"id": 129075751, "text": "$SPY If we could just shut Fat Nixon up we could do so much better. He&#39;s a child &amp; the dumbest POTUS we&#39;ve ever had $BABA $AAPL $FB $QQQ", "time": 1530651967.0, "sentiment": "Bullish"}, {"id": 129075176, "text": "$AAPL fck this will chase it SPY 272 possible dont like what just did there", "time": 1530651811.0, "sentiment": ""}, {"id": 129075154, "text": "$AAPL Green EOD", "time": 1530651807.0, "sentiment": "Bullish"}, {"id": 129075106, "text": "out green $AAPL", "time": 1530651791.0, "sentiment": ""}, {"id": 129074701, "text": "$AAPL was looking short but I just can\u2019t do it. To good of a company to touch it. \ud83e\udd37\ud83c\udffb\u200d\u2642\ufe0f", "time": 1530651684.0, "sentiment": ""}, {"id": 129074393, "text": "now or never to push over 187 or bail $AAPL", "time": 1530651610.0, "sentiment": ""}, {"id": 129074392, "text": "$AAPL BTFD!", "time": 1530651610.0, "sentiment": "Bullish"}, {"id": 129074187, "text": "Held again.... $AAPL 186.70+ again wait for it", "time": 1530651555.0, "sentiment": ""}, {"id": 129073578, "text": "$AAPL with a near perfect rejection. still needs 188 today for any kinda positive momentum. notice the pivot.", "time": 1530651376.0, "sentiment": ""}, {"id": 129073052, "text": "$AAPL \ud83d\ude1c", "time": 1530651230.0, "sentiment": ""}, {"id": 129072372, "text": "let it work this was probably a nasty bear trap down here lol $AAPL anything over 186.70 is bullish now back under be cautious", "time": 1530651043.0, "sentiment": ""}, {"id": 129071351, "text": "$AAPL 4th of july discount $$$$$$$$$$$$$$$$$$$$$$$$$$$", "time": 1530650764.0, "sentiment": "Bullish"}, {"id": 129071343, "text": "$AAPL Bears incoming with their doom plans, ignore them. Great Value stock.", "time": 1530650762.0, "sentiment": "Bullish"}, {"id": 129071298, "text": "over $AAPL rip it", "time": 1530650749.0, "sentiment": ""}, {"id": 129071244, "text": "$AAPL 170s easy next week.", "time": 1530650737.0, "sentiment": "Bearish"}, {"id": 129071209, "text": "here we go 186.70+ now needed and rips $AAPL", "time": 1530650730.0, "sentiment": ""}, {"id": 129070959, "text": "186.30 supp $AAPL", "time": 1530650660.0, "sentiment": ""}, {"id": 129070815, "text": "$AAPL needs some CPR ASAP !!! It\u2019s dead out here so next week better be \ud83d\ude80\ud83d\udeeb\ud83d\udcb5\ud83d\ude4f\ud83d\udcb0\ud83d\ude4f", "time": 1530650624.0, "sentiment": ""}, {"id": 129070332, "text": "$AAPL Puts paying!!!", "time": 1530650490.0, "sentiment": ""}, {"id": 129070289, "text": "$AAPL always take profits early \ud83d\ude0d", "time": 1530650480.0, "sentiment": "Bullish"}, {"id": 129070150, "text": "cover that $AAPL", "time": 1530650442.0, "sentiment": ""}, {"id": 129069850, "text": "BOOM $AAPL", "time": 1530650353.0, "sentiment": ""}, {"id": 129069445, "text": "$AAPL the first day of the great depression will be July 6th 2018", "time": 1530650243.0, "sentiment": "Bearish"}, {"id": 129069278, "text": "$NFLX $NVDA $AAPL $FB $BABA $GOOGL Lows", "time": 1530650187.0, "sentiment": ""}, {"id": 129068685, "text": "187.50 $AAPL level watch it", "time": 1530649989.0, "sentiment": ""}, {"id": 129068179, "text": "$FB anonymous source but the &quot;agencies&quot; declined comment = fake news for a pre-ER dip aka the $AAPL trick", "time": 1530649806.0, "sentiment": "Bullish"}, {"id": 129067655, "text": "$NFLX $NVDA $GOOGL $AAPL $BABA Up w/ SPY. \n$FB Gapped down.", "time": 1530649617.0, "sentiment": ""}, {"id": 129067513, "text": "$AAPL 190 in sight?", "time": 1530649562.0, "sentiment": ""}, {"id": 129067180, "text": "Tuesday\u2019s Vital Data: $T, $AAPL and $GE https://investorplace.com/2018/07/tuesdays-vital-data-att-apple-and-general-electric/", "time": 1530649431.0, "sentiment": ""}, {"id": 129066998, "text": "$AAPL $HRL $INTC 3 Dividend Stocks That Should Pay You for the Rest of Your Life https://finance.yahoo.com/news/3-dividend-stock-pay-rest-161300383.html", "time": 1530649343.0, "sentiment": ""}, {"id": 129066782, "text": "$AAPL Bigboys sucking u in from their Hampton Beach houses to pay for their huge barbeques on the 4th of July . Lighting the fuse now BOOM!", "time": 1530649249.0, "sentiment": ""}, {"id": 129066626, "text": "$AMD $aapl 6.2, $tsla 2.6, $msft 6.6, $mu 9.7, $nvda 6.8. We have a 9 with Fidelity..... let that sink in for a minute. Short Squeeze.", "time": 1530649178.0, "sentiment": "Bullish"}, {"id": 129066241, "text": "$LTBR $PAVM $DFBG $SPHS $YUMA $CEI $HUSA $CLBS $AQXP $SMMT $XBIO $ASTC $ASCMA $DEST $GBR $PLX$LIFE $V $PYPL $MSFT $AAPL", "time": 1530649003.0, "sentiment": "Bullish"}, {"id": 129065887, "text": "$TSLA engineer that left TSLA also left $AAPL. What does that say. Perhaps it is not the company.", "time": 1530648824.0, "sentiment": ""}, {"id": 129065032, "text": "$AAPL Comeon 190 so I can short it back to 185", "time": 1530648421.0, "sentiment": ""}, {"id": 129064572, "text": "$AAPL Six months from now, when stock is at 220, all will be smiling :-)", "time": 1530648184.0, "sentiment": "Bullish"}, {"id": 129063975, "text": "$AAPL gren today and red for 2 weeks..", "time": 1530647887.0, "sentiment": "Bearish"}, {"id": 129063723, "text": "$BAC $AABA $LLNW $TXN $MLCO $T $JD $AAPL $BX $DVMT $NBR $CF $ORCL $BAC $MGM $MU $C $PCG $MDT $ERJ $VZ $BABA Largest CALL OI increases", "time": 1530647742.0, "sentiment": ""}, {"id": 129063088, "text": "$AAPL   \nSamsung phones secretly texting photos https://www.cnet.com/videos/samsung-phones-might-be-secretly-texting-photos-yelp-beats-negative-reviewers/", "time": 1530647418.0, "sentiment": "Bullish"}, {"id": 129063033, "text": "$AAPL Google pixel dying and Google refusing acknowledge or fix the problem $$$$$$$$$$$$$$$$$$$$$$$$$$$", "time": 1530647389.0, "sentiment": "Bullish"}, {"id": 129062289, "text": "With that said i will short under here no problem but point is they twist your arm until you say until stops hit $AAPL 187.50 work it", "time": 1530647013.0, "sentiment": ""}, {"id": 129062233, "text": "Same sht, different name, different day, different time frame. All about traps. $AAPL 1hr, if you&#39;re short now you&#39;re smoked (1hr chart)", "time": 1530646977.0, "sentiment": ""}, {"id": 129061902, "text": "@Wilbur3134 lol  I love seeing people like you get crushed, at least  your begging for reasons for $AAPL to go down", "time": 1530646781.0, "sentiment": "Bullish"}, {"id": 129061474, "text": "Global economy would collapse if u.s. stocks crash.  Not even allowed to fall 10% without intervention.   $SPY $DJIA $QQQ $AAPL   $GS  $AMZN", "time": 1530646540.0, "sentiment": ""}, {"id": 129061237, "text": "Retail vs Pro showing pretty clearly here.  $amzn $aapl, $fb $msft $spy https://www.cnbc.com/2018/07/02/corporate-buybacks-are-the-only-thing-keeping-the-stock-market-afloat.html", "time": 1530646403.0, "sentiment": ""}, {"id": 129060755, "text": "Why anyone would short a market so obviously manipulated ever upward is beyond me.   $SPY $DJIA $QQQ $AAPL $BA $PYPL  $GS $TWTR $XOM $AMZN", "time": 1530646133.0, "sentiment": "Bullish"}, {"id": 129060518, "text": "$AAPL I&#39;ll be out soon as market opens...a lot can happen in one and a half day of no trading. Like trump, eu, China etc.", "time": 1530645948.0, "sentiment": ""}, {"id": 129060422, "text": "$BABA $AAPL", "time": 1530645871.0, "sentiment": "Bullish"}, {"id": 129060089, "text": "$AAPL time to buy SQQQ and SDOW . Thankyou to all the novices buying his market for making this possible", "time": 1530645615.0, "sentiment": ""}, {"id": 129060010, "text": "$AAPL time to buy SDOW and SQQQ", "time": 1530645559.0, "sentiment": ""}, {"id": 129059839, "text": "$AAPL Yuuup time to short once and if it hits 190 that\u2019s the range 190 Down she go\u2019s the greater fool theory says no one will buy at 191", "time": 1530645450.0, "sentiment": ""}, {"id": 129059777, "text": "$AAPL 191$ b4 holiday \ud83d\udc4c\ud83d\udc46\ud83c\uddf1\ud83c\uddf7", "time": 1530645405.0, "sentiment": "Bullish"}, {"id": 129059520, "text": "$SPY Yes sir, you got that right. Exactly, why US markets are going to rally hard today. $NVDA $QQQ $SMH $AAPL $FB $GOOGL $AMZN", "time": 1530645210.0, "sentiment": "Bullish"}, {"id": 129059306, "text": "$AAPL will be the first 2 TRILLION dollar company also. Give it 5 years lol", "time": 1530645058.0, "sentiment": "Bullish"}, {"id": 129059231, "text": "$AAPL $190", "time": 1530645006.0, "sentiment": "Bullish"}, {"id": 129059039, "text": "$AAPL $GOOGL $NFLX $MSFT $FB The biggest factor why tech is still not regulated is probably GLOBALISM.", "time": 1530644855.0, "sentiment": ""}, {"id": 129059016, "text": "$AAPL who leaked the latest Apple product?", "time": 1530644837.0, "sentiment": "Bearish"}, {"id": 129058558, "text": "$fb $googl $aapl $nflx $twtr Entire Market will be green,  it is not a stock picker market currently", "time": 1530644501.0, "sentiment": ""}, {"id": 129058334, "text": "$AAPL I would love to see this push over 188 and hold.", "time": 1530644331.0, "sentiment": "Bullish"}, {"id": 129058293, "text": "$fb $googl $aapl $nflx $twtr", "time": 1530644302.0, "sentiment": "Bullish"}, {"id": 129058160, "text": "$AAPL has to be a bit", "time": 1530644191.0, "sentiment": ""}, {"id": 129058079, "text": "$DJIA not allowed to fall below 24K.  Manipulated markets are the best if you&#39;re a bull.   $SPY $QQQ $AAPL $BA $BAC $FB $GS $AMZN $DAL $ROKU", "time": 1530644114.0, "sentiment": ""}, {"id": 129057102, "text": "$AAPL for the bears \ud83d\udc3b #chillbros \nApple App Store Generated $300 Million in Revenue on New Year\u2019s Day 2018 can you do that ? $AAPL \ud83c\udf4e\ud83e\udd4a", "time": 1530643149.0, "sentiment": "Bullish"}, {"id": 129055951, "text": "$AAPL $AMZN my heaviest two stocks in my portfolio now . Time to stick to winners as this market is only goong to reward long term winners", "time": 1530642064.0, "sentiment": "Bullish"}, {"id": 129055778, "text": "$AAPL $GD Better Long Term play moving forward? \nJust looking for opinions. I own both stocks.", "time": 1530641887.0, "sentiment": "Bullish"}, {"id": 129055401, "text": "$AAPL 7/20 190 Cs are too cheap...  buying as many as I can.", "time": 1530641502.0, "sentiment": ""}, {"id": 129055100, "text": "$AAPL may break out. Our analyzer suggests a buy stop @188.36 with a stop @183.53 as a possible low risk setup.. https://www.chartmill.com/analyze.php?utm_source=stocktwits&amp;utm_medium=TA&amp;utm_content=TRADINGSETUP&amp;utm_campaign=social_tracking#/AAPL?key=bb853040-a4ac-41c6-b549-d218d2f21b32", "time": 1530641159.0, "sentiment": ""}, {"id": 129054584, "text": "$AAPL Show us $190 soon Big Apple", "time": 1530640375.0, "sentiment": "Bullish"}, {"id": 129054572, "text": "GOOD MORNING! Our WATCHLIST REVIEW from this past weekend https://vimeo.com/thecrosshairstrader/review/277782905/7d326614b3 $STUDY $SPY $ES_F $AAPL $XOP $XLE $ICE $VNET $ASH $DISH etc", "time": 1530640354.0, "sentiment": ""}, {"id": 129054301, "text": "$AAPL Look at this really poor intellectually challenge parson. I wonder if he dreaming or just paper trade.", "time": 1530639830.0, "sentiment": ""}, {"id": 129053922, "text": "$AAPL Blocked for displaying extreme stupidity in public. \nBTW - After blocking many trolls like him I have a good stream of info.", "time": 1530639162.0, "sentiment": ""}, {"id": 129053873, "text": "$BB Nvidia deep learning  AI platform, Tensorflow running on QNX. $NVDA $TSLA $AAPL $INTC $MBLY $GOOGL $AMD $MSFT\n\nhttps://t.co/vAspBOBAtD", "time": 1530639074.0, "sentiment": "Bullish"}, {"id": 129053851, "text": "Here\u2019s what 256 Estimize analysts believe $AAPL will report for Q3 2018 revenue [Reporting 07/31 AMC]\nhttp://www.estimize.com/intro/aapl?chart=historical&amp;metric_name=revenue&amp;utm_content=AAPL&amp;utm_medium=revenue_update&amp;utm_source=stocktwits", "time": 1530639021.0, "sentiment": ""}, {"id": 129053839, "text": "Here\u2019s what 14 Estimize analysts believe $AAPL will report for Q3 iPad Sales on 07/31 AMC.\nhttp://www.estimize.com/intro/aapl?chart=historical&amp;metric_name=ipad_unit_sales&amp;utm_content=AAPL&amp;utm_medium=metric_update&amp;utm_source=stocktwits", "time": 1530639009.0, "sentiment": ""}, {"id": 129053838, "text": "Here\u2019s what 14 Estimize analysts believe $AAPL will report for Q3 Mac Sales on 07/31 AMC.\nhttp://www.estimize.com/intro/aapl?chart=historical&amp;metric_name=mac_unit_sales&amp;utm_content=AAPL&amp;utm_medium=metric_update&amp;utm_source=stocktwits", "time": 1530639008.0, "sentiment": ""}, {"id": 129053836, "text": "Here\u2019s what 20 Estimize analysts believe $AAPL will report for Q3 Gross Margins on 07/31 AMC.\nhttp://www.estimize.com/intro/aapl?chart=historical&amp;metric_name=gross_margins&amp;utm_content=AAPL&amp;utm_medium=metric_update&amp;utm_source=stocktwits", "time": 1530639008.0, "sentiment": ""}, {"id": 129053835, "text": "Here\u2019s what 26 Estimize analysts believe $AAPL will report for Q3 iPhone Sales on 07/31 AMC.\nhttp://www.estimize.com/intro/aapl?chart=historical&amp;metric_name=iphone_unit_sales&amp;utm_content=AAPL&amp;utm_medium=metric_update&amp;utm_source=stocktwits", "time": 1530639008.0, "sentiment": ""}, {"id": 129053722, "text": "$AAPL \ud83e\udd11", "time": 1530638811.0, "sentiment": "Bullish"}, {"id": 129053710, "text": "$SPY $QQQ $SMH $AAPL $ES_F $DJIA", "time": 1530638774.0, "sentiment": "Bullish"}, {"id": 129052916, "text": "In April, Sensor Tower reported that $AAPL&#39;s US App Store customers drove significantly higher revenue per user ($58) than Google Play ($38)", "time": 1530637433.0, "sentiment": ""}, {"id": 129052853, "text": "$AAPL 77 percent of Nintendo&#39;s revenues have come from the Apple App Store.", "time": 1530637337.0, "sentiment": ""}, {"id": 129052779, "text": "$AAPL &quot;More than 75% of Nintendo&#39;s $60M Super Mario Run global revenues came from iOS&quot; despite iOS only 15% market share. Does WS care? No.", "time": 1530637187.0, "sentiment": ""}, {"id": 129052618, "text": "$C thinks $AAPL will hit $200 within a year. Reasons include: The $100B share repurchase plan, growing services business and Asian expansion", "time": 1530636663.0, "sentiment": "Bullish"}, {"id": 129052101, "text": "$SPY The UK is doing excellent as well..... $QQQ $SMH $AAPL $NVDA", "time": 1530634655.0, "sentiment": "Bullish"}, {"id": 129052081, "text": "$SPY DAX is going beast mode $QQQ $SMH $AAPL $NVDA", "time": 1530634562.0, "sentiment": "Bullish"}, {"id": 129051830, "text": "$MU $NVDA $QQQ $SPY $AAPL $AMD $WDC $INTC badass article, sneak peak https://www.techworm.net/2018/06/nvidia-next-gen-gpu-feature-12gb-gddr6-ram.html", "time": 1530633856.0, "sentiment": "Bullish"}, {"id": 129051431, "text": "$OLED LG Display to produce millions of OLED panels for iPhone X Plus. https://www.theapplepost.com/lg-display-to-produce-millions-of-oled-panels-for-iphone-x-plus/ $AAPL $LPL", "time": 1530632010.0, "sentiment": ""}, {"id": 129051324, "text": "$OLED Samsung, Apple, LG, &amp; Microsoft are all reportedly planning to launch foldable phones. https://www.moneycontrol.com/news/business/companies/samsung-to-start-trial-production-of-foldable-oled-displays-for-galaxy-x-this-summer-2660661.html $SSNLF $AAPL $MSFT $LPL", "time": 1530631607.0, "sentiment": ""}, {"id": 129050849, "text": "$AAPL July is a bullish month.....", "time": 1530629093.0, "sentiment": "Bullish"}, {"id": 129050568, "text": "@tetianamel more than the device, cannot survive without the assembly &amp; ancillary line. Matter of time before $AAPL shows middle finger.", "time": 1530627660.0, "sentiment": ""}, {"id": 129050456, "text": "$SPY Is tomorrow Christmas? Futures lit up like dog gone Christmas tree! Congrats to those holding calls! $NVDA $QQQ $AAPL", "time": 1530627207.0, "sentiment": "Bullish"}, {"id": 129050349, "text": "$AAPL $AMZN $BRK.B FUTURES ARE GREEN - TIME TO RALLY UP GUYS", "time": 1530626781.0, "sentiment": "Bullish"}, {"id": 129049979, "text": "$SPY BIG  up day  inbound  $QQQ $DIA $NVDA $AAPL $AMZN $GS $XOM", "time": 1530625164.0, "sentiment": ""}, {"id": 129049381, "text": "@StatenIsland $cm is perfect $AAPL  is perfect you are here 24/7 pumping ppl into oblivion with bad ideas. See a therapist", "time": 1530622925.0, "sentiment": ""}, {"id": 129048419, "text": "Price Returns vs Expected Daily Move $AAPL $F $GM $PG $KO $MDLZ $CPB $KHC $STZ $MO $NKE $TSLA http://tinyurl.com/y7zbwhgq", "time": 1530620384.0, "sentiment": ""}, {"id": 129048092, "text": "$AMD $AAPL $NVDA  Asia will bankrupt soon", "time": 1530619626.0, "sentiment": ""}, {"id": 129047467, "text": "$AAPL has a good Piotroski-F score of 7.00. This indicates a good health and profitability. https://www.chartmill.com/analyze.php?utm_source=stocktwits&amp;utm_medium=FA&amp;utm_content=PROFITABILITY&amp;utm_campaign=social_tracking#/AAPL?r=fa&amp;key=bb853040-a4ac-41c6-b549-d218d2f21b32", "time": 1530618423.0, "sentiment": ""}, {"id": 129047155, "text": "$AAPL wasted 2 min of my life reading bear posts, lol. 1 trillion MC coming...", "time": 1530617878.0, "sentiment": "Bullish"}, {"id": 129046894, "text": "Weekly Stock Market Review: http://lnkd.in/eTEuMXs   \n$AAPL $AMD $WIX $NVDA $NFLX $TSLA $GILD $USO $FB $AMZN $FOXA $T  $TWTR $MU $XOMA $VRX", "time": 1530617455.0, "sentiment": ""}, {"id": 129046341, "text": "Price Returns vs Expected Daily Move $MU $FB $AAPL $BABA $BAC $VXX $HYG $EEM $GLD $GE $FXI $TSLA http://tinyurl.com/y7zbwhgq", "time": 1530616559.0, "sentiment": ""}, {"id": 129046226, "text": "$AAPL Why Apple stock is still a buy -- even at $200 a share https://research.tdameritrade.com/grid/public/markets/news/story.asp?docKey=1-SN20180702011954&amp;cid=1-SN20180702011954-MIP", "time": 1530616406.0, "sentiment": ""}, {"id": 129042672, "text": "$BB Now the view count has hit 2M in two days.... Looks like BlackBerry KEY2 is a hit.....\n\n$AAPL $MSFT $GOOGL  https://t.co/voYzG1kOTu", "time": 1530612453.0, "sentiment": "Bullish"}, {"id": 129042494, "text": "$FB   the #FBI #SEC #FTC investigating may not be good for an advertising company. https://www.investopedia.com/terms/f/ftc.asp #FAANG $SPY $AAPL #Momos 4th july", "time": 1530612248.0, "sentiment": ""}, {"id": 129042296, "text": "@LenaDunham $aapl you must hate $$$ success and the best products to own.", "time": 1530612004.0, "sentiment": ""}, {"id": 129041932, "text": "@KTSpeculator $AAPL How about just post them here!! I have posted option opinion for 20 years on internet. No special communities needed.", "time": 1530611564.0, "sentiment": ""}, {"id": 129041540, "text": "$AAPL i think $AAPL will run into ER. Probably will touch 195-197 and then we could see ER swings...", "time": 1530611127.0, "sentiment": "Bullish"}, {"id": 129039185, "text": "$AAPL The only thing keeping this stock and the market afloat are stock buybacks better get out  when that dries up .", "time": 1530608874.0, "sentiment": ""}, {"id": 129038895, "text": "$NFLX in case people are betting their gaming upside in the stock $GOOGL $AMZN $AAPL https://finance.yahoo.com/news/google-gearing-become-gaming-giant-002100359.html are well ahead...", "time": 1530608616.0, "sentiment": ""}, {"id": 129038883, "text": "Check out Ep. 3 of our show BTFD! (Buy the Fucking Dip!) https://bit.ly/2IJzmG5 Talkin bout div stocks &amp; CASH MONEY $TSLA $TWTR $SNAP $AAPL", "time": 1530608608.0, "sentiment": "Bullish"}, {"id": 129038811, "text": "$SPY #Station51,#Engines 37,41,#BotAir9, faang selling on strength, under tenkansen, be ready for spreading south to cloud equilibrium $AAPL", "time": 1530608536.0, "sentiment": ""}, {"id": 129038735, "text": "$AAPL Hang seng crashing.", "time": 1530608466.0, "sentiment": "Bearish"}, {"id": 129037916, "text": "$AAPL   \n Why Apple stock is still a buy \u2014 even at $200 a share https://www.marketwatch.com/story/why-apple-stock-is-still-a-buy-even-at-200-a-share-2018-07-02?siteid=rss&amp;rss=1 $QQQ $SOXX $SPY $DIA $XLK", "time": 1530607571.0, "sentiment": ""}, {"id": 129037838, "text": "$AAPL looks like AAPL is ready to pop up again! Let\u2019s see by EOW! Aiming for 220+ this year! Very bullish to the max! 197+ in few weeks!", "time": 1530607494.0, "sentiment": "Bullish"}, {"id": 129037581, "text": "$AAPL Cant wait for this company to hindenburg. Apple is nothing but a money bag ready to get burnt", "time": 1530607281.0, "sentiment": "Bearish"}, {"id": 129037064, "text": "$AAPL Applewood?", "time": 1530606842.0, "sentiment": ""}, {"id": 129036688, "text": "$AAPL get ready for a month of FUDD: Apple to Announce Third Quarter 2018 Earnings Results on July 31", "time": 1530606533.0, "sentiment": ""}, {"id": 129036026, "text": "$SPY $AAPL yes you will lose all of the money you never had to begin with .. we are not worried for paper kids here", "time": 1530605917.0, "sentiment": ""}, {"id": 129035323, "text": "@DesertRat1 Did you just compare $MDXG to $AAPL ?! You stand alone as the dumbest message of the day. Congrats.", "time": 1530605246.0, "sentiment": ""}, {"id": 129035311, "text": "Tues \ud83d\udc40 1 $AMZN $GOOGL $AAPL $FB $AMD $CRM $BTC.X $ETH.X $LTC.X $ADBE $BA $BABA $BIDU $CMG $CAT $EA $AMRS $ADMP $ARWR $CEI $GBR $JONE $MICT", "time": 1530605238.0, "sentiment": ""}, {"id": 129035304, "text": "$AAPL bullshirt. Lightning to USB-C.", "time": 1530605233.0, "sentiment": ""}, {"id": 129035295, "text": "$AAPL coming back to life https://youtu.be/oWGh1RUrycc", "time": 1530605228.0, "sentiment": "Bullish"}, {"id": 129035289, "text": "$SPY HUGE DROP COMING SOON!  $AAPL will follow!", "time": 1530605222.0, "sentiment": "Bearish"}, {"id": 129035174, "text": "$AAPL HTC is firing 25% of it\u2019s workforce.", "time": 1530605120.0, "sentiment": ""}, {"id": 129035076, "text": "$MDXG For context prior to departure of Jobs $AAPL  had 82B in cash. He WAS the Co. Today has165B NET cash SANS Jobs. MDXG is on auto pilot", "time": 1530605007.0, "sentiment": ""}, {"id": 129034583, "text": "$SPY $QQQ $IWM $AAPL $FB $AMZN $GOOG $MSFT That ramp job the algos pulled today was incredible. At the same time it doesn&#39;t surprise me ;)", "time": 1530604496.0, "sentiment": ""}]