[{"id": 129284653, "text": "Hot Options Report For End Of Day - Thursday, July 5 $BAC $GE $AAPL $TSLA $BABA $FB $FOXA https://goo.gl/a12cnG", "time": 1530850317.0, "sentiment": ""}, {"id": 129284538, "text": "@luluact only around 30bp vs $QQQ. Why? It\u2019s not $FB which achieved PT upgrade&amp;not a chip stock which bounced hard after Tues sell off $AAPL", "time": 1530850239.0, "sentiment": ""}, {"id": 129284514, "text": "$AAPL $INT Report: Apple Inc. (AAPL) to Drop Intel as Radio Chip Supplier - http://bit.ly/2IVEfMr", "time": 1530850223.0, "sentiment": ""}, {"id": 129283928, "text": "$BAC $MDT $BABA $TSLA $AAPL $SNAP $FB $MU $AMD $CX $JD $WFC $OMC $T $CSCO $SGMS $ZAYO $GE Highest volume strikes", "time": 1530849828.0, "sentiment": ""}, {"id": 129282966, "text": "$TSLA $BAC $MU $AAPL $BABA $FB $GE $NFLX $T $AMD $INTC $MSFT $SNAP $MDT $NVDA $TWTR $C $FOXA $JD $F $IQ $JPM $WFC $PBR Most active options", "time": 1530849305.0, "sentiment": ""}, {"id": 129282857, "text": "$SPX $SPY $QQQ $VIX $DJIA $DIA $IWM $IQ $UXIN $BABA $AAPL \n \nFor those that forgot and those who don&#39;t know.", "time": 1530849244.0, "sentiment": ""}, {"id": 129282856, "text": "$AAPL Tesla has highest consumer satisfaction score above Porsche.", "time": 1530849240.0, "sentiment": ""}, {"id": 129282739, "text": "$AAPL  Jesse Lee Peterson said Apple\u2019s logo represents the Children of the Lie", "time": 1530849164.0, "sentiment": "Bearish"}, {"id": 129281933, "text": "$AAPL analysts on Estimize expect -0.21% YoY growth in Gross Margins for Q3, down from 1.29% in previous year [Reporting 07/31 AMC]\nhttp://www.estimize.com/intro/aapl?chart=change-over-time&amp;metric_name=gross_margins&amp;utm_content=AAPL&amp;utm_medium=metric_growth&amp;utm_source=stocktwits", "time": 1530848710.0, "sentiment": ""}, {"id": 129281931, "text": "$AAPL analysts on Estimize expect -6.27% YoY growth in iPad Sales for Q3, down from 14.77% in previous year [Reporting 07/31 AMC]\nhttp://www.estimize.com/intro/aapl?chart=change-over-time&amp;metric_name=ipad_unit_sales&amp;utm_content=AAPL&amp;utm_medium=metric_growth&amp;utm_source=stocktwits", "time": 1530848709.0, "sentiment": ""}, {"id": 129281929, "text": "$AAPL analysts on Estimize expect 8.88% YoY growth in iPhone Sales for Q3, up from 1.56% in previous year [Reporting 07/31 AMC]\nhttp://www.estimize.com/intro/aapl?chart=change-over-time&amp;metric_name=iphone_unit_sales&amp;utm_content=AAPL&amp;utm_medium=metric_growth&amp;utm_source=stocktwits", "time": 1530848709.0, "sentiment": ""}, {"id": 129281927, "text": "$AAPL analysts on Estimize expect 1.13% YoY growth in Mac Sales for Q3, up from 0.94% in previous year [Reporting 07/31 AMC]\nhttp://www.estimize.com/intro/aapl?chart=change-over-time&amp;metric_name=mac_unit_sales&amp;utm_content=AAPL&amp;utm_medium=metric_growth&amp;utm_source=stocktwits", "time": 1530848709.0, "sentiment": ""}, {"id": 129281744, "text": "$AAPL $NVDA $GOOG $FB $AMZN", "time": 1530848596.0, "sentiment": ""}, {"id": 129281620, "text": "Price Moves vs Expected Moves $FB $SMH $MU $BABA $EFA $AAPL $BAC $GE $EEM $FXI $TSLA $VXX http://tinyurl.com/y7zbwhgq", "time": 1530848544.0, "sentiment": ""}, {"id": 129281349, "text": "$AAPL &quot;The tariffs would largely help the European Union, which just recently wrapped up talks with Mexico for an expanded trade deal&quot;", "time": 1530848402.0, "sentiment": ""}, {"id": 129281157, "text": "$AAPL Mexico increased its tariffs on U.S. pork to 20 percent. Mexico bought almost 25 percent of all U.S. pork shipments last year.", "time": 1530848309.0, "sentiment": ""}, {"id": 129280876, "text": "$AAPL don\u2019t worry, this will be easy to win. Americans are great at sucking up economic pain.", "time": 1530848177.0, "sentiment": ""}, {"id": 129280706, "text": "$AAPL Mexico on Thursday began imposing its second stage retaliatory tariffs on dozens of U.S. goods in response to President Donald Trump", "time": 1530848089.0, "sentiment": ""}, {"id": 129280609, "text": "$AAPL $CRM $FB $MU $NVDA I say 50 to 100 either side,  for present tariffs baked in unless trump tweets about future tariffs or threats", "time": 1530848046.0, "sentiment": ""}, {"id": 129280407, "text": "ICYMI: I Think The Street Is Understanding Zagg&#39;s Potential Zip $ZAGG Also $AAPL https://goo.gl/7xR3Eg", "time": 1530847953.0, "sentiment": ""}, {"id": 129280070, "text": "$CRUS Reporting earnings before $AAPL  this time... Strange..", "time": 1530847815.0, "sentiment": ""}, {"id": 129279419, "text": "$AAPL CLOSES ABOVE ITS OPENING PRICE AFTER RECOVERING FROM EARLY SELLING PRESSURE: https://techniquant.com/reports/stock-aapl-daily-technical-analysis-report-for-2018-07-05/", "time": 1530847530.0, "sentiment": ""}, {"id": 129278933, "text": "$FB $TSLA $AAPL $NFLX $SPX \n \n 252 trading days per year:  \n200/day = 50k/year  \n400/day = 100k/year \n1k/day = 250k/year  \n4k/day = 1M/year", "time": 1530847325.0, "sentiment": ""}, {"id": 129278845, "text": "$SPY FIVE MINUTE TRADES ARE WORKING - \n \nhttp://www.tradewithjoe.com/trading-the-opening-five-minute-candle/ \n \n$TSLA $BABA $FB $WYNN $NFLX $AAPL $SPX $QQQ $IWM $CELG $UNH +++ #STUDY", "time": 1530847286.0, "sentiment": ""}, {"id": 129278469, "text": "$GOOGL $AMZN $FB $AAPL  What\u2019s everyone predicting for tomorrow with the tariffs getting implemented?", "time": 1530847126.0, "sentiment": ""}, {"id": 129278341, "text": "... When markets are down, don\u2019t be afraid to go short https://goo.gl/VnTEhX  \n \n$AAPL $MSFT $MU $BABA $GOOG $FB $AMZN $NFLX $GE $TSLA $GPRO", "time": 1530847074.0, "sentiment": "Bullish"}, {"id": 129277513, "text": "Hot Options Report For End Of Day July 5 - $GE, $BAC, $TSLA, $AAPL, $BABA, $FOXA, $FB \nhttp://www.theoptionsinsider.com/hot-options-report-for-end-of-day-july-5-ge-bac-tsla-aapl-baba-foxa-fb/", "time": 1530846726.0, "sentiment": ""}, {"id": 129277007, "text": "$SPY $spx $qqq $aapl feels like the night before brexit where nothing was priced in.", "time": 1530846525.0, "sentiment": "Bearish"}, {"id": 129276885, "text": "$AAPL \u2714 out that 183ish support", "time": 1530846484.0, "sentiment": ""}, {"id": 129276311, "text": "$AAPL PRINTING MONEY!", "time": 1530846280.0, "sentiment": "Bullish"}, {"id": 129276195, "text": "$AAPL was off by .39 as I called $184.xx close at $186.30... regardless, we crushed it up, down and all around today!", "time": 1530846242.0, "sentiment": ""}, {"id": 129275735, "text": "Apple (AAPL) to release earnings after the market closes on Tuesday, July 31. Expected EPS: 2.19. $AAPL https://www.tipranks.com/stocks/AAPL/earnings-calendar?ref=TREarnings", "time": 1530846097.0, "sentiment": ""}, {"id": 129275674, "text": "$AAPL fade tomorrows green in tech into close $soxl", "time": 1530846079.0, "sentiment": "Bearish"}, {"id": 129275144, "text": "$AAPL wait for the crook like bad news so tutes can load before er. Shorterm bear but long bull", "time": 1530845967.0, "sentiment": "Bullish"}, {"id": 129273915, "text": "$BPMX $AAPL Or sale?", "time": 1530845572.0, "sentiment": ""}, {"id": 129273564, "text": "$BPMX SOLD, big boy order placed $AAPL", "time": 1530845446.0, "sentiment": ""}, {"id": 129272981, "text": "$AAPL Big money keeps slamming this and pumping it right back up hard to gauge sentiment :)", "time": 1530845248.0, "sentiment": ""}, {"id": 129272295, "text": "$AAPL They&#39;re dropping like flies lol $$$$$$$$$$$$$$$$$$$$$$$$$$$", "time": 1530844995.0, "sentiment": "Bullish"}, {"id": 129271828, "text": "Today&#39;s day &amp; swing trades: $WBA, $UNH, $TCDA, $I, $GBR, $EOLS, $COOL, $BABA, $MU, $EHIC (see charts) Open: $SOXL, $NVDA, $AAPL, $GS, $WBA", "time": 1530844828.0, "sentiment": ""}, {"id": 129271364, "text": "$AAPL vs. $AMZN: Which is the Better Buy? https://chc.li/2IYES7J", "time": 1530844653.0, "sentiment": ""}, {"id": 129270919, "text": "Great article &quot;How to Get Started with a $10,000 Stock Portfolio&quot; https://chc.li/2lTFouO $AAPL $FDX $MSFT $PEP $CVX $NKE $MU $ORCL $INTC", "time": 1530844513.0, "sentiment": ""}, {"id": 129270911, "text": "Buying an iPad has been somewhat revolutionary for me. Been incredibly helpful for my journaling, reading and note-taking. \ud83d\udcdd $AAPL", "time": 1530844510.0, "sentiment": ""}, {"id": 129270889, "text": "$AAPL if we can stick it around these lvls for the next 3 weeks I would be confident of new ATHs and maybe 200 in August", "time": 1530844502.0, "sentiment": ""}, {"id": 129270370, "text": "$AAPL keeps bouncing off VWAP. Should have a strong finish this week.", "time": 1530844302.0, "sentiment": "Bullish"}, {"id": 129270208, "text": "$AAPL MAKE AMERICA UNUSABLE AGAIN!", "time": 1530844245.0, "sentiment": ""}, {"id": 129270158, "text": "$AAPL &quot;US companies are telling the Fed they are already putting capital spending plans on hold due to Trump trade threats.&quot;", "time": 1530844225.0, "sentiment": ""}, {"id": 129268806, "text": "@stillpersuing my daily\u2019s are $AAPL $GE $LMT $MU", "time": 1530843723.0, "sentiment": ""}, {"id": 129268783, "text": "$AAPL Can&#39;t wait for Apple to use this:  Micro-LED Display Boasts of 1 Million Nits Capability https://www.hardocp.com/news/2018/07/02/microled_display_boasts_1_million_nits_capability", "time": 1530843715.0, "sentiment": ""}, {"id": 129268129, "text": "$AAPL Needs Viagra. Too many weak closes, big daily drops &amp; fails to close on high.", "time": 1530843440.0, "sentiment": "Bullish"}, {"id": 129268083, "text": "$AAPL The App Store turns 10 today: https://www.apple.com/newsroom/2018/07/app-store-turns-10/", "time": 1530843423.0, "sentiment": ""}, {"id": 129267775, "text": "$INTC $AAPL https://9to5mac.com/2018/07/05/apple-radio-chips-intel/ \nTrue ???", "time": 1530843297.0, "sentiment": ""}, {"id": 129267355, "text": "$TWTR quar finals gonna begin tomorrow. Suggestions to Guys on $AAPL $FB $BABA $MSFT $AMZN $WMT sell and buy twit. Will know the bird power", "time": 1530843111.0, "sentiment": "Bullish"}, {"id": 129267194, "text": "$AAPL i want red apple today", "time": 1530843043.0, "sentiment": "Bearish"}, {"id": 129266246, "text": "Broad-based leadership underpinning the market $aapl $fb $goog $MSFT https://bit.ly/2MS11ak", "time": 1530842641.0, "sentiment": ""}, {"id": 129266151, "text": "$AAPL Trump to impose more tariffs tmrw!", "time": 1530842606.0, "sentiment": ""}, {"id": 129265562, "text": "$AAPL wow, new colors phones, this is real innovation...\nBetter start selling this stock before it gets too late.", "time": 1530842407.0, "sentiment": ""}, {"id": 129264613, "text": "$AAPL told you guys it would be a crazy day the futures told the story yesterday...great for scalping tho", "time": 1530842000.0, "sentiment": ""}, {"id": 129264300, "text": "$AAPL grabbed puts again- what a fun day!", "time": 1530841850.0, "sentiment": "Bearish"}, {"id": 129264185, "text": "$aapl !!!", "time": 1530841798.0, "sentiment": ""}, {"id": 129263416, "text": "$AAPL. Three words - China, Tariffs, Technology.", "time": 1530841449.0, "sentiment": "Bearish"}, {"id": 129263068, "text": "$AAPL reduced position 1/3", "time": 1530841299.0, "sentiment": ""}, {"id": 129262818, "text": "Apple Looking To Brighten iPhone Lineup With New Colors http://ow.ly/SyrA30kOPiS  $AAPL", "time": 1530841194.0, "sentiment": ""}, {"id": 129262133, "text": "The App Store turns 10 - Apple ... are you kidding me ... @stocktwits turns 10 in August I think cc @zerobeta $aapl https://www.apple.com/newsroom/2018/07/app-store-turns-10/", "time": 1530840904.0, "sentiment": ""}, {"id": 129262045, "text": "$AAPL uh looks like itll run eod today?", "time": 1530840867.0, "sentiment": ""}, {"id": 129261972, "text": "I wouldn\u2019t be a holder of any positions heading into tomorrow $tsla $fb $spy $aapl $nflx", "time": 1530840835.0, "sentiment": ""}, {"id": 129261119, "text": "$AAPL someone tell apple to buyout mu pls", "time": 1530840449.0, "sentiment": ""}, {"id": 129260220, "text": "Nobody is really winning the short term fight on $AAPL, atm. Here&#39;s the 60-minute chart. Kind of a knife fight since mid-May. 185 the Pivot.", "time": 1530840065.0, "sentiment": ""}, {"id": 129259641, "text": "@marcellus10 they wouldn&#39;t be $aapl bears if they were financially literate", "time": 1530839821.0, "sentiment": ""}, {"id": 129259595, "text": "$AAPL inside day! Is it a bear flag and RSI gets rejected at 50 or is its +D and we push higher! Two levels and two alerts! Feels perky!", "time": 1530839803.0, "sentiment": ""}, {"id": 129259283, "text": "$SPY $AAPL $QQQ I&#39;m smelling an ugly selloff EOD", "time": 1530839682.0, "sentiment": ""}, {"id": 129259195, "text": "$AAPL Making lower lows. We should get a swing up setup below $178.Buying here is not wise.  GLA", "time": 1530839653.0, "sentiment": "Bearish"}, {"id": 129258870, "text": "According to data reported to FINRA, short volume percent for $AAPL clocked in at 34.13% on 07-03-18 https://volumebot.com/?s=AAPL", "time": 1530839520.0, "sentiment": ""}, {"id": 129258379, "text": "$AAPL timber!", "time": 1530839349.0, "sentiment": "Bearish"}, {"id": 129258245, "text": "$SPY set on horizon .  have nice ride . the USDJPY not happy. $VIX 17 watch.. $QQQ $AAPL #FaangReef", "time": 1530839307.0, "sentiment": ""}, {"id": 129258243, "text": "$AAPL I&#39;m sorry, the tariffs on China will come into effect after 13 hours. I was mistaken because I was not used to American time.", "time": 1530839306.0, "sentiment": ""}, {"id": 129257763, "text": "$AAPL   \nApple registers new iPads and MacBooks in EurasiaThe VergeNew iPad, Mac models get certified before expected fall launch", "time": 1530839113.0, "sentiment": "Bullish"}, {"id": 129257411, "text": "$AAPL Bears are ridiculous - instead of posting here they s/be getting an education on how to read a financial statement", "time": 1530838975.0, "sentiment": "Bullish"}, {"id": 129257215, "text": "$AAPL no doubt here. More cash, best earnings, loyal market. Trade wars a bunch of noise. Buffet didn&#39;t take 5% on a gamble. Smart money.", "time": 1530838899.0, "sentiment": ""}, {"id": 129257118, "text": "7.05.18 Elliott wave Updates for Big Tech: $AAPL $CRM EA FFIV   http://wavegenius.com/7-05-10-elliott-wave-updates-for-big-tech-aapl-crm-ea", "time": 1530838854.0, "sentiment": ""}, {"id": 129256773, "text": "187.50C $AAPL calls now at LOD. Don&#39;t get mad, get E-trade. in/out on options otherwise this happens", "time": 1530838752.0, "sentiment": ""}, {"id": 129256348, "text": "@rwolitzky FB my favorite stock, but i&#39;m all in $AAPL right now. $FB is a monopoly. even the behemoth $GOOGL w/ GOOGLE+ couldn&#39;t compete", "time": 1530838569.0, "sentiment": ""}, {"id": 129256309, "text": "$AAPL bleed", "time": 1530838550.0, "sentiment": ""}, {"id": 129255887, "text": "$AAPL there is no news that Trump&#39;s tariffs on China have come into effect. I am very disappointed with Trump.", "time": 1530838365.0, "sentiment": ""}, {"id": 129255736, "text": "$SPY $TNA $FAS $IYT $IWM $FB $GOOGL $AMZN $NFLX $GOOGL $AAPL $SPOT $MSFT $NVDA https://www.cnbc.com/2018/07/05/more-than-a-third-of-chinese-millionaires-want-to-leave-china.html $EEM $FXI $BIDU $IQ $BABA $WB", "time": 1530838293.0, "sentiment": ""}, {"id": 129255608, "text": "$AAPL wants $185", "time": 1530838237.0, "sentiment": "Bearish"}, {"id": 129255453, "text": "@BubonicPlague Good Job. Awesome. Maybe take a break from trading and just invest in $FB and $Aapl.", "time": 1530838161.0, "sentiment": ""}, {"id": 129255098, "text": "Best Top 5 &amp; Top 10 ETFs we track for 2018.  #1 Internet (FANG) etf $FDN, +27% YTD. See more here:  https://www.top3sectorportfolio.com/single-post/2017/09/25/MARKET-UPDATE $SPY $AAPL $AMZN", "time": 1530837981.0, "sentiment": ""}, {"id": 129255084, "text": "$AAPL big green day tomorrow?", "time": 1530837974.0, "sentiment": ""}, {"id": 129254497, "text": "$SPY nice mini ramp. the overnight #ASIA #CHINA news risk while many out will get the #MsButterworth on edge.. #FaangReef $VIX $AAPL", "time": 1530837700.0, "sentiment": ""}, {"id": 129254376, "text": "$AAPL \ud83e\udd37\ud83c\udffc\u200d\u2642\ufe0f", "time": 1530837637.0, "sentiment": ""}, {"id": 129254315, "text": "Daytrade bite out of Apple $AAPL on 5 minute chart. Watch this 2 minute video showing the signal and level triggers. https://www.tasmarketprofile.com/blog", "time": 1530837600.0, "sentiment": ""}, {"id": 129254238, "text": "$AAPL put $185 is looking real good", "time": 1530837556.0, "sentiment": ""}, {"id": 129253887, "text": "$AAPL may add more color to its 2018 iPhone lineup. https://investorplace.com/2018/07/apple-may-add-more-color-to-2018-iphones/", "time": 1530837395.0, "sentiment": ""}, {"id": 129253165, "text": "\ud83d\udd25 TODAY&#39;S ACTIVE FLOW: $TSLA $MU $BAC $FB $AAPL $GE $IQ $C $BABA $MSFT $NFLX $AMD $NVDA $MDT $JPM $BX $JPM $MDXG $TWTR $X $GOOGL $JNJ", "time": 1530837061.0, "sentiment": ""}, {"id": 129253097, "text": "Here\u2019s what 263 Estimize analysts believe $AAPL will report for Q3 2018 revenue [Reporting 07/31 AMC]\nhttp://www.estimize.com/intro/aapl?chart=historical&amp;metric_name=revenue&amp;utm_content=AAPL&amp;utm_medium=revenue_update&amp;utm_source=stocktwits", "time": 1530837031.0, "sentiment": ""}, {"id": 129253065, "text": "$FB \nST, traders have fun, trade away! Not a hater \ud83e\udd17  \nLong term though, $AMZN $GOOGL much much better investments, even $AAPL w/ div.", "time": 1530837022.0, "sentiment": "Bearish"}, {"id": 129252513, "text": "$INTC $AAPL Apple dropping Intel as radio chip supplier, killing off the product - https://9to5mac.com/2018/07/05/apple-radio-chips-intel/ $AMD", "time": 1530836787.0, "sentiment": ""}, {"id": 129252009, "text": "$AAPL buying put now", "time": 1530836559.0, "sentiment": ""}, {"id": 129251954, "text": "$AAPL will have returned over $700b to shareholders in 5 years. Chart by Dan Tello", "time": 1530836541.0, "sentiment": "Bullish"}, {"id": 129251320, "text": "no one can predict whats gonna happen to trade war  $AAPL $SPY $QQQ $TVIX $SQQQ $CAT everyone who is betting on up or down is just gambling", "time": 1530836275.0, "sentiment": "Bearish"}, {"id": 129250599, "text": "$AAPL Was Trump frightened? Why does Trump not impose tariffs on China?", "time": 1530835980.0, "sentiment": ""}, {"id": 129250095, "text": "$AAPL Thinking about writing a July 20, 190 Covered Call for $1.30 on some of my shares. Stock is in a tight trading range...comments?", "time": 1530835766.0, "sentiment": "Bullish"}, {"id": 129249885, "text": "$AAPL where is the vol guys.  Where all big boys when we need them?", "time": 1530835683.0, "sentiment": ""}, {"id": 129249703, "text": "IoT Set to Rally: 5 Stocks Leading From the Front\n\n$GOOGL $AAPL $IBM $INTC $AMZN  \n\nhttps://www.zacks.com/stock/news/310364/iot-set-to-rally-5-stocks-leading-from-the-front", "time": 1530835602.0, "sentiment": ""}, {"id": 129249626, "text": "Why Mega-Cap Tech Stocks Are the Safe Play for the Rest of 2018\n\n$MSFT $AAPL $CSCO $AMZN  \n\nhttps://247wallst.com/technology-3/2018/07/05/why-mega-cap-tech-stocks-are-the-safe-play-for-the-rest-of-2018/", "time": 1530835570.0, "sentiment": ""}, {"id": 129249527, "text": "$AAPL needs to break this trendline to see further gains.", "time": 1530835529.0, "sentiment": "Bullish"}, {"id": 129248667, "text": "$AAPL rejection at Fibo 0.618 ?! you&#39;re good if you know where it goes now from there (high IV). GL all.", "time": 1530835204.0, "sentiment": ""}, {"id": 129247761, "text": "$AAPL investors taking fewer risks, going to U.S stocks with good balance sheets specifically in tech, financials, and energy sectors.", "time": 1530834807.0, "sentiment": "Bullish"}, {"id": 129247730, "text": "$AAPL ignore bears.", "time": 1530834796.0, "sentiment": "Bullish"}, {"id": 129247596, "text": "$AAPL puts for a swing looks like it makes sense", "time": 1530834742.0, "sentiment": "Bearish"}, {"id": 129247216, "text": "$AAPL dropping", "time": 1530834584.0, "sentiment": "Bearish"}, {"id": 129246944, "text": "Most Active Equity Options And Strikes For Midday - Thursday, July 5 $BAC $MDT $AAPL $MU $TSLA https://goo.gl/3yNbMQ", "time": 1530834457.0, "sentiment": ""}, {"id": 129246614, "text": "$FB $AAPL $AMZN $GOOG $MSFT $SPY $QQQ $IWM Careful with facebook up here", "time": 1530834310.0, "sentiment": ""}, {"id": 129245503, "text": "$SPY $aapl I appreciate your TA and thoughts .. keep it up", "time": 1530833988.0, "sentiment": ""}, {"id": 129244434, "text": "$SPY $aapl hourly showing a inverse H&amp;S that failed, followed by 2 harsh rejections and inexplicable saves", "time": 1530833896.0, "sentiment": ""}, {"id": 129243264, "text": "$SPY $aapl at resistance... again.", "time": 1530833740.0, "sentiment": ""}, {"id": 129243089, "text": "@Terminalhorizon you know what&#39;s $NFLX  and capital? Or $AAPL! It&#39;s not always how much you earn, it&#39;s about what you can earn!", "time": 1530833665.0, "sentiment": "Bullish"}, {"id": 129242549, "text": "$AAPL volume is nonexistent- wait till someone unloads exposure", "time": 1530833463.0, "sentiment": ""}, {"id": 129242322, "text": "$FB $AAPL Steepish curl. \n$NVDA $NFLX Highs. \n$BABA VWAP.", "time": 1530833374.0, "sentiment": ""}, {"id": 129242115, "text": "Most Active Equity Options And Strikes For Midday July 5 - $BAC, $MDT, $TSLA, $AAPL, $MU \nhttp://www.theoptionsinsider.com/most-active-equity-options-and-strikes-for-midday-july-5-bac-mdt-tsla-aapl-mu/", "time": 1530833301.0, "sentiment": ""}, {"id": 129241064, "text": "$AAPL I bet it does the opposite the market always does the opposite to what you think is going to happen", "time": 1530832882.0, "sentiment": ""}, {"id": 129241015, "text": "$AAPL the higher you go, then more Puts I\u2019ve put on you after cashing in earlier- let\u2019s double dip shall we? \ud83e\udd17", "time": 1530832859.0, "sentiment": "Bearish"}, {"id": 129240978, "text": "$TSLA gonna be one Hell of a short covering rally $SPY $AAPL $FB", "time": 1530832844.0, "sentiment": ""}, {"id": 129240512, "text": "$AAPL we retouching $186 again n more", "time": 1530832662.0, "sentiment": ""}, {"id": 129240487, "text": "$AAPL is it going to fail tomorrow? keep the buying in. Don&#39;t stop...:)", "time": 1530832653.0, "sentiment": ""}, {"id": 129240170, "text": "$QQQ $SPY $NFLX $AAPL $FB $AMZN ROAST THEM!", "time": 1530832521.0, "sentiment": ""}, {"id": 129240152, "text": "$SPY  100k OPTIONS TRADING RESULTS TODAY -  $WYNN $AAPL $IWM $BABA $VXX", "time": 1530832514.0, "sentiment": ""}, {"id": 129239502, "text": "$AAPL $DIS $CVS $SBUX $AMAT what a beautiful day it is \ud83d\ude0a", "time": 1530832239.0, "sentiment": "Bullish"}, {"id": 129239429, "text": "$AAPL more buying, keep it up bulls.", "time": 1530832207.0, "sentiment": "Bullish"}, {"id": 129239323, "text": "few cents shy think this is it  $AAPL", "time": 1530832154.0, "sentiment": ""}, {"id": 129239315, "text": "$AAPL https://youtu.be/kpwd1YLgDaM", "time": 1530832152.0, "sentiment": ""}, {"id": 129238310, "text": "$AAPL y\u2019all see the volume on that move? Loaded puts and already up - lets take it home at close", "time": 1530831733.0, "sentiment": ""}, {"id": 129238240, "text": "$AAPL $TSLA bullshirt. Hyper-overpriced. Auto companies are usually only bought when dead or near dead. Do some research please.", "time": 1530831704.0, "sentiment": ""}, {"id": 129237799, "text": "$NVDA $GOOGL Broke highs. \n$NFLX $FB Uphill over VWAP. \n$AAPL Over VWAP.", "time": 1530831565.0, "sentiment": ""}, {"id": 129237766, "text": "&quot;Cities Don&#39;t Have To Offer Huge Subsidies To Companies Like $AAPL and Amazon&quot; Apple doesn\u2019t ask for subsidies; Amazon *does* you IDIOT", "time": 1530831551.0, "sentiment": ""}, {"id": 129237085, "text": "$AAPL While today&#39;s low is holding then bounce can extend higher toward $189.9 - $191.6 before 3 waves pullback is seen #elliottwave", "time": 1530831279.0, "sentiment": ""}, {"id": 129237023, "text": "June 2018 Stock Picking Contest Results: The Winner Is Wellbespoke with $SIG Pick and 27.25% gain! $SPY $AAPL $MU $FB https://www.reddit.com/user/Fatherthinger/comments/8vk0wf/june_2018_stock_picking_contest_results_the/", "time": 1530831259.0, "sentiment": ""}, {"id": 129236667, "text": "$AAPL seems like it won&#39;t be a disappointment today...:)", "time": 1530831127.0, "sentiment": ""}, {"id": 129236415, "text": "$NVDA nibbled puts $jpm added 104Ps at .46 $aapl into half of puts for tomorrow #tariffs", "time": 1530831046.0, "sentiment": "Bearish"}, {"id": 129236396, "text": "185.90 $AAPL if pushes here", "time": 1530831036.0, "sentiment": ""}, {"id": 129236212, "text": "$TSLA Tesla products, all of them, are amazing, brilliant, and peerless. The last time I loved products like this was $AAPL in 2004-2010", "time": 1530830959.0, "sentiment": "Bullish"}, {"id": 129236019, "text": "$AAPL let see 186$ again today bb", "time": 1530830896.0, "sentiment": ""}, {"id": 129235900, "text": "$AAPL dj up 150$ again go bb go", "time": 1530830845.0, "sentiment": ""}, {"id": 129235783, "text": "$AAPL sick of all the bears on this. COMMON BULLS!!!!!!", "time": 1530830798.0, "sentiment": "Bullish"}, {"id": 129235676, "text": "$AAPL not many people buying Apple anymore? Where are the bulls at?", "time": 1530830755.0, "sentiment": ""}, {"id": 129235581, "text": "Apple regains title as world\u2019s best-selling smartphone $AAPL $SSNLF @apple http://bit.ly/2MPPF6v", "time": 1530830721.0, "sentiment": ""}, {"id": 129234887, "text": "$AAPL funny no improve at all except colors lmao", "time": 1530830434.0, "sentiment": "Bearish"}, {"id": 129234832, "text": "$AAPL this bounce is for more chance of selling for those that didn&#39;t get out on time. Smart money been trimming their positions past weeks", "time": 1530830411.0, "sentiment": ""}, {"id": 129234631, "text": "$TSLA I\u2019m holding to $4000 a share. I only add. I drive a Tesla X. Know the company very well. Felt same about $AAPL in 2004, but sold early", "time": 1530830327.0, "sentiment": "Bullish"}, {"id": 129234183, "text": "$AAPL this thread is funny \nYou can always tell who is on the losing side by their post \nHave a great day \ud83d\ude0e", "time": 1530830157.0, "sentiment": ""}]