[{"id": 129784058, "text": "$NFLX gonna close green here- grabbed more of these at open per my plan from my $AAPL puts I alerted yesterday\ud83e\udd11", "time": 1531342459.0, "sentiment": "Bullish"}, {"id": 129783226, "text": "$AMD $AAPL $NVDA $MU $TVIX lol beside all other sucker racing to Green let&#39;s see who wins lol blooood bath", "time": 1531342227.0, "sentiment": "Bullish"}, {"id": 129782549, "text": "$AAPL #Alert - Open Jul-27 187.5 Puts at $2.14 per contract. \nStock at: 189.21", "time": 1531342036.0, "sentiment": "Bearish"}, {"id": 129782544, "text": "China\u2019s move, and it could sting a lot harder than tariffs on existing products. https://www.bloomberg.com/news/articles/2018-07-11/china-has-arsenal-of-non-tariff-weapons-to-hit-back-at-trump $SPY $DJIA $XLF $AAPL", "time": 1531342035.0, "sentiment": "Bearish"}, {"id": 129781139, "text": "$AAPL how is 189 down?  just stop it already...", "time": 1531341620.0, "sentiment": "Bearish"}, {"id": 129781123, "text": "$AAPL he also said, to Merkel\u2019s face, that Germany gets \u201c70% of its energy from Russia.\u201d The actual figure is 9%.", "time": 1531341614.0, "sentiment": ""}, {"id": 129781046, "text": "$SPY Yep, Let them flush, Look for sales! $AAPL $BABA $AMZN $NFLX $FB $TSLA $JPM $ALK $GS $WFC", "time": 1531341589.0, "sentiment": "Bullish"}, {"id": 129780711, "text": "$AAPL premarket plan of selling our aapl puts and buying $NFLX calls at open was dead on!", "time": 1531341499.0, "sentiment": "Bullish"}, {"id": 129780153, "text": "$SPY The Crash of 2018 making Smart Money richer :o) $JPM $WFC $GS $FB $AAPL $BABA", "time": 1531341342.0, "sentiment": "Bullish"}, {"id": 129780011, "text": "$AAPL I told ya. Bears got all excited last night for nothing \ud83d\ude02", "time": 1531341295.0, "sentiment": "Bullish"}, {"id": 129779714, "text": "The Market In 5 Mins: More Tariffs, App Store Birthday, PPI Data And More https://benzinga.com/z/12004728  $AAPL $CMCSA $FOXA $TSLA $CONN $DATA $JAZZ", "time": 1531341190.0, "sentiment": ""}, {"id": 129778739, "text": "$SPY $TWTR $NSA $BP $EEM $MFGP $AAPL $MU $ANGO $SRE $BABA please, no endless senatorial trade discussions!", "time": 1531340842.0, "sentiment": ""}, {"id": 129778596, "text": "$SPY $AAPL $AMZN $GOOG $BABA $FB #5 describes both Trump and Hitler.", "time": 1531340788.0, "sentiment": ""}, {"id": 129778552, "text": "$NFLX $NVDA $GOOGL $FB $AAPL $BABA Gapped down w/ SPY. \n$SPY Bizarre chop AH/PM.", "time": 1531340772.0, "sentiment": ""}, {"id": 129778022, "text": "$AAPL not be able to time aaple..sold puts yesterday..will seat back and watch I guess", "time": 1531340556.0, "sentiment": "Bullish"}, {"id": 129777743, "text": "$NQ_F $DAX $AAPL $BTC.X $CL_F  Traders are special breed of people. Risk takers,focused, disciplined,resilient. Superheroes if you ask me.", "time": 1531340467.0, "sentiment": "Bullish"}, {"id": 129777441, "text": "$AAPL $SPY As posted yesterday the anticipated bounce area is holding and still looking to buy in that area at open", "time": 1531340353.0, "sentiment": "Bullish"}, {"id": 129777253, "text": "$AAPL 187.5 puts this friday ex. hold em or fold em ???", "time": 1531340282.0, "sentiment": ""}, {"id": 129777102, "text": "$MSFT $AAPL $GOOG $AMZN MAGA| I have to rerun all of my algo. thanks a lot tariff. Stupid China... I am piss.", "time": 1531340223.0, "sentiment": ""}, {"id": 129776802, "text": "$AAPL Media brings up any fake news on Apple to bring the stock down. Fishy", "time": 1531340108.0, "sentiment": ""}, {"id": 129776487, "text": "$NQ_F $DAX $YM_F $FB $AAPL $BTC.X $CL_F indices down while financials showing strength. Bitcoin range bound. Crude inventory Report -4.1M", "time": 1531339983.0, "sentiment": ""}, {"id": 129776387, "text": "$AAPL  target price 204.50$   \nForecast from Dominant investors app", "time": 1531339944.0, "sentiment": "Bullish"}, {"id": 129776101, "text": "Market In 5 Mins: More Tariffs, App Store&#39;s Birthday, PPI Data https://benzinga.com/z/12004728 $AAPL $CMCSA $FOXA $TSLA $CONN $DATA $JAZZ $SPY", "time": 1531339829.0, "sentiment": ""}, {"id": 129775899, "text": "$SPY Trump Supporters if you can&#39;t find fault in anything he says you prove the &quot;Libtards&quot; point. You&#39;re lost $AAPL $AMZN $GOOG $BABA $FB", "time": 1531339746.0, "sentiment": "Bullish"}, {"id": 129775640, "text": "$AAPL There might be more info released about Apple&#39;s self driving car", "time": 1531339623.0, "sentiment": ""}, {"id": 129775535, "text": "Today I will be a bear on the $SPY, watch list for today: $TWTR $NSA $BP $EEM $MFGP $AAPL $MU $ANGO $SRE $BABA .  might be a bloody day.", "time": 1531339590.0, "sentiment": "Bearish"}, {"id": 129775387, "text": "@AlexanderHandleton @PerSE @reez007 @Frenzy @godzillalizard @00jeson SO if FAANG $AAPL DOWN=&gt;Most ETF in Bear  Markets $SPY $VIX $FAS", "time": 1531339528.0, "sentiment": "Bearish"}, {"id": 129775274, "text": "@AlexanderHandleton @PerSE @reez007 @Frenzy @godzillalizard @00jeson FED I said Bought FAANG $AAPL  2014 to hold Markets when hit $SPY $VIX", "time": 1531339470.0, "sentiment": ""}, {"id": 129774546, "text": "$SPY $QQQ $aapl $AMZN market will correct 10-20% over next 3 months", "time": 1531339145.0, "sentiment": ""}, {"id": 129774087, "text": "$BB  it\u2019s got intellectual property and cash,,,, The New Blackberry... $BIDU $AAPL  SLEEPING GIANT IS READY TO RUN.......$F", "time": 1531338934.0, "sentiment": "Bullish"}, {"id": 129773637, "text": "@WallStpass Seems like $AAPL has had a much harder time finding traction, my wife has the X &amp; loves it, but it was not a hit.", "time": 1531338731.0, "sentiment": ""}, {"id": 129773304, "text": "$AAPL if it follows past patterns it could dip all the way down to the 170s before going back up", "time": 1531338573.0, "sentiment": ""}, {"id": 129773247, "text": "$SPY So Mrkt begins to recover &amp; Fat Nixon tweets. Folks there&#39;s no way he&#39;s not short w/ his family &amp; Ross $BABA $FB $AAPL $AMZN $XLF $GOOG", "time": 1531338531.0, "sentiment": "Bullish"}, {"id": 129773242, "text": "Stocks Making The Biggest Moves PM $FOXA $NFLX $PFE $GOOGL $TSLA $SPOT $TRIP $ADI $JBLU $AAPL $DB $WDFC $FAST &amp; More https://www.cnbc.com/2018/07/11/stocks-making-the-biggest-moves-premarket-foxa-nflx-pfe-googl-tsl.html", "time": 1531338529.0, "sentiment": ""}, {"id": 129772865, "text": "Can Augmented Reality (AR) Drive $AAPL Apple Stock To $230?   https://www.nasdaq.com/article/can-augmented-reality-ar-drive-apple-aapl-stock-to-230-cm989513", "time": 1531338330.0, "sentiment": ""}, {"id": 129772047, "text": "$SPY $BAC $AAPL I will be looking to buy calls in one or more of these today.", "time": 1531337921.0, "sentiment": ""}, {"id": 129771543, "text": "$SPY I tried to help the Bears, I really did. Too many Trump supporters who just don&#39;t think $AAPL $BABA $FB $JPM $GS $QQQ $XLF $AMZN $WFC", "time": 1531337695.0, "sentiment": "Bullish"}, {"id": 129771501, "text": "$AMZN $AAPL No worries. Having fun, enjoying the ride.", "time": 1531337674.0, "sentiment": "Bullish"}, {"id": 129771149, "text": "$AAPL is my put pick this morning if it shows weakness at the open", "time": 1531337538.0, "sentiment": ""}, {"id": 129770407, "text": "$AAPL $PFE $FB $TWTR $NFLX $BABA $TSLA   \nGuys, just prepared a list of 20 cheap stocks, let me know what you think: \nhttps://business-piece.com/2018/07/08/20-cheap-value-stocks-that-needs-your-attention/", "time": 1531337114.0, "sentiment": "Bullish"}, {"id": 129770255, "text": "Stock Report of the Day: Apple \n \nhttps://www.investorsobserver.com/pr-stocks-lp/?stocksymbol=AAPL&amp;prnumber=71120180 \n \n$AAPL", "time": 1531337030.0, "sentiment": ""}, {"id": 129769982, "text": "$AAPL trade war is starting to become old news am sure the markets are getting fed up", "time": 1531336888.0, "sentiment": ""}, {"id": 129769774, "text": "$AAPL Yes the world is laughing on Trump.", "time": 1531336747.0, "sentiment": ""}, {"id": 129769293, "text": "$MNGA ON THE RISE THIS AM!!!! SWEET!!! \n$CEI $AAPL $FB $ISR $NVCN", "time": 1531336482.0, "sentiment": "Bullish"}, {"id": 129769125, "text": "$SPY As Futures recover just remember they will flush weak-hands &amp; Stops on Open so be patience &amp; let the suckers sell $AAPL $BABA $FB $AMZN", "time": 1531336372.0, "sentiment": "Bullish"}, {"id": 129769046, "text": "$AAPl Still needs to break June peak to open new cycle higher toward $214 area #elliottwave $NDX", "time": 1531336319.0, "sentiment": ""}, {"id": 129768971, "text": "$AAPL Retest of yellow support below?", "time": 1531336272.0, "sentiment": ""}, {"id": 129768851, "text": "FT details that former $AAPL execs were charged with stealing self driving car secrets. https://www.ft.com/content/fa18f5b4-847e-11e8-a29d-73e3d454535d", "time": 1531336189.0, "sentiment": ""}, {"id": 129768812, "text": "@tetianamel volatility=commission , tax revenues, and wealth for few . #THISLIFECHOSEUS #NYSE $SPY $QQQ $DIA  $MU $AAPL $FAST", "time": 1531336167.0, "sentiment": "Bullish"}, {"id": 129768690, "text": "$AAPL tRump hypocrite-in-chief. Don&#39;t do as I do, do as I say (lie)", "time": 1531336068.0, "sentiment": ""}, {"id": 129768662, "text": "$BB Baidu $BIDU Boosts Its Autonomous Driving Project With International Partnerships   https://t.co/MA0E1yz0PJ $NVDA $INTC $AAPL $MBLY $AMZN", "time": 1531336050.0, "sentiment": "Bullish"}, {"id": 129768615, "text": "$AAPl While short term pullbacks remain above $180.7 then the stock can rally to new all time highs #elliottwave", "time": 1531336022.0, "sentiment": ""}, {"id": 129768559, "text": "Analysts Have 5 Key Tech Stocks to Buy Ahead of Earnings Season http://bit.ly/2N1nnWI $AAPL $CASA $IMPV $MU $CRM", "time": 1531335981.0, "sentiment": ""}, {"id": 129768532, "text": "$BIDU Blackberry QNX  to anchor Baidu\u2019s Apollo autonomous driving platform.\n$BIDU $NVDA $INTC $MBLY $MSFT $AAPL \n\nhttps://t.co/4cCzBAKD1b", "time": 1531335960.0, "sentiment": "Bullish"}, {"id": 129768523, "text": "$SPY Just ask any Bear why they&#39;re selling today. There is 0 reason other than headline risk. Just relax &amp; don&#39;t let WS fleece you $AAPL $FB", "time": 1531335952.0, "sentiment": "Bullish"}, {"id": 129768440, "text": "PRE Market Movers: $FOXA, $NFLX, $PFE, $GOOGL, $TSLA, $SPOT, $TRIP, $ADI, $JBLU, $AAPL, $DB, $WDFC, $FAST, $MTSL, $ACHV, $MFGP, $SAR, $ANGO", "time": 1531335887.0, "sentiment": ""}, {"id": 129768359, "text": "$SPY $SPX $ES_F $QQQ $IWM $AAPL $FB $NFLX $AMZN $IQ", "time": 1531335837.0, "sentiment": ""}, {"id": 129768317, "text": "Pre-market movers https://cnb.cx/2L76euo $FAST $WDFC $AAPL $JBLU $ADI $TRIP $SPOT $TSLA $GOOGL $PFE $NFLX $DIS $FOXA $CMCSA $BIDU $BABA $JD", "time": 1531335801.0, "sentiment": ""}, {"id": 129768156, "text": "$SPY Only people laughing more than at Trump are those laughing at anyone selling positions today for no reason $BABA $AAPL $AMZN $JPM $WFC", "time": 1531335688.0, "sentiment": "Bullish"}, {"id": 129767974, "text": "$AAPL $185 is a fair value", "time": 1531335525.0, "sentiment": "Bearish"}, {"id": 129767839, "text": "$AAPL very very \ud83d\ude09 likely to see a rebound. The information is being combed through and has been combed through all night. #READTHETAPE", "time": 1531335418.0, "sentiment": ""}, {"id": 129767831, "text": "What&#39;s your top big data investment? $INFO $CDLX $AMZN $NVDA $GOOG $GOOGL $IBM $AAPL $MSFT $BABA $INTC $FB \n\nhttps://aseriesoframblings.com/2018/07/10/5-amazing-big-data-plays-2018/", "time": 1531335412.0, "sentiment": "Bullish"}, {"id": 129767731, "text": "$SPY $qqq $AAPL $AMZN this is only beginning of red markets. Buy the dip no longer applies. Get out while you still have profit", "time": 1531335313.0, "sentiment": "Bearish"}, {"id": 129767679, "text": "$SPY There&#39;s something else going on today. Smart Money isn&#39;t selling on this old &quot;News&quot;. Let it shake &amp; BTD $AAPL $BABA $FB $AMZNA $NFLX", "time": 1531335270.0, "sentiment": "Bullish"}, {"id": 129767660, "text": "$AAPL look at newswire section\u2019s choice of photos... and they expect us to take journalism seriously?", "time": 1531335248.0, "sentiment": ""}, {"id": 129767654, "text": "$NFLX $IQ $AAPL $HUYA Congress folks who used to despise him but now sit on their hands need to be voted out along with creepy orange man.", "time": 1531335242.0, "sentiment": ""}, {"id": 129767647, "text": "$AAPL trying *really* hard not to post anti-Trump things here. But sometimes his idiocy overrides my logic circuits.", "time": 1531335238.0, "sentiment": ""}, {"id": 129767454, "text": "$SPY WS licking their chops this morning. There no new News out &amp; panic selling into earnings is always the right thing to do:o) $BABA $AAPL", "time": 1531335069.0, "sentiment": "Bullish"}, {"id": 129767080, "text": "$AAPL that means Apple\u2019s share price should move 24% higher over the next three years on buybacks alone, barring Trump-driven economic woes.", "time": 1531334731.0, "sentiment": ""}, {"id": 129767022, "text": "$SPY You really can see how Trump won by reading some of his Cult followers on this board. Education is our biggest issue in the US $AAPL", "time": 1531334673.0, "sentiment": "Bullish"}, {"id": 129767005, "text": "SF FED: Trade policy may completely erase benefits of tax plan https://blogs.wsj.com/economics/2018/07/10/tax-law-may-stimulate-economy-less-than-expected-or-maybe-not-at-all-s-f-fed-economists-say/?guid=BL-REB-38626&amp;responsive=y&amp;redirect=amp&amp;dsk=y#click=https://t.co/7rMSDdb3uM $SPY $DJIA $AAPL $XLF", "time": 1531334658.0, "sentiment": ""}, {"id": 129766915, "text": "$AAPL \u201cWe expect Apple to be net cash neutral in 3 years, ahead of investor expectations of 5 plus years.\u201d \u2014 Loup Ventures\u2019 Gene Munster.", "time": 1531334595.0, "sentiment": ""}, {"id": 129766795, "text": "$AAPL Apple Worldwide Video Reveals another Original Drama in the Works Starring Game of Thrones Jason Momoa", "time": 1531334524.0, "sentiment": ""}, {"id": 129766734, "text": "$NFLX $IQ $AAPL $HUYA not a Nazi, but the parallels to Hitler&#39;s rise are striking. Nobody was willing to question him, and propaganda worked", "time": 1531334475.0, "sentiment": ""}, {"id": 129766694, "text": "$AAPL Well said Adolf or was it tRump?", "time": 1531334444.0, "sentiment": ""}, {"id": 129766551, "text": "$SPY $AAPL $BABA $FB $AMZN $GOOG $JPM $QQQ #TheGoodCuck", "time": 1531334325.0, "sentiment": ""}, {"id": 129766351, "text": "$FB https://www.cnbc.com/2018/07/11/facebook-faces-uk-ico-fine-after-data-scandal-found-to-be-illegal.html $AAPL $AMZN $MSFT $GOOGL $NFLX Businesses always get a passed for doing illegal practices...", "time": 1531334152.0, "sentiment": ""}, {"id": 129766226, "text": "Facebook, Apple, Snap and Others Are Already Monetizing Augmented Reality\n\n$GOOGL $GOOG $AAPL $ATVI $FB $SNAP \n\n https://www.thestreet.com/opinion/facebook-apple-and-others-are-already-monetizing-augmented-reality-14646859", "time": 1531334019.0, "sentiment": ""}, {"id": 129766094, "text": "$SPY There are actually Trump supporters still defending this clown :o) How does he find these people? $AAPL $BABA $FB $AMZN $GOOG $JPM $QQQ", "time": 1531333895.0, "sentiment": "Bullish"}, {"id": 129766018, "text": "$AAPL estimates distribution - here\u2019s what 282 Estimize analysts are expecting $AAPL to report for Q3 [Reporting 07/31 AMC]\nhttp://www.estimize.com/intro/aapl?chart=scatter-plot&amp;metric_name=eps&amp;utm_content=AAPL&amp;utm_medium=distribution&amp;utm_source=stocktwits", "time": 1531333820.0, "sentiment": ""}, {"id": 129765995, "text": "Here\u2019s what 29 Estimize analysts believe $AAPL will report for Q3 iPhone Sales on 07/31 AMC.\nhttp://www.estimize.com/intro/aapl?chart=historical&amp;metric_name=iphone_unit_sales&amp;utm_content=AAPL&amp;utm_medium=metric_update&amp;utm_source=stocktwits", "time": 1531333807.0, "sentiment": ""}, {"id": 129765994, "text": "Here\u2019s what 21 Estimize analysts believe $AAPL will report for Q3 Gross Margins on 07/31 AMC.\nhttp://www.estimize.com/intro/aapl?chart=historical&amp;metric_name=gross_margins&amp;utm_content=AAPL&amp;utm_medium=metric_update&amp;utm_source=stocktwits", "time": 1531333807.0, "sentiment": ""}, {"id": 129765993, "text": "Here\u2019s what 14 Estimize analysts believe $AAPL will report for Q3 iPad Sales on 07/31 AMC.\nhttp://www.estimize.com/intro/aapl?chart=historical&amp;metric_name=ipad_unit_sales&amp;utm_content=AAPL&amp;utm_medium=metric_update&amp;utm_source=stocktwits", "time": 1531333807.0, "sentiment": ""}, {"id": 129765991, "text": "Here\u2019s what 14 Estimize analysts believe $AAPL will report for Q3 Mac Sales on 07/31 AMC.\nhttp://www.estimize.com/intro/aapl?chart=historical&amp;metric_name=mac_unit_sales&amp;utm_content=AAPL&amp;utm_medium=metric_update&amp;utm_source=stocktwits", "time": 1531333806.0, "sentiment": ""}, {"id": 129765897, "text": "$AAPL if this is accurate looks like the 6, 6S and 7 did the best and lower end iPhones didn&#39;t do so hot. https://www.marketwatch.com/story/how-iphone-buying-patterns-have-changed-over-time-in-one-chart-2018-07-09", "time": 1531333694.0, "sentiment": ""}, {"id": 129765850, "text": "Global Dominance via Stocks, Not War $TCEHY $AFL $AMZN $FB $GOOGL $AAPL $BABA https://goo.gl/ghpd4M", "time": 1531333648.0, "sentiment": ""}, {"id": 129765688, "text": "RT Why today&#39;s trade war dip isn&#39;t any more real than the last one: http://crackedmarket.com/2018/07/here-we-go-again/ $SPY $SPX $ES_F $QQQ $IWM $AAPL $FB $NFLX $AMZN", "time": 1531333491.0, "sentiment": ""}, {"id": 129765447, "text": "$AAPL There is not much volatility. It means there is a chance of a rebound today", "time": 1531333288.0, "sentiment": ""}, {"id": 129765395, "text": "$AAPL Japanese regulators say the tech giant may have breached rules. https://stocknews.com/news/aapl-apple-inc-aapl-faces-antitrust-allegations-in-japan/", "time": 1531333251.0, "sentiment": ""}, {"id": 129765393, "text": "$AAPL $FB $BBY $AMZN Your President (not mine) has added another consumer tax , do you like it ? $NFLX", "time": 1531333250.0, "sentiment": ""}, {"id": 129764842, "text": "$SPY People selling today on this Old &quot;News&quot; also just found out Michael Jackson died. Will look for sales in $AAPL $BABA $FB $NFLX $WHC", "time": 1531332689.0, "sentiment": "Bullish"}, {"id": 129764826, "text": "$SBUX $LTC.X $ETH.X $BTC.X $SNAP $XRP.X  $amzn $aapl $fb $nflx $QQQ", "time": 1531332679.0, "sentiment": ""}, {"id": 129764687, "text": "$FB $AAPL I got an inheritance. What should be my first buy?", "time": 1531332531.0, "sentiment": ""}, {"id": 129764004, "text": "$SPY Have to feel bad for Bears, At this point they cant catch a break/ Trade War &amp; the world is ending &amp; they cant get a 1% move :o) $AAPL", "time": 1531331662.0, "sentiment": "Bullish"}, {"id": 129763925, "text": "$AAPL today there are no serious trade discussions occurring between the U.S. and China, and no plans for any.", "time": 1531331510.0, "sentiment": ""}, {"id": 129763855, "text": "$AAPL these things can trigger a hot war too. Thank you, Trump.", "time": 1531331401.0, "sentiment": ""}, {"id": 129763760, "text": "China Tariffs, Fox-Sky, Pfizer, Apple, Free Slurpees - 5 Things You Must Know http://bit.ly/2L6TWlK $PFE $FOXA $FAST $CMCSA $DIS $AAPL", "time": 1531331272.0, "sentiment": ""}, {"id": 129763746, "text": "$AAPL \u201cThere\u2019s no question we\u2019ll see a financial crisis sooner or later,&quot; Mark Mobius says", "time": 1531331241.0, "sentiment": ""}, {"id": 129763721, "text": "$AAPL Agrees to revise iPhone carrier sales contracts in response to Japanese anti-trust concerns https://www.reuters.com/article/us-apple-japan-antitrust/japan-watchdog-apple-may-have-breached-antitrust-rules-with-iphone-idUSKBN1K10MI", "time": 1531331182.0, "sentiment": ""}, {"id": 129763497, "text": "$AAPL $NFLX $DIS $MCD $KO $UL the problem : we are in recession.", "time": 1531330871.0, "sentiment": "Bearish"}, {"id": 129763459, "text": "$AAPL Two months is an eternity with China not wanting to play fair? Chinese are lying smug cheaters.", "time": 1531330821.0, "sentiment": "Bullish"}, {"id": 129761550, "text": "Looks like $AAPL is going to cover Monday gap. I don&#39;t know what will happen but I won&#39;t be surprised to see low open and higher close.", "time": 1531327296.0, "sentiment": ""}, {"id": 129761461, "text": "$AAPL Far East 1.25% on average. Not a panic selling. Ppl got used to this clown outbreaks.", "time": 1531326985.0, "sentiment": ""}, {"id": 129761425, "text": "$AAPL Looking at the market, the reaction to Trump tariffs is quite good. Europe markets dn only 1% and the US about .85%. Not so bad at all", "time": 1531326880.0, "sentiment": ""}, {"id": 129761346, "text": "$AAPL Pardon me for asking, but I am wondering if there is any country left on Earth that Trump didn&#39;t pick a fight with?", "time": 1531326530.0, "sentiment": ""}, {"id": 129760914, "text": "$AAPL $NVDA $WB https://www.google.com/amp/s/amp.cnn.com/cnn/2018/07/10/politics/ustr-new-china-tariffs-trump/index.html", "time": 1531324810.0, "sentiment": ""}, {"id": 129760829, "text": "$AAPL https://www.google.com/amp/s/mobile.reuters.com/article/amp/idUSKBN1K10MI", "time": 1531324520.0, "sentiment": ""}, {"id": 129760644, "text": "$AAPL trade war is just a way for trump and is family to be rich this guys are buying and selling stocks before they make an announcement", "time": 1531323685.0, "sentiment": ""}, {"id": 129760633, "text": "$SIG $TSLA $SPY $AAPL $AMD $NVDA $AMZN Totally read it as stock plunging contest", "time": 1531323654.0, "sentiment": ""}, {"id": 129760514, "text": "$AAPL Deja vu and another #BTD opportunity. Do your DD and you will understand. #stocks #markets", "time": 1531323284.0, "sentiment": "Bullish"}, {"id": 129760157, "text": "$AAPL trump is the biggest market manipulator of all time trump is a bad image for Americans", "time": 1531322024.0, "sentiment": ""}, {"id": 129759890, "text": "$AAPL $AMZN Meeting of Great Minds https://www.nytimes.com/2018/07/10/business/dealbook/sun-valley-deals.html", "time": 1531320940.0, "sentiment": "Bullish"}, {"id": 129759791, "text": "Market Briefing For Wednesday, July 11 $AAPL $SPX http://www.talkmarkets.com/content/stocks--equities/market-briefing-for-wednesday-july-11?post=182531", "time": 1531320438.0, "sentiment": ""}, {"id": 129759657, "text": "$SPY $TVIX Maybe some nasty stuff planned/targeted specifically for American darlings $AAPL $CSCO or others?", "time": 1531319897.0, "sentiment": ""}, {"id": 129759634, "text": " $SPY $TVIX $AAPL What I am most interested in is how China retaliates against Trump&#39;s latest move. They can&#39;t go 1:1 tariffs due to surplus", "time": 1531319815.0, "sentiment": ""}, {"id": 129759581, "text": "$SPY Trump just destroyed all relationship with NATO allies smfh $QQQ $AAPL $SMH $UVXY", "time": 1531319626.0, "sentiment": "Bearish"}, {"id": 129759188, "text": "$AAPL Hold and running out this run. Longs have no reason to be scared here. Sit back and relax.", "time": 1531318381.0, "sentiment": "Bullish"}, {"id": 129758983, "text": "$AAPL  we need a statement from Warren Buffet..", "time": 1531317901.0, "sentiment": ""}, {"id": 129758796, "text": "$AAPL apple going to 187 186.85 tomorrow possibly 184 at worst. Be ready to sell. Not gonna be pretty", "time": 1531317255.0, "sentiment": "Bearish"}, {"id": 129758700, "text": "$SMH $SPY $UVXY $AAPL $QQQ $ES_F  ya think? Lol", "time": 1531316811.0, "sentiment": ""}, {"id": 129758563, "text": "$SPY Bloomberg just now, &quot;We are going to have very volatile markets, its looking very rocky at the moment&quot;. $QQQ $ES_F $AAPL $SMH $UVXY", "time": 1531316256.0, "sentiment": "Bearish"}, {"id": 129758330, "text": "If Trump wants to really punish China, then he goes after $AAPL products, but he wont do that, as the fan boys will go crazy", "time": 1531315432.0, "sentiment": ""}, {"id": 129758071, "text": "$SPY China is challenging the PetroDollar &amp; the US hegemony. The US is retaliating by slapping on tariffs to send a message $AAPL", "time": 1531314603.0, "sentiment": ""}, {"id": 129757810, "text": "$NVDA $WB $AAPL https://www.google.com/amp/s/www.bloomberg.com/amp/news/articles/2018-07-10/u-s-is-said-to-move-forward-on-200-billion-china-tariff-list", "time": 1531313941.0, "sentiment": ""}, {"id": 129757648, "text": "@howardlindzon Bravo $AAPL for catching that thief. No one can contend with Apple. Big guns \ud83d\udcaa\ud83c\udffc", "time": 1531313549.0, "sentiment": "Bullish"}, {"id": 129756891, "text": "Shorts have sure felt some pain in $AAPL. If shorted on the first, their YTD return is around -11.38% as of 07-10 https://www.shortpainbot.com?s=AAPL", "time": 1531311418.0, "sentiment": ""}, {"id": 129756836, "text": "$AAPL everything I own is apple! I just need an iPurse now hehe", "time": 1531311284.0, "sentiment": "Bullish"}, {"id": 129756556, "text": "@howardlindzon New codename for $AAPL Security Team: &quot;Barn Door&quot;.", "time": 1531310705.0, "sentiment": ""}, {"id": 129756552, "text": "$AAPL unless your levers up to the tits on options or your full bull on margin  tomorrow really won\u2019t matter", "time": 1531310703.0, "sentiment": ""}, {"id": 129755876, "text": "Crazy $aapl espionage stuff with china https://www.macrumors.com/2018/07/10/apple-employee-steals-trade-secrets/", "time": 1531309402.0, "sentiment": ""}, {"id": 129755415, "text": "@hedgehog64 How much of this run up was real buying by inst.?Did youknow $AAPL $AMZN $NFLX accounted for most of $SPY RallyJoke is on \ud83d\udc02\ud83d\udc40\ud83d\udca1", "time": 1531308640.0, "sentiment": ""}, {"id": 129754960, "text": "$FB $DJIA $SPY $AAPL gut feeling is that the max pain for dow tomorrow should not be more than 100 pts", "time": 1531307926.0, "sentiment": ""}, {"id": 129754894, "text": "$AAPL Puts - $NFLX Calls at Open", "time": 1531307823.0, "sentiment": ""}, {"id": 129754705, "text": "$V $MA $AAPL $MSFT $CRUS $NKE $ADBE $COST $HD $PFE $TEVA $MRK I got my eyes on all of you tmrw. Would love some big sales", "time": 1531307566.0, "sentiment": ""}, {"id": 129754647, "text": "$AAPL my chart today warned everyone \ud83d\ude02", "time": 1531307485.0, "sentiment": ""}, {"id": 129754643, "text": "$AAPL $SPY  lol what?", "time": 1531307476.0, "sentiment": ""}, {"id": 129754479, "text": "$AAPL They are pouring it on- algos will be in dump mode- volume will tell the story- was low volume melt up and maybe high volume dump", "time": 1531307282.0, "sentiment": "Bearish"}, {"id": 129754398, "text": "$SPY Bears tonight as Futures start to realize it&#39;s a nothing burger I mean thats it? Yikes $AAPL $BABA $FB $AMZN $WFC $JPM $GOOG $NFLX $QQQ", "time": 1531307174.0, "sentiment": "Bullish"}, {"id": 129754162, "text": "Price Moves vs Expected Moves $MU $TSLA $EFA $BABA $AAPL $EEM $FB $XRT $BAC $NFLX $TWTR $VXX http://tinyurl.com/y7zbwhgq", "time": 1531306874.0, "sentiment": ""}, {"id": 129753534, "text": "$IQ $AMD $AAPL $BAC $TWTR China faked up right now", "time": 1531306108.0, "sentiment": ""}, {"id": 129753120, "text": "$AAPL sorry bears", "time": 1531305598.0, "sentiment": "Bullish"}, {"id": 129752929, "text": "$AAPL https://www.ussc.edu.au/analysis/what-does-a-us-china-trade-war-mean-and-who-does-it-hurt", "time": 1531305437.0, "sentiment": ""}, {"id": 129752845, "text": "$AAPL well, you can kinda guess there will be more as they already said they are responding soon.\ud83e\udd14", "time": 1531305370.0, "sentiment": "Bearish"}, {"id": 129752437, "text": "Why today&#39;s trade war dip isn&#39;t any more real than the last one: http://crackedmarket.com/2018/07/here-we-go-again/ $SPY $SPX $ES_F $QQQ $IWM $AAPL $FB $NFLX $AMZN", "time": 1531305008.0, "sentiment": ""}, {"id": 129752335, "text": "$AAPL the biggest is AAPL\ud83d\ude2c", "time": 1531304902.0, "sentiment": ""}, {"id": 129752166, "text": "@AndersonInvesting thx \ud83d\ude4f\ud83c\udffc. As novice: I\u2019d pick always a bridesmaid $MSFT (w/ div) in a pullback &amp; $GOOGL (good support) &amp; $AAPL dividend", "time": 1531304702.0, "sentiment": ""}, {"id": 129752038, "text": "$BB Apple new security feature already hacked via a work around $AAPL $MSFT $AMZN $GOOGL\n\nhttps://t.co/1WbXRb02pR", "time": 1531304572.0, "sentiment": "Bullish"}, {"id": 129751919, "text": "$AAPL", "time": 1531304449.0, "sentiment": "Bearish"}, {"id": 129751561, "text": "Wed\u2019s Watch1 $QQQ $AMZN $FB $GOOGL $AMD $AAPL $NFLX $NVDA $MU $MSFT $INTC $BA $BABA $BIDU $COST $BLIN $MTSL $GOOS $BTC.X $ETH.X $LTC.X $CMG", "time": 1531304095.0, "sentiment": ""}, {"id": 129751374, "text": "$SPY Sorry Bears, China not taking the bait :o) Earning Season looking great + a discount now? Too funny! $AAPL $AMZN $BABA $FB $JPM $BAC", "time": 1531303907.0, "sentiment": "Bullish"}]