[{"id": 129906088, "text": "$AAPL Once again cashing in PM from swings on NFLX and AAPL already. Also, nice quick in/out on SPOT. Great start this morning. kafinvesting", "time": 1531425706.0, "sentiment": ""}, {"id": 129906054, "text": "Baird says Intel&#39;s relationship with Apple is &quot;well alive&quot; $INTC $AAPL @intel @apple http://bit.ly/2L7WZKp", "time": 1531425694.0, "sentiment": ""}, {"id": 129905702, "text": "Baird says Intel&#39;s relationship with Apple is &quot;well alive&quot; $AAPL $INTC https://seekingalpha.com/news/3369625", "time": 1531425535.0, "sentiment": ""}, {"id": 129905409, "text": "$SPY So Bears already have given back the gains they borrowed yesterday. Now is where it get painful for $BABA $AAPL $FB $XLF $ALK $QQQ", "time": 1531425395.0, "sentiment": "Bullish"}, {"id": 129905135, "text": "Stocks Trying to Break Higher Again, Will They? $AAPL $AMZN $SPX $QQQ $DJI https://goo.gl/a3VZat", "time": 1531425261.0, "sentiment": ""}, {"id": 129905068, "text": "$AAPL Apple refreshes MacBook Pro lineup with 6-core processors and up to 32GB of memory https://stocknews.com/news/aapl-apple-refreshes-macbook-pro-lineup-with-6-core-processors-and-up/", "time": 1531425233.0, "sentiment": ""}, {"id": 129904075, "text": "$AAPL analysts on Estimize are expecting 33.08% YoY EPS growth for Q3, up from 30.00% in Q2 [Reporting 07/31 AMC]\nhttp://www.estimize.com/intro/aapl?chart=historical&amp;metric_name=eps&amp;utm_content=AAPL&amp;utm_medium=eps_growth&amp;utm_source=stocktwits", "time": 1531424724.0, "sentiment": ""}, {"id": 129904040, "text": "$AAPL analysts on Estimize expect 8.78% YoY growth in iPhone Sales for Q3, up from 1.56% in previous year [Reporting 07/31 AMC]\nhttp://www.estimize.com/intro/aapl?chart=change-over-time&amp;metric_name=iphone_unit_sales&amp;utm_content=AAPL&amp;utm_medium=metric_growth&amp;utm_source=stocktwits", "time": 1531424711.0, "sentiment": ""}, {"id": 129904038, "text": "$AAPL analysts on Estimize expect -0.22% YoY growth in Gross Margins for Q3, down from 1.29% in previous year [Reporting 07/31 AMC]\nhttp://www.estimize.com/intro/aapl?chart=change-over-time&amp;metric_name=gross_margins&amp;utm_content=AAPL&amp;utm_medium=metric_growth&amp;utm_source=stocktwits", "time": 1531424711.0, "sentiment": ""}, {"id": 129904036, "text": "$AAPL analysts on Estimize expect 0.98% YoY growth in Mac Sales for Q3, up from 0.94% in previous year [Reporting 07/31 AMC]\nhttp://www.estimize.com/intro/aapl?chart=change-over-time&amp;metric_name=mac_unit_sales&amp;utm_content=AAPL&amp;utm_medium=metric_growth&amp;utm_source=stocktwits", "time": 1531424710.0, "sentiment": ""}, {"id": 129904035, "text": "$AAPL analysts on Estimize expect -6.27% YoY growth in iPad Sales for Q3, down from 14.77% in previous year [Reporting 07/31 AMC]\nhttp://www.estimize.com/intro/aapl?chart=change-over-time&amp;metric_name=ipad_unit_sales&amp;utm_content=AAPL&amp;utm_medium=metric_growth&amp;utm_source=stocktwits", "time": 1531424710.0, "sentiment": ""}, {"id": 129903495, "text": "$AAPL being up in premarket shows evidence of all the people who want to get in on this company!", "time": 1531424407.0, "sentiment": "Bullish"}, {"id": 129903482, "text": "$AAPL Large Trades (Largest Trade: 0.36% of Volume)  https://icebergbot.com?s=AAPL", "time": 1531424401.0, "sentiment": ""}, {"id": 129903102, "text": "$AAPL *APPLE MACBOOK PRO W/ FASTER PERFORMANCE, NEW FEATURES FOR PROS \nSAYS MACBOOK PROS PRICING STARTS AT $1,799 FOR 13-INCH", "time": 1531424182.0, "sentiment": ""}, {"id": 129902731, "text": "$SPY CPI and Jobless claims, NATO, Europe news. All good. Bye bye shorty $QQQ $AAPL $ES_F $UVXY $ES_F", "time": 1531424001.0, "sentiment": "Bullish"}, {"id": 129902688, "text": "RT Wed&#39;s restrained dip confirmed my Tues analysis. Don&#39;t miss out: http://crackedmarket.com/2018/07/here-we-go-again/ $SPY $SPX $ES_F $QQQ $IWM $AAPL $FB $NFLX $AMZN", "time": 1531423989.0, "sentiment": ""}, {"id": 129901811, "text": "Why Stocks Only Have One Direction to Go @BrianSozzi @TheStreet http://bit.ly/2KO75E0 $AAPL $TSLA $DNKN $HMNY $PZZA $MCD", "time": 1531423515.0, "sentiment": ""}, {"id": 129901651, "text": "$AAPL Next resistance level at 199. Once broken 230 by February.", "time": 1531423417.0, "sentiment": "Bullish"}, {"id": 129901327, "text": "7/12 50D MA Watch List: $THO $FEYE $OKTA $GE $ECA $MOS $SWKS $THC $DKS $QCOM $STX $WBA $XLE $FAS $BBY $TXN $DOCU $AAPL $RL $DIA $UTX $BOX", "time": 1531423223.0, "sentiment": ""}, {"id": 129900745, "text": "$AAPL i believe we might see the stock fading today. China may employ a silent tactic of favoring local products. Thats bad for aaple.", "time": 1531422874.0, "sentiment": ""}, {"id": 129900046, "text": "$AAPL \ud83e\udd11\ud83e\udd11\ud83e\udd11\ud83e\udd11\ud83e\udd11", "time": 1531422459.0, "sentiment": "Bullish"}, {"id": 129900031, "text": "5 Items Not to Overlook in Today&#39;s Trading: Market Recon $DAL $XOM $BP $HAL $SLB $RDA.A $AMZN $AVGO $CA $AAPL https://realmoney.thestreet.com/articles/07/12/2018/5-critical-things-not-overlook-todays-trading-market-recon?_ga=2.197342959.1797489789.1531081917-20533965.1521547079", "time": 1531422451.0, "sentiment": ""}, {"id": 129899857, "text": "Here&#39;s My Top Stock to Buy (Again) in July $AAPL @apple http://bit.ly/2utBDQs", "time": 1531422347.0, "sentiment": ""}, {"id": 129899346, "text": "$SPY Apple and Boeing starting their moves. Will push markets much higher.... $AAPL $BA", "time": 1531422014.0, "sentiment": "Bullish"}, {"id": 129899183, "text": "$AAPL ZERO innovation here.  The apple watch somehow got worse???", "time": 1531421888.0, "sentiment": "Bearish"}, {"id": 129898991, "text": "almost sure now this gets pushed over 190 and you&#39;re forced to cover into ER $AAPL (4hr)", "time": 1531421762.0, "sentiment": ""}, {"id": 129898779, "text": "$AAPL Merica", "time": 1531421635.0, "sentiment": ""}, {"id": 129898778, "text": "$AAPL their imminent video streaming service, $GOOGL video maturity, more potential consolidation of legacy medias...", "time": 1531421635.0, "sentiment": ""}, {"id": 129898668, "text": "$AAPL NEVER sell your Apple shares! Give them to your grandchildren! ATH SOON!", "time": 1531421548.0, "sentiment": "Bullish"}, {"id": 129897863, "text": "$XLRN fda news...baamnnn calls will print today$$$\n$ATEN..fomo chasers lining up \n$AAPL ..can\u2019t get timing right \n$NFLX ..options expensive", "time": 1531420929.0, "sentiment": "Bullish"}, {"id": 129897484, "text": "Yesterday&#39;s losses reversed.  Per the usual program.  75% of time losses reversed within 48 hrs.  $SPY $DJIA $QQQ $AAPL $BA $PYPL $GS  $AMZN", "time": 1531420600.0, "sentiment": ""}, {"id": 129897308, "text": "$AAPL fml, was gonna buy a call yesterday before close but didn&#39;t... is it too late to get in when it opens. Feel like I missed the boat", "time": 1531420463.0, "sentiment": ""}, {"id": 129897248, "text": "$SPY Shorts got excited Wed;s but it was just a weak-hands flush. Now Mrkt can move to ATH in $BABA $AAPL $AMZN $GOOG $ALK $JPM $GS $FB $XLK", "time": 1531420412.0, "sentiment": "Bullish"}, {"id": 129896925, "text": "$AAPL yup", "time": 1531420138.0, "sentiment": ""}, {"id": 129895569, "text": "Stocks Outlook - Thursday, July 12 $AAPL $NFLX $CYB $IWM $FB $SPX $GOOGL $DJI https://goo.gl/hd1L6Q", "time": 1531418906.0, "sentiment": ""}, {"id": 129895335, "text": "$AAPL Don&#39;t let the hysterical news flashes scare you outta your shares!", "time": 1531418693.0, "sentiment": ""}, {"id": 129895121, "text": "$AAPL WS investors are morons for dumping yesterday...bought the dip before close for easy profit at open today, holding the rest! $$$$$$$$$", "time": 1531418522.0, "sentiment": "Bullish"}, {"id": 129894712, "text": "$AAPL Now we need China to announce retaliatory tariffs for another easy money making dip $$$$$$$$$$$$$$$$$$$", "time": 1531418117.0, "sentiment": "Bullish"}, {"id": 129894550, "text": "$QQQ fly to all time highs $nflx $fb $aapl $msft $nvda", "time": 1531417980.0, "sentiment": "Bullish"}, {"id": 129894412, "text": "$AAPL I love this market ... Easy money on those dips lol $$$$$$$$$$$$$$$$$$$$$$$$$$$$$$$$$", "time": 1531417839.0, "sentiment": "Bullish"}, {"id": 129893752, "text": "$AAPL And another HUGE one from @GoodNewsBull", "time": 1531416985.0, "sentiment": ""}, {"id": 129893704, "text": "$AAPL From @GoodNewsBull - Excellent quote!", "time": 1531416892.0, "sentiment": ""}, {"id": 129893580, "text": "$SPY Mother of ALL rallies coming today holy hell, how much positive news can markets get in one single pre-market?! $QQQ $ES_F $AAPL $SMH", "time": 1531416692.0, "sentiment": "Bullish"}, {"id": 129893487, "text": "$SPY $AAPL $AMZN $BABA $BRK.A $CAT $COST $CRM  $FB $GOOG $MU $SQ $PYPL Going parabolic!", "time": 1531416511.0, "sentiment": "Bullish"}, {"id": 129891783, "text": "$AAPL $191!\ud83d\ude0e\ud83d\ude4f\ud83e\udd11", "time": 1531413189.0, "sentiment": ""}, {"id": 129891471, "text": "$AAPL well apple if u hit my 190 calls this im going out and buying a brand new iphone this wknd", "time": 1531412213.0, "sentiment": ""}, {"id": 129891446, "text": "$AAPL ", "time": 1531412091.0, "sentiment": ""}, {"id": 129891310, "text": "Poll: Is it okay to share screenshots of actual account performance via Stocktwits to backup posts? Thank you. $SPY $FB $AAPL $NFLX $AMZN", "time": 1531411630.0, "sentiment": ""}, {"id": 129891105, "text": "$SPY congrats to Croatia to make it to the FINAL!! $AAPL $GOOGL $AMZN $NVDA $FB $IQ", "time": 1531410916.0, "sentiment": ""}, {"id": 129891078, "text": "Good technicals, but also a nice setup pattern forming for $AAPL. Now part of our top breakout selection. https://www.chartmill.com/analyze.php?utm_source=stocktwits&amp;utm_medium=TA&amp;utm_content=SETUP&amp;utm_campaign=social_tracking#/AAPL?key=bb853040-a4ac-41c6-b549-d218d2f21b32", "time": 1531410782.0, "sentiment": ""}, {"id": 129890863, "text": "3 Strong Buy Semiconductor Stocks to Consider $MLNX $INTC $MCHP Also $AAPL $MSFT $GOOGL https://goo.gl/qhbrwx", "time": 1531409722.0, "sentiment": ""}, {"id": 129890728, "text": "$AAPL Green start, lets hold and have anice recover dat and let it run up on Friday!", "time": 1531408920.0, "sentiment": "Bullish"}, {"id": 129890027, "text": "$AAPL future green. Asian green. EU green. Runs to 200! Lmao @ bears", "time": 1531405875.0, "sentiment": ""}, {"id": 129889831, "text": "$AAPL https://youtu.be/klSGuJBlli4 bears are always wrong, but I appreciate them for better entries", "time": 1531405027.0, "sentiment": ""}, {"id": 129889288, "text": "$AAPL Global debt hits a new record at $247 trillionhttps://www.cnbc.com/2018/07/11/global-debt-hits-a-new-record-at-247-trillion.html", "time": 1531402609.0, "sentiment": ""}, {"id": 129888999, "text": "$AAPL https://iphone.appleinsider.com/articles/18/07/11/here-are-all-of-the-future-tv-shows-that-apple-has-signed-deals-for", "time": 1531401382.0, "sentiment": ""}, {"id": 129888930, "text": "$AAPL 1st Trillion $$$$ or is it a tie with $AMZN - I think a tie. \ud83d\udc4d\ud83c\udffb\ud83d\udc4d\ud83c\udffb\ud83d\udc4d\ud83c\udffb", "time": 1531401105.0, "sentiment": ""}, {"id": 129888833, "text": "$AAPL  I am buying the dip.cheers", "time": 1531400736.0, "sentiment": ""}, {"id": 129888827, "text": "$AAPL top line to surge by 15.3% to hit $52.37 billion this quarter,  bottom line is also projected to pop by over 31% to  $2.19 per share.", "time": 1531400714.0, "sentiment": ""}, {"id": 129886570, "text": "$AAPL https://finance.yahoo.com/news/apple-alters-contracts-comply-japan-155100812.htmlhttps://finance.yahoo.com/news/apple-alters-contracts-comply-japan-155100812.html", "time": 1531395133.0, "sentiment": ""}, {"id": 129886355, "text": "$AAPL  just read 450 pages in three days with the iPad . I can read but not like that. Always hated English class. To, too, two = WTF", "time": 1531394758.0, "sentiment": ""}, {"id": 129886255, "text": "Price Returns vs Expected Daily Move $VXX $NFLX $HYG $BAC $GLD $AAPL $EEM $BABA $MU $RIG $USO $AAL http://tinyurl.com/y7zbwhgq", "time": 1531394582.0, "sentiment": ""}, {"id": 129884833, "text": "There have been 2 dispositions over the past week for $AAPL http://dividendbot.com/?s=AAPL", "time": 1531392714.0, "sentiment": ""}, {"id": 129884540, "text": "In the last month $AAPL has a been trading in the 180.73 - 192.88 range, which is quite wide. https://www.chartmill.com/analyze.php?utm_source=stocktwits&amp;utm_medium=TA&amp;utm_content=TA&amp;utm_campaign=social_tracking#/AAPL?key=bb853040-a4ac-41c6-b549-d218d2f21b32", "time": 1531392302.0, "sentiment": ""}, {"id": 129884528, "text": "Thursday\u2019s \ud83d\udc40 1 $AMZN $GOOGL $FB $AMD $AAPL $IQ $HUYA $JD $BABA $BIDU $BTC.X $ETH.X $ATVI $EA $CRM $CMG $BBOX $BIOC $DAL $ECYT $FAST $FIZZ", "time": 1531392289.0, "sentiment": ""}, {"id": 129883444, "text": "$AAPL\n New Insider Filing On: \n WILLIAMS JEFFREY E\nTransaction Code: S\n http://www.filingscanner.com/Alerts/AAPL.php", "time": 1531391066.0, "sentiment": ""}, {"id": 129882074, "text": "Apple COO Jeffrey Williams Sells $2,976,697.36 in $AAPL http://www.marketbeat.com/i/286056", "time": 1531389591.0, "sentiment": ""}, {"id": 129882030, "text": "$AAPL $195 eow", "time": 1531389545.0, "sentiment": "Bullish"}, {"id": 129880956, "text": "$AAPL Looks like the Senate starts to walking up to sanity and opposing the Trump tariffs with 88-11 majority.", "time": 1531388509.0, "sentiment": ""}, {"id": 129879791, "text": "$AAPL $190 tomorrow", "time": 1531387418.0, "sentiment": "Bullish"}, {"id": 129879765, "text": "https://youtu.be/YxDJavi9dUU \n$TSLA $MU $ROKU $NFLX $AAPL $ADSK $MSFT $COST $UVXY $BZUN $IQ $SU", "time": 1531387397.0, "sentiment": ""}, {"id": 129879341, "text": "$AAPL anyone playing with earnings?", "time": 1531386995.0, "sentiment": ""}, {"id": 129879147, "text": "$AAPL https://youtu.be/VcMMceHbcT0\nnice run, now pullback to support.\n$SPX $ES_F $QQQ $XLF $NDX $DIA $XLE $XLU  $TSLA $NFLX $BAC #tradecrew #focus", "time": 1531386814.0, "sentiment": "Bullish"}, {"id": 129879063, "text": "$SPY If this is real, then you know Congress wont let this Tariff noise continue any longer..... $QQQ $SMH $AAPL $UVXY $ES_F", "time": 1531386748.0, "sentiment": "Bullish"}, {"id": 129877885, "text": "Wed&#39;s restrained dip confirmed my Tues analysis. Don&#39;t miss out: http://crackedmarket.com/2018/07/here-we-go-again/ $SPY $SPX $ES_F $QQQ $IWM $AAPL $FB $NFLX $AMZN", "time": 1531385667.0, "sentiment": ""}, {"id": 129875952, "text": "$AAPL we are headed towards a major Trump Recession. Apple is well insulated from it due to it\u2019s cash horde and gigantic ash flow.", "time": 1531383839.0, "sentiment": "Bullish"}, {"id": 129875783, "text": "$AAPL Any time Apple shares go &quot;on sale&quot;, Apple will be buying. If you are not long, you are not smart.", "time": 1531383680.0, "sentiment": ""}, {"id": 129875252, "text": "$AAPL I\u2019m 63. I fear for my country. This is like pre-1939 Germany. With nukes.", "time": 1531383172.0, "sentiment": ""}, {"id": 129875235, "text": "$MU $AAPL", "time": 1531383159.0, "sentiment": ""}, {"id": 129875085, "text": "$AAPL &quot;Apple\u2019s late to AR&quot; NO. &quot;Magic Leap Finally Demoed Its Headset And It Is... Disappointing&quot;", "time": 1531383056.0, "sentiment": "Bullish"}, {"id": 129874924, "text": "$AAPL Biggest position by far, north of 30% of my portfolio. 225 EOY, 300 EOY 2019. Why not?", "time": 1531382883.0, "sentiment": "Bullish"}, {"id": 129874812, "text": "$BABA $AAPL Chinese Espionage  https://apple.news/Ao6lSNQzJS3GlwiCZ2a9zgg", "time": 1531382758.0, "sentiment": ""}, {"id": 129874511, "text": "Apple&#39;s Airplay 2 May Be the Boost Sonos Needs for Its IPO \n \nhttp://fortune.com/2018/07/11/apple-airplay-2-siri-sonos-ipo/ #Apple #Sonos #SonosIPO #SonosSpeakers #iphone $AAPL", "time": 1531382460.0, "sentiment": ""}, {"id": 129874242, "text": "Most Active Options \n\n$BABA $NFLX $NVDA $PBR $AAPL $C $BAC $TWTR $JPM $CHK $MU $AAL $DAL $DIS $MSFT $TSLA $CMCSA $T $AMD $FCX $FB $AMZN $GE", "time": 1531382221.0, "sentiment": ""}, {"id": 129873466, "text": "$AAPL Same chart, zoomed in. If the dashed yellow lower wedge line is lost, look for 185 next.", "time": 1531381512.0, "sentiment": ""}, {"id": 129873385, "text": "$AAPL Lost a longer term trendline today. Looking for mid-low 186&#39;s next. Always more keen on playing puts during blackout period.", "time": 1531381443.0, "sentiment": ""}, {"id": 129872828, "text": "$AMAT certainly buy out candidate with this good PE, better than $AAPL $GOOG $msft you name it!!!!\ud83e\udd2e", "time": 1531380988.0, "sentiment": "Bullish"}, {"id": 129872701, "text": "$AAPL Tariff Tax Trump screws us again.", "time": 1531380874.0, "sentiment": "Bullish"}, {"id": 129872647, "text": "$DJIA $COMPQ $SPY Market Recap $STUDY With Stock Analysis $AAPL $GOOG $BIDU $IBM $BA $CAT &amp; $GLD $SLV $DXY  https://www.youtube.com/watch?v=QEv__GEFoaE", "time": 1531380811.0, "sentiment": ""}, {"id": 129871705, "text": "$SPY $QQQ $IWM $AAPL $FB $NVDA $BABA Day 3 of our 25 day SPY Challenge starts tomorrow!!", "time": 1531380000.0, "sentiment": ""}, {"id": 129871584, "text": "$BABA $SPY $IWM $GOOGL $AAPL Great trade!!! Come trade with us! \u2618\ufe0f\u2618\ufe0f", "time": 1531379906.0, "sentiment": ""}, {"id": 129871226, "text": "$AAPL shorterm bearish. Buy back in the mid 170s", "time": 1531379602.0, "sentiment": "Bullish"}, {"id": 129870368, "text": "$BABA $BIDU $FB $AAPL $GOOG $MSFT $BB $SNAP $TSLA $WATT", "time": 1531378847.0, "sentiment": "Bullish"}, {"id": 129870114, "text": "SellnerSwings 7/12 Watchlist $RCL $MNST $GOOS $V $ORCL $SENS $AAPL", "time": 1531378654.0, "sentiment": ""}, {"id": 129869523, "text": "$aapl -2.47$  this trader bought a wkly 187.5 put block at 66c and he makes aquick 100% intraday https://www.premiumtradingnews.com/trades/", "time": 1531378208.0, "sentiment": ""}, {"id": 129869338, "text": "Top 5 LT momentum stocks of the Dow 30: $UNH $MSFT $V $AAPL $NKE \n \nBottom 5: $WBA $CAT $TRV $MMM $GS  https://bit.ly/2N7MirJ $ES_F $SPY $DIA", "time": 1531378071.0, "sentiment": ""}, {"id": 129868703, "text": "$AAPL Well, that&#39;s not accidentally taking your portfolio with you. Industrial espionage is a no-no. Should&#39;ve just been happy w/ 6 figures.", "time": 1531377592.0, "sentiment": ""}, {"id": 129867936, "text": "$AAPL anyone looking at bspm?", "time": 1531376953.0, "sentiment": ""}, {"id": 129867707, "text": "$SPY $aapl fell below resistance, which I thought was pretty obvious.  Not looking good though never seen this level of stubbornness before", "time": 1531376769.0, "sentiment": ""}, {"id": 129867019, "text": "$AAPL ha! looks good tomorrow. ATH? lmao", "time": 1531376232.0, "sentiment": ""}, {"id": 129865747, "text": "$AAPL don\u2019t worry guys. COO probably just had a $3m late estimated tax payment to make. \ud83d\ude02\ud83d\udcc9\ud83d\udcc9\ud83d\udd25\ud83d\udd25", "time": 1531375229.0, "sentiment": "Bearish"}, {"id": 129864490, "text": "$AAPL Insider &quot;WILLIAMS JEFFREY E&quot; just sold 15,652 Shares (Tran Code - S)  --- Insider Forms, iOS app", "time": 1531374324.0, "sentiment": ""}, {"id": 129864224, "text": "$AAPL has a good Piotroski-F score of 7.00. This indicates a good health and profitability. https://www.chartmill.com/analyze.php?utm_source=stocktwits&amp;utm_medium=FA&amp;utm_content=PROFITABILITY&amp;utm_campaign=social_tracking#/AAPL?r=fa&amp;key=bb853040-a4ac-41c6-b549-d218d2f21b32", "time": 1531374122.0, "sentiment": ""}, {"id": 129863777, "text": "Apple Inc.&#39;s COO just disposed of 15,652 shares  http://www.conferencecalltranscripts.org/4/summary2/?id=5099475 $AAPL", "time": 1531373792.0, "sentiment": ""}, {"id": 129863768, "text": "Insider WILLIAMS JEFFREY E reports selling 15,652 shares of $AAPL for a total cost of $2,976,664.47 https://fintel.io/n/us/aapl", "time": 1531373786.0, "sentiment": ""}, {"id": 129863709, "text": "$AAPL new insider selling: 15652 shares. http://insiderbuyingselling.com/?t=AAPL", "time": 1531373736.0, "sentiment": ""}, {"id": 129863657, "text": "$BIOC $ABUS $AAL $AVGO $TORC $ATVI $DAL $OMER $AAPL $NFLX $AMZN $GOOGL \n check out this video analysis: https://youtu.be/6ffA-7TA8Qw", "time": 1531373697.0, "sentiment": ""}, {"id": 129863616, "text": "$AAPL Baby Trump.", "time": 1531373672.0, "sentiment": ""}, {"id": 129863494, "text": "$AAPL 0.9m ago: Insider WILLIAMS JEFFREY E (COO) disposed of 15,652 (12.6%) shares at $190.18/share (Sale) https://www.sec.gov/Archives/edgar/data/320193/000032019318000095/xslF345X03/wf-form4_153134826427557.xml", "time": 1531373594.0, "sentiment": ""}, {"id": 129863394, "text": "$AAPL Ridiculous.", "time": 1531373514.0, "sentiment": "Bullish"}, {"id": 129862177, "text": "$AAPL I think it\u2019s time to use the 25th amendment and replace this sad incoherent clown before he destroys everything America stands about!", "time": 1531372561.0, "sentiment": ""}, {"id": 129861931, "text": "$AAPL Daily moves don&#39;t matter.  I bought Apple to hold for a loooong time", "time": 1531372381.0, "sentiment": ""}, {"id": 129860795, "text": "$AAPL is untouchable in any trade wars!!! lol", "time": 1531371644.0, "sentiment": ""}, {"id": 129860745, "text": "$AAPL stop the rumor that China will ban AAPL products! Xi is not stupid and he won&#39;t even entertain this ridiculous idea. lmao", "time": 1531371612.0, "sentiment": ""}, {"id": 129859246, "text": "@ForeverFree @NateNotes those who are following my advice are doing just fine - have you checked out $AAPL, $ILMN, $NVDA, $LMNX, etc lately?", "time": 1531370691.0, "sentiment": ""}, {"id": 129858722, "text": "Leverage Shares Offers 2x Leveraged Single Stock ETPs http://www.leverageshares.com $GOOG $GOOGL $AAPL $FB $AMZN $KO $MSFT $NVDA $PYPL $V $JPM", "time": 1531370340.0, "sentiment": ""}, {"id": 129857540, "text": "$AAPL Declines -1.3%. The 13-Jul-18 Option Straddle is Implying a \u00b10.9% Move in the Next 2 days http://tinyurl.com/znfvoj5", "time": 1531369651.0, "sentiment": ""}, {"id": 129857521, "text": "$AAPL   Banning you= priceless", "time": 1531369640.0, "sentiment": ""}, {"id": 129856771, "text": "Free video with setups for July 12 &quot;A Lot Of Headwinds&quot; $AAPL $PEP $NFLX $MCD $AMD https://www.learnstocks101.com/stock-market-analysis/2018/07/lot-headwinds", "time": 1531369202.0, "sentiment": ""}, {"id": 129856440, "text": "$AAPL i think many traders on here dont look at technicals or fundamentals. Apple is not cheap anymore. Also technicals point to 186.9 184", "time": 1531369003.0, "sentiment": ""}, {"id": 129856082, "text": "$AAPL anyone else think ttththis cld gap up and run rest of week? I like the x&#39;s column on the p and f", "time": 1531368821.0, "sentiment": ""}, {"id": 129855921, "text": "Estimize revenue expectations are 0.72% higher than that of Wall Street for $AAPL Q3 [Reporting 07/31 AMC]\nhttp://www.estimize.com/intro/aapl?chart=change-over-time&amp;metric_name=revenue&amp;utm_content=AAPL&amp;utm_medium=revenue_difference&amp;utm_source=stocktwits", "time": 1531368740.0, "sentiment": ""}, {"id": 129855776, "text": "$AAL $BAC $GE $AAPL $MU $VRX $FCX $BBD $CMCSA $CHK $IBM $GOC $BABA $DE $AABA $MNST $S $PBR $C Highest volume strikes", "time": 1531368654.0, "sentiment": ""}, {"id": 129855772, "text": "$AAPL cashed out my 190 puts and ended buying 190 calls again today", "time": 1531368652.0, "sentiment": ""}, {"id": 129855458, "text": "$AAPL to put or call, that is the question at hand", "time": 1531368467.0, "sentiment": ""}, {"id": 129854869, "text": "$AAPL why such as big dump in Apple today compared to the overall market?", "time": 1531368152.0, "sentiment": ""}, {"id": 129854574, "text": "$AAPL yep my charts never lie", "time": 1531368032.0, "sentiment": ""}, {"id": 129854210, "text": "$BAC $MU $AAPL $BABA $AAL $T $AMZN $GE $NFLX $FB $TSLA $TWTR $AMD $NVDA $FCX $CMCSA $C $MSFT $PBR $CHK $DAL $DIS $JPM Most active options", "time": 1531367874.0, "sentiment": ""}, {"id": 129854159, "text": "$AAPL TF International Securities analyst Ming-Chi Kuo has shared a slew of predictions on what to expect from the\u2026 https://stocknews.com/news/aapl-analyst-apple-inc-aapl-likely-to-roll-out-facial-recognition/", "time": 1531367840.0, "sentiment": ""}, {"id": 129854079, "text": "$AAPL Emphatically bullish, especially just one day after BofA raised its PT.", "time": 1531367795.0, "sentiment": "Bullish"}, {"id": 129853597, "text": "$SPY \ud83c\udded\ud83c\uddf7\ud83c\udded\ud83c\uddf7\ud83c\udded\ud83c\uddf7\ud83c\udded\ud83c\uddf7\ud83c\udded\ud83c\uddf7\ud83c\udded\ud83c\uddf7\ud83c\udded\ud83c\uddf7\ud83c\udded\ud83c\uddf7\ud83c\udded\ud83c\uddf7\ud83c\udded\ud83c\uddf7\ud83c\udded\ud83c\uddf7\ud83c\udded\ud83c\uddf7\ud83c\udded\ud83c\uddf7\ud83c\udded\ud83c\uddf7\ud83c\udded\ud83c\uddf7\ud83c\udded\ud83c\uddf7\ud83c\udded\ud83c\uddf7\ud83c\udded\ud83c\uddf7\ud83c\udded\ud83c\uddf7\ud83c\udded\ud83c\uddf7\ud83c\udded\ud83c\uddf7\ud83c\udded\ud83c\uddf7\ud83c\udded\ud83c\uddf7\ud83c\udded\ud83c\uddf7\ud83c\udded\ud83c\uddf7\ud83c\udded\ud83c\uddf7\ud83c\udded\ud83c\uddf7\ud83c\udded\ud83c\uddf7\ud83c\udded\ud83c\uddf7\ud83c\udded\ud83c\uddf7\ud83c\udded\ud83c\uddf7$QQQ $AAPL", "time": 1531367536.0, "sentiment": ""}, {"id": 129852539, "text": "$CMCSA $CSCO $RCII $ZNGA $CELG $SGYP $MDLZ $HBAN $AMD $AAPL $MSFT $CTRP $NVCN $MYL $QQQ $SLM $FITB $JBLU $AGNC Largest decreases in shorts", "time": 1531367001.0, "sentiment": ""}, {"id": 129852350, "text": "Hot Options Report For End Of Day July 11th - $RIG, $AAL, $BAC, $AAPL, $GE, $MU, $VRX, $FCX \nhttp://www.theoptionsinsider.com/hot-options-report-for-end-of-day-july-11th-rig-aal-bac-aapl-ge-mu-vrx-fcx/", "time": 1531366916.0, "sentiment": ""}, {"id": 129849111, "text": "$AAPL ENDS THE DAY ON A BEARISH NOTE CLOSING NEAR THE LOW OF THE DAY: https://techniquant.com/reports/stock-aapl-daily-technical-analysis-report-for-2018-07-11/", "time": 1531365384.0, "sentiment": "Bearish"}, {"id": 129847421, "text": "Rumor: $AAPL Watch Series 4 expected to be 15% larger, 1GB RAM, Bluetooth 5, advanced heart rate detection &amp; sleep tracking", "time": 1531364744.0, "sentiment": ""}, {"id": 129847382, "text": "$AAPL Closing at the lows.", "time": 1531364734.0, "sentiment": "Bearish"}, {"id": 129847291, "text": "$AAPL bought some July 20th $190 calls at close.", "time": 1531364705.0, "sentiment": ""}, {"id": 129847173, "text": "$AAPL Forward guidance is going to be ugly due to tariffs", "time": 1531364668.0, "sentiment": ""}, {"id": 129847079, "text": "$AAPL Buying At 180 Friday", "time": 1531364643.0, "sentiment": ""}, {"id": 129846951, "text": "$AAPL The only reason Nasdaq wasn\u2019t down 100 is because Amzn and Nflx were up and MSFT was only down .14 . This could have been really bad", "time": 1531364603.0, "sentiment": ""}, {"id": 129845469, "text": "$AAPL $190 tomorrow === 1000% call options\ud83d\ude0e\ud83d\ude4f", "time": 1531364165.0, "sentiment": ""}, {"id": 129845358, "text": "$AAPL   \nHigh-level trade talks between U.S. and China break down: report https://www.marketwatch.com/story/high-level-trade-talks-between-us-and-china-break-down-report-2018-07-11", "time": 1531364134.0, "sentiment": ""}, {"id": 129844810, "text": "$AAPL had to exit my 7/13 call contract for a little  loss ... been burnt holding to close to expiration \ud83d\ude44", "time": 1531363938.0, "sentiment": ""}, {"id": 129844134, "text": "$NVDA $fb $aapl $spx $spy $qqq $jpm anyone buying that dip?", "time": 1531363711.0, "sentiment": "Bullish"}, {"id": 129844027, "text": "$SPY $AAPL $AMZN $BABA $CAT $COST $FB $GOOG $MU Is that all you got bears? Still GREEN. And no, I did not cheat with puts. Who else is green", "time": 1531363673.0, "sentiment": "Bullish"}, {"id": 129843690, "text": "Today&#39;s day &amp; swing trades: $VRTX, $BILI, $TVIX, $RH, $LEN, $DWT, $ACHV, $NXST, $TTWO, $BIDU (see charts) Open: $LABU, $AAPL, $NFLX, $GS", "time": 1531363553.0, "sentiment": ""}, {"id": 129843541, "text": "$AMZN $NFLX $MSFT $AAPL $FB $GOOG $GOOGL http://video.cnbc.com/gallery/?video=7000029913", "time": 1531363501.0, "sentiment": ""}, {"id": 129843141, "text": "$AAPL Market makers will bring down or up this stock as they wish by making up stories", "time": 1531363348.0, "sentiment": ""}, {"id": 129843131, "text": "$AAPL", "time": 1531363345.0, "sentiment": "Bullish"}, {"id": 129842931, "text": "$AAPL #Alert - Open Jul-27 185 Puts at $1.67 per contract. \nStock at: 187.95", "time": 1531363272.0, "sentiment": "Bearish"}]