[{"id": 130065886, "text": "$AAPL WOOOOOWWWW", "time": 1531518612.0, "sentiment": ""}, {"id": 130065808, "text": "$AAPL $205 next week", "time": 1531518594.0, "sentiment": "Bullish"}, {"id": 130065780, "text": "$SPY $AAPL lets get the party going here", "time": 1531518586.0, "sentiment": ""}, {"id": 130065524, "text": "$AAPL heads up. ER soon.  Load DFS. Beat way down. Good luck", "time": 1531518507.0, "sentiment": "Bullish"}, {"id": 130065485, "text": "$AAPL Ready Freddy?", "time": 1531518496.0, "sentiment": ""}, {"id": 130065419, "text": "Market Update at 10:45 am:  https://www.top3sectorportfolio.com/single-post/2017/09/25/MARKET-UPDATE  $SPY  $QQQ  $AAPL", "time": 1531518476.0, "sentiment": ""}, {"id": 130065372, "text": "4-5x time 191.80 rejected $AAPL one more time over and going to rip (IF)", "time": 1531518461.0, "sentiment": ""}, {"id": 130064967, "text": "$AAPL expecting more neutral impact this time round. really not a huge amount of excessive optimism re iPhone unit sales growth to correct", "time": 1531518343.0, "sentiment": ""}, {"id": 130064797, "text": "$AAPL Apple Seeks to Boost Sales With Upgraded MacBook Pro https://finance.yahoo.com/news/apple-aapl-seeks-boost-sales-134401205.html", "time": 1531518289.0, "sentiment": ""}, {"id": 130064671, "text": "$AAPL basically 2wks until ER. Expect a slew of analyst updates in this period. For the last few qtrs their impact has been -ve.", "time": 1531518250.0, "sentiment": ""}, {"id": 130063253, "text": "$SPY Bears, time to ride away crying :o) $BABA $AAPL $FB $AMZN $QQQ $XLF $JPM", "time": 1531517835.0, "sentiment": "Bullish"}, {"id": 130063161, "text": "$DSX $SB $TOPS $EGLE $DRYS $FB $AMZN $AAPL $MCD $PZZA This Week In TrendSmasher. \n \nhttps://www.trendsmasher.com/blog/this-week-in-trendsmasher-twit", "time": 1531517802.0, "sentiment": ""}, {"id": 130062878, "text": "$AMZN $FB $AAPL $NFLX $GOOGL take a bite when they pullback.. n b rewarded", "time": 1531517719.0, "sentiment": "Bullish"}, {"id": 130062747, "text": "$CAT $AAPL $FB $BABA $AMZN $SPX target 2875 if close above 2803", "time": 1531517681.0, "sentiment": "Bullish"}, {"id": 130061866, "text": "$GOOGL ATH. \n$NVDA $FB VWAP. \n$AAPL Over. \n$BABA Under.", "time": 1531517420.0, "sentiment": ""}, {"id": 130061129, "text": "Economic Data:  Import Prices Slide in June, but up YoY #stocks $SPY $XLF $QQQ $AMZN $AAPl $TSLA $NVDA https://t.co/7QmmZ3LzB0", "time": 1531517222.0, "sentiment": ""}, {"id": 130060393, "text": "$AAPL photoshop on the iPad is a game changer. Great news for $ADBE and the most profitable fruit in history.", "time": 1531517020.0, "sentiment": "Bullish"}, {"id": 130060265, "text": "$AAPL Except for a few high flyers this market is tired", "time": 1531516986.0, "sentiment": ""}, {"id": 130060007, "text": "$NFLX $AAPL will get attacked the same way as NFLX right now, happened so many times before", "time": 1531516919.0, "sentiment": "Bullish"}, {"id": 130059464, "text": "Thanks to ETF&#39;s, Quants &amp; Weak-Hands $JPM just gave us an unbelievable sale! People please listen to CC. Do some DueDilly! $SPY $GS $AAPL", "time": 1531516761.0, "sentiment": "Bullish"}, {"id": 130059382, "text": "$ADBE $AAPL  Photoshop coming to iPad", "time": 1531516739.0, "sentiment": "Bullish"}, {"id": 130059073, "text": "$AAPL Will close red today , hope iT Will hold 187,50", "time": 1531516653.0, "sentiment": "Bearish"}, {"id": 130058477, "text": "@Callahammered you think there is no way to &#39;know&#39;?Do you think if someone buys 5M shares of $AAPL they most likely know what they do orno?", "time": 1531516490.0, "sentiment": ""}, {"id": 130058230, "text": "$AAPL I brought a call here ... Offooo I am runing Up", "time": 1531516417.0, "sentiment": "Bullish"}, {"id": 130057618, "text": "$AAPL Seems to be forming a good support. x2 confirmed", "time": 1531516250.0, "sentiment": ""}, {"id": 130055722, "text": "$AAPL Made 20% this week and got out of my  call spread #Dontbegreedy #thisisfun", "time": 1531515804.0, "sentiment": ""}, {"id": 130054861, "text": "and as said... 191.80 into fader $AAPL", "time": 1531515584.0, "sentiment": ""}, {"id": 130054558, "text": "Earnings Recap for S&amp;P 500 Stocks Reporting Over the Previous 2 Weeks $AAPL $SPY $MSFT $AMZN $FB $BRK.B $JPM $GOOG https://marketchameleon.com/Blog/post/2018/07/13/earnings-recap-for-s-and-p-500-stocks-reporting-over-the-previous-2-weeks", "time": 1531515507.0, "sentiment": ""}, {"id": 130054312, "text": "$AAPL investing $300mm into renewable energy fund $T USD$85bn merger deal w/ $TWX will be appealed by US DoJ.", "time": 1531515446.0, "sentiment": ""}, {"id": 130054079, "text": "@POSITIVEPOWER $aapl why not sell 195s and $TWTR 50 calls. That way you don&#39;t care if they get there, you made your $$$", "time": 1531515398.0, "sentiment": ""}, {"id": 130053364, "text": "nice and right to 191.30 $AAPL", "time": 1531515236.0, "sentiment": ""}, {"id": 130053299, "text": "Can we get to $AAPL 195 $TWTR 50 Please so I can sell my stock. You can do it \ud83d\ude80\u263a\ufe0f", "time": 1531515217.0, "sentiment": "Bullish"}, {"id": 130052768, "text": "over/under again look for breakdown now yet again  $AAPL", "time": 1531515078.0, "sentiment": ""}, {"id": 130052315, "text": "covered going to retest highs most likely $AAPL", "time": 1531514971.0, "sentiment": ""}, {"id": 130052141, "text": "$AAPL Broke 191.26-.28 area of resistance. Can it hold?  Grab the popcorn and watch.", "time": 1531514930.0, "sentiment": ""}, {"id": 130052127, "text": "$AAPL Amzn only thing holding tech up these days", "time": 1531514927.0, "sentiment": ""}, {"id": 130051664, "text": "191.65+ one more time probably going higher.. $AAPL under that can fade", "time": 1531514818.0, "sentiment": ""}, {"id": 130050888, "text": "191.80 hit tgt i think thats it $AAPL", "time": 1531514629.0, "sentiment": ""}, {"id": 130050502, "text": "10c from tgt here $AAPL", "time": 1531514538.0, "sentiment": ""}, {"id": 130050282, "text": "and there you go hard algo over have to be careful shorting this thing $AAPL", "time": 1531514487.0, "sentiment": ""}, {"id": 130050237, "text": "$AAPL Just blocked @Ghost_of_The_Complainer too much negativity for me.  I want everyone to win.", "time": 1531514478.0, "sentiment": ""}, {"id": 130049364, "text": "$AAPL up we go!", "time": 1531514245.0, "sentiment": ""}, {"id": 130049304, "text": "thought would run over but rejecting pretty hard here, one more time over 191.30 and you need to cover that if shrt $AAPL", "time": 1531514229.0, "sentiment": ""}, {"id": 130048328, "text": "191.30 obv here from yesterday $AAPL", "time": 1531513933.0, "sentiment": ""}, {"id": 130047709, "text": "190.30 / 190 for potential backtest on open $AAPL under that 185.50 but not thinking we see that. 191.80 for upside tgt if this pushes today", "time": 1531513702.0, "sentiment": ""}, {"id": 130047501, "text": "$AAPL still dickin the dog 187-190 snooze fest", "time": 1531513622.0, "sentiment": ""}, {"id": 130046557, "text": "$NQ_F $DAX $YM_F $FB $AAPL $BTC.X $CL_F Smile its freaky Friday again. Trade well and finish early and do not be this guy.:)", "time": 1531513232.0, "sentiment": ""}, {"id": 130045831, "text": "$NQ_F $DAX $YM_F $FB $AAPL $BTC.X $CL_F  Soft open for both indexes and Energies. Bitcoin range bound market. Momentum below 6K or above 7K", "time": 1531512900.0, "sentiment": ""}, {"id": 130045720, "text": "$SPY Possible five minute trades - \n \nhttp://www.tradewithjoe.com/trading-the-opening-five-minute-candle/ \n \n$C $JPM $GS $WFC $JNJ $IWM $SPX $VXX $QQQ $FB $AAPL $NFLX $BABA $T", "time": 1531512852.0, "sentiment": ""}, {"id": 130045250, "text": "JPMorgan, AT&amp;T-Time Warner, J&amp;J, Apple and Blue Origin - 5 Things You Must Know\n\n$AAPL $C $T $WFC $JPM $JNJ $AMZN  \n\nhttps://www.thestreet.com/markets/5-things-you-must-know-before-the-market-opens-friday-14648832", "time": 1531512640.0, "sentiment": ""}, {"id": 130045157, "text": "JPMorgan Blows Wall Street Away and Sets Stage for Big Earnings Season\n\n$MSFT $GIS $AAPL $TSLA $JPM $GE  \n\nhttps://www.thestreet.com/investing/stocks/jpmorgan-just-blew-wall-street-away-here-comes-big-earnings-season-14650070", "time": 1531512605.0, "sentiment": ""}, {"id": 130044589, "text": "$AMZN $AAPL $TSLA https://www.google.com/amp/s/www.yahoo.com/amphtml/finance/news/better-places-invest-amazon-gene-munster-182107086.html", "time": 1531512346.0, "sentiment": "Bullish"}, {"id": 130044178, "text": "$NFLX $QQQ $DAL $TSLA $JPM $AAPL $ATVI $FB $FEYE All mentioned on OP Wire today: read it here \nhttps://optionsplayers.com\n\nHave a great day!", "time": 1531512143.0, "sentiment": ""}, {"id": 130043956, "text": "$AAPL", "time": 1531512035.0, "sentiment": "Bearish"}, {"id": 130043095, "text": "JPMorgan, AT&amp;T-Time Warner, J&amp;J, Apple and Blue Origin - 5 Things You Must Know http://bit.ly/2KSupAC $JPM $T $JNJ $AAPL $C $WFC $AMZN", "time": 1531511606.0, "sentiment": ""}, {"id": 130042973, "text": "JPMorgan Blows Wall Street Away and Sets Stage for Big Earnings Season $JPM $TSLA $AAPL $MSFT $GIS $GE http://bit.ly/2zzM9vg", "time": 1531511548.0, "sentiment": ""}, {"id": 130042760, "text": "Pre-market movers https://cnb.cx/2zAhD4J $HOT $DGE $K $SYF $COF $WMT $TWTR $AAPL $AEL $APO $NOC $MCD $JNJ $T $BLK $CMCSA $FOXA $DIS $JPM", "time": 1531511434.0, "sentiment": ""}, {"id": 130042686, "text": "@reez007 @AlexanderHandleton @Frenzy @00jeson @PerSE @godzillalizard Once FAANG Goes down $NFLX $AAPL Markets will Dive Hard $SPY $VIX $FAS", "time": 1531511386.0, "sentiment": "Bearish"}, {"id": 130041958, "text": "Stocks Making The Biggest Moves PM: $JPM $DIS $BLK $T $JNJ $MCD $NOC $AAPL $TWTR $WMT $K $HOG &amp; More https://www.cnbc.com/2018/07/13/stocks-making-the-biggest-moves-premarket-jpm-dis-blk-t-jnj-mcd-.html", "time": 1531510987.0, "sentiment": ""}, {"id": 130041186, "text": "$AAPL lol dont sell til warren buffet does", "time": 1531510534.0, "sentiment": ""}, {"id": 130040255, "text": "$AAPL $NFLX $AMZN $SPOT Then they sign up for 5-10 cheap services thinking they save more money. These c/os are still after everyone\u2019s money", "time": 1531510063.0, "sentiment": ""}, {"id": 130039683, "text": "$JPM $SPY $XLF $QQQ $AAPL $WFC $C $UVXY \nCramer : &quot;If the strength of JPM quarter doesn&#39;t put a halo over the market today, red flag.&quot;", "time": 1531509732.0, "sentiment": ""}, {"id": 130039420, "text": "$AAPL plans to launch a $300 million clean energy fund in China that could provide power to nearly one million homes", "time": 1531509572.0, "sentiment": ""}, {"id": 130039368, "text": "$AAPL if this thing wants to keep movinf up p and f charts need 192, 194 plus for a double top", "time": 1531509546.0, "sentiment": ""}, {"id": 130039215, "text": "$AAPL Looking at news and the chart this might be a very lovely Friday!", "time": 1531509453.0, "sentiment": "Bullish"}, {"id": 130039075, "text": "PRE Market Moves: $JPM, $DIS, $BLK, $T, $JNJ, $MCD, $WFC $NOC, $APO, $AAPL, $TWTR $WMT $K $HOG $PIXY $OBSV $GLMD $HMI $INGR $INFY $WBK $INNT", "time": 1531509365.0, "sentiment": ""}, {"id": 130038785, "text": "$AAPL Showing 5 waves from 6/25 low and next 3 can see waves pullback before resuming higher again #elliottwave $XLK", "time": 1531509182.0, "sentiment": ""}, {"id": 130038684, "text": "FAANG - up &amp; out! $FB $AMZN $AAPL $NFLX $GOOGL \n@chaikin @chaikinanalytic @optuma", "time": 1531509106.0, "sentiment": ""}, {"id": 130037083, "text": "Shorts have sure felt some pain in $AAPL. If shorted on the first, their YTD return is around -11.78% as of 07-12 https://www.shortpainbot.com?s=AAPL", "time": 1531507969.0, "sentiment": ""}, {"id": 130037045, "text": "$AAPL &quot;Apple should buy Tesla&quot; Ah, no...", "time": 1531507927.0, "sentiment": "Bullish"}, {"id": 130036848, "text": "The Piotroski-F score of $AAPL is 7.00. This indicates good health for $AAPL. https://www.chartmill.com/analyze.php?utm_source=stocktwits&amp;utm_medium=FA&amp;utm_content=PROFITABILITY&amp;utm_campaign=social_tracking#/AAPL?r=fa&amp;key=bb853040-a4ac-41c6-b549-d218d2f21b32", "time": 1531507742.0, "sentiment": ""}, {"id": 130036782, "text": "$PNC let\u2019s go..one more 300%+ \nStill holding 19$ $ECYT calls..\nHolding $AAPL puts\n$XLRN and $TWTR heavy on calls too", "time": 1531507675.0, "sentiment": ""}, {"id": 130036624, "text": "$AAPL there it goes. Under 191. FML. it&#39;s been unable to hold 191. This might be the peak. Have a feeling my call gets crushed today", "time": 1531507511.0, "sentiment": ""}, {"id": 130036215, "text": "$AAPL Whoa! Adobe is rewriting full desktop Photoshop (and later, Illustrator) with a modern UI, and it\u2019s coming to iPad next year!", "time": 1531507110.0, "sentiment": "Bullish"}, {"id": 130035893, "text": "$AAPL I hope I&#39;m wrong, but just a matter of minutes before it breaks below the 191 level", "time": 1531506798.0, "sentiment": ""}, {"id": 130035892, "text": "$AAPL ASP for Macs was about $1,350 over the last year.", "time": 1531506794.0, "sentiment": "Bullish"}, {"id": 130035891, "text": "Some of todays top open interest changes $AAPL $GILD $PAGS $MGM $LC", "time": 1531506793.0, "sentiment": ""}, {"id": 130035761, "text": "$AAPL pre-market is always total bullshirt.", "time": 1531506672.0, "sentiment": ""}, {"id": 130035697, "text": "$AAPL Gartner: PC shipments grew 1.4% last quarter, Macs up 3%", "time": 1531506610.0, "sentiment": "Bullish"}, {"id": 130035685, "text": "RT Why we rallied in the middle of a trade war and what comes next: http://crackedmarket.com/2018/07/the-reason-we-rallied-in-the-middle-of-a-trade-war/ $SPY $SPX $ES_F $QQQ $IWM $AAPL $FB $NFLX $AMZN", "time": 1531506598.0, "sentiment": ""}, {"id": 130035683, "text": "$AAPL here it goes again struggling to hold the 191 level", "time": 1531506598.0, "sentiment": ""}, {"id": 130035610, "text": "$AAPL Ready for the Trillion! Hold on to your seats boys!", "time": 1531506506.0, "sentiment": "Bullish"}, {"id": 130035462, "text": "$AAPL 192.75 GET ROLLING! No way the legacy of jobs gets ruined by not being the first to $1T. GO FOR &quot;THE DEUCE&quot; 200+!", "time": 1531506347.0, "sentiment": "Bullish"}, {"id": 130035396, "text": "$SPY Wow, some very angry &amp; nervous Bears in the PM. Holding on to hope. Forget it, Mrkt wants to go higher. Just cover $JPM $WFC $AAPL $FB", "time": 1531506292.0, "sentiment": "Bullish"}, {"id": 130035368, "text": "$AAPL so much for the banks helping this stock. My call is gonna be toast by midday", "time": 1531506262.0, "sentiment": ""}, {"id": 130035088, "text": "$AAPL $TSLA and clean energy will continue being the hottest sectors.", "time": 1531506048.0, "sentiment": ""}, {"id": 130034972, "text": "$AAPL just hit DT in the gut by taking money again and putting it in China for clean energy. Love it. $TSLA Many will follow.", "time": 1531505889.0, "sentiment": ""}, {"id": 130034566, "text": "$AAPL 170 180 190 180 170 180 190 170 180 170 190 170 180 170 180 190 180 170 180 190 180 170 180", "time": 1531505328.0, "sentiment": "Bearish"}, {"id": 130034565, "text": "So $JPM just gave the juice to take this Mrkt to next leg up. Bears are not happy. Going to rip today w/ $AAPL $AMZN $BABA $FB $QQQ $SPY ", "time": 1531505328.0, "sentiment": "Bullish"}, {"id": 130034096, "text": "$AAPL lol your clueless man I guess your a beginner", "time": 1531504717.0, "sentiment": ""}, {"id": 130033286, "text": "$AAPL not looking too good. Some stocks are up a tiny bit, others down. Very bad sign...", "time": 1531503348.0, "sentiment": ""}, {"id": 130032945, "text": "@jaydilks https://www.wsj.com/articles/apple-sets-300-million-clean-energy-fund-for-china-amid-trade-tensions-1531436414 $AAPL $TSLA", "time": 1531502555.0, "sentiment": ""}, {"id": 130032918, "text": "$AAPL did you not read they are new third gen keyboard? Don\u2019t buy one then. Enjoy your Dell.", "time": 1531502494.0, "sentiment": ""}, {"id": 130032640, "text": "$AAPL Long no doubt about it!", "time": 1531501860.0, "sentiment": "Bullish"}, {"id": 130031670, "text": "$AMD $iq $intc $nvda $huya $spy $qqq $gush $aapl Blocking this user for idiotic post. Why do fools clutter our feeds with this lame stuff?", "time": 1531498900.0, "sentiment": ""}, {"id": 130031318, "text": "Microsoft Hits $800 Billion Market Cap http://bit.ly/2zHwdXQ $MSFT $AMZN $AAPL $GOOGL", "time": 1531497709.0, "sentiment": ""}, {"id": 130030203, "text": "Big Trade Blocks for $AAPL (Largest Trade: 0.22% of Volume) https://icebergbot.com?s=AAPL", "time": 1531493041.0, "sentiment": ""}, {"id": 130029613, "text": "$AAPL APPLE Buy Idea. APPLE Buy Idea @Weekly Demand Zone (166.67 - 160.28)\n\nBuy Limit: 167.02 \nStop Loss: 159.05\nTake P", "time": 1531490543.0, "sentiment": "Bullish"}, {"id": 130029166, "text": "$TSLA $AAPL just started a 300M fund in China that is focused on clean energy. Now you know the trend. Don\u2019t fight it.", "time": 1531488839.0, "sentiment": ""}, {"id": 130027851, "text": "$AAPL $TSLA Long for my portfolio", "time": 1531485676.0, "sentiment": "Bullish"}, {"id": 130027818, "text": "@Cocococo $AAPL insiders are constantly selling multi-millions worth of shares. Nothing unusual here. https://finance.yahoo.com/quote/AAPL/insider-transactions?p=AAPL", "time": 1531485617.0, "sentiment": ""}, {"id": 130027362, "text": "$AAPL Apple Announces $300 Million China Clean Energy Fund https://www.bloomberg.com/news/articles/2018-07-12/apple-suppliers-to-invest-300-million-in-clean-energy-in-china", "time": 1531484507.0, "sentiment": ""}, {"id": 130027360, "text": "$DXCM if you\u2019ve been sitting on the sidelines, get in the game. $DXCM is about to take off. $GOOGL $AAPL $SPY $XBI $LABU $IBB", "time": 1531484503.0, "sentiment": ""}, {"id": 130026645, "text": "@Alex1183 not as much as I&#39;d like; little over 1k shares. Also have $MU $WDC $AMD $CGC $APH.CA $ACB.CA $AMZN $AAPL $EPD $ETP $KMI $WPM et al", "time": 1531483048.0, "sentiment": ""}, {"id": 130026418, "text": "$AAPL can&#39;t believe it.  The new laptops STILL have the problematic keyboards.  Who&#39;s running this ship?  Num-nuts!", "time": 1531482571.0, "sentiment": "Bearish"}, {"id": 130026234, "text": "$AAPL $JPM $JNJ $ANGO $SPY $ISRG  dont miss out siri", "time": 1531482222.0, "sentiment": ""}, {"id": 130026005, "text": "$AAPL $SPY $JNJ $ISRG $JPM -- $ANGO -- Another ER season warm up play :D. Msg for a free trial.", "time": 1531481732.0, "sentiment": "Bearish"}, {"id": 130025620, "text": "$XIAOMI wannabe $AAPL first time trading on HKEX, took me a while before I found out about the 90min lunch break.. though my client froze \ud83d\ude02", "time": 1531480985.0, "sentiment": "Bullish"}, {"id": 130025392, "text": "$AAPL $195 tmrw", "time": 1531480540.0, "sentiment": "Bullish"}, {"id": 130025152, "text": "Price Returns vs Expected Daily Move $AMZN $MU $MSFT $FB $AAPL $BABA $EEM $HYG $BAC $XOP $NFLX $AVGO http://tinyurl.com/y7zbwhgq", "time": 1531480167.0, "sentiment": ""}, {"id": 130024877, "text": "$MSFT $PYPL $IQ anybody know why my chart is doing this lol  $HUYA $AAPL $ROKU $SPY $SOGO", "time": 1531479778.0, "sentiment": ""}, {"id": 130023238, "text": "$AAPL Trump uneducated supporters...", "time": 1531477615.0, "sentiment": ""}, {"id": 130022675, "text": "5 Overbought Stocks That Could Wreck Your Portfolio http://bit.ly/2zxrd8r $MFST $AAPL $WFC $FB $T", "time": 1531477002.0, "sentiment": ""}, {"id": 130022416, "text": "$AAPL - Very well said!", "time": 1531476691.0, "sentiment": ""}, {"id": 130022202, "text": "$SPY $SPX $ES_F $AAPL $FB $AMZN $ISRG $MSFT New movie idea guys --  &quot;Yellen -- Taking back the throne&quot;", "time": 1531476417.0, "sentiment": ""}, {"id": 130022186, "text": "$AAPL COO sells 3 million worth of shares around 190, and people are buying. \ud83e\udd26\ud83c\udffb\u200d\u2640\ufe0f", "time": 1531476397.0, "sentiment": ""}, {"id": 130022148, "text": "$AAPL", "time": 1531476351.0, "sentiment": ""}, {"id": 130021921, "text": "$AAPL I&#39;m Starting to Hate Apple  !!! https://www.youtube.com/watch?v=mdRpgWYWCZg", "time": 1531476035.0, "sentiment": "Bearish"}, {"id": 130021339, "text": "Friday\u2019s Watch 1 $AMZN $GOOGL $FB $AAPL $AMD $IQ $HUYA $BABA $BIDU $BTC.X $ETH.X $BA $ATVI $EA $C $CRM $ADBE $GLMD $GOGO $IZEA $ISRG $ALGN", "time": 1531475239.0, "sentiment": ""}, {"id": 130021021, "text": "$SPWR $FCEL Apple launches $300 million green energy fund in China https://finance.yahoo.com/news/apple-launches-300-million-green-005713298.html nice huh? $AAPL", "time": 1531474880.0, "sentiment": ""}, {"id": 130020935, "text": "$AAPL The incoherent clown said that his &quot;polls numbers are better than Lincoln&#39;s&quot;  \nI didn&#39;t realize that in Lincoln time there were polls!", "time": 1531474781.0, "sentiment": ""}, {"id": 130020741, "text": "$AAPL c&#39;mon bears put a negative spin on this", "time": 1531474583.0, "sentiment": ""}, {"id": 130020484, "text": "$AAPL I&#39;m adding @Ghost_of_The_Complainer to the @Wilbur3134 &amp; @Wilbur31345 contrary index. \nSELL ALL when they will start to be bullish!", "time": 1531474328.0, "sentiment": ""}, {"id": 130020478, "text": "$AAPL $SPY $SPX $FB -- $AIR $ANGO $FAST Earnings season officially kicks off tomorrow! Already off to a good start ;) Msg for a free trial:D", "time": 1531474324.0, "sentiment": ""}, {"id": 130020251, "text": "$AAPL only cost Apple $300mm to still do biz in China. Small price to pay for tariff free market", "time": 1531474096.0, "sentiment": ""}, {"id": 130020030, "text": "$AAPL I am wondering how many those type of international embarrassment we need until the Reps will start to do something slightly positive?", "time": 1531473856.0, "sentiment": ""}, {"id": 130019874, "text": "$AAPL Unfortunately for this asshole POTUS he didn&#39;t double the GDP &amp; UK ppl are educated so just another international embarrassment!!!", "time": 1531473703.0, "sentiment": ""}, {"id": 130019873, "text": "$AAPL WS gonna hate: Apple launches new clean energy fund in China", "time": 1531473702.0, "sentiment": "Bullish"}, {"id": 130019579, "text": "$AAPL $NFLX $MU $FEYE $NVDA only legit traders that sell subscriptions are the ones that also share their losses and how many cnrtcts traded", "time": 1531473406.0, "sentiment": ""}, {"id": 130019211, "text": "$AAPL Trump is gonna be mad at the energy fund news. Increase of tariffs for Chinese made iPhones is a possibility now. Wait for the tweet.", "time": 1531473018.0, "sentiment": "Bearish"}, {"id": 130018179, "text": "$SPY Wouldn&#39;t it be nice if $AAPL also gave $300M to help fix #FLINT instead of gifting it away to  communists and their energy infra #shame", "time": 1531471989.0, "sentiment": ""}, {"id": 130018122, "text": "$AAPL amazing run today, lets catch $MSFT in Market Cap", "time": 1531471925.0, "sentiment": "Bullish"}, {"id": 130017776, "text": "$AAPL Beautiful.", "time": 1531471613.0, "sentiment": "Bullish"}, {"id": 130017624, "text": "Why we rallied in the middle of a trade war and what comes next: http://crackedmarket.com/2018/07/the-reason-we-rallied-in-the-middle-of-a-trade-war/ $SPY $SPX $ES_F $QQQ $IWM $AAPL $FB $NFLX $AMZN", "time": 1531471468.0, "sentiment": ""}, {"id": 130017609, "text": "$NVDA $AAPL $TSLA $AMZN $NFLX $GOOG $FB  introducing everyone everywhere to a hater", "time": 1531471458.0, "sentiment": ""}, {"id": 130016554, "text": "Come trade live with us in the morning $AAPL $NFLX $TSLA $SQ $SPOT and more. kafinvesting.com", "time": 1531470473.0, "sentiment": "Bullish"}, {"id": 130015954, "text": "The PC laptop is a dell with more RAM, processing power, and larger hard drive. $AAPL makes superior products / operating systems $MSFT", "time": 1531469903.0, "sentiment": ""}, {"id": 130015859, "text": "Got work laptop (PC) brand new 2.5 yrs ago, already slowing down. My MacBook is 5 years old and still runs like brand new $AAPL $MSFT", "time": 1531469836.0, "sentiment": ""}, {"id": 130015460, "text": "$AAPL Launches new first-of-its-kind investment fund in China to connect suppliers with renewable energy sources https://twitter.com/bdailystocks/status/1017576457034317824", "time": 1531469474.0, "sentiment": ""}, {"id": 130015066, "text": "$NVDA $AAPL https://www.cnbc.com/2018/07/12/us-commerce-secretary-wilbur-ross-says-he-will-sell-all-of-his-stocks.html", "time": 1531469147.0, "sentiment": ""}, {"id": 130013889, "text": "$FB $AAPL $AMZN $NFLX Daily Video https://www.stockbookie.com/fb-aapl-amzn-nfxl-daily-video-7-12-2018/", "time": 1531468162.0, "sentiment": ""}, {"id": 130013565, "text": "$AAPL spike time", "time": 1531467887.0, "sentiment": ""}, {"id": 130012928, "text": "$AAPL so close to all time highs https://youtu.be/XiGby8i3KBA", "time": 1531467423.0, "sentiment": "Bullish"}, {"id": 130012554, "text": "Apple Discontinues Photo Service\n\n$AAPL $SFLY  \n\nhttps://m.benzinga.com/article/12014056", "time": 1531467134.0, "sentiment": ""}, {"id": 130012478, "text": "$SPY $QQQ $AMZN $SQ $SHOP $ADBE $CRM $AAPL $C $BA $AMD", "time": 1531467086.0, "sentiment": "Bullish"}, {"id": 130012276, "text": "a market cap concentration red flag? good read https://app.box.com/s/xfsgt0nbtn1r55o3w3czlo5hzv0l1y7k $spy $fb $aapl", "time": 1531466940.0, "sentiment": ""}, {"id": 130012164, "text": "Most Active Options:\n\n$NFLX $BABA $NVDA $AAPL $AVGO $C $BAC $TWTR $JPM $NXPI $BIDU $MU $IQ $MSFT $TSLA $FOXA $T $AMD $PAGS $GILD $FB $AMZN", "time": 1531466865.0, "sentiment": ""}, {"id": 130011428, "text": "$AAPL \ud83e\uddd0", "time": 1531466310.0, "sentiment": ""}, {"id": 130011211, "text": "$AAPL /YM Looks like it headed higher...", "time": 1531466159.0, "sentiment": ""}, {"id": 130009893, "text": "Cramer: Most market-watchers are wrong. Stocks just aren&#39;t that expensive  https://cnb.cx/2L1o7hx $FB $AMZN $TSLA $AAPL $COST $SPOT $AMZN", "time": 1531465143.0, "sentiment": ""}]