[{"id": 130369684, "text": "$NFLX big red day on markets $FB $AMZN $AAPL $NVDA $NFLX $GOOG $GOOGL", "time": 1531848570.0, "sentiment": "Bearish"}, {"id": 130369500, "text": "$NFLX subs lower could mean lower iPhone sales $AAPL and lower GPU sales $NVDA", "time": 1531848191.0, "sentiment": "Bearish"}, {"id": 130369461, "text": "$AAPL it\u2019s World Emoji Day!", "time": 1531848105.0, "sentiment": "Bullish"}, {"id": 130368322, "text": "#Update $AAPL Jul-27 192.5 Calls Down -26%. 2.12 to 1.56 per contract since alerted on Jul 12, 2018. \n\n 10 days to expire.", "time": 1531845523.0, "sentiment": "Bullish"}, {"id": 130368240, "text": "$NFLX They have less than a year to run it back to ATH and beyond before $DIS $AAPL $T become significant tailgaters. $AMZN is prob clear #1", "time": 1531845343.0, "sentiment": ""}, {"id": 130368172, "text": "$AAPL Keepsake for your portfolio. Always long.", "time": 1531845151.0, "sentiment": "Bullish"}, {"id": 130367579, "text": "Most Active Options:  $NVCN $BABA $NVDA $AAPL $C $BAC $JPM $F $NXPI $MU $IQ $SNAP $GS $TRCO $MSFT $TSLA $CMCSA $T $WFC $AMD $FB $CLF $AMZN", "time": 1531843106.0, "sentiment": "Bullish"}, {"id": 130367570, "text": "$AAPL In here for the long and you wont regret. This stock has recoverd a lot. Plus do not forget the Dividend when you long this. $$$", "time": 1531843054.0, "sentiment": "Bullish"}, {"id": 130367502, "text": "$AAPL All you Trumptards beaming with pride over your Fool-in-Chief today?\ud83e\udd2e", "time": 1531842679.0, "sentiment": ""}, {"id": 130367464, "text": "$AAPL Opens\ud83c\udf4e   Closes\ud83c\udf4f", "time": 1531842523.0, "sentiment": ""}, {"id": 130366451, "text": "#Update $AAPL Jul-27 192.5 Calls Down -26%. 2.12 to 1.56 per contract since alerted on Jul 12, 2018. \n\n 10 days to expire.", "time": 1531838262.0, "sentiment": "Bullish"}, {"id": 130365254, "text": "$AAPL i own like 7 android phones. All for under the price of one old iphone. I use them all at once. Multiple phones is the new trend.", "time": 1531833201.0, "sentiment": ""}, {"id": 130364525, "text": "#Update $AAPL Jul-27 192.5 Calls Down -26%. 2.12 to 1.56 per contract since alerted on Jul 12, 2018. \n\n 10 days to expire.", "time": 1531831002.0, "sentiment": "Bullish"}, {"id": 130363838, "text": "@edmonddante \n\nIn 2018:  FANG-MANT Kung-fu $IQ \ud83c\udde8\ud83c\uddf3\n\n$FB  $AAPL $AMZN  $GOOGL\n\n$MSFT $AMZN $NVDA TSLA", "time": 1531829472.0, "sentiment": "Bullish"}, {"id": 130363436, "text": "$AAPL congrats bears", "time": 1531828760.0, "sentiment": ""}, {"id": 130363420, "text": "$AAPL 191 didnt hold, look out below?", "time": 1531828733.0, "sentiment": ""}, {"id": 130363407, "text": "$AAPL $FB anybody else short or buy puts in these at highs today?!", "time": 1531828712.0, "sentiment": ""}, {"id": 130362556, "text": "$GOOGL \ud83e\udd14\ud83e\udd2f maybe FANG not FANG \ud83d\udc6f\u200d\u2642\ufe0f\ud83d\udc6f\u200d\u2642\ufe0f\ud83d\udc6f\u200d\u2642\ufe0fanymore? \ud83d\udd7a\ud83d\udeb6\u200d\u2642\ufe0f\ud83c\udfc3\u200d\u2642\ufe0f  \ud83d\ude02\ud83e\udd43\n$NFLX $FB $AMZN $AAPL", "time": 1531827014.0, "sentiment": ""}, {"id": 130362437, "text": "Price Moves vs Expected Moves $BAC $JPM $AMD $NFLX $AMZN $FB $AAPL $MU $MSFT $EEM $VXX $USO http://tinyurl.com/y7zbwhgq", "time": 1531826797.0, "sentiment": ""}, {"id": 130361721, "text": "Per usual w/the FAANG-When one falls, they all do. One they all fall, so does the NASDAQ. But don&#39;t call it a bubble. $NFLX $FB $AAPL $GOOGL", "time": 1531825694.0, "sentiment": ""}, {"id": 130360179, "text": "#Update $AAPL Jul-27 192.5 Calls Down -26%. 2.12 to 1.56 per contract since alerted on Jul 12, 2018. \n\n 11 days to expire.", "time": 1531823743.0, "sentiment": "Bullish"}, {"id": 130359033, "text": "$AAPL Only company to come close to AAPL mkt cap was $MSFT back at height of internet bubble. Counting for inflation it was $901B in 2000.", "time": 1531822660.0, "sentiment": ""}, {"id": 130358874, "text": "$AAPL -- Looking weak.  The Indicator Calendar is red all week for all stocks.", "time": 1531822502.0, "sentiment": "Bearish"}, {"id": 130357942, "text": "$MSFT $SPY $AAPL tech ichimokuuu cookies", "time": 1531821510.0, "sentiment": ""}, {"id": 130357507, "text": "$AAPL $STUDY our July 4th chart at 183.92. &#39;Do Not Fight The Tape&#39;. The Major Move Is Your &#39;Trend and Friend&#39;.", "time": 1531821076.0, "sentiment": ""}, {"id": 130357175, "text": "$TSLA $TM $F $AMZN $GOOGL $FB $AAPL $NFLX $AMD Great read!", "time": 1531820803.0, "sentiment": ""}, {"id": 130357054, "text": "$STUDY $AAPL $SQ $AMZN Markets Are Usually Wrong. &#39;Do Not Fight The Tape&#39;.  Stay In For The Major Moves.", "time": 1531820661.0, "sentiment": ""}, {"id": 130356737, "text": "$AAPL -- Bearish set up.", "time": 1531820301.0, "sentiment": "Bearish"}, {"id": 130356421, "text": "Netflix (NFLX) Q2 Subscriber Figures Were Alarmingly Low  $DIS  $AAPL  $AMZN  $NFLX https://goo.gl/3TBojd", "time": 1531819953.0, "sentiment": ""}, {"id": 130355328, "text": "$AAPL $AMZN $SQ $STUDY \n&#39;Our analysis has always been to never miss major moves. Takes years to learn against noise.  &#39;Don&#39;t Fight The Tape&#39;", "time": 1531818818.0, "sentiment": ""}, {"id": 130355099, "text": "Tuesday\u2019s Watch1 $AMZN $GOOGL $FB $AMD $AAPL $BTC.X $ETH.X $AVGO $BA $BABA $ARNC $GS $IBM $INTC $ATVI $ADXS $CODA $GBR $CSX $DLPH $DIS $CRM", "time": 1531818594.0, "sentiment": ""}, {"id": 130354978, "text": "Most Active Options:\n\n$NFLX $BABA $NVDA $AAPL $C $BAC $JPM $F $NXPI $MU $IQ $SNAP $GS $TRCO $MSFT $TSLA $CMCSA $T $WFC $AMD $FB $CLF $AMZN", "time": 1531818469.0, "sentiment": ""}, {"id": 130354910, "text": "@bebebo happens almost every time a tech Stock tanks hard- panic sell. Still bullish on $AAPL", "time": 1531818408.0, "sentiment": "Bullish"}, {"id": 130353937, "text": "$AAPL $GOOGL $FB $MSFT The biggest obstacle to regulation is probably competing vs $FXI $EEM $BABA $BIDU China don\u2019t care about monopoly", "time": 1531817593.0, "sentiment": ""}, {"id": 130352738, "text": "#Update $AAPL Jul-27 192.5 Calls Down -26%. 2.12 to 1.56 per contract since alerted on Jul 12, 2018. \n\n 11 days to expire.", "time": 1531816497.0, "sentiment": "Bullish"}, {"id": 130352575, "text": "@Projections @tea_dubz yep. Could be $AMZN .. but $AAPL takes 30% of all App Store purchases.... that\u2019s so huge", "time": 1531816372.0, "sentiment": ""}, {"id": 130351981, "text": "was a blast talking $AAPL and $NFLX strategy with y\u2019all in Toronto- next up, Miami-let\u2019s get Apple to finance it \ud83e\udd11\nhttps://youtu.be/sqpblQbcXoo", "time": 1531815839.0, "sentiment": ""}, {"id": 130351105, "text": "$NFLX So who will be the lucky suitor: $AMZN $AAPL or $DIS ?", "time": 1531815079.0, "sentiment": ""}, {"id": 130350908, "text": "$AMZN the market punished $AAPL for supply chain issues and failure to meet demand. Again, failure is not bullish.", "time": 1531814915.0, "sentiment": "Bearish"}, {"id": 130350650, "text": "$TSLA Munro &amp; Associates finish Tesla Model 3 teardown, come away impressed https://www.google.com/amp/s/www.cnet.com/google-amp/news/2018-tesla-model-3-munro-associates-profitable/ $AAPL $AMZN $NFLX", "time": 1531814702.0, "sentiment": "Bullish"}, {"id": 130348283, "text": "$AAPL Do you really think Apple doesn&#39;t innovate?  Lol. Hi, meet the iPad aka the Newton circa 1993.  (Part 3 of 12)", "time": 1531812888.0, "sentiment": "Bullish"}, {"id": 130348238, "text": "Netflix (NFLX) Q2 Subscriber Figures Were Alarmingly Low $DIS $AAPL $AMZN $NFLX https://goo.gl/NgRxa9", "time": 1531812852.0, "sentiment": ""}, {"id": 130347276, "text": "$AAPL markets are gonna suck till Apple comes in and crushes earnings", "time": 1531812085.0, "sentiment": ""}, {"id": 130346915, "text": "$NFLX $FB $AMZN $GOOG $AAPL $SPX $SPY $QQQ $DJIA   how come futures are green?\ud83d\ude04\ud83d\ude04", "time": 1531811824.0, "sentiment": ""}, {"id": 130346714, "text": "@tradejunkiee @birdnewyork I think tomorrow will be down a little with a big rally weds. I\u2019m buying \u201cold\u201d tech tomorrow. $AAPL $MSFT", "time": 1531811671.0, "sentiment": ""}, {"id": 130345856, "text": "$NQ_F consistently trades off the fib fans.  Should get clean bounce from here. $NFLX $XLK $SPY $AAPL $ATVI $SHOP $TWTR", "time": 1531811037.0, "sentiment": ""}, {"id": 130345036, "text": "https://youtu.be/-z_vQXSNTQY \n$TSLA $MU $ROKU $NFLX $AAPL $ADSK $MSFT $COST $UVXY $BZUN $IQ", "time": 1531810503.0, "sentiment": ""}, {"id": 130344660, "text": "Free video with setups for July 17 &quot;Try As It Might&quot; $AAPL $NFLX $FIVE $PEP $IQ https://www.learnstocks101.com/stock-market-analysis/2018/07/try-it-might", "time": 1531810260.0, "sentiment": ""}, {"id": 130344101, "text": "$NFLX here comes $AAPL \u2757\ufe0f\u2757\ufe0f\u2757\ufe0f\u2757\ufe0f\u2757\ufe0f", "time": 1531809879.0, "sentiment": ""}, {"id": 130343367, "text": "$AAPL analysts on Estimize expect -0.24% YoY growth in Gross Margins for Q3, down from 1.29% in previous year [Reporting 07/31 AMC]\nhttp://www.estimize.com/intro/aapl?chart=change-over-time&amp;metric_name=gross_margins&amp;utm_content=AAPL&amp;utm_medium=metric_growth&amp;utm_source=stocktwits", "time": 1531809369.0, "sentiment": ""}, {"id": 130343364, "text": "$AAPL analysts on Estimize expect 8.78% YoY growth in iPhone Sales for Q3, up from 1.56% in previous year [Reporting 07/31 AMC]\nhttp://www.estimize.com/intro/aapl?chart=change-over-time&amp;metric_name=iphone_unit_sales&amp;utm_content=AAPL&amp;utm_medium=metric_growth&amp;utm_source=stocktwits", "time": 1531809369.0, "sentiment": ""}, {"id": 130343363, "text": "$AAPL analysts on Estimize expect -6.27% YoY growth in iPad Sales for Q3, down from 14.77% in previous year [Reporting 07/31 AMC]\nhttp://www.estimize.com/intro/aapl?chart=change-over-time&amp;metric_name=ipad_unit_sales&amp;utm_content=AAPL&amp;utm_medium=metric_growth&amp;utm_source=stocktwits", "time": 1531809369.0, "sentiment": ""}, {"id": 130343361, "text": "$AAPL analysts on Estimize expect 0.98% YoY growth in Mac Sales for Q3, up from 0.94% in previous year [Reporting 07/31 AMC]\nhttp://www.estimize.com/intro/aapl?chart=change-over-time&amp;metric_name=mac_unit_sales&amp;utm_content=AAPL&amp;utm_medium=metric_growth&amp;utm_source=stocktwits", "time": 1531809369.0, "sentiment": ""}, {"id": 130343174, "text": "$AAPL small breather today.. Futures flat to green https://youtu.be/mUw5XnCFTrE", "time": 1531809244.0, "sentiment": "Bullish"}, {"id": 130342605, "text": "$AAPL great more face recognition in all iPhones. Feels creepy. I wish they built in a plastic cover to slide over the cameras when not used", "time": 1531808862.0, "sentiment": ""}, {"id": 130342296, "text": "$FB Mr Zuckerberg sold $2 #BILLION in just the last 3 months.. $AAPL  $SPY http://insiderbuyingselling.com/?t=FB", "time": 1531808659.0, "sentiment": ""}, {"id": 130341566, "text": "@Projections @tea_dubz $AAPL is going to take over the FAANG Group again", "time": 1531808192.0, "sentiment": ""}, {"id": 130341502, "text": "@Lel0uche_Vi_Brittania not just $nflx, but $amzn $aapl $v $msft $fb $goog $nvda $ma $adbe", "time": 1531808147.0, "sentiment": ""}, {"id": 130340916, "text": "$AAPL truly undervalued but I still reduced my position - looking for re entry or put selling.  Not feeling great overall about earnings.", "time": 1531807782.0, "sentiment": ""}, {"id": 130340762, "text": "$AAPL bears have 1 reason on 07-16 to pay more attention https://dividendbot.com?s=AAPL", "time": 1531807687.0, "sentiment": ""}, {"id": 130340550, "text": "Price Returns vs Expected Daily Move $VFC $LULU $HBI $GM $PG $AAPL $SKX $PM $STZ $F $MO $TSLA http://tinyurl.com/y7zbwhgq", "time": 1531807572.0, "sentiment": ""}, {"id": 130340206, "text": "@blagojelukic No competition ?. $AMZN $AAPL  $GOOG  $T  are already in market, even $FB is making FBwatch.", "time": 1531807364.0, "sentiment": ""}, {"id": 130338969, "text": "$AAPL based on???", "time": 1531806631.0, "sentiment": ""}, {"id": 130338942, "text": "$AAPL $NFLX $AMZN $NVDA", "time": 1531806618.0, "sentiment": ""}, {"id": 130338642, "text": "$CLF $BAC $FB $GGP $TGT $IQ $TRCO $AMD $AABA $JPM $AAPL $C Highest volume strikes", "time": 1531806407.0, "sentiment": ""}, {"id": 130337863, "text": "$AAPL $195+ tomorrow easy $$$$$", "time": 1531805877.0, "sentiment": "Bullish"}, {"id": 130337836, "text": "$NFLX $AMAT $MU $LRCX $AAPL ...people like to play sympathy for NFLX...\nRealize NFLX is for couch potatoes \ud83d\ude44\ud83d\ude44\nugh", "time": 1531805859.0, "sentiment": ""}, {"id": 130337528, "text": "$BAC $NFLX $FB $AMZN $AAPL $JPM $MSFT $CLF $AMD $MU $TSLA $C $IQ $TRCO $T $GE $F $SNAP $BABA $CMCSA $NVDA $NXPI $GS $WFC Most active options", "time": 1531805642.0, "sentiment": ""}, {"id": 130337475, "text": "@hiphopstocks $AAPL has 10 times the number of shares than $NFLX. So technically Apple shares are worth way more than Netflix", "time": 1531805607.0, "sentiment": ""}, {"id": 130335777, "text": "@LitecoinLegend i cant see it getting much better.. real competitors coming out. $AAPL $GOOG $AMZN $DIS etc. Esp when its a foward p/e of 86", "time": 1531804623.0, "sentiment": ""}, {"id": 130335735, "text": "$NFLX $FB $AAPL $SPY.. and the flat cloud bottom equilibrium magnet support #directly #below price is $320. caution under cloud also", "time": 1531804602.0, "sentiment": ""}, {"id": 130335498, "text": "$AAPL word to the wise Apple better have stepla earnings or they will rape this stock like NFLX", "time": 1531804476.0, "sentiment": ""}, {"id": 130335473, "text": "$AAPL where do you think all the subscribers are going?   Just like Spotify, to aapl", "time": 1531804459.0, "sentiment": ""}, {"id": 130334233, "text": "$NFLX why is this one app higher than 1 $AAPL share come on now! They need to stop this whole manipulating", "time": 1531803755.0, "sentiment": "Bearish"}, {"id": 130333295, "text": "$AAPL r u gonna be okay", "time": 1531803222.0, "sentiment": "Bullish"}, {"id": 130333293, "text": "$AMD $AAPL $NVDA faking $NFLX pulling down all the tech stocks faaaaaaak", "time": 1531803221.0, "sentiment": "Bullish"}, {"id": 130333208, "text": "$T $MU $GOOG $NVDA $QQQ $AAPL $TMUS $BABA $GPRO $NFLX $SPY $MSFT $SNAP  honestly I can see it going either way. 2% NVDA dip is tempting.", "time": 1531803180.0, "sentiment": ""}, {"id": 130332868, "text": "$BABA $qqq $mu $aapl $nvda $goog $msft $gpro $snap $T $TMUS everything will tank tommoro . All cuz of $nflx. Such a rational market lol $spy", "time": 1531803009.0, "sentiment": "Bearish"}, {"id": 130332605, "text": "@Rapid_Fire Wow, lighting cigars with $100\nbills is cheaper than buying otm $aapl puts", "time": 1531802884.0, "sentiment": ""}, {"id": 130332453, "text": "@zen25 what, because of $nflx? It used to be $50bil, it is representative of nothing, certainly not $aapl trading so cheap to earnings", "time": 1531802805.0, "sentiment": ""}, {"id": 130331246, "text": "$AAPL Short 187.5 calls. Wondering where we could go this week. Sub 185 is easily possible if Tech sector crashes tomorrow.", "time": 1531802210.0, "sentiment": "Bearish"}, {"id": 130331175, "text": "$AAPL $NDX $ES_F $SPX $FB $SPY $NQ_F $AMZN  Anyone else follow me here \ud83d\ude0f\ud83d\ude0f?", "time": 1531802167.0, "sentiment": ""}, {"id": 130330180, "text": "$AAPL. Long", "time": 1531801674.0, "sentiment": "Bullish"}, {"id": 130329371, "text": "$QQQ $AMZN $FB $AAPL $NFLX $MSFT vs $TRV $ALL vs $F $GM In the name of innovation, Tech isn&#39;t regulated like these other two industries...", "time": 1531801320.0, "sentiment": ""}, {"id": 130327995, "text": "$AAPL nice.. what is a ton?", "time": 1531800752.0, "sentiment": ""}, {"id": 130327794, "text": "$MU $AMZN needs $MU...$NFLX needs $MU...$AAPL needs $MU...$FB needs $MU...only one constant - no $MU no FANG - +$70 EOY", "time": 1531800669.0, "sentiment": "Bullish"}, {"id": 130327308, "text": "Check out our infographic! $AAPL $FB $SNAP $BOTZ", "time": 1531800459.0, "sentiment": ""}, {"id": 130327197, "text": "Want to invest in technologies like #AI, #robotics and #blockchain? Check out this infographic! http://ow.ly/j2rW30kYRGG $AAPL $FB $SNAP $BOTZ ", "time": 1531800414.0, "sentiment": ""}, {"id": 130325641, "text": "$AAPL safest place in a storm. Cash generator", "time": 1531799799.0, "sentiment": ""}, {"id": 130325180, "text": "$AAPL BRAINDEAD wallstreet!!! That\u2019s good news for Apple!!!! They will guaranteed beat Netflix at their own game! Mark my words!!!!!", "time": 1531799630.0, "sentiment": "Bullish"}, {"id": 130325152, "text": "$AAPL yup keep selling give me 170s so I can load up :)", "time": 1531799623.0, "sentiment": ""}, {"id": 130324867, "text": "$AAPL Tomorrow will be fun big down day tomorrow", "time": 1531799511.0, "sentiment": ""}, {"id": 130324840, "text": "$AAPL needs push through 194.20", "time": 1531799501.0, "sentiment": ""}, {"id": 130324428, "text": "$NFLX $AMZN $GOOGL $AAPL $FB Buy Fear Sell Greed!", "time": 1531799368.0, "sentiment": "Bullish"}, {"id": 130324373, "text": "$BABA $NVDA $FB $AAPL Buying opportunity if we get to april  or may levels. Swing or hold 100% profit if these dip.", "time": 1531799349.0, "sentiment": ""}, {"id": 130324197, "text": "$FB $AAPL $NFLX  $GOOG $AMZN FANG(a) is now broken time for $FIT", "time": 1531799292.0, "sentiment": ""}, {"id": 130324114, "text": "$AAPL -drop below EMA 4 @ 190.51 signals possible consolidation - needs 2 get above that level tomorrow or could dip", "time": 1531799266.0, "sentiment": ""}, {"id": 130324041, "text": "$AAPL Down a bit in after hours http://bit.ly/2JtxLpg  \n- \nRefresh for new quotes, full blown live needs below it", "time": 1531799243.0, "sentiment": ""}, {"id": 130323939, "text": "$NFLX $AMD $AAPL $FB $GOOG $GOOGL $UVXY Thank oh GREAT ONE but NOT !!!!!!!!!!", "time": 1531799212.0, "sentiment": ""}, {"id": 130323758, "text": "$AAPL Back to 187&#39;s", "time": 1531799154.0, "sentiment": ""}, {"id": 130323631, "text": "$AAPL - trying hard to not be a FAANG stock &amp; just hold support - along with $MSFT holding up better than peers -", "time": 1531799111.0, "sentiment": ""}, {"id": 130323542, "text": "$NFLX Damn Thanks nflx for pulling down the other fangs. \ud83d\ude44 $FB $AMZN $AAPL $GOOGL", "time": 1531799078.0, "sentiment": ""}, {"id": 130323176, "text": "$NFLX $FB $AMZN $AAPL $GOOG - one of the faangs is out", "time": 1531798950.0, "sentiment": ""}, {"id": 130322783, "text": "Price Moves vs Expected Moves $BAC $JPM $AMD $NFLX $AMZN $FB $AAPL $MU $MSFT $EEM $VXX $USO http://tinyurl.com/y7zbwhgq", "time": 1531798819.0, "sentiment": ""}, {"id": 130322739, "text": "$AAPL funny that people think the $NFLX tank should affect this... still undervalued at current prices", "time": 1531798804.0, "sentiment": "Bullish"}, {"id": 130322599, "text": "$NFLX $AMZN $AAPL $GOOGL \nhuge block trade sells of $QQQ in the AH. Banks will need to carry the market", "time": 1531798758.0, "sentiment": ""}, {"id": 130321890, "text": "$NFLX tech sell-off stocks to buy $T $DIS $MSFT $IQ $SPOT $AMZN $AAPL", "time": 1531798554.0, "sentiment": ""}, {"id": 130321801, "text": "$NFLX potentially 100-300b industry. They won&#39;t be alone in this race. Everyone will come pouring in $DIS $CMCSA $T $AAPL $GOOGL $FB $AMZN", "time": 1531798528.0, "sentiment": ""}, {"id": 130321792, "text": "A New Revolution Of Medicine&#39;: Senseonics Brings Automation To Diabetes Care\n\n$FIT $SENS $AAPL $ABT $MDT $DXCM \n\nhttps://m.benzinga.com/article/12025056", "time": 1531798525.0, "sentiment": ""}, {"id": 130321191, "text": "$FB $AAPL $AMZN $TWTR\n\nWhy are these stocks plummeting after hours??? Earnings not out for them. Contagion??", "time": 1531798342.0, "sentiment": ""}, {"id": 130320735, "text": "Over Half Of Apple&#39;s Profit Could Come From Services By 2025 http://ow.ly/hzhB30kYPRB $AAPL", "time": 1531798215.0, "sentiment": ""}, {"id": 130320556, "text": "$AAPL AmZn Prime day will do bad to much completion and retailers know how to deal with it .", "time": 1531798163.0, "sentiment": ""}, {"id": 130320405, "text": "$AAPL FANGS just got defanged", "time": 1531798118.0, "sentiment": ""}, {"id": 130320220, "text": "$AMZN $NFLX $FB $AAPL  confidence done.. #Faang wont walk down the hall the same . caution for nightmares patterns. $SPY", "time": 1531798063.0, "sentiment": ""}, {"id": 130320157, "text": "$AMZN $AAPL $MSFT dragged down by $NFLX (ie people dumping $QQQ). Could be buys tomorrow, often happens with sector drag.", "time": 1531798045.0, "sentiment": ""}, {"id": 130319915, "text": "$AAPL estimates distribution - here\u2019s what 301 Estimize analysts are expecting $AAPL to report for Q3 [Reporting 07/31 AMC]\nhttp://www.estimize.com/intro/aapl?chart=scatter-plot&amp;metric_name=eps&amp;utm_content=AAPL&amp;utm_medium=distribution&amp;utm_source=stocktwits", "time": 1531797973.0, "sentiment": ""}, {"id": 130319760, "text": "Might be covering my $NFLX short soon....or wait  \nhttps://51rules.com/current-positions-and-investment-performance/ $CRSP $DIS $EDIT $AAPL $GE $SLV $HMY $XQQ CWCO", "time": 1531797930.0, "sentiment": ""}, {"id": 130319681, "text": "$AAPL, $AMZN, $MSFT, $GOOGL, $TSLA Netflix gave us just another opportunity to buy the dip.", "time": 1531797912.0, "sentiment": ""}, {"id": 130319475, "text": "$AAPL NFLX mosses all FANNGS f \ngo Down as it should be tHey all go up in unison", "time": 1531797854.0, "sentiment": ""}, {"id": 130319231, "text": "$AAPL $NFLX &quot;Apple must buy Netflix&quot; NO! NO! NO!", "time": 1531797793.0, "sentiment": "Bullish"}, {"id": 130319207, "text": "$AAPL How Apple Will Look Like in 2025? Top Analyst Answers https://www.smarteranalyst.com/analyst-insights/apple-aapl-will-look-like-2025-top-analyst-answers", "time": 1531797786.0, "sentiment": ""}, {"id": 130319172, "text": "$AAPL CLOSES BELOW ITS OPENING PRICE UNABLE TO HOLD EARLY SESSION GAINS: https://techniquant.com/reports/stock-aapl-daily-technical-analysis-report-for-2018-07-16/", "time": 1531797779.0, "sentiment": "Bearish"}, {"id": 130318823, "text": "$AAPL &quot;sympathy&quot; drop it\u2019s called.", "time": 1531797695.0, "sentiment": ""}, {"id": 130318464, "text": "Who knew $NFLX could bring em all down? \n$AAPL $TWTR $SPOT", "time": 1531797613.0, "sentiment": ""}, {"id": 130318221, "text": "Follow the Big Dogs w/Option Block Trades Screener $XLF $SPY $MS $T $AAPL $BAC $SYNA $GE $WFC $ZUO $SGMO $MS https://marketchameleon.com/Screeners/OptionTrades", "time": 1531797552.0, "sentiment": ""}, {"id": 130318154, "text": "$AAPL sharply down in $NFLX sentiment", "time": 1531797538.0, "sentiment": ""}, {"id": 130317467, "text": "$AAPL Idiots are automatically blocked!", "time": 1531797385.0, "sentiment": ""}, {"id": 130317303, "text": "What $AAPL, $MSFT, $GOOGL or $AMZN stock price has to do with $NFLX? Nothing, but there are always stupid ppl around!", "time": 1531797346.0, "sentiment": ""}, {"id": 130317034, "text": "$SPY Netflix was clearly overpriced. Don\u2019t understand why $AMZN $AAPL $FB $GOOG have to go down with it too though", "time": 1531797285.0, "sentiment": ""}, {"id": 130316857, "text": "$AMZN $TSLA Lows. \n$NVDA $FB $AAPL $GOOGL $BABA $SPY", "time": 1531797237.0, "sentiment": ""}, {"id": 130316479, "text": "$AAPL Some here are still posting all the fake news from the Russian Zero Hedge service. Hmmm, the bears r trying so hard...", "time": 1531797147.0, "sentiment": ""}, {"id": 130316305, "text": "$AAPL well lookey here", "time": 1531797116.0, "sentiment": ""}, {"id": 130316152, "text": "BofA: Excluding FAANG Stocks, The S&amp;amp;P Would Be Negative $SPX $AMZN $MSFT $AAPL $NFLX https://t.co/nmudybtIJ6", "time": 1531797088.0, "sentiment": ""}, {"id": 130315690, "text": "$AAPL Twice the revenue from half the users. Yet Wall Street yawns. https://finance.yahoo.com/news/apple-apos-app-store-revenue", "time": 1531796993.0, "sentiment": "Bullish"}, {"id": 130315592, "text": "$SPY $FB $AAPL $NFLX #Faang  ichimokuuuuu", "time": 1531796973.0, "sentiment": ""}, {"id": 130315136, "text": "$AAPL BIG Miss NFLX !!!! Oh no !!!", "time": 1531796883.0, "sentiment": ""}, {"id": 130314216, "text": "$FIT $AAPL $NDX $COMPQ $GRMN $AMZN \n\nFitBit: What&#39;s Next?\nhttps://myblacktea.blog/2018/07/16/fitbit/", "time": 1531796682.0, "sentiment": ""}, {"id": 130313658, "text": "Holding $AAPL overnight. Stop is currently 188.91. No PT. Nice post ER move for $BAC. On watch tomorrow.", "time": 1531796541.0, "sentiment": ""}, {"id": 130312885, "text": "@JCompton Since when does earnings apply to biotech? This isn\u2019t $AAPL", "time": 1531796340.0, "sentiment": ""}, {"id": 130312471, "text": "@Lord_Hassan $MSFT $AAPL $GOOG $AMZN reporting today?! did you reply to the wrong original message?", "time": 1531796224.0, "sentiment": ""}, {"id": 130309874, "text": "Apple&#39;s App Store revenue nearly double Google&#39;s in 1H18 $AAPL $GOOG $GOOGL http://bit.ly/2Nl89wd", "time": 1531795471.0, "sentiment": ""}, {"id": 130309626, "text": "$AAPL You haven&#39;t been right since joining. You should just quit, its only a paper account anyways!!", "time": 1531795402.0, "sentiment": ""}, {"id": 130309192, "text": "$AAPL very high % of day traders are what the market calls dumbest $$$ just watch them fail one by one!! You can spot them on stream", "time": 1531795278.0, "sentiment": ""}, {"id": 130309074, "text": "$AAPL So those that are bearish, please lmk the dealer you pick up your shrooms from because there is no other rational explanation", "time": 1531795231.0, "sentiment": "Bullish"}, {"id": 130308940, "text": "@MrSeph @wmtsux $AAPL if you are trading and staring at charts, you are as far away as anyone could be in knowing how big $$$ works. lol.", "time": 1531795185.0, "sentiment": ""}, {"id": 130308865, "text": "@MrSeph @wmtsux $AAPL big $$$ doesnt trade! hold for dividends, they hold for wealth protection. Big $$$ just does opposite retail $$ fools", "time": 1531795151.0, "sentiment": ""}, {"id": 130308535, "text": "@RikuKaito $AAPL has no equal EVER!! $IQ is a tiny POS...not even same asset class. These comparisons are just dumb $$$ pumps", "time": 1531795047.0, "sentiment": ""}, {"id": 130307418, "text": "$AAPL Well lookey here", "time": 1531794651.0, "sentiment": "Bullish"}, {"id": 130305761, "text": "&#39;A New Revolution Of Medicine&#39;: Senseonics Brings Automation To Diabetes Care https://www.benzinga.com/news/18/07/12025056/a-new-revolution-of-medicine-senseonics-brings-automation-to-diabetes-care $SENS $FIT $AAPL $ABT $DXCM  $MDT", "time": 1531794075.0, "sentiment": ""}, {"id": 130303322, "text": "$AAPL suffering because the markets has jitters over potential $nflx catastrophe? Likely", "time": 1531793220.0, "sentiment": ""}]