[{"id": 130882430, "text": "$AAPL really is insane how ridiculous Wall Street treats Apple! Shoulda been a trillion last year!", "time": 1532139568.0, "sentiment": "Bullish"}, {"id": 130882382, "text": "$QQQ $SPY $AMZN $AAPL market ignoring risk of trade war. Trump ready to slap on 500 Billion in tariffs and market is flat?", "time": 1532139549.0, "sentiment": "Bearish"}, {"id": 130882235, "text": "$SPY $SBUX $NKE $AAPL $LVS Yuan down a sign US is winning Trade War? it just means US co in China see profits drop by that much Q3 on. idiot", "time": 1532139498.0, "sentiment": ""}, {"id": 130882225, "text": "$AAPL I bet you didn\u2019t know...", "time": 1532139496.0, "sentiment": ""}, {"id": 130882086, "text": "$AAPL glad I saved some of you some $ today- follow me if you don\u2019t already - let\u2019s make some more next week\ud83e\udd37\ud83c\udffc\u200d\u2642\ufe0f\ud83e\udd11", "time": 1532139446.0, "sentiment": ""}, {"id": 130881930, "text": "The Big Picture-- http://bit.ly/2Nz3dnB $JPM $C $WFC $SPY $AMZN $AAPL $GOOG $FB $NFLX #Trump #EU #tariffs", "time": 1532139391.0, "sentiment": ""}, {"id": 130881620, "text": "$AAPL grabbed some calls here.. they should pay", "time": 1532139292.0, "sentiment": "Bullish"}, {"id": 130881066, "text": "$AAPL puts paying- nice easy day here as planned after crushing the watchlist yesterday", "time": 1532139096.0, "sentiment": ""}, {"id": 130880911, "text": "Hope to see my $AAPL peeps Monday :)\nCheers everyone!", "time": 1532139044.0, "sentiment": ""}, {"id": 130879464, "text": "my retirement portfolio from 2015 is up 170%     http://stocktrader4god.blogspot.com/2015/09/what-to-watch-as-far-as-retirement-buy.html \ncongrats on those getting alerts: \n \n$aapl $fb $googl", "time": 1532138475.0, "sentiment": "Bullish"}, {"id": 130879423, "text": "$aapl I&#39;m guessing algo&#39;s across tech that look at 2:30 market on close orders and just sell or buy. in this case it was sell. NO news", "time": 1532138461.0, "sentiment": ""}, {"id": 130879258, "text": "$AAPL gonna come back up next week, but for now holding my puts until close", "time": 1532138400.0, "sentiment": "Bearish"}, {"id": 130878343, "text": "$AAPL wait till opex volume comes into close", "time": 1532138053.0, "sentiment": "Bearish"}, {"id": 130877169, "text": "$AAPL and this too shall pass", "time": 1532137630.0, "sentiment": "Bullish"}, {"id": 130876727, "text": "$AAPL that drop was low volume", "time": 1532137461.0, "sentiment": ""}, {"id": 130876056, "text": "191.30 supp $AAPL right here not sure if going to hold though", "time": 1532137180.0, "sentiment": ""}, {"id": 130876032, "text": "$SPY $QQQ $AMZN $aapl sell off accelerating", "time": 1532137172.0, "sentiment": "Bearish"}, {"id": 130875586, "text": "$AAPL Flush #AnotherWritedown...", "time": 1532137011.0, "sentiment": ""}, {"id": 130875584, "text": "$AAPL jesus what was that", "time": 1532137011.0, "sentiment": ""}, {"id": 130875016, "text": "$AAPL buffet buy some more apple \ud83d\ude1c\ud83d\ude1c\ud83d\ude1c\ud83d\ude1c\ud83d\ude1c", "time": 1532136795.0, "sentiment": "Bullish"}, {"id": 130874477, "text": "@alex_tpwnz services up massively, three new iphones coming this year, and the incoming presence of 5G. The $AAPL hype is only beginning", "time": 1532136590.0, "sentiment": ""}, {"id": 130873970, "text": "$SPY $QQQ $AAPL $AMZN will sell off into the close today", "time": 1532136390.0, "sentiment": "Bearish"}, {"id": 130873942, "text": "$AAPL NEEDS TO REPORT THAT THEY DO MORE BUYBACKS OR IT WILL TANK, IPHONES AREN&#39;T SELLING WELL ANYMORE, HYPE IS OVER", "time": 1532136379.0, "sentiment": "Bullish"}, {"id": 130873689, "text": "$AAPL BUY THE DIP OPPORTUNITY -0.03% DISCOUNT", "time": 1532136288.0, "sentiment": "Bullish"}, {"id": 130873669, "text": "$SPY $QQQ $AMZN $AAPL earnings have not been that great", "time": 1532136281.0, "sentiment": "Bearish"}, {"id": 130872643, "text": "Most Active Equity Options And Strikes For Midday - Friday, July 20 $BAC $GE $PBR $WFT $AAPL $MSFT $FB https://goo.gl/XiVEk6", "time": 1532135926.0, "sentiment": ""}, {"id": 130872637, "text": "$AAPL Good buy here.  $217 next. \ud83c\udf89\ud83c\udf1f$SPX", "time": 1532135922.0, "sentiment": "Bullish"}, {"id": 130872535, "text": "$AAPL Moved my short 187.5 July calls to 187.5 Straddle Jul 27 for 1$ credit. Target 189 soon.", "time": 1532135884.0, "sentiment": "Bearish"}, {"id": 130872170, "text": "$AAPL trump is trying is best to tank the Market this guy is a crook", "time": 1532135765.0, "sentiment": ""}, {"id": 130872153, "text": "$SPY CNBC hates Trump.They can\u2019t control themselves.I guarantee they are happy if the economy goes down so they can say:\u201dI told u so\u201d $AAPL", "time": 1532135758.0, "sentiment": "Bullish"}, {"id": 130871011, "text": "$TSLA $MSFT $FB $GOOGL $AMZN $AAPL \ud83d\udc47\ud83c\udffc", "time": 1532135352.0, "sentiment": "Bullish"}, {"id": 130870120, "text": "The $1 trillion race: $AMZN has to break above 2,060 &amp; $AAPL has to trade at 203.45. Who gets there first?", "time": 1532135070.0, "sentiment": ""}, {"id": 130869951, "text": "$AAPL&#39;s 2018 MacBook Pro is better at warding off dust from its keyboard. https://investorplace.com/2018/07/apple-macbook-pro-keyboard-resists-dust/", "time": 1532135006.0, "sentiment": ""}, {"id": 130868491, "text": "$AAPL what\u2019s going on is the goldman deflated the balloon with 164 PT today w Neutral rating", "time": 1532134500.0, "sentiment": ""}, {"id": 130867821, "text": "$AAPL Options action - 66% calls / 34% puts", "time": 1532134265.0, "sentiment": ""}, {"id": 130867591, "text": "$AAPL ugh.. what&#39;s going on?", "time": 1532134176.0, "sentiment": ""}, {"id": 130867544, "text": "@Vincent27 Maybe that; or maybe $AAPL does this... I love charts!", "time": 1532134159.0, "sentiment": ""}, {"id": 130867469, "text": "$AAPL #SetupAlert - Open Aug-03 190 Puts at $3.35 per contract. \nStock at: 191.74", "time": 1532134133.0, "sentiment": "Bearish"}, {"id": 130866573, "text": "$AAPL The OPEX pin is in at $192, thanks to the pajama-clad option gamblers.  Get a job losers!", "time": 1532133779.0, "sentiment": "Bullish"}, {"id": 130864649, "text": "$AAPL chart history shows Apple\u2019s next big pull back to be around 235. Falls an average of 39.03 but turns it back up to an average of 83.37", "time": 1532133062.0, "sentiment": ""}, {"id": 130863326, "text": "$AAPL this has to drop to 189, then we can hopefully get to 200 \ud83e\udd17\ud83e\udd17", "time": 1532132596.0, "sentiment": "Bearish"}, {"id": 130863277, "text": "$AAPL   \nAll THREE iPhone X 2018 Handsets Leak http://www.knowyourmobile.com/mobile-phones/iphone-x-plus/25154/all-three-iphone-x-handsets-leak-and-theyre-all-x-styled", "time": 1532132578.0, "sentiment": ""}, {"id": 130862965, "text": "$AAPL we are about to break out every single dip is bought up", "time": 1532132478.0, "sentiment": "Bullish"}, {"id": 130862839, "text": "Let\u2019s see if I\u2019ve got this: $AAPL is at $185 MaxPain today vs. $190 next week... that suggests the equity will move up next week?", "time": 1532132440.0, "sentiment": ""}, {"id": 130862274, "text": "$AAPL Market Monkey time. Hold on to your butts!", "time": 1532132250.0, "sentiment": ""}, {"id": 130862051, "text": "$AAPL non stop MELT up guaranteed to keep going unstoppable you simply buy at any price and profit", "time": 1532132174.0, "sentiment": "Bullish"}, {"id": 130861810, "text": "$AAPL   \nJust when you thought Galaxy S9 sales couldn\u2019t get any worse, they did https://www.yahoo.com/news/just-thought-galaxy-s9-sales-couldn-t-worse-205609406.html", "time": 1532132089.0, "sentiment": ""}, {"id": 130861616, "text": "$AAPL but Rudy Giuliani says the tape is &quot;powerfully exculpatory&quot;.", "time": 1532132026.0, "sentiment": ""}, {"id": 130861405, "text": "$AAPL BOOOOOOOMMMMMMMMM", "time": 1532131953.0, "sentiment": "Bullish"}, {"id": 130861390, "text": "$AAPL Remember when Trump called Michael Flynn(!) at 3 in the morning to ask him if he was supposed to want a strong dollar or a weak one?", "time": 1532131950.0, "sentiment": ""}, {"id": 130861301, "text": "$AAPL HERES THE RUN GET YOUR CALLS FOLKS YOU CAN&#39;T LOSE", "time": 1532131919.0, "sentiment": "Bullish"}, {"id": 130861156, "text": "$AAPL POP TO 93 ABOUT TO OCCUR!!!!!!!!", "time": 1532131865.0, "sentiment": "Bullish"}, {"id": 130859463, "text": "Laughable when the clueless mention $AAPL or Buffet in relation to $TSLA  For less money investor could buy real car co like $F $GM $BMWYY", "time": 1532131293.0, "sentiment": "Bearish"}, {"id": 130857436, "text": "$AAPL likely heading down starting monday", "time": 1532130652.0, "sentiment": ""}, {"id": 130855957, "text": "lol $AAPL", "time": 1532130147.0, "sentiment": ""}, {"id": 130855915, "text": "$SPY $QQQ $AAPL $AMZN market about to go red", "time": 1532130136.0, "sentiment": "Bearish"}, {"id": 130855360, "text": "$AAPL we said it this morning. Every single DIP. Always.gets.bought. you can&#39;t lose. It&#39;s a guaranteed win. Buy calls. Sell minutes later.", "time": 1532129961.0, "sentiment": "Bullish"}, {"id": 130854709, "text": "$AMD $NFLX $NVDA $AMZN $FB $AAPL  Up 25% since my post yesterday. I hope you joined us. Cannabis is where the greens at. $TLRY", "time": 1532129756.0, "sentiment": "Bullish"}, {"id": 130852167, "text": "$SPY Don&#39;t people get it? Trump is playing this. He&#39;s going to push this until mid terms, stop the trade war &amp; pop the Mrkt $AAPL $BABA $FB", "time": 1532128908.0, "sentiment": "Bullish"}, {"id": 130850994, "text": "$SPY Mrkt doesn&#39;t care about Trump &amp; hookers. They care about earnings. Don&#39;t get fooled here :o) $FB $AAPL $BABA $AMZN $GOOG $XLF $QQQ", "time": 1532128538.0, "sentiment": "Bullish"}, {"id": 130850789, "text": "$NVDA $AAPL $GOOGL Under VWAP. \n$FB VWAP.", "time": 1532128475.0, "sentiment": ""}, {"id": 130850762, "text": "$MSFT and $AAPL are massive companies. Stable Growth. We all need new computers, phones and OS Systems.", "time": 1532128465.0, "sentiment": ""}, {"id": 130850433, "text": "$AAPL yup- pay the players", "time": 1532128361.0, "sentiment": "Bearish"}, {"id": 130850241, "text": "Just of note $AAPL fading below 192 now a big block  just hit x 50000 think a min about seeing this flow ? LOL  Your thoughts are ?", "time": 1532128300.0, "sentiment": ""}, {"id": 130850134, "text": "Most Active Equity Options And Strikes For Midday July 20 - $FB, $BAC, $WFT, $MSFT, $GE, $PBR, $AAPL \nhttp://www.theoptionsinsider.com/most-active-equity-options-and-strikes-for-midday-july-20-fb-bac-wft-msft-ge-pbr-aapl/", "time": 1532128268.0, "sentiment": ""}, {"id": 130849900, "text": "$AAPL last candle \nhttps://media2.giphy.com/media/3ufC6TQhALRBe/200w.gif", "time": 1532128186.0, "sentiment": ""}, {"id": 130849773, "text": "BLOCK TRADE: $AAPL 500,000 shares @ $192.00 [12:04:55]", "time": 1532128142.0, "sentiment": ""}, {"id": 130849421, "text": "$AAPL volume \ud83e\udd37\ud83c\udffc\u200d\u2642\ufe0f", "time": 1532128041.0, "sentiment": "Bearish"}, {"id": 130848928, "text": "$AAPL BLOCK TRADE [12:4:55] @ $192 for 500,000 shares.  $DJIA $QQQ $SPY $XLK", "time": 1532127896.0, "sentiment": ""}, {"id": 130848706, "text": "$AAPL WALL STREET WILL NEVER EVER LET THIS FALL NON STOP UPWARDS FOR YEARS", "time": 1532127834.0, "sentiment": "Bullish"}, {"id": 130848484, "text": "$AAPL CLOSED THE LAST TRADING SESSION AT $191.88 https://bit.ly/2L8Ny1j", "time": 1532127770.0, "sentiment": ""}, {"id": 130847967, "text": "$AAPL Too funny. Trump on tape discussing criminal activity. Can&#39;t wait to see how the tRumptards spin this", "time": 1532127606.0, "sentiment": ""}, {"id": 130847634, "text": "$VUZI AR is it &amp; IMO Whether its $GOOG , $AMZN , $MSFT , $AAPL or $SNAP Someone is going 2 buy VUZIX within the next 18-24 months", "time": 1532127494.0, "sentiment": "Bullish"}, {"id": 130847471, "text": "$AAPL BUY CALLS ON EVERY DIP. NON STOP PROFITS", "time": 1532127436.0, "sentiment": "Bullish"}, {"id": 130847203, "text": "$AAPL buy calls here everyday every dip", "time": 1532127337.0, "sentiment": "Bullish"}, {"id": 130847174, "text": "$AAPL   \nKeyBanc: Skyworks Sends Positive Messages On Next iPhone Ramp", "time": 1532127329.0, "sentiment": ""}, {"id": 130846979, "text": "$SPY  $AAPL $FB #GOOG #AMZN #NFLX  waves on outside #FaangReef..  cameras ready..", "time": 1532127260.0, "sentiment": ""}, {"id": 130846580, "text": "$AAPL what comes first $189 or $194? Sold so my net is $189", "time": 1532127136.0, "sentiment": ""}, {"id": 130846430, "text": "$SPY $aapl had heavy selling on strength yesterday, and you can see the distribution candles today on the 10 min", "time": 1532127087.0, "sentiment": ""}, {"id": 130846003, "text": "192.50 calls, next week now at a new LOD $AAPL watch for bounce here scam complete", "time": 1532126949.0, "sentiment": ""}, {"id": 130844240, "text": "KeyBanc: Skyworks Sends Positive Messages On Next iPhone Ramp https://benzinga.com/z/12049928 $AAPL $SWKS", "time": 1532126277.0, "sentiment": ""}, {"id": 130843716, "text": "$AAPL  And when coupled with the aforementioned yet pleasantly surprisingly price cut", "time": 1532126085.0, "sentiment": ""}, {"id": 130843709, "text": "$AAPL   for the first time in years Apple will launch not one, not two, but three truly exciting upgrades. s", "time": 1532126082.0, "sentiment": ""}, {"id": 130843174, "text": "$AAPL to be $183-ed by October? To be seen.", "time": 1532125897.0, "sentiment": ""}, {"id": 130843128, "text": "$AAPL $FIT Apple Watch and Fitbit are imports to be tariffed. What a joke!", "time": 1532125880.0, "sentiment": ""}, {"id": 130843124, "text": "@Linkman2000 do they all really have $AMZN  $AAPL $GOOG potential? Able to clear $100 based on targets", "time": 1532125878.0, "sentiment": "Bullish"}, {"id": 130841478, "text": "$AAPL Target $202 Believe it", "time": 1532125276.0, "sentiment": "Bullish"}, {"id": 130841392, "text": "$AAPL #Apple versus #Amazon for top spot https://www.linkedin.com/feed/news/apple-versus-amazon-for-top-spot-1883843/?lipi=urn%3Ali%3Apage%3Ad_flagship3_feed%3BXR4N%2F7zkQ9in3GRO3aSQCw%3D%3D $AMZN", "time": 1532125247.0, "sentiment": ""}, {"id": 130839875, "text": "$AAPL still holding firmly. Have been holding since 120", "time": 1532124735.0, "sentiment": "Bullish"}, {"id": 130839851, "text": "$AAPL 170 test is much needed here... as a LT bull I am asking for one", "time": 1532124727.0, "sentiment": "Bearish"}, {"id": 130839733, "text": "$AAPL holding on strong so far", "time": 1532124692.0, "sentiment": "Bullish"}, {"id": 130839564, "text": "Apple might not want to be green today. $192.25 $AAPL Just today ;)", "time": 1532124647.0, "sentiment": ""}, {"id": 130838367, "text": "$GOOGL $FB Contd curling up steep. \n$AAPL Highs. \n$NVDA Under VWAP 2.", "time": 1532124316.0, "sentiment": ""}, {"id": 130838088, "text": "Thanks to Ken Kam for another fun interview this week!  https://www.forbes.com/sites/kenkam/2018/07/18/how-to-prepare-your-portfolio-for-a-trade-war/ $AAPL $CELG $ILMN $LMNX $MNKD $NVDA", "time": 1532124234.0, "sentiment": ""}, {"id": 130837932, "text": "$AAPL still riding the trend... EPS Jul 31 AMC", "time": 1532124184.0, "sentiment": "Bullish"}, {"id": 130837296, "text": "$AAPL &quot;Trump flags and hats made in China are being held up at customs as trade war heats up&quot; I though he\u2019s all about &quot;Made in America&quot;??", "time": 1532123976.0, "sentiment": ""}, {"id": 130835504, "text": "$AAPL So sexy!", "time": 1532123386.0, "sentiment": "Bullish"}, {"id": 130835138, "text": "192.50 pretty much hit, but of course after burning the calls so barely moved the needle  $AAPL", "time": 1532123279.0, "sentiment": ""}, {"id": 130834914, "text": "There pushing down on $VIX Rolling $TLT hard $SPY has a good rev candle and pushing up $AAPL is float up 280.50  next res total control PPT", "time": 1532123211.0, "sentiment": ""}, {"id": 130834778, "text": "$AAPL Break 192.50s and this might be an interesting day", "time": 1532123165.0, "sentiment": "Bullish"}, {"id": 130833718, "text": "pull up a daily chart and horizontal a line at 192.50 on $AAPL", "time": 1532122842.0, "sentiment": ""}, {"id": 130832104, "text": "another day of destroying $AAPL calls", "time": 1532122361.0, "sentiment": ""}, {"id": 130831611, "text": "$AMZN Thanks $MSFT, for doing your part. Now it is up to $AMZN, $GOOGL, $FB and $AAPL to make us richer. Long FAAG!", "time": 1532122221.0, "sentiment": "Bullish"}, {"id": 130831480, "text": "$AAPL volume is a concern here especially with OPEX today", "time": 1532122190.0, "sentiment": ""}, {"id": 130831276, "text": "$spy $dia $qqq $aapl the elephant in the room...surprise no one talks about tariff on aapl", "time": 1532122127.0, "sentiment": "Bearish"}, {"id": 130830690, "text": "$AAPL +53% on 2015 holdings", "time": 1532121965.0, "sentiment": "Bullish"}, {"id": 130830535, "text": "$SPY All the young Bears who thought it was an easy Short now at their Broker&#39;s office, yelling :o) $QQQ $XLF $FB $AAPL $BABA $AMXN $MSFT", "time": 1532121919.0, "sentiment": "Bullish"}, {"id": 130830311, "text": "$spy $qqq exactly, agree could have retaliation in terms of tech restrictions or bond purchases $djia $dia $aapl $msft $xlk $ba $intc", "time": 1532121865.0, "sentiment": ""}, {"id": 130829742, "text": "When Reverse Is The Way Forward\n\n$MSFT $AAPL $RVRS $BRK.A $FB $AMZN  \n\nhttps://m.benzinga.com/article/12048519", "time": 1532121715.0, "sentiment": ""}, {"id": 130829572, "text": "$MSFT $AAPL $GOOG $AMZN $TSLA is the future", "time": 1532121666.0, "sentiment": ""}, {"id": 130829165, "text": "$AAPL  LMFAO! Whos the dinosaur on CNBC with the bad connection? It&#39;s only fitting as to his perspective what a joke!", "time": 1532121552.0, "sentiment": "Bullish"}, {"id": 130829054, "text": "$SPY No sell off after tariffs, market feels Xi will settle down with Trump in different way. Just be patient for next TAX CUT $AAPL $AMD", "time": 1532121525.0, "sentiment": "Bullish"}, {"id": 130828885, "text": "$AAPL risky holding over weekend with tariff talks going on and stock near ATH, GS PT at 164 (not much affect right now).  Amazon frst to 1T", "time": 1532121479.0, "sentiment": ""}, {"id": 130828684, "text": "@SPresent21 growth potential. $AMZN Is getting its hand into everything. $aapl mainly gets rev from 1 product.", "time": 1532121417.0, "sentiment": ""}, {"id": 130827612, "text": "$AMZN I don\u2019t understand how this is compared to $AAPL. Apples earnings are 10x more.", "time": 1532121116.0, "sentiment": "Bearish"}, {"id": 130825820, "text": "$AAPL WS is taking cautious approach $$$$$$$$$$$$$$$$$$$$$", "time": 1532120631.0, "sentiment": "Bullish"}, {"id": 130825427, "text": "$SPY Mrkt just broke thru the 10am Sell Algo. Bears are in trouble $AAPL $FB $JPM $GS $C $AMZN $GOOG", "time": 1532120526.0, "sentiment": "Bullish"}, {"id": 130825131, "text": "$AAPL  Come in again?", "time": 1532120456.0, "sentiment": ""}, {"id": 130824035, "text": "$AAPL China will retaliate and we&#39;ll have another dip buying opp...This market is just too good...lol $$$$$$$$$$$$$", "time": 1532120176.0, "sentiment": "Bullish"}, {"id": 130823731, "text": "$AMZN reaching 1T first. $AAPL next.", "time": 1532120104.0, "sentiment": ""}, {"id": 130822645, "text": "held, last chance to run now $AAPL one more time under not good", "time": 1532119824.0, "sentiment": ""}, {"id": 130822563, "text": "$SPY Bears don&#39;t get it. The Mrkt is ignoring Trump now. He&#39;s a fool so you cant trade on that. Don&#39;t Be Short! $AMZN $BABA $FB $AAPL $GOOG", "time": 1532119806.0, "sentiment": "Bullish"}, {"id": 130821749, "text": "191.85 support $AAPL 192.50 if holds looks possible", "time": 1532119626.0, "sentiment": ""}, {"id": 130821257, "text": "$AAPL Goldman is short the market.  Trying to bring down tech so the market will follow. I hope they fail dramatically.", "time": 1532119504.0, "sentiment": ""}, {"id": 130820849, "text": "$NVDA $GOOGL Highs. \n$FB $AAPL Bounced tiny. \n$BABA Lows.", "time": 1532119404.0, "sentiment": ""}, {"id": 130820485, "text": "$AAPL bought next weeks 192.5 Calls", "time": 1532119303.0, "sentiment": ""}, {"id": 130819791, "text": "$SPY $BAC $AMD $BABA $XLF $MCD $FB $AAPL\n\nI feel that bears are going to be roasted. It&#39;s monthly opex, ready for big surprise on any side.", "time": 1532119096.0, "sentiment": "Bullish"}, {"id": 130819636, "text": "$AAPL definitely not a day I wanna be in Calls - I\u2019ll sit in some puts and watch", "time": 1532119052.0, "sentiment": "Bearish"}, {"id": 130818305, "text": "$NQ_F $DAX $AAPL $BTC.X $CL_F  Keep your eyes open and stay focused on your trading goals.Manage risk by managing your emotions.Happy Friday", "time": 1532118606.0, "sentiment": "Bullish"}, {"id": 130817350, "text": "$NQ_F $DAX $YM_F $AAPL $BTC.X $CL_F reliant markets after the potential increase in Tariff news. Slight upward bias. Bitcoin stable mid 7K.", "time": 1532118247.0, "sentiment": "Bullish"}, {"id": 130817317, "text": "$SPY Trump, a true stable genius! $AAPL $BABA $AMZN $FB $GOOG $JPM $BAC $WFC $QQQ $XLF $C $MS $GS $", "time": 1532118235.0, "sentiment": "Bullish"}, {"id": 130817281, "text": "$msft quarter marks the high point. Would expect revs from IT to slow as economy is in late stage. $xlk $aapl", "time": 1532118223.0, "sentiment": ""}, {"id": 130816746, "text": "$AAPL pervious earnings. Don\u2019t believe the $GS hype", "time": 1532118034.0, "sentiment": "Bullish"}, {"id": 130816468, "text": "$SPY I think Bears think its an easy short today. I think the Mrkt gets it now &amp; has to ignore Trump. Let the weakness out $AAPL $BABA $FB", "time": 1532117917.0, "sentiment": "Bullish"}, {"id": 130816358, "text": "$AAPL unreal ...", "time": 1532117874.0, "sentiment": ""}, {"id": 130816269, "text": "$AAPL i&#39;m sure full note provides more rationale, but not clear why GS are down at a $164 PT with these June and Sep qtr forecasts", "time": 1532117835.0, "sentiment": ""}, {"id": 130816131, "text": "@sinv this has happened for two qtrs now. i don&#39;t think there&#39;s much additional cuts to come. even the biggest $AAPL bear (GS) is inline", "time": 1532117780.0, "sentiment": ""}, {"id": 130815540, "text": "$AAPL Get ready for downgrades into earnings, it is that time when analysts suddenly turn bearish here", "time": 1532117532.0, "sentiment": ""}, {"id": 130814815, "text": "$AAPL are we gonna see another crazy buy up when the market down? $SPY $AMD", "time": 1532117203.0, "sentiment": "Bullish"}, {"id": 130814717, "text": "$AMZN $AAPL $MSFT $NFLX it\u2019s real though Don. People don\u2019t like pompous aholes who lie and cannot stop their mouths. Grow up.", "time": 1532117168.0, "sentiment": ""}, {"id": 130813921, "text": "$AMZN $AAPL $MSFT $NFLX Paranoid Schizophrenia: delusion of grandeur, paranoid of the intentions of others. Defines The Donald.", "time": 1532116806.0, "sentiment": ""}, {"id": 130813638, "text": "$AAPL Goldman Sachs reiterated a $164 price target on the tech giant Friday. lol", "time": 1532116673.0, "sentiment": ""}, {"id": 130813359, "text": "When Reverse Is The Way Forward https://benzinga.com/z/12048519 $RVRS $AAPL $MSFT $AMZN $FB $BRK.A", "time": 1532116545.0, "sentiment": ""}, {"id": 130813298, "text": "$AAPL sadly it doesn&#39;t seem to matter. I read interview after interview of Trump supporters who are still 100% behind him as they are hurt.", "time": 1532116521.0, "sentiment": ""}, {"id": 130813227, "text": "$AAPL ok that Goldman note was new it seems \nhttps://www.ped30.com/2018/07/20/apple-goldman-price-target/", "time": 1532116470.0, "sentiment": ""}, {"id": 130811592, "text": "Some of todays top open interest changes 7.20.18  $UAL $MU $AAPL $GE $GGP", "time": 1532115539.0, "sentiment": ""}, {"id": 130811568, "text": "$SPY Trump likes to talk big but the truth is his supporters are getting screwed by his stupidity. This will end $AAPL $FB $BABA $AMZN $JPM", "time": 1532115525.0, "sentiment": "Bullish"}, {"id": 130811248, "text": "$AAPL Ready for Trade War? My guess - 191 open, could get down to 189 and pin at 190.", "time": 1532115346.0, "sentiment": "Bearish"}, {"id": 130811008, "text": "$SPY Don&#39;t trade off Trump&#39;s noise. He&#39;s a coward &amp; will fold. Trade off fundies for now. Its all you can do $AAPL $FB $AMZN $BABA $GS $XLF", "time": 1532115203.0, "sentiment": "Bullish"}, {"id": 130810530, "text": "$AAPL it&#39;s apples turn to run up. PE stupid low", "time": 1532114941.0, "sentiment": ""}]