[{"id": 131224005, "text": "40 Well-Known Stocks Goldman Sachs Thinks Are Bad Investments http://bit.ly/2LGarJb $CPB $AAPL $CMG $TGT $MAT $AMD $HSY $BBY $TRIP $ILMN", "time": 1532492084.0, "sentiment": ""}, {"id": 131223573, "text": "$AAPL just bought $1k in mega millions tickets for OP-I\u2019ll share my split with all that LIKE &amp; FOLLOW this tweet if we win. Cheers\ud83e\udd11", "time": 1532491895.0, "sentiment": "Bullish"}, {"id": 131221364, "text": "Estimize EPS expectations are 1.83% higher than that of Wall Street for $AAPL Q3 [Reporting 07/31 AMC]\nhttp://www.estimize.com/intro/aapl?chart=change-over-time&amp;metric_name=eps&amp;utm_content=AAPL&amp;utm_medium=eps_difference&amp;utm_source=stocktwits", "time": 1532490962.0, "sentiment": ""}, {"id": 131221234, "text": "Here\u2019s what 15 Estimize analysts believe $AAPL will report for Q3 iPad Sales on 07/31 AMC.\nhttp://www.estimize.com/intro/aapl?chart=historical&amp;metric_name=ipad_unit_sales&amp;utm_content=AAPL&amp;utm_medium=metric_update&amp;utm_source=stocktwits", "time": 1532490913.0, "sentiment": ""}, {"id": 131221233, "text": "$AAPL 180 190 170 180 180 190 170 190 180 190 170 180 180 190 170 190 180 190 170 180 180 190 170 190 180 190 170 180 180 190 170 192", "time": 1532490912.0, "sentiment": "Bearish"}, {"id": 131221231, "text": "Here\u2019s what 34 Estimize analysts believe $AAPL will report for Q3 iPhone Sales on 07/31 AMC.\nhttp://www.estimize.com/intro/aapl?chart=historical&amp;metric_name=iphone_unit_sales&amp;utm_content=AAPL&amp;utm_medium=metric_update&amp;utm_source=stocktwits", "time": 1532490912.0, "sentiment": ""}, {"id": 131221229, "text": "Here\u2019s what 25 Estimize analysts believe $AAPL will report for Q3 Gross Margins on 07/31 AMC.\nhttp://www.estimize.com/intro/aapl?chart=historical&amp;metric_name=gross_margins&amp;utm_content=AAPL&amp;utm_medium=metric_update&amp;utm_source=stocktwits", "time": 1532490911.0, "sentiment": ""}, {"id": 131221227, "text": "Here\u2019s what 17 Estimize analysts believe $AAPL will report for Q3 Mac Sales on 07/31 AMC.\nhttp://www.estimize.com/intro/aapl?chart=historical&amp;metric_name=mac_unit_sales&amp;utm_content=AAPL&amp;utm_medium=metric_update&amp;utm_source=stocktwits", "time": 1532490911.0, "sentiment": ""}, {"id": 131221184, "text": "@zingler @sonicmerlin $AAPL, $JNJ, $PFE, $MRK,  $UTX, and a few oil stocks", "time": 1532490892.0, "sentiment": ""}, {"id": 131220694, "text": "$AAPL \nWe bounced off support as we said on July 6th, Now, ER on July 31st will take us to 220.00. &#39;Do Not Fight The Tape&#39;.", "time": 1532490751.0, "sentiment": ""}, {"id": 131219438, "text": "$AAPL $AMZN $BAC $SPX  \nAs we said July 15th. AAPL ER will \nKeep this Market in &#39;Goldilocks&#39;.", "time": 1532490280.0, "sentiment": ""}, {"id": 131219347, "text": "Up Moves: \n+3.3% $FXI \n+2.6% $EWZ \n+1.4% $DBB \n+1.4% $EEM \n+1.2% $XLE \n+1.1% $GDX \n+1% $USO \n+0.9% $XLV \n+0.7% $AAPL $EWG \n+0.6% $EWI $EFA", "time": 1532490245.0, "sentiment": ""}, {"id": 131218800, "text": "$AAPL typically\nIs this coming quarter pretty good for Apple?", "time": 1532490048.0, "sentiment": ""}, {"id": 131218277, "text": "$AAPL edging higher w/ breakout watch above 195.55, earnings Jul 31 aMkt, analysis https://stockconsultant.com/?AAPL", "time": 1532489823.0, "sentiment": ""}, {"id": 131217887, "text": "$SPY $AAPL Still holding 1 $185 weekly put contract. Hmmm...What was I thinking???", "time": 1532489674.0, "sentiment": ""}, {"id": 131216802, "text": "$BTC.X and $LTC.X have gained in the past 3 weeks what $AAPL gained the past year.. And the crypto bull run is just getting started. $ETH.X", "time": 1532489310.0, "sentiment": ""}, {"id": 131216254, "text": "$AAPL it could make the move before earnings", "time": 1532489130.0, "sentiment": ""}, {"id": 131215940, "text": "@CreativeCapital Of Course not \ud83d\ude00\nMy intent with the post was to answer ppl asking for info \nI think $AAPL will win the race", "time": 1532489016.0, "sentiment": ""}, {"id": 131215406, "text": "Hot Options Report For End Of Day July 24th \u2013 $RLGY, $AAPL, $BAC, $GE, $AABA, $BHP \nhttp://www.theoptionsinsider.com/hot-options-report-for-end-of-day-july-24th-rlgy-aapl-bac-ge-aaba-bhp/", "time": 1532488852.0, "sentiment": ""}, {"id": 131215030, "text": "$AAPL $BABA  I was up early in the day, but the dump wiped it out. Shitty shit shit stocks", "time": 1532488747.0, "sentiment": ""}, {"id": 131214690, "text": "$AAPL PUSHES THROUGH PRIOR SESSION HIGH: https://techniquant.com/reports/stock-aapl-daily-technical-analysis-report-for-2018-07-24/", "time": 1532488658.0, "sentiment": ""}, {"id": 131214040, "text": "$AAPL are they all going to get taxpayer-funded bailouts too, like Big Agra just got?", "time": 1532488480.0, "sentiment": ""}, {"id": 131213675, "text": "The top 10 books on Apple&#39;s iBooks-US $AAPL #AAPL https://www.marketbeat.com/n/3944056/", "time": 1532488367.0, "sentiment": ""}, {"id": 131213315, "text": "$AAPL Let the leaks begin.... they move this faster than actual numbers lol.", "time": 1532488277.0, "sentiment": "Bullish"}, {"id": 131213221, "text": "$AAPL Once keynote date is announced, the hype will continue to drive this up.", "time": 1532488255.0, "sentiment": "Bullish"}, {"id": 131212772, "text": "$AAXN healthy pull back before making new high especially since earning coming . Still targeting over 100 $COMPQ $DJIA $SPY $AAPL $GE $NUGT", "time": 1532488126.0, "sentiment": "Bullish"}, {"id": 131212156, "text": "Sold the $AAPL 193 3:59PM   http://wavegenius.com/sold-the-aapl-359pm/", "time": 1532487968.0, "sentiment": ""}, {"id": 131211928, "text": "$AAPL Steady eddy. \ud83d\udc4c\ud83c\udffb\ud83d\ude0e", "time": 1532487914.0, "sentiment": "Bullish"}, {"id": 131211609, "text": "$AAPL nice close over 192.50\ud83d\ude03", "time": 1532487839.0, "sentiment": ""}, {"id": 131211284, "text": "$AAPL Verizon reportedly has its sights set on a deal with Apple TV or YouTube TV to stream content. https://stocknews.com/news/aapl-apple-inc-aapl-tv-positioning-for-5g-boost/", "time": 1532487759.0, "sentiment": ""}, {"id": 131210986, "text": "$DIA $QQQ $SPY $AAPL $FB $AMZN $GOOG what a great day!!!!", "time": 1532487688.0, "sentiment": "Bullish"}, {"id": 131210820, "text": "$AAPL Bullish close", "time": 1532487644.0, "sentiment": "Bullish"}, {"id": 131209821, "text": "$ADBE $AAPL $NVDA $AVGO https://iphone.appleinsider.com/articles/18/07/24/iphone-could-be-hit-by-incoming-500b-us-tariff-threat-on-chinese-imports", "time": 1532487377.0, "sentiment": ""}, {"id": 131209640, "text": "$AAPL 200 please", "time": 1532487332.0, "sentiment": ""}, {"id": 131209547, "text": "$AAPL buy big calls", "time": 1532487310.0, "sentiment": ""}, {"id": 131208911, "text": "$AAPL $203.45 is the magic #", "time": 1532487139.0, "sentiment": ""}, {"id": 131207899, "text": "The top 10 movies on the iTunes Store $AAPL #AAPL https://www.marketbeat.com/n/3944019/", "time": 1532486842.0, "sentiment": ""}, {"id": 131207788, "text": "My average cost of every share is .12 cents on Robinhood.  Anyone else have this glitch? $T $GAIN $AAPL $F", "time": 1532486810.0, "sentiment": ""}, {"id": 131207480, "text": "$FB  Holding strong . $AAPL holding green . GOOGL doing fine.. We wish if they R all at hod now.. but green is GREAT !!   $QQQ $XLK $DIA", "time": 1532486718.0, "sentiment": ""}, {"id": 131207119, "text": "Today&#39;s day &amp; swing trades: $RETA, $ATI, $UTX, $BIIB, $AVGO,  $VMW (see charts) Open: $AMZN, $GS, $MRTX, $AAPL, $YINN, $TVIX, $WBA, $TQQQ", "time": 1532486604.0, "sentiment": ""}, {"id": 131206281, "text": "$AMZN $AAPL what price does each need to be to hit a trillion?", "time": 1532486327.0, "sentiment": ""}, {"id": 131205366, "text": "$BAC ive just been waiting/hoping for Buffet to come out &amp; say he was buying all quarter like he did for $AAPL during Q1 we&#39;ll know by 8/15", "time": 1532486027.0, "sentiment": ""}, {"id": 131205270, "text": "$AAPL Hope to see this hit 1 Trillion end of this week.", "time": 1532486000.0, "sentiment": "Bullish"}, {"id": 131205171, "text": "$AAPL I took profits at 178 and was hoping to buy back at 170. never happened :( I miss my apple shares...", "time": 1532485969.0, "sentiment": ""}, {"id": 131204481, "text": "@Wilbur3134 I guess the market forgot to listen to you. up 5%+ since 1 month ago. $AAPL", "time": 1532485744.0, "sentiment": "Bullish"}, {"id": 131204236, "text": "Using An Old ETF For A New Investment Theme https://benzinga.com/z/12061052 $QQQ $AAPL $INTC $MSFT", "time": 1532485669.0, "sentiment": ""}, {"id": 131203669, "text": "$AAPL likes to delay its reaction to upgrades- tomorrow should be nice along with the upcoming ERs", "time": 1532485474.0, "sentiment": "Bullish"}, {"id": 131203660, "text": "@Wilbur31345 I marked your post as requested. $AAPL Up 18%+ in 3 months since then. This aged well. \ud83d\ude0e\ud83e\udd11", "time": 1532485471.0, "sentiment": "Bullish"}, {"id": 131203514, "text": "$AAPL bad news in new Mac book", "time": 1532485426.0, "sentiment": ""}, {"id": 131203413, "text": "$AAPL MacBook slow when it is hot", "time": 1532485388.0, "sentiment": ""}, {"id": 131203132, "text": "#Update(20)  $AAPL Aug-03 187.5 Puts Down -31%. 2.51 to 1.73 per contract since alerted on Jul 23. MaxGain 14% \n10 daystoexpire", "time": 1532485301.0, "sentiment": "Bearish"}, {"id": 131203116, "text": "$AAPL flush me bb", "time": 1532485297.0, "sentiment": ""}, {"id": 131202709, "text": "Playing $AAPL long here at $193 for a scalp", "time": 1532485169.0, "sentiment": "Bullish"}, {"id": 131202681, "text": "$AAPL I don&#39;t know about you but I&#39;m sick of all this winning!", "time": 1532485161.0, "sentiment": ""}, {"id": 131202284, "text": "$AAPL estimates distribution - here\u2019s what 344 Estimize analysts are expecting $AAPL to report for Q3 [Reporting 07/31 AMC]\nhttp://www.estimize.com/intro/aapl?chart=scatter-plot&amp;metric_name=eps&amp;utm_content=AAPL&amp;utm_medium=distribution&amp;utm_source=stocktwits", "time": 1532485045.0, "sentiment": ""}, {"id": 131202115, "text": "$AAPL analysts on Estimize expect -6.37% YoY growth in iPad Sales for Q3, down from 14.77% in previous year [Reporting 07/31 AMC]\nhttp://www.estimize.com/intro/aapl?chart=change-over-time&amp;metric_name=ipad_unit_sales&amp;utm_content=AAPL&amp;utm_medium=metric_growth&amp;utm_source=stocktwits", "time": 1532484991.0, "sentiment": ""}, {"id": 131202110, "text": "$AAPL analysts on Estimize expect 7.96% YoY growth in iPhone Sales for Q3, up from 1.56% in previous year [Reporting 07/31 AMC]\nhttp://www.estimize.com/intro/aapl?chart=change-over-time&amp;metric_name=iphone_unit_sales&amp;utm_content=AAPL&amp;utm_medium=metric_growth&amp;utm_source=stocktwits", "time": 1532484989.0, "sentiment": ""}, {"id": 131202108, "text": "$AAPL analysts on Estimize expect -0.28% YoY growth in Gross Margins for Q3, down from 1.29% in previous year [Reporting 07/31 AMC]\nhttp://www.estimize.com/intro/aapl?chart=change-over-time&amp;metric_name=gross_margins&amp;utm_content=AAPL&amp;utm_medium=metric_growth&amp;utm_source=stocktwits", "time": 1532484988.0, "sentiment": ""}, {"id": 131202098, "text": "$AAPL analysts on Estimize expect 0.72% YoY growth in Mac Sales for Q3, down from 0.94% in previous year [Reporting 07/31 AMC]\nhttp://www.estimize.com/intro/aapl?chart=change-over-time&amp;metric_name=mac_unit_sales&amp;utm_content=AAPL&amp;utm_medium=metric_growth&amp;utm_source=stocktwits", "time": 1532484985.0, "sentiment": ""}, {"id": 131201936, "text": "$AAPL zzzzzzzzzzz", "time": 1532484936.0, "sentiment": ""}, {"id": 131201545, "text": "$SPY Relax! We have $FB, $AMZN, $AAPL up on deck. Beer is cold &amp; the game looks great so far! No I&#39;m not drinking...just painting a picture!", "time": 1532484818.0, "sentiment": ""}, {"id": 131200989, "text": "$VUZI Who is most likely to buy Vuzix? \nIs it $AMZN or $GOOG ? \nIMO $AAPL not in the race \n$MSFT would B the best fit for their own strategy", "time": 1532484648.0, "sentiment": "Bullish"}, {"id": 131200028, "text": "$AAPL last chance before she blows", "time": 1532484335.0, "sentiment": "Bullish"}, {"id": 131198881, "text": "$AAPL On Daily chart it just crossed through Resistance R1.  Should be inching toward $200 Mark before ER", "time": 1532484009.0, "sentiment": "Bullish"}, {"id": 131198541, "text": "$AAPL now he\u2019s picking and choosing which industries to help. $12 billion payoff by Labor Day - right before the mid-terms.", "time": 1532483919.0, "sentiment": ""}, {"id": 131198282, "text": "$AAPL it\u2019s official: Trump Announces $12 Billion Taxpayer-funded Bailout of Farmers Hit by His Super-Easy and Great Trade War", "time": 1532483841.0, "sentiment": ""}, {"id": 131198038, "text": "$AAPL Ivanka brand collapses. So much winning. I predict her molester father and his empire will come crumbling down within 1-2yrs or sooner", "time": 1532483773.0, "sentiment": ""}, {"id": 131197835, "text": "$AAPL in a tight range. Will break one way or the other", "time": 1532483714.0, "sentiment": ""}, {"id": 131196986, "text": "Alphabet Touches New Highs on Blockbuster Q2: ETFs to Tap $IYW $XLK $GOOGL $IETC $OGIG $XLC Also $AAPL $AMZN https://goo.gl/hjRJcF", "time": 1532483441.0, "sentiment": ""}, {"id": 131196722, "text": "$AAPL she is toying with you", "time": 1532483354.0, "sentiment": ""}, {"id": 131196292, "text": "$AAPL eBay adds Apple Pay as a payment option", "time": 1532483232.0, "sentiment": "Bullish"}, {"id": 131196038, "text": "$MSFT $AAPL $SPY $FB $GOOGL $BA $AMZN If Democrats win we are in trouble. Bye-bye stock market and good economy", "time": 1532483157.0, "sentiment": "Bullish"}, {"id": 131195643, "text": "$AAPL Not bearish or short but i don&#39;t like blind upgrades this close to ER, if memory serves me right they often set up a trap.", "time": 1532483030.0, "sentiment": ""}, {"id": 131195512, "text": "In the last month $AAPL has a been trading in the 180.73 - 192.65 range, which is quite wide. https://www.chartmill.com/analyze.php?utm_source=stocktwits&amp;utm_medium=TA&amp;utm_content=TA&amp;utm_campaign=social_tracking#/AAPL?key=bb853040-a4ac-41c6-b549-d218d2f21b32", "time": 1532482982.0, "sentiment": ""}, {"id": 131195438, "text": "$MSFT $AAPL $SPY $FB $GOOGL $BA $AMZN If Democrats win we are in trouble.  Bye-bye stock  market and good economy", "time": 1532482958.0, "sentiment": "Bullish"}, {"id": 131193410, "text": "7.24.18 Elliott Wave Updates For Big Tech: $AAPL $EA FFIV CRM   http://wavegenius.com/7-24-18-elliott-wave-updates-for-big-tech-aapl-ea-ffi", "time": 1532482291.0, "sentiment": ""}, {"id": 131192393, "text": "$AAPL flat at eod hive up all gain.  Buy put", "time": 1532481957.0, "sentiment": ""}, {"id": 131191739, "text": "$AAPL is would tight here- expecting a move soon", "time": 1532481745.0, "sentiment": ""}, {"id": 131190923, "text": "$AAPL this is being pinned to hover around  192-192.50 for this Friday. Can option experts opine here", "time": 1532481472.0, "sentiment": ""}, {"id": 131189204, "text": "$AAPL Time to fly back to 193.50!", "time": 1532480966.0, "sentiment": "Bullish"}, {"id": 131189063, "text": "$SPY $DIA $QQQ Buy The Dip if your out of Cash just buy on margain go get a loan use a credit card cash advance $FB $AAPL $AMZN Long Bullish", "time": 1532480927.0, "sentiment": "Bullish"}, {"id": 131188930, "text": "$AAPL Bit unsure if the results will be stellar as the previous one. The forward guidance will be key but new phones are late Sept.", "time": 1532480880.0, "sentiment": ""}, {"id": 131187226, "text": "$AAPL heads up. Beat down HLT. ER tomorrow", "time": 1532480338.0, "sentiment": "Bullish"}, {"id": 131186961, "text": "its hard to believe this selloff is real if $aapl $amzn $xlf $fb all green", "time": 1532480250.0, "sentiment": ""}, {"id": 131186797, "text": "$AAPL up we goooo looking for 205", "time": 1532480194.0, "sentiment": "Bullish"}, {"id": 131186567, "text": "#Update(14)  $AAPL Aug-03 187.5 Puts Down -27%. 2.51 to 1.83 per contract since alerted on Jul 23. MaxGain 14% \n10 daystoexpire", "time": 1532480114.0, "sentiment": "Bearish"}, {"id": 131184549, "text": "Trillion Dollar Tuesday \u2013 Amazon, Alphabet, Apple and Google Race to the Market Top $QQQ $SQQQ $GOOG $AAPL $AMZN -- https://www.philstockworld.com/2018/07/24/trillion-dollar-tuesday-amazon-alphabet-apple-and-google-race-to-the-market-top/#comment-7280771", "time": 1532479481.0, "sentiment": ""}, {"id": 131183933, "text": "$AAPL blowout earnings report coming to town", "time": 1532479277.0, "sentiment": ""}, {"id": 131183586, "text": "Here\u2019s what 344 Estimize analysts believe $AAPL will report for Q3 2018 revenue [Reporting 07/31 AMC]\nhttp://www.estimize.com/intro/aapl?chart=historical&amp;metric_name=revenue&amp;utm_content=AAPL&amp;utm_medium=revenue_update&amp;utm_source=stocktwits", "time": 1532479164.0, "sentiment": ""}, {"id": 131183537, "text": "$AAPL estimates distribution - here\u2019s what 34 Estimize analysts are expecting $AAPL to report for Q3 iPhone Sales on 07/31 AMC.\nhttp://www.estimize.com/intro/aapl?chart=scatterplotOrHistogram&amp;metric_name=iphone_unit_sales&amp;utm_content=AAPL&amp;utm_medium=metric_distribution&amp;utm_source=stocktwits", "time": 1532479150.0, "sentiment": ""}, {"id": 131183536, "text": "$AAPL estimates distribution - here\u2019s what 25 Estimize analysts are expecting $AAPL to report for Q3 Gross Margins on 07/31 AMC.\nhttp://www.estimize.com/intro/aapl?chart=scatterplotOrHistogram&amp;metric_name=gross_margins&amp;utm_content=AAPL&amp;utm_medium=metric_distribution&amp;utm_source=stocktwits", "time": 1532479150.0, "sentiment": ""}, {"id": 131183535, "text": "$AAPL estimates distribution - here\u2019s what 17 Estimize analysts are expecting $AAPL to report for Q3 Mac Sales on 07/31 AMC.\nhttp://www.estimize.com/intro/aapl?chart=scatterplotOrHistogram&amp;metric_name=mac_unit_sales&amp;utm_content=AAPL&amp;utm_medium=metric_distribution&amp;utm_source=stocktwits", "time": 1532479150.0, "sentiment": ""}, {"id": 131183534, "text": "$AAPL estimates distribution - here\u2019s what 15 Estimize analysts are expecting $AAPL to report for Q3 iPad Sales on 07/31 AMC.\nhttp://www.estimize.com/intro/aapl?chart=scatterplotOrHistogram&amp;metric_name=ipad_unit_sales&amp;utm_content=AAPL&amp;utm_medium=metric_distribution&amp;utm_source=stocktwits", "time": 1532479150.0, "sentiment": ""}, {"id": 131183052, "text": "#Update(13)  $AAPL Aug-03 187.5 Puts Down -30%. 2.51 to 1.76 per contract since alerted on Jul 23, 2018.  Maxprofit after alert: +14%", "time": 1532479003.0, "sentiment": "Bearish"}, {"id": 131182759, "text": "$EBAY i know i know, how can it go down on green day w/ news from $SQ &amp; $AAPL? b/c this ticker is pos. broken trend.", "time": 1532478914.0, "sentiment": "Bearish"}, {"id": 131182360, "text": "$AAPL Trump is ruining the nation to please his uneducated clueless base", "time": 1532478793.0, "sentiment": ""}, {"id": 131182278, "text": "I cashed out of all remaining runners on short and medium term positions this morning. $AAPL $FAS $MSFT $NVDA $BABA", "time": 1532478773.0, "sentiment": ""}, {"id": 131181998, "text": "$AAPL has a new update to fix MacBook Pro throttling. https://investorplace.com/2018/07/apple-releases-macbook-pro-throttling-fix/", "time": 1532478692.0, "sentiment": ""}, {"id": 131180743, "text": "$AAPL no other &quot;gates&quot; other than The Verge is a drama queen: &quot;The admission caps off a full week of drama over these new MacBook Pros&quot;", "time": 1532478272.0, "sentiment": ""}, {"id": 131180379, "text": "The Verge has to snark: &quot;$AAPL confirms MacBook Pro thermal throttling, software fix coming today. How many \u2018gates\u2019 can one laptop have?&quot;", "time": 1532478150.0, "sentiment": "Bullish"}, {"id": 131180007, "text": "Today giving new meaning to my Rollover IRA $QQQ $SPY $FB $AAPL $GOOG $GOOGL $AMZN $NVDA $NFLX", "time": 1532478037.0, "sentiment": ""}, {"id": 131179943, "text": "$AAPL \nNew Target \n$232\nEarnings next week.  Market is doing well. How high can this go?", "time": 1532478018.0, "sentiment": "Bullish"}, {"id": 131179674, "text": "if $GOOG $AMZN $FB go red... look on the very far Outside #FaangReef and paddle hard.. not the mini reef $SPY $AAPL", "time": 1532477939.0, "sentiment": ""}, {"id": 131178568, "text": "$AAPL retest 192 holding daily trend. Wouldn&#39;t be surprise if it breaks last high 194, then break 195. 200 is a stretch, but who knows. GL!", "time": 1532477605.0, "sentiment": "Bullish"}, {"id": 131177523, "text": "$AAPL as usual, the Internet shirt the bed on this. MacBook Pro Throttling turns out to be a software bug. Apple patched it today. KEEP CALM", "time": 1532477275.0, "sentiment": "Bullish"}, {"id": 131175940, "text": "$aapl FIXES maCBOOK ISSUE", "time": 1532476838.0, "sentiment": ""}, {"id": 131174962, "text": "$AAPL need an Aapl PB to reload", "time": 1532476555.0, "sentiment": "Bullish"}, {"id": 131174797, "text": "$AAPL this is ugly! Ugh", "time": 1532476512.0, "sentiment": "Bullish"}, {"id": 131174369, "text": "$USDJPY carry trade fear ( #currency $VIX) rapidly rises under flat white kijusen. already under red tenkansen. $SPY $AAPL  #momos $FB", "time": 1532476383.0, "sentiment": ""}, {"id": 131174276, "text": "$AAPL $ALGN $AMZN $SQ $TWTR $SHOP $NFLX $WTW $NVDA $MU \nNasdaq gone red", "time": 1532476360.0, "sentiment": ""}, {"id": 131174010, "text": "$AAPL I can&#39;t believe some of you are selling g for Penney&#39;s", "time": 1532476282.0, "sentiment": "Bullish"}, {"id": 131173473, "text": "$AAPL $TWTR Repeat yesterday movement. R-E-L-A-X  \ud83d\ude80 End of day \u263a\ufe0f", "time": 1532476122.0, "sentiment": "Bullish"}, {"id": 131173101, "text": "Most Active Equity Options And Strikes For Midday July 24th \u2013 $AAPL, $BHP, $GGP, $BAC, $AABA \nhttp://www.theoptionsinsider.com/most-active-equity-options-and-strikes-for-midday-july-24th-aapl-bhp-ggp-bac-aaba/", "time": 1532476017.0, "sentiment": ""}, {"id": 131173087, "text": "$AMZN bought puts after I sold my $AAPL calls. Easy money today!", "time": 1532476014.0, "sentiment": "Bearish"}, {"id": 131173002, "text": "$AAPL + $GLW = $$$$$ iPhone 11 ???", "time": 1532475991.0, "sentiment": "Bullish"}, {"id": 131172672, "text": "$AAPL #Apple faces two hits from Trump&#39;s tariff threat https://seekingalpha.com/news/3372864-apple-faces-two-hits-trumps-tariff-threat", "time": 1532475902.0, "sentiment": ""}, {"id": 131172501, "text": "Today&#39;s Biggest Movers Are a Mishmash of Random Names $AAPL http://dlvr.it/QccwzG", "time": 1532475845.0, "sentiment": ""}, {"id": 131172455, "text": "$QQQ what are the Big NASDAQ names reporting today, Tues? $FB  on Wed. $AMZN on Thurs. $AAPL next Tues", "time": 1532475835.0, "sentiment": ""}, {"id": 131171474, "text": "$AAPL $SPY  &quot; #Uuuuuhhhhuhuuhhuuuuh..&quot; $QQQ", "time": 1532475512.0, "sentiment": ""}, {"id": 131169362, "text": "$SPY $QQQ $IWM $FB $AAPL $AMZN $GOOG Ascending towards all time highs :)", "time": 1532474815.0, "sentiment": "Bullish"}, {"id": 131169291, "text": "$AMZN $FB $AAPL $TSLA $NFLX Love this optimism. $NFLX  and $TSLA you may be a little to optimistic on.", "time": 1532474791.0, "sentiment": ""}, {"id": 131169250, "text": "$BABA $AAPL  wow, this market is turning to shit. Cant hold any good gains. I&#39;ll admit, I&#39;m now a bagholder. Shoulda cashed out this a.m.", "time": 1532474768.0, "sentiment": ""}, {"id": 131168008, "text": "$AAPL Huberty on CNBC straight ahead", "time": 1532474357.0, "sentiment": ""}, {"id": 131168003, "text": "$AAPL talk coming", "time": 1532474355.0, "sentiment": ""}, {"id": 131167551, "text": "$BAC $GE $FOXA $NXPI $AAPL $AABA $GM $HBI $IBB $HPQ $EDU $BBBY $FCX $AMBC $MLCO $CLF $UHS $KMI Largest CALL OI increases", "time": 1532474219.0, "sentiment": ""}, {"id": 131167532, "text": "$AAPL I want to see a 2-3% day...these crap &lt;1% days need to go somewhere...", "time": 1532474210.0, "sentiment": ""}, {"id": 131167183, "text": "$AAPL epic bear trap. Where\u2019s that clown singing chili peppers \ud83d\ude02", "time": 1532474097.0, "sentiment": "Bullish"}, {"id": 131166904, "text": "How The Tariff Threats Could Impact Smartwatches https://benzinga.com/z/12058643 $AAPL $FIT", "time": 1532473999.0, "sentiment": ""}, {"id": 131166863, "text": "$AAPL a retake of 193 and it is off to 195....still calling 200 though", "time": 1532473984.0, "sentiment": "Bullish"}, {"id": 131164834, "text": "Here\u2019s what 344 Estimize analysts believe $AAPL will report for Q3 2018 EPS [Reporting 07/31 AMC]\nhttp://www.estimize.com/intro/aapl?chart=historical&amp;metric_name=eps&amp;utm_content=AAPL&amp;utm_medium=eps_update&amp;utm_source=stocktwits", "time": 1532473292.0, "sentiment": ""}, {"id": 131164726, "text": "Here\u2019s what 17 Estimize analysts believe $AAPL will report for Q3 Mac Sales on 07/31 AMC.\nhttp://www.estimize.com/intro/aapl?chart=historical&amp;metric_name=mac_unit_sales&amp;utm_content=AAPL&amp;utm_medium=metric_update&amp;utm_source=stocktwits", "time": 1532473255.0, "sentiment": ""}, {"id": 131164723, "text": "Here\u2019s what 25 Estimize analysts believe $AAPL will report for Q3 Gross Margins on 07/31 AMC.\nhttp://www.estimize.com/intro/aapl?chart=historical&amp;metric_name=gross_margins&amp;utm_content=AAPL&amp;utm_medium=metric_update&amp;utm_source=stocktwits", "time": 1532473255.0, "sentiment": ""}, {"id": 131164721, "text": "Here\u2019s what 34 Estimize analysts believe $AAPL will report for Q3 iPhone Sales on 07/31 AMC.\nhttp://www.estimize.com/intro/aapl?chart=historical&amp;metric_name=iphone_unit_sales&amp;utm_content=AAPL&amp;utm_medium=metric_update&amp;utm_source=stocktwits", "time": 1532473255.0, "sentiment": ""}, {"id": 131164717, "text": "Here\u2019s what 15 Estimize analysts believe $AAPL will report for Q3 iPad Sales on 07/31 AMC.\nhttp://www.estimize.com/intro/aapl?chart=historical&amp;metric_name=ipad_unit_sales&amp;utm_content=AAPL&amp;utm_medium=metric_update&amp;utm_source=stocktwits", "time": 1532473254.0, "sentiment": ""}, {"id": 131164112, "text": "$AAPL CRAPPLE!!!", "time": 1532473056.0, "sentiment": ""}, {"id": 131163734, "text": "$AAPL All good. Long-term win.", "time": 1532472930.0, "sentiment": "Bullish"}, {"id": 131163614, "text": "$AAPL likely close &lt; $190 today", "time": 1532472893.0, "sentiment": ""}, {"id": 131163522, "text": "$AAPL Holy crap what a reversal", "time": 1532472865.0, "sentiment": ""}, {"id": 131163183, "text": "$NFLX $AAPL $AMZN $GOOG $SPY #Organic", "time": 1532472769.0, "sentiment": ""}, {"id": 131163002, "text": "$AAPL This Trade war is the best thing that EVER happened to this market...BUY DIPS! EASY MONEY $$$$$$$$$$$$$$$$$$$", "time": 1532472714.0, "sentiment": "Bullish"}, {"id": 131162893, "text": "$BABA $AAPL  goddammit both of these cant hold. FML. should have taken profits early in the day. Now I&#39;m fucked.", "time": 1532472680.0, "sentiment": ""}, {"id": 131162784, "text": "$AAPL talk about giving it all back", "time": 1532472643.0, "sentiment": ""}, {"id": 131160190, "text": "$AAPL You can do better WS lol  BUY DIPS! $$$$$$$$$$$$$$$$$$$$$$$$$$$$$$$", "time": 1532471763.0, "sentiment": "Bullish"}, {"id": 131160070, "text": "Sold all my $MSFT $GOOGL $AMZN today, but holding on to $AAPL &amp; $BA. Can&#39;t get too greedy up here. Euphoria never lasts......", "time": 1532471727.0, "sentiment": "Bullish"}, {"id": 131159866, "text": "$AAPL wow. , what a drop across board.. any reason?", "time": 1532471660.0, "sentiment": ""}, {"id": 131159122, "text": "$AAPL  Morgan Stanley Turns Incrementally Bullish On Apple Ahead Of Q3 Report\n\nhttps://m.benzinga.com/article/12063357", "time": 1532471406.0, "sentiment": ""}, {"id": 131159051, "text": "Q2 Semi Preview: Cowen Confident In AMD, Predicts Near-Term Challenges For Intel\n\n$AAPL $QCOM $INTC $NXPI $AMD $TSM  \n\nhttps://m.benzinga.com/article/12000013", "time": 1532471378.0, "sentiment": ""}, {"id": 131158871, "text": "$AAPL Morgan Stanley Huberty expects June qtr services rev growth of 32.5% y/y", "time": 1532471315.0, "sentiment": ""}, {"id": 131158344, "text": "#Update(6)  $AAPL Aug-03 187.5 Puts Down -29%. 2.51 to 1.79 per contract since alerted on Jul 23, 2018. \n\n 10 days to expire.", "time": 1532471128.0, "sentiment": "Bearish"}, {"id": 131158024, "text": "$AAPL  bro you are bearish on the entire tech sector during earnings week; Google and Microsoft have already beat....", "time": 1532471028.0, "sentiment": ""}]