[{"id": 131665170, "text": "$AAPL 4.1 GDP and indexes  are barely positive to negative WTF !!", "time": 1532726387.0, "sentiment": ""}, {"id": 131664226, "text": "$AAPL WTF is dumb WS doing?! lol $$$$$$$$$$$$$$$$$$$$$$$$$$$$$", "time": 1532726207.0, "sentiment": "Bullish"}, {"id": 131664124, "text": "$AAPL 189!?", "time": 1532726186.0, "sentiment": ""}, {"id": 131663823, "text": "$AAPL wtf", "time": 1532726131.0, "sentiment": ""}, {"id": 131663484, "text": "@TradeStat also US business shut out of china is a bad thing not good. ask $FB and $AAPL", "time": 1532726057.0, "sentiment": ""}, {"id": 131663045, "text": "$EBAY $AAPL sinking won&#39;t be helping $EBAY needs to hold support", "time": 1532725966.0, "sentiment": ""}, {"id": 131663005, "text": "$AAPL boom baby $$$$$$$$$$$$$", "time": 1532725959.0, "sentiment": ""}, {"id": 131662363, "text": "$AAPL I hope this won\u2019t be a \u201cbad apple\u201d of the FAANG next week.\ud83d\ude05", "time": 1532725832.0, "sentiment": ""}, {"id": 131662159, "text": "@BotMuncher1 Unless you&#39;re $AAPL, in which case you ignore waves and ride the options market instead.", "time": 1532725794.0, "sentiment": ""}, {"id": 131661430, "text": "3 Hot Earnings Reports to Watch Next Week $TSLA $AAPL $BIDU - https://investorplace.com/2018/07/3-hot-earnings-reports-to-watch-next-week", "time": 1532725648.0, "sentiment": ""}, {"id": 131661247, "text": "$SQ $PYPL $AMZN $AAPL weekend of trump making threats to Iran? $LMT $RTN - who knows..", "time": 1532725610.0, "sentiment": ""}, {"id": 131660187, "text": "$SPY $NFLX $AMZN $AAPL $GOOG &quot;look at the size of this one about to come in&quot; ichimokuuuu", "time": 1532725392.0, "sentiment": ""}, {"id": 131660131, "text": "Apple and Corning Are 2 Giant Tech Stocks Ready to Rally $AAPL $GLW http://bit.ly/2LTaApr", "time": 1532725377.0, "sentiment": ""}, {"id": 131660055, "text": "$AMZN Lows. \n$TSLA Lows. \n$GOOGL Lows. \n$NFLX Lows. \n$NVDA Lows. \n$AAPL Lows. \n$BABA Lows.", "time": 1532725363.0, "sentiment": ""}, {"id": 131659903, "text": "$AAPL simply shaking out the weak hands why do people get emotional when the market goes down lol we got 6 hours left", "time": 1532725332.0, "sentiment": ""}, {"id": 131659654, "text": "$AAPL Good job WS lol...BUY THE DIP!  $$$$$$$$$$$$$$$$$$$$$$$$$$$$$$$", "time": 1532725284.0, "sentiment": "Bullish"}, {"id": 131659371, "text": "$AAPL ws scam", "time": 1532725227.0, "sentiment": ""}, {"id": 131658855, "text": "$AAPL EVERY SINGLE DIP ALWAYS GETS BOUGHT YOU CAN&#39;T LOSE BEING LONG", "time": 1532725117.0, "sentiment": "Bullish"}, {"id": 131658644, "text": "$SPOT have a feeling $AAPL won&#39;t just stand by and let Spotify take the streaming music market.. gimmie yo lunch b...", "time": 1532725067.0, "sentiment": ""}, {"id": 131657907, "text": "$AAPL 195 calls lotto at now up 45%!!!!!!!!!", "time": 1532724906.0, "sentiment": "Bullish"}, {"id": 131657801, "text": "$AAPL NON STOP GROWING WILLING ELTO EXPLODEEEEEEE UPWARD JERE TO ,200 TODAY BWATCU", "time": 1532724883.0, "sentiment": "Bullish"}, {"id": 131657492, "text": "$AAPL UNSTOPPABLE STRENGTH", "time": 1532724819.0, "sentiment": "Bullish"}, {"id": 131657371, "text": "Apple and Corning Are 2 Giant Tech Stocks Ready to Rally $AAPL http://dlvr.it/QcyczX", "time": 1532724795.0, "sentiment": ""}, {"id": 131656638, "text": "$AAPL 195 CALLS Lotto playyyy", "time": 1532724642.0, "sentiment": "Bullish"}, {"id": 131656326, "text": "$AAPL non stop gainnnzzzz", "time": 1532724582.0, "sentiment": "Bullish"}, {"id": 131655994, "text": "$AAPL personal opinion this falls to low 194&#39;s today. maybe high 193.XX", "time": 1532724505.0, "sentiment": ""}, {"id": 131653486, "text": "$AAPL hahaha stock is up .62 @ 194.90 and 195&#39;s are the same price as y day close....", "time": 1532723933.0, "sentiment": ""}, {"id": 131653123, "text": "$AAPL   \nApple Watch Sales Up 30% In Q2 YoY--Canalys https://www.investopedia.com/news/apple-watch-sales-30-q2-yoycanalys/?partner=YahooSA&amp;yptr=yahoo", "time": 1532723836.0, "sentiment": "Bullish"}, {"id": 131652407, "text": "$AAPL when the put/call ratio is this high, put holders usually get punished", "time": 1532723650.0, "sentiment": "Bullish"}, {"id": 131651609, "text": "$AAPL It might be cheaper for Apple to buy Qcom, than pay them all the money they owe Qcom.  Apple will have to pay", "time": 1532723387.0, "sentiment": ""}, {"id": 131651574, "text": "$NQ_F  $FB $AAPL $BTC.X $CL_F  Trading is a math puzzle wrapped up in an emotional bubble. Detach from your emotions and enjoy the puzzle.", "time": 1532723376.0, "sentiment": "Bullish"}, {"id": 131651470, "text": "$AAPL whats entry point here?", "time": 1532723345.0, "sentiment": ""}, {"id": 131650758, "text": "GDP Friday - &quot;Some Say 5.3%, Some Say 3.7%, If it has a 4 in Front of it, We&#39;re Happy&quot; $AMZN $AAPL $SPY $MSFT $TWTR - https://www.philstockworld.com/2018/07/27/gdp-friday-some-say-5-3-some-say-3-7-if-it-has-a-4-in-front-of-it-were-happy/", "time": 1532723108.0, "sentiment": ""}, {"id": 131650619, "text": "$NQ_F $DAX $YM_F $FB $AAPL $BTC.X $CL_F Indexes and Energies slight up at open. Bitcoin is facing resistance mid 8K range bound for now", "time": 1532723058.0, "sentiment": ""}, {"id": 131650223, "text": "$AAPL anyone holding after $FB $TWTR $XOM $NFLX drop? $MSFT did good", "time": 1532722924.0, "sentiment": ""}, {"id": 131649654, "text": "$AAPL Forbes&#39;s Ewan Spence FUD-poops out another beauty &quot;Apple&#39;s Next Big Mistake With The MacBook Pro&quot; ", "time": 1532722727.0, "sentiment": "Bullish"}, {"id": 131648502, "text": "$AAPL &quot;I hate closed Apple; Google is so open&quot; Google follows Apple, bans crypto-mining apps from Play Store", "time": 1532722292.0, "sentiment": "Bullish"}, {"id": 131647644, "text": "@bhidle1 @Vicepre I was curious. $AAPL needs approx 203.5. Since its current SP is 195. AAPL needs ~ 4.4% gain. AMZN needs ~ 9.5% gain", "time": 1532721987.0, "sentiment": ""}, {"id": 131647075, "text": "$AMZN $TWTR $AAPL $NFLX $GOOG Ever been a part of a short squeeze before?  Come be a part of AMD history as AMD gets revenge on shorts!", "time": 1532721748.0, "sentiment": ""}, {"id": 131646614, "text": "With all the attention on $AMZN $TWTR $FB, let&#39;s see if $AAPL can sneak out the topside today", "time": 1532721565.0, "sentiment": ""}, {"id": 131646389, "text": "$AAPL soybean exports rose a projected 3,000% annualized in Q2 as companies raced to beat tariffs", "time": 1532721476.0, "sentiment": ""}, {"id": 131646121, "text": "$AAPL $207.75 right before ER and then drop on some ridiculous small thing that WS will overblow. Play the run up then get out before ER.", "time": 1532721375.0, "sentiment": "Bullish"}, {"id": 131645752, "text": "$AAPL Where is the new Mac Mini?? Why can&#39;t upgrade my old Mac Pro 2006 from El Capitan??", "time": 1532721238.0, "sentiment": "Bearish"}, {"id": 131645224, "text": "$AAPL 200", "time": 1532721022.0, "sentiment": "Bullish"}, {"id": 131644444, "text": "$AAPL $GOOG $AAPL $BRK.B", "time": 1532720706.0, "sentiment": ""}, {"id": 131643921, "text": "$AAPL Target $203", "time": 1532720471.0, "sentiment": "Bullish"}, {"id": 131643626, "text": "$AMZN $IQ $ETSY $SQ $FNKO $AAPL GDP out of the way(4.1%). Time to blast off \ud83d\ude80 \nHappy Friday!!!!!", "time": 1532720327.0, "sentiment": "Bullish"}, {"id": 131643469, "text": "$AAPL sorry 6/19 calls", "time": 1532720265.0, "sentiment": ""}, {"id": 131643009, "text": "Sharing note: $AMD $AAPL $FB $NFLX $TSLA $AMZN $TWTR $XOM $COG $GOOGL $INTC $CVX $INTC $ABBV $ROKU $DBX $V $MA $DBX $IQ $BILI  \nGL traders!", "time": 1532720088.0, "sentiment": "Bullish"}, {"id": 131642886, "text": "$AAPL may break out. Our analyzer suggests a buy stop @194.84 with a stop @189.19 as a possible low risk setup.. https://www.chartmill.com/analyze.php?utm_source=stocktwits&amp;utm_medium=TA&amp;utm_content=TRADINGSETUP&amp;utm_campaign=social_tracking#/AAPL?key=bb853040-a4ac-41c6-b549-d218d2f21b32", "time": 1532720037.0, "sentiment": ""}, {"id": 131642561, "text": "$SPY $QQQ $AAPL $AMZN $TWTR $FB", "time": 1532719902.0, "sentiment": ""}, {"id": 131642457, "text": "$AAPL those calls are so expensive the IV crash after earnings will kill them unless there is a massive move.", "time": 1532719864.0, "sentiment": ""}, {"id": 131642115, "text": "$AAPL $SPY July 27, 1974 Sound eerily familiar?", "time": 1532719679.0, "sentiment": ""}, {"id": 131641688, "text": "$AAPL 195.00!!! Boys we in da cannon!!", "time": 1532719447.0, "sentiment": "Bullish"}, {"id": 131641473, "text": "$AAPL if you wait for the drop, you&#39;re buying long.", "time": 1532719338.0, "sentiment": ""}, {"id": 131641078, "text": "$AAPL &quot;too good to be true&quot;", "time": 1532719154.0, "sentiment": ""}, {"id": 131640262, "text": "$AAPL what&#39;s the bearish thesis on this puppy?", "time": 1532718741.0, "sentiment": ""}, {"id": 131639961, "text": "$AAPL buying 30 $195 aug 3 calls at open, $200 after ER, where is everybody standing? I lost a lot on FB", "time": 1532718577.0, "sentiment": ""}, {"id": 131639586, "text": "$AAPL what is max pain today 190?", "time": 1532718388.0, "sentiment": "Bearish"}, {"id": 131639391, "text": "$AAPL Friday green day?", "time": 1532718291.0, "sentiment": "Bullish"}, {"id": 131639332, "text": "We have detected 4 positive indicators as of 07-26 for $AAPL More info at https://dividendbot.com?s=AAPL", "time": 1532718244.0, "sentiment": ""}, {"id": 131639215, "text": "$AAPL Twitter must\u2019ve learned from $FB.", "time": 1532718179.0, "sentiment": ""}, {"id": 131638362, "text": "$AAPL Twitter down on news it got rid of a bunch of robot fake users. No mercy from WS.", "time": 1532717642.0, "sentiment": "Bullish"}, {"id": 131638232, "text": "$AAPL Today&#39;s GDP growth number will be artificially inflated because businesses were doomsday prepping to beat the trade war.", "time": 1532717564.0, "sentiment": "Bullish"}, {"id": 131638182, "text": "@EddieF $AMZN is growing faster and will be bigger in market cap soon, regardless of who wins that race.  $AAPL is growing safer.", "time": 1532717531.0, "sentiment": ""}, {"id": 131637760, "text": "RT The simple idea that would have saved people a lot of money: http://crackedmarket.com/2018/07/a-market-that-refuses-to-go-down-will-eventually-go-up/ $SPY $SPX $ES_F $QQQ $IWM $AAPL $AMZN $FB $NFLX", "time": 1532717311.0, "sentiment": ""}, {"id": 131637642, "text": "$AAPL Canalys: LTE Apple Watch a \u2018runaway success\u2019 in Asia", "time": 1532717232.0, "sentiment": "Bullish"}, {"id": 131637486, "text": "$AAPL Apple Watch owns 90+% of the profitable high-end segment. This is Apple\u2019s sweet spot. But WS analcysts hate profits.", "time": 1532717147.0, "sentiment": ""}, {"id": 131637389, "text": "$AAPL Same old song, Apple is threatened by &quot;low-cost competitors.&quot; They never are. They have no interest in churning out unprofitable crap.", "time": 1532717079.0, "sentiment": "Bullish"}, {"id": 131636839, "text": "$AAPL I still want my home button w/ the latest tech...!", "time": 1532716716.0, "sentiment": ""}, {"id": 131636747, "text": "Same old marketshare FUD: &quot;Research: $AAPL shipped 3.5M Watches in Q2, up 30% YoY, but its market share dropped from 43% in Q1 to 34% in Q2&quot;", "time": 1532716656.0, "sentiment": "Bullish"}, {"id": 131636504, "text": "$AAPL CNBC: &quot;Apple isn&#39;t budging off its all-time highs while the rest of tech is tanking.&quot; Amazon is up 4%, you simplistic bassholes!", "time": 1532716496.0, "sentiment": "Bullish"}, {"id": 131635804, "text": "Facebook&#39;s $100 billion-plus rout is the biggest loss in stock market history\n\n$MSFT $GOOGL $AAPL $BAC $INTC $XOM $FB $GE $AMZN \n https://www.cnbc.com/2018/07/26/facebook-on-pace-for-biggest-one-day-loss-in-value-for-any-company-sin.html", "time": 1532716023.0, "sentiment": ""}, {"id": 131635718, "text": "15 Subscription Service Stocks With Massive Growth Potential\n\n$NFLX $SHOP $ROKU $AAPL $COST $AAXN $WTW $EA $FB $AMZN\n https://investorplace.com/2018/07/15-subscription-service-stocks-with-massive-growth-potential/", "time": 1532715986.0, "sentiment": ""}, {"id": 131635517, "text": "Most Active Options\n\n$BABA $NFLX $NVDA $AAPL $PAYPL $BAC $TWTR $F $GM $NXPI $MU $MSFT $TSLA $SVU $T $QCOM $INTC $AMD $GILD $FB $EA $AMZN $GE", "time": 1532715874.0, "sentiment": ""}, {"id": 131633860, "text": "$AAPL you might as well don&#39;t be in the stock market if your scared of earnings", "time": 1532714466.0, "sentiment": ""}, {"id": 131633530, "text": "$AAPL Asymco EPS estimates\nhttp://www.asymco.com/2018/07/25/eps/", "time": 1532714129.0, "sentiment": ""}, {"id": 131633386, "text": "$AMZN 2060 makes this the first 1T co in the world.  \n$AAPL needs ~203. Whos&#39;s first?", "time": 1532713950.0, "sentiment": "Bullish"}, {"id": 131632873, "text": "$AAPL &quot;If you&#39;re worried about destroying people for things they said on twitter 10 years ago, wait until your Alexa record is public.&quot;", "time": 1532713199.0, "sentiment": "Bullish"}, {"id": 131632163, "text": "$LPL right around a 10 year low with $AAPL news?? This could be a nice reversal sleeper. I\u2019d like to see 12-15 in 6 months. Swing play.", "time": 1532712086.0, "sentiment": "Bullish"}, {"id": 131631262, "text": "$AAPL If GDP impresses, AAPL May give up the infamous earning drop this time around.  Scared money doesn\u2019t make money \ud83c\udf7b", "time": 1532710557.0, "sentiment": ""}, {"id": 131630692, "text": "$AAPL No position but can i assume I wait for the apple earnings drop they seem to always get no matter what then buy?", "time": 1532708941.0, "sentiment": "Bullish"}, {"id": 131630307, "text": "Spotify: It&#39;s Premium User Growth &amp; Nothing Else, For Now $SPOT Also $AAPL $AMZN $NFLX $GOOGL https://goo.gl/xqmoLX", "time": 1532707892.0, "sentiment": ""}, {"id": 131630267, "text": "@Siretch how do you think $AAPL ER will perform?", "time": 1532707791.0, "sentiment": ""}, {"id": 131630168, "text": "$AMZN just need 20B to beat $AAPL market cap", "time": 1532707391.0, "sentiment": ""}, {"id": 131630021, "text": "@Broadwater_Capital it\u2019s time to predict $AAPL. What do you think?", "time": 1532706789.0, "sentiment": ""}, {"id": 131629922, "text": "$AAPL Drake album \ud83d\udd25 #1 Apple Music album \ud83c\udfb6 \ud83c\udfb5 K\u00e8k\u00e8 do you Love Me. In my feelings Nonstop", "time": 1532706349.0, "sentiment": "Bullish"}, {"id": 131629648, "text": "Call or Put $AAPL \ud83e\udd14\ud83e\udd14", "time": 1532705085.0, "sentiment": ""}, {"id": 131629555, "text": "$SPY $AAPL $FB market won&#39;t crash, just wait after Aapl earnings, for a major pull back, it needs to pull back to make all time highs.", "time": 1532704715.0, "sentiment": ""}, {"id": 131629528, "text": "$SPY since Trump became president, every day CNBC tells us that the market will crash and it passed 19 months and it never did. $AAPL $FB", "time": 1532704589.0, "sentiment": ""}, {"id": 131628780, "text": "A very nice breakout setup pattern for $AAPL, will it break out? https://www.chartmill.com/analyze.php?utm_source=stocktwits&amp;utm_medium=TA&amp;utm_content=SETUP&amp;utm_campaign=social_tracking#/AAPL?key=bb853040-a4ac-41c6-b549-d218d2f21b32", "time": 1532701802.0, "sentiment": ""}, {"id": 131628711, "text": "@HEROALLMIGHT MAGA is Make $AAPL Great Again", "time": 1532701540.0, "sentiment": ""}, {"id": 131627955, "text": "$SPY 4% GDP growth Reported tomorrow?? One of the last promises fulfilled by Trumpy?  If it is, the stocks will explode tomorrow $AAPL $FB", "time": 1532698505.0, "sentiment": "Bullish"}, {"id": 131627223, "text": "$AAPL $BOA = Bank of \ud83c\udf4e", "time": 1532696403.0, "sentiment": ""}, {"id": 131627125, "text": "$AAPL $AMD $AMZN $INTC $OPK $AMAT $TWTR $LRCX --   $SPY $SPX $ES_F -- Simple but interesting $SPX weekly Log chart.....", "time": 1532696181.0, "sentiment": "Bearish"}, {"id": 131626801, "text": "$AAPL $AMD $AMZN $INTC $OPK $AMAT $TWTR $LRCX --  \n$SPY $SPX $es_f -- I could definitely see this scenario playing out into Sep Rate Hikes", "time": 1532695415.0, "sentiment": "Bearish"}, {"id": 131626043, "text": "$AAPL $AMD $AMZN $INTC $OPK $AMAT $TWTR $LCRX -- $FB any extremely lucky intelligent followers/ST user&#39;s take my advice :P??? hope so", "time": 1532693742.0, "sentiment": "Bearish"}, {"id": 131625553, "text": "$AMZN $BABA $JD $IQ $FB $AAPL $AMD $MU &gt;&gt;&gt; and I thought I had a bad day in the market  \ud83e\udd14", "time": 1532692892.0, "sentiment": "Bullish"}, {"id": 131625400, "text": "Friday\u2019s Watch 1 $AMZN $AMD $GOOGL $AAPL $EXPE $FB $BTC.X $ETH.X $BA $BABA $ABBV $ADBE $AMAT $BKNG $CAT $CMG $CVX $CRM $CY $DIS $ADMA $CHK", "time": 1532692576.0, "sentiment": ""}, {"id": 131625175, "text": "$AAPL get out before the crash. I hear manic fever in bulls today. They are scared over facebook landslide mkt cap loss. It lost an arm", "time": 1532692165.0, "sentiment": ""}, {"id": 131624338, "text": "Price Moves vs Expected Moves $AMD $AAPL $BAC $MSFT $EEM $BABA $EWZ $TWTR $AMZN $NXPI $F $FB http://tinyurl.com/y7zbwhgq", "time": 1532690944.0, "sentiment": ""}, {"id": 131623859, "text": "$TWTR I just started using $AAPL Siri.  Anyone notice the alternate search result is TWTR?  Honest question", "time": 1532690327.0, "sentiment": "Bullish"}, {"id": 131623517, "text": "If you want a new investment strategy, look no further than young money! $AAPL $AMZN $GOOG $MSFT $FB $NKE $LULU $UL \n \nhttps://aseriesoframblings.com/2018/07/08/get-rich-off-young-money/", "time": 1532689841.0, "sentiment": "Bullish"}, {"id": 131623412, "text": "$AAPL $SPY Apple has outperformed SPY and led all the way since it started it&#39;s move May 26, will it lead us to new ATH and crash we&#39;ll see.", "time": 1532689702.0, "sentiment": ""}, {"id": 131622904, "text": "$SPOT $AAPL  Impressive growth.", "time": 1532689153.0, "sentiment": ""}, {"id": 131622723, "text": "$VIX getting tight. What do you think? $SPY $AAPL", "time": 1532688924.0, "sentiment": ""}, {"id": 131622542, "text": "$AAPL what option calls/puts everyone playing?", "time": 1532688712.0, "sentiment": ""}, {"id": 131621656, "text": "The simple idea that would have saved people a lot of money: http://crackedmarket.com/2018/07/a-market-that-refuses-to-go-down-will-eventually-go-up/ $SPY $SPX $ES_F $QQQ $IWM $AAPL $AMZN $FB $NFLX", "time": 1532687717.0, "sentiment": ""}, {"id": 131619931, "text": "@lara Don&#39;t even compare this dated 90s brand to $AAPL", "time": 1532685836.0, "sentiment": ""}, {"id": 131619582, "text": "$AAPL any predictions, earnings miss or beat ??", "time": 1532685439.0, "sentiment": ""}, {"id": 131619419, "text": "$AAPL who\u2019s playing earnings?", "time": 1532685279.0, "sentiment": ""}, {"id": 131619408, "text": "$AAPL $FB $AMD $BAC $AABA $NXPI $BBD $BABA $V $F Highest volume strikes", "time": 1532685263.0, "sentiment": ""}, {"id": 131619401, "text": "$TSLA who&#39;s done a DD on those refunds? Is that cash that goes to TSLA books, that would mean higher cashflow? $DIA $SPY $F $AMZN $AAPL $AMD", "time": 1532685256.0, "sentiment": "Bullish"}, {"id": 131618978, "text": "$FB $AMD $AAPL $BAC $NXPI $AMZN $TWTR $BABA $MSFT $F $INTC $QCOM $NFLX $T $GE $TSLA $EA $MU $GILD $GM $SVU $NVDA $PAYPL Most active options", "time": 1532684880.0, "sentiment": ""}, {"id": 131618657, "text": "$AAPL getting its mojo on. Classic bullish ascending triangle. Will it have enough gas? Earnings coming up soon...", "time": 1532684586.0, "sentiment": "Bullish"}, {"id": 131617592, "text": "The industry average ROE is 8.98%. $AAPL outperforms 86% of its industry peers. https://www.chartmill.com/analyze.php?utm_source=stocktwits&amp;utm_medium=FA&amp;utm_content=PROFITABILITY&amp;utm_campaign=social_tracking#/AAPL?r=fa&amp;key=bb853040-a4ac-41c6-b549-d218d2f21b32", "time": 1532683682.0, "sentiment": ""}, {"id": 131616398, "text": "$AAPL yep it\u2019s ridiculous I\u2019m retiring in 5 years and out of fang I\u2019m riding on aapl.", "time": 1532682734.0, "sentiment": ""}, {"id": 131616361, "text": "$STUDY Important Market Recap $DJIA $RUT $DJTA $COMPQ $SPY With $TNX $AAPL $GOOG $AMZN $FB $NFLX $CAT $IBM https://youtu.be/OLys_uTItOs", "time": 1532682711.0, "sentiment": ""}, {"id": 131615743, "text": "$AAPL of all the #faang stocks this looks like it would need the smallest beat to rally after earnings", "time": 1532682283.0, "sentiment": ""}, {"id": 131612424, "text": "$AAPL ANOTHER ESTIMATE", "time": 1532679969.0, "sentiment": ""}, {"id": 131612266, "text": "$AAPL too much data for my brain. Maybe u can parse this.", "time": 1532679855.0, "sentiment": "Bullish"}, {"id": 131611631, "text": "$AAPL new high today trend is strong..  support is there.. earnings plays a factor of this goes to $250.00 or back down to $100.00", "time": 1532679478.0, "sentiment": "Bullish"}, {"id": 131611506, "text": "@XproTrader congrats on your 4th right \ud83d\udc4f\ud83c\udffb\ud83d\udc4f\ud83c\udffb\ud83d\udc4f\ud83c\udffb \nNow it\u2019s time for $AAPL", "time": 1532679403.0, "sentiment": ""}, {"id": 131611195, "text": "$AAPL $NVDA GDP 3.8%,+ 4.0%, will this move treasury to higher yields, inflation has to be coming soon on wage data, FMOC 2 day Meeting 7/31", "time": 1532679184.0, "sentiment": ""}, {"id": 131610735, "text": "$AAPL $AMZN Amazon posted $2 billion in net profit, Apple post $10 to $17 billion in Qtly Net Profit; PE for Apple 8-12 Ex Cash, Amzn 228 PE", "time": 1532678869.0, "sentiment": ""}, {"id": 131610243, "text": "$AAPL aapl buyback in billions and it\u2019s still under $200\ud83e\udd14\ud83e\udd14\ud83e\udd14", "time": 1532678552.0, "sentiment": ""}, {"id": 131608473, "text": "$MU $NVDA $FB $ATVI $AAPL $TSLA Get rich portfolio", "time": 1532677204.0, "sentiment": "Bullish"}, {"id": 131607904, "text": "$AAPL \ud83d\ude02\ud83d\ude02\ud83d\ude02\ud83d\ude02\ud83d\ude02\ud83d\ude02\ud83d\ude02\ud83d\ude02\ud83d\ude02\ud83d\ude02\ud83d\ude02\ud83d\ude02\ud83d\ude02", "time": 1532676797.0, "sentiment": "Bullish"}, {"id": 131607608, "text": "$BB BlackBerry wants to BRIDGE the gap for Office 365 security on iOS &amp; Android devices.  #BlackBerryBRIDGE $MSFT $AMZN GOOGL $AAPL https://t.co/pCCw540Aco", "time": 1532676632.0, "sentiment": "Bullish"}, {"id": 131607555, "text": "Short volume percent for $AAPL was 26.66% on 07-26-18 and 20 day rank was ~0th percentile  https://volumebot.com/?s=AAPL", "time": 1532676599.0, "sentiment": ""}, {"id": 131607328, "text": "$AAPL $AMZN $GOOG $GOOGL", "time": 1532676464.0, "sentiment": ""}, {"id": 131607101, "text": "$BB Tech companies can bid on the Pentagon\u2019s $10 billion cloud contract, starting today https://t.co/tqoBbhc4si $MSFT $AMZN $GOOGL $AAPL", "time": 1532676320.0, "sentiment": "Bullish"}, {"id": 131606460, "text": "@xplosion79 $AAPL Down. Overbought and poor sales growth with iPhone x and other newer models. Lower sales on desktops and watches as well.", "time": 1532675916.0, "sentiment": ""}, {"id": 131605427, "text": "$IQ $SQ $SOGO $AAPL Is it Friday morning yet?? \ud83d\ude1a Amazon \ud83d\ude0d\ud83d\udd25\ud83d\ude80\ud83d\udcc8\ud83d\udcb5\ud83d\udcb8\ud83d\udee5\ud83d\udee9", "time": 1532675273.0, "sentiment": "Bullish"}, {"id": 131604705, "text": "$AAPL How tariffs on cars will impact prices in the US. Note the most popular US selling car Ford F-Series. \nTrump making America Poor again", "time": 1532674805.0, "sentiment": ""}, {"id": 131603379, "text": "$AAPL analysts on Estimize are expecting 33.46% YoY EPS growth for Q3, up from 30.00% in Q2 [Reporting 07/31 AMC]\nhttp://www.estimize.com/intro/aapl?chart=historical&amp;metric_name=eps&amp;utm_content=AAPL&amp;utm_medium=eps_growth&amp;utm_source=stocktwits", "time": 1532674022.0, "sentiment": ""}, {"id": 131603272, "text": "$AAPL estimates distribution - here\u2019s what 18 Estimize analysts are expecting $AAPL to report for Q3 iPad Sales on 07/31 AMC.\nhttp://www.estimize.com/intro/aapl?chart=scatterplotOrHistogram&amp;metric_name=ipad_unit_sales&amp;utm_content=AAPL&amp;utm_medium=metric_distribution&amp;utm_source=stocktwits", "time": 1532673963.0, "sentiment": ""}, {"id": 131603271, "text": "$AAPL estimates distribution - here\u2019s what 20 Estimize analysts are expecting $AAPL to report for Q3 Mac Sales on 07/31 AMC.\nhttp://www.estimize.com/intro/aapl?chart=scatterplotOrHistogram&amp;metric_name=mac_unit_sales&amp;utm_content=AAPL&amp;utm_medium=metric_distribution&amp;utm_source=stocktwits", "time": 1532673963.0, "sentiment": ""}, {"id": 131603270, "text": "$AAPL estimates distribution - here\u2019s what 44 Estimize analysts are expecting $AAPL to report for Q3 iPhone Sales on 07/31 AMC.\nhttp://www.estimize.com/intro/aapl?chart=scatterplotOrHistogram&amp;metric_name=iphone_unit_sales&amp;utm_content=AAPL&amp;utm_medium=metric_distribution&amp;utm_source=stocktwits", "time": 1532673962.0, "sentiment": ""}, {"id": 131603268, "text": "$AAPL estimates distribution - here\u2019s what 30 Estimize analysts are expecting $AAPL to report for Q3 Gross Margins on 07/31 AMC.\nhttp://www.estimize.com/intro/aapl?chart=scatterplotOrHistogram&amp;metric_name=gross_margins&amp;utm_content=AAPL&amp;utm_medium=metric_distribution&amp;utm_source=stocktwits", "time": 1532673962.0, "sentiment": ""}, {"id": 131602788, "text": "$SPY \n$NFLX  - ER down\n$GOOG  - up\n$FB  - down\n$AMZN - up\n\n$AAPL  - ???? \nDown woth the pattern.", "time": 1532673674.0, "sentiment": ""}, {"id": 131602408, "text": "$AAPL Tariffs are definitely working... against Trump!", "time": 1532673453.0, "sentiment": ""}, {"id": 131601510, "text": "$FB is under the mercy OF $AAPL\u2019s earning. Apple will now break the tie between $FB and $AMZN", "time": 1532672967.0, "sentiment": ""}, {"id": 131600825, "text": "@birdnewyork and Wall Street doesn&#39;t care for $AAPL, but results keep getting in the way.  So $AAPL keeps rising.", "time": 1532672591.0, "sentiment": ""}, {"id": 131600724, "text": "$AAPL $AAPL - Literally A+ 100% bullish + 105% A+ bearish. To think I literally almost bought puts @ end of week JUST t", "time": 1532672532.0, "sentiment": "Bullish"}, {"id": 131600545, "text": "Captain Hindsight Portfolilo; 60% $SPY 40% IN FANG $FB $AAPL $NFLX $GOOGL CHP crushes it", "time": 1532672430.0, "sentiment": ""}, {"id": 131600062, "text": "$AAPL $FB AAPL will hit 197 tomorrow after ANY GDP number. FB will tack on a touchdown.", "time": 1532672176.0, "sentiment": "Bullish"}, {"id": 131599967, "text": "\u201cThis will almost certainly be the eighth time $AAPL has reported a $50B-class revenue quarter - once the stuff of epic holiday quarters.\u201d", "time": 1532672121.0, "sentiment": "Bullish"}, {"id": 131599830, "text": "$AAPL eighth time is the charmer", "time": 1532672033.0, "sentiment": "Bullish"}, {"id": 131599464, "text": "$SPY $AAPL $AMZN $FB $NFLX the #Faang Hand plant pattern. caution for quick cloud support top test . US #GDP  next.", "time": 1532671836.0, "sentiment": ""}]