[{"id": 131720885, "text": "$AAPL do you realize that Apple can buy a country such as Greece, Portugal, Finland, Romania entirely?", "time": 1532740200.0, "sentiment": ""}, {"id": 131720753, "text": "$AAPL added here, holding weekend", "time": 1532740164.0, "sentiment": "Bullish"}, {"id": 131720746, "text": "$TRXC $XXII $ACHV $TM $AAPL $PDP anyone having green ticker today. Mine all Reeeeeeeeeeed.\ud83d\ude2d", "time": 1532740162.0, "sentiment": ""}, {"id": 131720602, "text": "$AAPL bringing it down to scare people off like last time. Not falling for it", "time": 1532740123.0, "sentiment": "Bullish"}, {"id": 131720497, "text": "$AAPL I wander if Apple will get exclusivity to Intel&#39;s 10nm since it&#39;s in low yields???!", "time": 1532740095.0, "sentiment": "Bullish"}, {"id": 131720110, "text": "$AAPL AR, Autonomous, TV Streaming...HUGE potential $$$$$$$$$$$$$$$$$$$$$$$$$$$$$$$$$", "time": 1532740011.0, "sentiment": "Bullish"}, {"id": 131720057, "text": "$AAPL \ud83c\udf4f Time !", "time": 1532740000.0, "sentiment": "Bullish"}, {"id": 131719271, "text": "$SPY Remember  $AAPL reports Tuesday", "time": 1532739767.0, "sentiment": ""}, {"id": 131719149, "text": "$AAPL worry is guidance Chin\u2019s is a big elephant", "time": 1532739735.0, "sentiment": "Bullish"}, {"id": 131719097, "text": "$AAPL I remember when this moved past $130 and never looked back. Now the market is constantly swinging volatility and giving bears a lot\ud83d\ude21", "time": 1532739724.0, "sentiment": "Bullish"}, {"id": 131718852, "text": "and ride the $AAPL er fail", "time": 1532739655.0, "sentiment": ""}, {"id": 131718719, "text": "$AMD $AMZN $AAPL $SPY for bears who know how to read US GDP 4.1%, economy is strong and do not play against the trend", "time": 1532739618.0, "sentiment": "Bullish"}, {"id": 131718636, "text": "#Update(10)  $AAPL Aug-03 195 Calls Down -24%. 3.05 to 2.31 per contract since alerted on Jul 25. MaxGain 15.0000% \n\n7 daystoexpire", "time": 1532739597.0, "sentiment": "Bullish"}, {"id": 131718064, "text": "$WEE $TEAM $GRUB $TWLO $SQ $OKTA $SFIX $IQ $EW $DXCM $TTD $TDOC $TNDM $HEAR $MSFT $SPLK $KEM $AAPL $GDDY  .. get some slowly", "time": 1532739419.0, "sentiment": ""}, {"id": 131717616, "text": "$AMD $AAPL $AMZN ok short, the fun is over Nas100 is recovered now... better run before Apple ER will shoot you out to the space $SPY", "time": 1532739284.0, "sentiment": "Bullish"}, {"id": 131717382, "text": "$GST switch to iPhone and pickup some $AAPL sgares while you\u2019re at it", "time": 1532739217.0, "sentiment": ""}, {"id": 131716553, "text": "Think it&#39;s a pie chart kinda day $AMD $AAPL $NVDA $TSLA $AMZN $SQ $TWTR $BABA $BIDU $SPY $FB $MSFT $SAM $SHOP $BKNG $IWM $QQQ $VXX", "time": 1532738984.0, "sentiment": ""}, {"id": 131716487, "text": "$AAPL close $190 or $192.50 !!", "time": 1532738964.0, "sentiment": ""}, {"id": 131716370, "text": "$AAPL When&#39;s earnings?", "time": 1532738927.0, "sentiment": ""}, {"id": 131716291, "text": "$AAPL Take profits on Friday. Scare people and push it down. Get back in Monday before ER. That&#39;s how the pros do it.", "time": 1532738903.0, "sentiment": "Bullish"}, {"id": 131715873, "text": "$JD $BABA $AAPL $MSFT $ROKU and many others! time to rake the profits! Thanks for that gift! already up cumulative 50%!", "time": 1532738765.0, "sentiment": ""}, {"id": 131715060, "text": "$AAPL let me guess: the excuse to bring down the market today was the Iran sanctions. Lame \ud83d\ude12", "time": 1532738527.0, "sentiment": "Bullish"}, {"id": 131714807, "text": "$AAPL  Some of the crap out there was over pumped...and today WS is having buyers remorse...lol $$$$$$$$$$$$$$$$$$$$$$$$", "time": 1532738459.0, "sentiment": "Bullish"}, {"id": 131714687, "text": "$AAPL made so much Revenue of Drake \ud83d\udcb0 \ud83d\udcb0\ud83d\udcb0\ud83d\udcb0\ud83c\udfb6\ud83c\udfb6\ud83c\udfb6", "time": 1532738421.0, "sentiment": ""}, {"id": 131714284, "text": "$VXX $AAPL ER not out so no real panic with VOL.  I won&#39;t be surprise if VOL gets crushed again", "time": 1532738312.0, "sentiment": ""}, {"id": 131713529, "text": "Besides having an excellent technical rating, $AAPL also presents a decent setup pattern. https://www.chartmill.com/analyze.php?utm_source=stocktwits&amp;utm_medium=TA&amp;utm_content=SETUP&amp;utm_campaign=social_tracking#/AAPL?key=bb853040-a4ac-41c6-b549-d218d2f21b32", "time": 1532738102.0, "sentiment": ""}, {"id": 131713426, "text": "$AAPL protect your profits. you don&#39;t want to lose your 3 month gains in a day like fb", "time": 1532738070.0, "sentiment": "Bearish"}, {"id": 131712293, "text": "$AAPL going strong. predict great earnings next week: https://www.finstead.com/bite/Apple-AAPL-earnings-preview-july-24-2018", "time": 1532737757.0, "sentiment": ""}, {"id": 131712102, "text": "What Did Drake Pocket From 10 Billion Apple Music Streams Of &#39;Scorpion&#39;? https://benzinga.com/z/12066128 $AAPL", "time": 1532737711.0, "sentiment": ""}, {"id": 131711894, "text": "$AAPL expect HUGE DROP on earnings", "time": 1532737653.0, "sentiment": "Bearish"}, {"id": 131711605, "text": "$AAPL entire market meltdown is NOW feeling like the mother of all margin calls around the $Fb stupidity algo sell off. \n \n$box $intc $twlo", "time": 1532737580.0, "sentiment": ""}, {"id": 131711401, "text": "$CYRX $MITK $CVRR $GMLP $AAPL  This is what happens when the Algo&#39;s are running the market...great economic news and the market tanks = BUY!", "time": 1532737535.0, "sentiment": "Bullish"}, {"id": 131710617, "text": "$AAPL above 192 we could take off....Puts off table for today", "time": 1532737326.0, "sentiment": ""}, {"id": 131710588, "text": "If $AAPL misses we&#39;re all dead.", "time": 1532737320.0, "sentiment": ""}, {"id": 131710573, "text": "BlackBerries... What else? Doesn&#39;t $AAPL sell apples? \ud83d\ude0c  \n$BB", "time": 1532737317.0, "sentiment": ""}, {"id": 131710302, "text": "$AMZN $GOOGL $BABA $FB $TWTR $AAPL $MSFT $SQ If rug is pulled or still there ??", "time": 1532737249.0, "sentiment": ""}, {"id": 131709806, "text": "$FB $AMZN $AAPL $NFLX $GOOG  Tech sector market correction in the making???", "time": 1532737123.0, "sentiment": ""}, {"id": 131709358, "text": "@GELDTEAM Intc is IN $aapl. this entire market is saying fuck you to everything and and I say fuck you to the market", "time": 1532737010.0, "sentiment": ""}, {"id": 131708453, "text": "$AAPL how is the tariff affecting Iphone Sales?  You could see a guide down china stock maket in recession", "time": 1532736781.0, "sentiment": "Bullish"}, {"id": 131708442, "text": "$AAPL bought Aug 17 $195 Call for $3.20", "time": 1532736777.0, "sentiment": ""}, {"id": 131707749, "text": "@XproTrader how about $AAPL?", "time": 1532736611.0, "sentiment": ""}, {"id": 131707439, "text": "FAANG Still Helping $AAPL $AMZN $NFLX $FB $GOOGL $SPX https://t.co/X08Juhl6VB", "time": 1532736525.0, "sentiment": ""}, {"id": 131707356, "text": "$AAPL &quot;Apple is arguably the most powerful publicly-traded company ever to exist.&quot;", "time": 1532736504.0, "sentiment": "Bullish"}, {"id": 131707269, "text": "$AAPL $ALGN $SHOP $OKTA $PYPL $SQ $MELI $BABA $IQ $MA $NFLX \nLots of red today. Are Friday\u2019s Buy days now?", "time": 1532736484.0, "sentiment": ""}, {"id": 131706954, "text": "The hell is up with the Nasdaq? off -130 (-1.67%) $GOOGL $MSFT $AAPL", "time": 1532736411.0, "sentiment": ""}, {"id": 131706647, "text": "$BABA $AAPL $SPY  why the heck we down so much? any news?", "time": 1532736339.0, "sentiment": ""}, {"id": 131706077, "text": "3 Blue Chip Tech Stocks to Buy Now\n\n$MSFT $AAPL $INTC  \n\nhttps://www.zacks.com/stock/news/313788/3-blue-chip-tech-stocks-to-buy-now", "time": 1532736211.0, "sentiment": ""}, {"id": 131706060, "text": "$SPY Bloodred. $AMZN $GOOGL $TSLA $NFLX $NVDA $AAPL $FB $BABA", "time": 1532736209.0, "sentiment": ""}, {"id": 131705811, "text": "$AAPL i&#39;m looking forward to see this i-sh*t at 160$", "time": 1532736149.0, "sentiment": "Bearish"}, {"id": 131705435, "text": "$BA $AAPL $NVDA Damn market tanking now.. WTF ?", "time": 1532736062.0, "sentiment": ""}, {"id": 131704634, "text": "$SPY i dont see $aapl staying down here for long, people still need to buy for earnings, perfect time for a small position", "time": 1532735888.0, "sentiment": ""}, {"id": 131704525, "text": "&quot;The Options Trader&#39;s Bible&quot; is now available: http://bit.ly/2KMkzMD \n \nAlso WORLDWIDE \ud83c\udf0e on $amzn  \n \n$spy $study $aapl $nvda $amd", "time": 1532735862.0, "sentiment": ""}, {"id": 131704404, "text": "$AMZN $AAPL  Robinhood account messing up?", "time": 1532735834.0, "sentiment": ""}, {"id": 131704182, "text": "$AAPL &quot;Apple continues to be not particularly doomed overall&quot;", "time": 1532735788.0, "sentiment": "Bullish"}, {"id": 131703332, "text": "$AAPL FQ3 2018 Earnings Preview + FQ4 Quick Look: The &quot;Classic&quot; iPhone&#39;s Last Hurrah  https://apple.news/ARRQna1ecTrmXVVsnuIY-EA", "time": 1532735570.0, "sentiment": "Bullish"}, {"id": 131702930, "text": "$AAPL a) nobody believes GDP sustainability b) growth is over c) sell the news. d) all of the above", "time": 1532735475.0, "sentiment": ""}, {"id": 131702324, "text": "@bigdream123 @meandmrt People spazzing out after $FB and  $TWTR both drop ~20%. Nothing to see here for $AAPL.", "time": 1532735327.0, "sentiment": "Bullish"}, {"id": 131702202, "text": "$AAPL strange market meltdown. Beating earnings isn\u2019t sufficient anymore", "time": 1532735300.0, "sentiment": ""}, {"id": 131701971, "text": "$AAPL anyone else having glitches on Robinhood?", "time": 1532735245.0, "sentiment": ""}, {"id": 131701914, "text": "$AAPL is repairing devices for free in Japan. https://investorplace.com/2018/07/apple-offers-free-repairs-to-japanese-customers/", "time": 1532735234.0, "sentiment": ""}, {"id": 131701694, "text": "$CAT $AKS $STX $PFE $SNE $PG $AAPL $TSLA $MET $SQ $YUM $CBS $ATVI $TM -", "time": 1532735176.0, "sentiment": ""}, {"id": 131701599, "text": "$AAPL if they hadn\u2019t dropped the &quot;i&quot; naming scheme they could have called them iSight", "time": 1532735153.0, "sentiment": ""}, {"id": 131701342, "text": "$AAPL should I buy a call before the earnings call on Tuesday? Kind of new to options", "time": 1532735094.0, "sentiment": ""}, {"id": 131701296, "text": "$AAPL please no more good news.............bots 1.   Retail investor.  0", "time": 1532735083.0, "sentiment": ""}, {"id": 131700910, "text": "$AAPL Orange Foolius again incorrectly brags that Apple is building \u2018new plants\u2019 in the United States", "time": 1532734989.0, "sentiment": ""}, {"id": 131700753, "text": "Most Active Equity Options And Strikes For Midday July 27th \u2013 $WFT, $AAPL, $BAC, $AMD, $FB, $AAL \nhttp://www.theoptionsinsider.com/most-active-equity-options-and-strikes-for-midday-july-27th-wft-aapl-bac-amd-fb-aal/", "time": 1532734947.0, "sentiment": ""}, {"id": 131700220, "text": "$MSFT ey &quot; bears &quot; it&#39;s Intel&#39;s fault the market it&#39;s like this just for your information I&#39;m buying right now $AAPL what a bless price", "time": 1532734821.0, "sentiment": "Bullish"}, {"id": 131700112, "text": "Wall Street Is Surviving On Fumes And A Stock Market Crash Is Imminent $FB $AAPL $NFLX $GOOG $SPX $TNX https://goo.gl/FcXYPu", "time": 1532734797.0, "sentiment": ""}, {"id": 131700082, "text": "$SPY $DIA $QQQ $AAPL you be trading your iphone for non-perishable and frozen food...$ppc $HRL $gis $CPB", "time": 1532734786.0, "sentiment": ""}, {"id": 131699820, "text": "$AAPL holy crap! \ud83d\ude33", "time": 1532734718.0, "sentiment": ""}, {"id": 131699596, "text": "$SPY Christ $aapl being punched in the face", "time": 1532734664.0, "sentiment": ""}, {"id": 131699417, "text": "$MU Even $aapl is dropping. Chill. It&#39;s market wide.", "time": 1532734617.0, "sentiment": ""}, {"id": 131698968, "text": "@cybercash28 $INTC and $TWTR down on self inflicted problems not broader market impact but WS wants all heads to roll incl $AAPL. Go figure", "time": 1532734503.0, "sentiment": ""}, {"id": 131698612, "text": "$AAPL straddle play for ER?", "time": 1532734420.0, "sentiment": ""}, {"id": 131696801, "text": "$FB took tech down yday  then today $TWTR and $INTC taking tech down more.. when tech down many nontech stks also down. $AAPL better do well", "time": 1532733969.0, "sentiment": ""}, {"id": 131696480, "text": "$TWTR makes the record straight on &quot;NO SHADOW BAN!&quot;\ud83d\udc4d $QQQ $SPY $FB $AAPL  https://blog.twitter.com/official/en_us/topics/company/2018/Setting-the-record-straight-on-shadow-banning.html", "time": 1532733894.0, "sentiment": "Bullish"}, {"id": 131696368, "text": "$TWTR and $FB are garbage. Sad! Invest in a company that makes things and mints profits. $AAPL", "time": 1532733870.0, "sentiment": "Bullish"}, {"id": 131695806, "text": "$AAPL guesses for where this closes today.", "time": 1532733718.0, "sentiment": ""}, {"id": 131695154, "text": "$AAPL should I buy Apple?!?!?!?", "time": 1532733533.0, "sentiment": ""}, {"id": 131695014, "text": "$SPY $aapl showing great enthusiasm heading into its ER next we... oh", "time": 1532733491.0, "sentiment": ""}, {"id": 131694264, "text": "$AAPL in aapl $175 puts for aug 3. Good luck all", "time": 1532733296.0, "sentiment": "Bearish"}, {"id": 131693876, "text": "@ApocalypseCow option expiration day. MM wants to pin $AAPL to 192.5", "time": 1532733194.0, "sentiment": ""}, {"id": 131693673, "text": "$AAPL figured i\u2019d go with ya for once.. hope you\u2019re right on this \ud83d\ude02", "time": 1532733146.0, "sentiment": ""}, {"id": 131693606, "text": "3 Blue Chip Tech Stocks to Buy Now http://bit.ly/2LqXDXz $MSFT $AAPL $INTC", "time": 1532733128.0, "sentiment": ""}, {"id": 131693100, "text": "$AAPL a beat could start a six month run up to a minimum $225/maximum $250 share price.", "time": 1532733002.0, "sentiment": ""}, {"id": 131692997, "text": "$AAPL only hope AND $TSLA is a merger. Right now #BEARISH", "time": 1532732975.0, "sentiment": "Bearish"}, {"id": 131692716, "text": "$AMZN Lows. \n$BABA Abrupt flash down. \n$FB $TWTR Sideways on lows. \n$TSLA $GOOGL $NFLX $NVDA $AAPL Lows w/ $SPY.", "time": 1532732917.0, "sentiment": ""}, {"id": 131692236, "text": "$AAPL wonder if there is a -ve analyst note out there?", "time": 1532732804.0, "sentiment": ""}, {"id": 131692227, "text": "$AAPL Holy crap is fang done ?", "time": 1532732803.0, "sentiment": ""}, {"id": 131692190, "text": "$AAPL dropped a dollar in a minute, wtf was that", "time": 1532732794.0, "sentiment": ""}, {"id": 131692034, "text": "$AAPL Just responding on the market. Go enjoy your weekend and go long.", "time": 1532732758.0, "sentiment": "Bullish"}, {"id": 131691687, "text": "$BABA $JD $IQ $BIDU $FB $AMZN $AMD $AAPL", "time": 1532732674.0, "sentiment": "Bullish"}, {"id": 131691596, "text": "$AAPL good god 195 puts paying big today...", "time": 1532732643.0, "sentiment": ""}, {"id": 131691326, "text": "$fb $twtr decline users could that be mobile phone growth are tapering off? $aapl", "time": 1532732580.0, "sentiment": "Bearish"}, {"id": 131691292, "text": "$AAPL is still an option $AMZN $BTC.X $TSLA  $FB $NVDA $FB $NFLX 1st Trillion online", "time": 1532732573.0, "sentiment": ""}, {"id": 131691132, "text": "$AAPL WS is a herd of dumb and dumber...stay the course...LONG! $$$$$$$$$$$$$$$$$$$$$$$$$$$$$", "time": 1532732525.0, "sentiment": "Bullish"}, {"id": 131689882, "text": "$AAPL forget #FANG or #FAANG or #AAG.  If this beats, it\u2019s just #A for Apple.", "time": 1532732194.0, "sentiment": ""}, {"id": 131689435, "text": "3 Hot Earnings Reports to Watch Next Week http://bit.ly/2OnjGwc $BIDU $AAPL $TSLA", "time": 1532732076.0, "sentiment": ""}, {"id": 131689171, "text": "@Jaybarinvest watch closely .. $AAPL down most Frids.. so short AAPL on Thurs. works well", "time": 1532732006.0, "sentiment": ""}, {"id": 131688894, "text": "$AAPL WS keeps on delivering dips...this market is AMAZING! $$$$$$$$$$$$$$$$$$$$$$$$$$$$$$$$$", "time": 1532731934.0, "sentiment": "Bullish"}, {"id": 131688373, "text": "nice short on $AAPL if you took it", "time": 1532731799.0, "sentiment": ""}, {"id": 131687990, "text": "$AAPL wait for iGlasses announcement. Going to 250", "time": 1532731706.0, "sentiment": "Bullish"}, {"id": 131685080, "text": "Invest in young money to get rich! Read how! $AAPL $AMZN $GOOG $MSFT $FB $WMT $NFLX $DIS $UL $NKE $SBUX $LULU $AEO \n \nhttps://aseriesoframblings.com/2018/07/08/get-rich-off-young-money/", "time": 1532730956.0, "sentiment": "Bullish"}, {"id": 131684681, "text": "$AAPL thanks!", "time": 1532730863.0, "sentiment": ""}, {"id": 131684472, "text": "$SPY Only $AAPL left but the news is in &amp; it doesn&#39;t bode well for next qtr #&#39;s. You know forecasts, eps growth, revenue growth. Oh well...", "time": 1532730813.0, "sentiment": ""}, {"id": 131683688, "text": "@jessejonesjackson @JayBeckner IMO, $AAPL doesn&#39;t try to mislead. It&#39;s not like they&#39;re in dire straits or really care about short term.", "time": 1532730611.0, "sentiment": "Bullish"}, {"id": 131683486, "text": "#FAANG is now #AAG. Lost two fangs of five. $QQQ $XLK $FB $AMZN $AAPL $NFLX $GOOGL", "time": 1532730556.0, "sentiment": ""}, {"id": 131682505, "text": "$AAPL Long and strong for long-term gain. Collecting the dividends\ud83d\udc4d\ud83c\udffb\ud83c\udf4e\ud83d\udc4d\ud83c\udffb\ud83d\udcb0\ud83d\udcb0", "time": 1532730311.0, "sentiment": "Bullish"}, {"id": 131682395, "text": "$AAPL 200C August 3 calls @ 1.17.", "time": 1532730283.0, "sentiment": "Bullish"}, {"id": 131681453, "text": "$FIT Can&#39;t fake wearables sales or usage. $AAPL $FB $TWTR", "time": 1532730044.0, "sentiment": ""}, {"id": 131680887, "text": "@cybercash28 leaders guided  low .. $NFLX $AMZN $FB .. $AAPL to go .. time to be cautious", "time": 1532729892.0, "sentiment": ""}, {"id": 131680781, "text": "@Tradereversal Agreed; $AAPL showing a textbook example of a classic Unicorn Horn breakout.", "time": 1532729865.0, "sentiment": ""}, {"id": 131680702, "text": "$BAC $JPM $C $MS $JPM $V $MA $PYPL $SQ $GOOGL $AAPL  Could be all at risk of $AMZN Can easily announce a money transaction services and...", "time": 1532729848.0, "sentiment": ""}, {"id": 131680154, "text": "$AAPL What ever BS WS is doing here...these dips are just icing on the cake....$$$$$$$$$$$$$$$$$$$$$$$$$$$$$$$", "time": 1532729720.0, "sentiment": "Bullish"}, {"id": 131678500, "text": "$AAPL is it or Gene look like one of the Munsters. LOL", "time": 1532729334.0, "sentiment": ""}, {"id": 131678007, "text": "$aapl have you seen the ridiculous lineup at the apple store? No its not for purchases, its their so called &quot;apple care service&quot; #terrible", "time": 1532729228.0, "sentiment": "Bearish"}, {"id": 131677404, "text": "$AAPL Next look for AAPL to beat earnings expectations and spike 12 -14 after earnings. IMO. Same pattern as last year. Should dip first.", "time": 1532729098.0, "sentiment": ""}, {"id": 131677168, "text": "I hope my meme helped some of you buy FB cheap!  \n \n&quot;Remember to buy when no one wants it! $FB $AAPL $AMZN $GOOG $QQQ&quot;", "time": 1532729046.0, "sentiment": "Bullish"}, {"id": 131676876, "text": "$AAPL $194.30 for VWAP resist.", "time": 1532728981.0, "sentiment": ""}, {"id": 131675701, "text": "$AAPL nice entry here for pre- ER run up", "time": 1532728691.0, "sentiment": "Bullish"}, {"id": 131675697, "text": "$AAPL has this been soft because of earnings timidity?", "time": 1532728690.0, "sentiment": ""}, {"id": 131675660, "text": "$AAPL should make another push green by end of day. Looks like 194 pin.", "time": 1532728682.0, "sentiment": ""}, {"id": 131675443, "text": "$AAPL https://www.engadget.com/2018/07/27/apple-store-app-voice-search-ios/", "time": 1532728630.0, "sentiment": "Bullish"}, {"id": 131675395, "text": "@prstrader $aapl is just following $SPY movement. Let the drama play out then buy the dip.", "time": 1532728621.0, "sentiment": ""}, {"id": 131675391, "text": "$AAPL $NVDA  https://heisenbergreport.com/2018/07/26/chinese-yuan-slump-zeros-out-first-two-rounds-of-trump-tariffs-by-the-numbers/", "time": 1532728619.0, "sentiment": ""}, {"id": 131675272, "text": "$AAPL   \nApple Store iOS app updates with voice search", "time": 1532728590.0, "sentiment": "Bullish"}, {"id": 131674804, "text": "$AAPL https://iphone.appleinsider.com/articles/18/07/27/apple-provides-japanese-customers-with-free-repairs-following-floods-and-landslides", "time": 1532728438.0, "sentiment": ""}, {"id": 131674751, "text": "$AAPL Time to buy low, thank you for the low price for next week.  ER July 31", "time": 1532728428.0, "sentiment": "Bullish"}, {"id": 131674100, "text": "$TSLA $GOOGL $NFLX $AAPL $FB $NVDA $BABA Lows.", "time": 1532728285.0, "sentiment": ""}, {"id": 131673829, "text": "$AAPL It&#39;s almost laughable what WS is doing today...small investors can take advantage of this and buy the dip! $$$$$$$$$$$$$$$$$$$", "time": 1532728228.0, "sentiment": "Bullish"}, {"id": 131673724, "text": "im doing $AAPL er puts too", "time": 1532728206.0, "sentiment": ""}, {"id": 131673619, "text": "$AMZN $IQ $ETSY $FNKO $SQ $AAPL today is the kinda day you walk away and enjoy your weekend. Trust your gut folks. Be at \u270c\ud83c\udffb \nSee y\u2019all Mon!", "time": 1532728180.0, "sentiment": "Bullish"}, {"id": 131673596, "text": "$SPY There are still earnings. It&#39;s not over yet. $AAPL $QQQ", "time": 1532728176.0, "sentiment": ""}, {"id": 131673244, "text": "$AAPL this stock is stuck! Hasn\u2019t moved much in months", "time": 1532728085.0, "sentiment": ""}, {"id": 131673117, "text": "$AAPL $QQQ #stockstowatch #buy #IT", "time": 1532728059.0, "sentiment": "Bullish"}, {"id": 131672938, "text": "$SQ 4.1% GDP growth, trade deficit reduction $52 billion.   $SPY $F $ GOOGL $AAPL $FB $MSFT $AMZN $JPM $NVDA $RTN $BA $FDX", "time": 1532728019.0, "sentiment": "Bullish"}, {"id": 131672691, "text": "$fb $AAPL $NFLX $amzn $goog FANG...you have all been served notice by $btc.x....the new sheriff in town.", "time": 1532727963.0, "sentiment": ""}, {"id": 131672566, "text": "@sinv you\u2019re getting me wrong. I am not trying to argue here just that biotech\u2019s have lagged vs tech. And I don\u2019t hold $FB only $AAPL $AMZN", "time": 1532727933.0, "sentiment": ""}, {"id": 131672521, "text": "$AAPL Puts starting to pay. Let\u2019s see $190 today. Lol", "time": 1532727925.0, "sentiment": "Bearish"}, {"id": 131672284, "text": "$AAPL https://www.bizjournals.com/sanjose/news/2018/07/27/largest-silicon-valley-employers-apple-alphabet.html?ana=yahoo&amp;yptr=yahoo", "time": 1532727869.0, "sentiment": "Bullish"}, {"id": 131671762, "text": "$AAPL VWAP resist", "time": 1532727757.0, "sentiment": ""}, {"id": 131671726, "text": "$AAPL 192.69-191.15 area if reaches from here then should find buyers either for new highs or for 3 wave bounce at least #Elliottwave #Apple", "time": 1532727750.0, "sentiment": ""}, {"id": 131670697, "text": "$AAPL https://www.thestreet.com/investing/stocks/apple-and-corning-are-giant-tech-stocks-ready-to-rally-14664721", "time": 1532727525.0, "sentiment": "Bullish"}, {"id": 131670360, "text": "$AMZN $FB $NFLX $GOOGL $AAPL Awaiting for Apple to score 3-2 at 90\u2019 in FAANG Cup $SPY", "time": 1532727449.0, "sentiment": "Bullish"}, {"id": 131670280, "text": "$AAPL $220&#39;s next week", "time": 1532727429.0, "sentiment": "Bullish"}, {"id": 131669063, "text": "$NVDA Bounced sharp off lows near highs. \n$AAPL Bounced sharp. \n$NFLX Bounced to VWAP.", "time": 1532727169.0, "sentiment": ""}, {"id": 131668061, "text": "$AAPL almost time to pump this one to save the markets from a nasty selloff. imo But who knows maybe just BTFD! lmao", "time": 1532726964.0, "sentiment": "Bearish"}, {"id": 131668058, "text": "$AAPL This Tech flush on Open today was truly a gift to Buy/Add. Fear is Amazing! These  $BABA $SPY $QQQ $GOOG $FB $AMZN $JPM $GS $C", "time": 1532726963.0, "sentiment": "Bullish"}, {"id": 131667152, "text": "$AMD and $AAPL !!! Buy out what! Gunna use those chips in everything", "time": 1532726771.0, "sentiment": "Bullish"}, {"id": 131666727, "text": "$IBB $XBI biotech\u2019s are over promising and under delivering. No wonder the crowd wants FANG. Over promise and over deliver. $AAPL $FB $GOOG", "time": 1532726685.0, "sentiment": ""}]