[{"id": 132035517, "text": "Asked the NetGirls again &quot;Will $AAPL help stop the tech rout?&quot;  Siri: &quot;Yes, it will&quot;  Alexa: &quot;No I don&#39;t think so. Siri is not always right&quot;", "time": 1533067625.0, "sentiment": ""}, {"id": 132035466, "text": "$AAPL (+0.1% pre) Apple Earnings Are Last Chance to Stop Bleeding for Tech Stocks - BBG\n\nhttp://ooc.bz/l/26109", "time": 1533067605.0, "sentiment": ""}, {"id": 132035462, "text": "$AAPL going down just $SHOP", "time": 1533067604.0, "sentiment": "Bearish"}, {"id": 132035435, "text": "$AAPL They admited to deliberately slowing down older phones and pads, maybe computers as well &quot;to improve battery performance&quot;. Really?", "time": 1533067585.0, "sentiment": ""}, {"id": 132035351, "text": "$AAPL honest answer please. So if &quot;buy puts&quot; for apple and let&#39;s say this thing went up is my loss unlimited or I just lose my investment?", "time": 1533067559.0, "sentiment": ""}, {"id": 132035189, "text": "3 Best Tech Stocks to Buy Hands Down -- Never Mind What Apple Reports $AAPL $ADBE $CRM $SPLK  https://www.thestreet.com/investing/3-best-tech-stocks-to-buy-hands-down-never-mind-apple-reports-14667477", "time": 1533067494.0, "sentiment": ""}, {"id": 132035072, "text": "$TSLA I guess iphone on wheels is gonna get a boost from $AAPL ER", "time": 1533067446.0, "sentiment": "Bullish"}, {"id": 132034999, "text": "$AAPL estimates distribution - here\u2019s what 613 Estimize analysts are expecting $AAPL to report for Q3 [Reporting Today 07/31 AMC]\nhttp://www.estimize.com/intro/aapl?chart=scatter-plot&amp;metric_name=eps&amp;utm_content=AAPL&amp;utm_medium=distribution&amp;utm_source=stocktwits", "time": 1533067410.0, "sentiment": ""}, {"id": 132034242, "text": "$AAPL my guess - the barely hit it. No home run here. iPhone sales are down. Because everyone in the world already has one.", "time": 1533067064.0, "sentiment": ""}, {"id": 132033994, "text": "$AAPL Has some gap backfilling to do after ER. $160 coming. CNBC pump was the sign.", "time": 1533066953.0, "sentiment": ""}, {"id": 132033572, "text": "$AAPL Oh no, CNBC is pumping it. Bad luck here we go. \n \nhttps://www-cnbc-com.cdn.ampproject.org/v/s/www.cnbc.com/amp/2018/07/30/apple-q3-earnings-preview.html?amp_js_v=a2&amp;amp_gsa=1&amp;usqp=mq331AQCCAE%3D#referrer=https%3A%2F%2Fwww.google.com&amp;amp_tf=From%20%251%24s&amp;ampshare=https%3A%2F%2Fwww.cnbc.com%2F2018%2F07%2F30%2Fapple-q3-earnings-preview.html", "time": 1533066771.0, "sentiment": "Bearish"}, {"id": 132033426, "text": "$AAPL interesting, that CNBC is almost always negative &amp; puts down AAPL before ER\nBut not this time\ud83d\ude00\n\nhttps://www.cnbc.com/2018/07/31/apple-shed-24-billion-in-market-cap-in-3-days-but-chart-shows-upside.html", "time": 1533066701.0, "sentiment": "Bullish"}, {"id": 132033404, "text": "$AAPL this not about iPhone sales  so much as it\u2019s about services and wearables and guidance.", "time": 1533066693.0, "sentiment": "Bullish"}, {"id": 132033341, "text": "$AAPL estimates distribution - here\u2019s what 24 Estimize analysts are expecting $AAPL to report for Q3 iPad Sales today 07/31 AMC.\nhttp://www.estimize.com/intro/aapl?chart=scatterplotOrHistogram&amp;metric_name=ipad_unit_sales&amp;utm_content=AAPL&amp;utm_medium=metric_distribution&amp;utm_source=stocktwits", "time": 1533066673.0, "sentiment": ""}, {"id": 132033340, "text": "$AAPL estimates distribution - here\u2019s what 61 Estimize analysts are expecting $AAPL to report for Q3 iPhone Sales today 07/31 AMC.\nhttp://www.estimize.com/intro/aapl?chart=scatterplotOrHistogram&amp;metric_name=iphone_unit_sales&amp;utm_content=AAPL&amp;utm_medium=metric_distribution&amp;utm_source=stocktwits", "time": 1533066673.0, "sentiment": ""}, {"id": 132033339, "text": "$AAPL estimates distribution - here\u2019s what 29 Estimize analysts are expecting $AAPL to report for Q3 Mac Sales today 07/31 AMC.\nhttp://www.estimize.com/intro/aapl?chart=scatterplotOrHistogram&amp;metric_name=mac_unit_sales&amp;utm_content=AAPL&amp;utm_medium=metric_distribution&amp;utm_source=stocktwits", "time": 1533066673.0, "sentiment": ""}, {"id": 132033338, "text": "$AAPL estimates distribution - here\u2019s what 42 Estimize analysts are expecting $AAPL to report for Q3 Gross Margins today 07/31 AMC.\nhttp://www.estimize.com/intro/aapl?chart=scatterplotOrHistogram&amp;metric_name=gross_margins&amp;utm_content=AAPL&amp;utm_medium=metric_distribution&amp;utm_source=stocktwits", "time": 1533066672.0, "sentiment": ""}, {"id": 132033320, "text": "Open coming up 40 ....watching tech one more time $QQQ $SPY $FB $AMZN .... of course $AAPL earnings today!", "time": 1533066669.0, "sentiment": ""}, {"id": 132033200, "text": "Coffee and Chameleons 15 minutes of options thoughts $AWX $RDHL $AZO $PSX $JPM $AAPL $RDHL https://www.youtube.com/watch?v=GusT0XOLI3I", "time": 1533066612.0, "sentiment": ""}, {"id": 132033080, "text": "$AAPL in a great play for tonight\u2019s ER. Let\u2019s see if the streak continues! Excited about these next two quarters and how we crush them at OP", "time": 1533066554.0, "sentiment": ""}, {"id": 132033053, "text": "$AAPL https://www.cnbc.com/2018/07/31/apple-shed-24-billion-in-market-cap-in-3-days-but-chart-shows-upside.html", "time": 1533066545.0, "sentiment": ""}, {"id": 132032889, "text": "$AAPL when is the report coming?", "time": 1533066460.0, "sentiment": ""}, {"id": 132032841, "text": "Tech bulls do not want to see this support break! $QQQ $NDX $SPY $AAPL $FB $AMZN $NFLX $GOOGL https://kimblechartingsolutions.com/2018/07/tech-bulls-concerned-support-breaks/", "time": 1533066439.0, "sentiment": ""}, {"id": 132032703, "text": "Which earnings coming up today, guess what: Yeaahhh big Apple $AAPL ... surprising potential definitely given here..stock didn&#39;t run up much", "time": 1533066388.0, "sentiment": ""}, {"id": 132032365, "text": "MyChartCoach Charts 7/30/18 \n \nhttp://algorithmbasedstockscans.com/mychartcoach-charts-7-30-18/ \n \n$QQQ $TQQQ $SQQQ $AMZN $AAPL $NFLX $GOOGL $MSFT $TWTR $INTC $AMD", "time": 1533066292.0, "sentiment": ""}, {"id": 132031983, "text": "$AAPL ATTENTION BEARS: Apple has ample cash available for \u201copportunistic\u201d share repurchases if a short-term sell-off occurs.", "time": 1533066130.0, "sentiment": "Bullish"}, {"id": 132031838, "text": "$AAPL it won\u2019t be factored in, and the headlines will scream &quot;APPLE DOOMED!&quot;, because it\u2019s a better story. That\u2019s real &#39;fake news&#39;.", "time": 1533066061.0, "sentiment": "Bullish"}, {"id": 132031831, "text": "$AAPL I\u2019m telling you, AAPL sold a shit load of iPhones this past qtr!  Will hit 200 in AH today!", "time": 1533066054.0, "sentiment": "Bullish"}, {"id": 132031392, "text": "$AAPL Cybart&#39;s Apple 4Q18 Guidance Expectation Meter", "time": 1533065854.0, "sentiment": "Bullish"}, {"id": 132031325, "text": "$AAPL: The long term trend is positive and the short term trend is neutral. So the benefit of the doubt for now. https://www.chartmill.com/analyze.php?utm_source=stocktwits&amp;utm_medium=TA&amp;utm_content=TA&amp;utm_campaign=social_tracking#/AAPL?key=bb853040-a4ac-41c6-b549-d218d2f21b32", "time": 1533065822.0, "sentiment": ""}, {"id": 132031287, "text": "$TQQQ This is going to crash. Even worse if $AAPL misses. Down we go", "time": 1533065807.0, "sentiment": "Bearish"}, {"id": 132031155, "text": "$AAPL people will see that appl continues to print money and save tech", "time": 1533065759.0, "sentiment": "Bullish"}, {"id": 132031150, "text": "$BABA all eyes on $bidu $aapl and $iq", "time": 1533065756.0, "sentiment": ""}, {"id": 132031121, "text": "$FB $AMZN $AAPL $GOOG $CGC $CRON $MJ $TLRY", "time": 1533065744.0, "sentiment": ""}, {"id": 132030812, "text": "$AAPL worth more than $200", "time": 1533065614.0, "sentiment": "Bullish"}, {"id": 132030793, "text": "Here\u2019s what 611 Estimize analysts believe $AAPL will report for Q3 2018 revenue [Reporting Today 07/31 AMC]\nhttp://www.estimize.com/intro/aapl?chart=historical&amp;metric_name=revenue&amp;utm_content=AAPL&amp;utm_medium=revenue_update&amp;utm_source=stocktwits", "time": 1533065606.0, "sentiment": ""}, {"id": 132030763, "text": "$AMZN if only $fb had traded relationally after the data fiasco. No idea why it went up to $220! #greed $goog $nflx $avgo $msft $AAPL", "time": 1533065600.0, "sentiment": ""}, {"id": 132030523, "text": "$AAPL going to be pain for Timmy just like at $SHOP", "time": 1533065506.0, "sentiment": "Bearish"}, {"id": 132030303, "text": "$AAPL Name one Growth stock Warren has bought before Apple .", "time": 1533065405.0, "sentiment": ""}, {"id": 132030255, "text": "$AAPL $201., $TWTR $45, $JD $65. long ( forecast on 45 days).", "time": 1533065370.0, "sentiment": "Bullish"}, {"id": 132030246, "text": "$AAPL Not sure I would play options on earnings. Esp calls. Not holding any gains in PM or during the day... Just fades. Not even $1 up.", "time": 1533065367.0, "sentiment": ""}, {"id": 132030051, "text": "$AAPL DEAD MONEY", "time": 1533065262.0, "sentiment": ""}, {"id": 132030040, "text": "$AAPL  Apple Q3 Earnings Preview: Experts Say iPhone, Services Are Key\n\nhttps://m.benzinga.com/article/12099599", "time": 1533065259.0, "sentiment": ""}, {"id": 132030007, "text": "$FB $AAPL $AMZN $NFLX $GOOG wait for the bleeding today too. Apple is gonna fall with gravity. \ud83d\ude1e\ud83d\ude1e\ud83d\ude1e", "time": 1533065242.0, "sentiment": ""}, {"id": 132029743, "text": "$AAPL I\u2019m holding some puts yolo", "time": 1533065119.0, "sentiment": "Bearish"}, {"id": 132029657, "text": "$AAPL When ER?", "time": 1533065068.0, "sentiment": ""}, {"id": 132029565, "text": "$FB $AAPL $AMZN $NFLX $GOOG \nReady to another huge Bull ride", "time": 1533065011.0, "sentiment": "Bullish"}, {"id": 132029442, "text": "12 Stocks To Watch For July 31, 2018\n\n$JCI $AAPL $ILMN $PG $DFRG $AKS \n$ADM $RMBS $CHTR $PFE $CMI  \n\nhttps://m.benzinga.com/article/12104691", "time": 1533064949.0, "sentiment": ""}, {"id": 132029407, "text": "$AAPL", "time": 1533064927.0, "sentiment": "Bearish"}, {"id": 132029241, "text": "Apple Q3 Earnings Preview: Experts Say iPhone, Services Are Key https://benzinga.com/z/12099599 $AAPL", "time": 1533064836.0, "sentiment": ""}, {"id": 132029143, "text": "$AAPL \ud83d\ude10", "time": 1533064801.0, "sentiment": "Bullish"}, {"id": 132029060, "text": "$AAPL sorry, &quot;stock Android&quot; would make NO difference for sales -look at the Pixel. &quot;Samsung needs a pure android S9&quot;", "time": 1533064760.0, "sentiment": ""}, {"id": 132028997, "text": "$AAPL 6 percent up is 12 bucks plus we could see 200 today", "time": 1533064725.0, "sentiment": "Bullish"}, {"id": 132028948, "text": "$AAPL I have a feeling I\u2019m going to regret selling my calls yesterday.", "time": 1533064703.0, "sentiment": ""}, {"id": 132028915, "text": "$AAPL 7 percent\nGap up today 200 guys?", "time": 1533064685.0, "sentiment": "Bullish"}, {"id": 132028893, "text": "$AAPL so would u rather pay 900 for Samsung phone \ud83d\ude02", "time": 1533064674.0, "sentiment": ""}, {"id": 132028668, "text": "$AAPL Fornite 100 millions download Apple store with 160 mill revenue for last quarter Apple take 50 percent cut wow", "time": 1533064544.0, "sentiment": "Bullish"}, {"id": 132028662, "text": "$AMD mubadala just setting up a massive bear trap for an EPYC short squeeze today. Plus we have $aapl ER AH what more could you ask for.", "time": 1533064539.0, "sentiment": "Bullish"}, {"id": 132028576, "text": "$AAPL eow I feel", "time": 1533064485.0, "sentiment": ""}, {"id": 132028529, "text": "#NASDAQ needs some love today. $AAPL needs to report positive ER or its going to be a third bloodbath day.", "time": 1533064457.0, "sentiment": ""}, {"id": 132028502, "text": "$AAPL &quot;Samsung says the Galaxy S9 isn\u2019t selling very well&quot; stop making commercials slamming the iPhone then. They\u2019re not working.", "time": 1533064440.0, "sentiment": ""}, {"id": 132028255, "text": "Stocks Look to Rebound Ahead of Apple #Earnings https://bit.ly/2LINuG4 $SPY $QQQ $TNX $AAPL $PG $PFE $CHTR", "time": 1533064276.0, "sentiment": ""}, {"id": 132028029, "text": "$AAPL  *BAIRD&#39;S POWER: APPLE SHIPPED 42M IPHONES IN THE QUARTER \n AVERAGE SELLING PRICE FOR IPHONE WILL BE $700", "time": 1533064115.0, "sentiment": ""}, {"id": 132027990, "text": "$FB $AMZN $AAPL $NFLX $GOOG $GOOGL AMC $AAPL earnings might be the last straw. Even if they beat. Forward guidance may be ugly.", "time": 1533064097.0, "sentiment": ""}, {"id": 132027625, "text": "$AAPL $BABA $AMZN The Safest Companies to invest Long Term", "time": 1533063898.0, "sentiment": "Bullish"}, {"id": 132027517, "text": "$AAPL Would anybody know the value of apple shares now if it had not gone through reverse splits in the past?", "time": 1533063820.0, "sentiment": "Bullish"}, {"id": 132027003, "text": "Here\u2019s what 609 Estimize analysts believe $AAPL will report for Q3 2018 EPS [Reporting Today 07/31 AMC]\nhttp://www.estimize.com/intro/aapl?chart=historical&amp;metric_name=eps&amp;utm_content=AAPL&amp;utm_medium=eps_update&amp;utm_source=stocktwits", "time": 1533063439.0, "sentiment": ""}, {"id": 132026996, "text": "$AAPL Turbulent times for a great earnings beat. Anything less NASDAQ will get pummeled", "time": 1533063433.0, "sentiment": ""}, {"id": 132026947, "text": "$AAPL you mean like Apple reporting it best selling iPhone every Q since release?", "time": 1533063401.0, "sentiment": ""}, {"id": 132026923, "text": "$AAPL  IDIOTSCNBC: &quot;Investors will also be watching for clues about how well the $999 iPhone X has been selling&quot;", "time": 1533063378.0, "sentiment": "Bullish"}, {"id": 132026844, "text": "MARKET RECON: $AAPL Reports $AMZN $GOOGL $FB $NFLX $DIS $WMT $SPLK $CRM $ADBE $INTC $AMD $BP $PG $BIDU $IQ $SMG $APC https://realmoney.thestreet.com/articles/07/31/2018/best-tech-stocks-buy-no-matter-what-apple-reports?_ga=2.43812389.1620561015.1532895925-20533965.1521547079", "time": 1533063308.0, "sentiment": ""}, {"id": 132026823, "text": "$AAPL to trade over 1T mkt cap tomorrow?", "time": 1533063298.0, "sentiment": ""}, {"id": 132026517, "text": "$AAPL this will pump and dump just like $AMZN  a few days ago", "time": 1533063059.0, "sentiment": "Bearish"}, {"id": 132026497, "text": "@GG_SG good example is $AAPL which is slowly refocusing investors away from iphone unit growth and onto services, balancesheet etc $FB", "time": 1533063045.0, "sentiment": ""}, {"id": 132026303, "text": "Here\u2019s what 24 Estimize analysts believe $AAPL will report for Q3 iPad Sales today 07/31 AMC.\nhttp://www.estimize.com/intro/aapl?chart=historical&amp;metric_name=ipad_unit_sales&amp;utm_content=AAPL&amp;utm_medium=metric_update&amp;utm_source=stocktwits", "time": 1533062892.0, "sentiment": ""}, {"id": 132026302, "text": "Here\u2019s what 42 Estimize analysts believe $AAPL will report for Q3 Gross Margins today 07/31 AMC.\nhttp://www.estimize.com/intro/aapl?chart=historical&amp;metric_name=gross_margins&amp;utm_content=AAPL&amp;utm_medium=metric_update&amp;utm_source=stocktwits", "time": 1533062892.0, "sentiment": ""}, {"id": 132026301, "text": "Here\u2019s what 61 Estimize analysts believe $AAPL will report for Q3 iPhone Sales today 07/31 AMC.\nhttp://www.estimize.com/intro/aapl?chart=historical&amp;metric_name=iphone_unit_sales&amp;utm_content=AAPL&amp;utm_medium=metric_update&amp;utm_source=stocktwits", "time": 1533062892.0, "sentiment": ""}, {"id": 132026300, "text": "Here\u2019s what 29 Estimize analysts believe $AAPL will report for Q3 Mac Sales today 07/31 AMC.\nhttp://www.estimize.com/intro/aapl?chart=historical&amp;metric_name=mac_unit_sales&amp;utm_content=AAPL&amp;utm_medium=metric_update&amp;utm_source=stocktwits", "time": 1533062892.0, "sentiment": ""}, {"id": 132026238, "text": "$AAPL should drop about 10$ on er not more but definitely not up", "time": 1533062841.0, "sentiment": "Bearish"}, {"id": 132026195, "text": "$AAPL Is it a good idea to get into calls before earnings ?", "time": 1533062808.0, "sentiment": ""}, {"id": 132026001, "text": "$AAPL pulling for AAPL here! If they miss I&#39;m going all cash.", "time": 1533062648.0, "sentiment": ""}, {"id": 132025876, "text": "$AAPL unless the iPhone has a Jedi sword I&#39;m not paying no $1,000 for it", "time": 1533062558.0, "sentiment": "Bearish"}, {"id": 132025718, "text": "$AAPL markets will depend of where this goes, tricky times.", "time": 1533062442.0, "sentiment": ""}, {"id": 132025469, "text": "$AMD $MU $FB $GOOG $AAPL investopedia.com has some good tips with the terms of the day\ud83d\udc4c", "time": 1533062252.0, "sentiment": ""}, {"id": 132025030, "text": "Can Apple Save the FANG Stocks? Maybe Not $AAPL http://dlvr.it/QdLRBk", "time": 1533061923.0, "sentiment": ""}, {"id": 132024894, "text": "$SHOP $AAPL $TSLA GO AWAY! @RetireQuick \nyou won\u2019t be retiring quick with that attitude.", "time": 1533061812.0, "sentiment": ""}, {"id": 132024813, "text": "$AAPL analysts on Estimize are expecting 16.27% YoY revenue growth for Q3, up from 15.58% in Q2 [Reporting Today 07/31 AMC]\nhttp://www.estimize.com/intro/aapl?chart=historical&amp;metric_name=revenue&amp;utm_content=AAPL&amp;utm_medium=revenue_growth&amp;utm_source=stocktwits", "time": 1533061739.0, "sentiment": ""}, {"id": 132024736, "text": "$SHOP valuation is absurd. $AAPL will continue the sell off and $TSLA will be the first of many to default and shut down. The Great Reset.", "time": 1533061673.0, "sentiment": ""}, {"id": 132024627, "text": "$SPY $AMZN $AAPL best charting/options data platform that doesn&#39;t require trading? Subscription or not. Opinions?", "time": 1533061582.0, "sentiment": ""}, {"id": 132024603, "text": "$AAPL this is a value stock now that\u2019s why Warren Buffett invested .The growth is over .warren was late to the party", "time": 1533061570.0, "sentiment": ""}, {"id": 132024331, "text": "12 Stocks To Watch For July 31, 2018 https://benzinga.com/z/12104691 $AAPL $ADM $AKS $PFE $JCI $ILMN $CHTR $DFRG $PG $CMI $RMBS", "time": 1533061289.0, "sentiment": ""}, {"id": 132024313, "text": "It&#39;s All Connected $BTC.X $AAPL $AMZN $NFLX $FB $GOOGL $DJI $JYN https://t.co/PC8CIw6sMD", "time": 1533061270.0, "sentiment": ""}, {"id": 132024280, "text": "$AAPL Hoping to &quot;notch&quot; big gains AMC.", "time": 1533061237.0, "sentiment": "Bullish"}, {"id": 132024227, "text": "Some of todays top open interest changes 7.31.18  $MS $AAPL $INTC $SNAP $NXPI $PG $SVU", "time": 1533061187.0, "sentiment": ""}, {"id": 132024159, "text": "Toughts in $AAPL for today? Are they gonna rise their first trillion?", "time": 1533061112.0, "sentiment": ""}, {"id": 132023800, "text": "$AAPL Needs to remain above 6/25 low to be able to rally to new all time highs after ending the current correction #elliottwave", "time": 1533060833.0, "sentiment": ""}, {"id": 132023773, "text": "$AAPL chasing Apple&#39;s tail. I doubt the new fall iPhone lineup will have an &#39;X&#39; in the name. At least they\u2019ll still have a notch \ud83d\ude02", "time": 1533060812.0, "sentiment": "Bullish"}, {"id": 132023745, "text": "$AAPL While bounces fail below $195 peak then the stock can still test $188 - $184 area #elliottwave", "time": 1533060774.0, "sentiment": ""}, {"id": 132023711, "text": "$SPY EOM Window Dressing in effect today. Lots of games to be played. Expect t/ Unexpected $AAPL $FB $QQQ $XLF $JPM $C $BAC $WFC $AMZN $GOOG", "time": 1533060750.0, "sentiment": "Bullish"}, {"id": 132023705, "text": "$AAPL Ending 5 waves decline from the peak and 3 waves bounce will be seen soon #elliottwave", "time": 1533060744.0, "sentiment": ""}, {"id": 132023588, "text": "$AAPL tech always dominate however some tech stock are just simply overvalued except apple", "time": 1533060659.0, "sentiment": ""}, {"id": 132023511, "text": "$AAPL ER Seems like a coin toss. Should I buy a Call and Put? $spy", "time": 1533060611.0, "sentiment": ""}, {"id": 132023167, "text": "Tech stock tailspin wipes over $80 billion in value from top companies\n\n$MSFT $NFLX $GOOG $GOOGL $AAPL $ORCL $FB $AMZN\n\n  https://www.cnbc.com/2018/07/30/tech-stock-800-billion.html", "time": 1533060372.0, "sentiment": ""}, {"id": 132023032, "text": "$UVXY banking on $AAPL shitting the bed :) loaded with calls", "time": 1533060308.0, "sentiment": "Bullish"}, {"id": 132022685, "text": "$AAPL wondering if i should take a spread here for earnings or not. Not sure where this is going after ER, but i think its going big one way", "time": 1533059983.0, "sentiment": ""}, {"id": 132022666, "text": "$AAPL analysts on Estimize are expecting 33.38% YoY EPS growth for Q3, up from 30.00% in Q2 [Reporting Today 07/31 AMC]\nhttp://www.estimize.com/intro/aapl?chart=historical&amp;metric_name=eps&amp;utm_content=AAPL&amp;utm_medium=eps_growth&amp;utm_source=stocktwits", "time": 1533059954.0, "sentiment": ""}, {"id": 132022617, "text": "$AAPL Guide will be soft...pull back in price...or flat premium killer glta", "time": 1533059898.0, "sentiment": ""}, {"id": 132022613, "text": "$AAPL analysts on Estimize expect -3.75% YoY growth in iPad Sales for Q3, down from 14.77% in previous year [Reporting Today 07/31 AMC]\nhttp://www.estimize.com/intro/aapl?chart=change-over-time&amp;metric_name=ipad_unit_sales&amp;utm_content=AAPL&amp;utm_medium=metric_growth&amp;utm_source=stocktwits", "time": 1533059895.0, "sentiment": ""}, {"id": 132022612, "text": "$AAPL analysts on Estimize expect -0.79% YoY growth in Gross Margins for Q3, down from 1.29% in previous year [Reporting Today 07/31 AMC]\nhttp://www.estimize.com/intro/aapl?chart=change-over-time&amp;metric_name=gross_margins&amp;utm_content=AAPL&amp;utm_medium=metric_growth&amp;utm_source=stocktwits", "time": 1533059894.0, "sentiment": ""}, {"id": 132022611, "text": "$AAPL analysts on Estimize expect 6.09% YoY growth in iPhone Sales for Q3, up from 1.56% in previous year [Reporting Today 07/31 AMC]\nhttp://www.estimize.com/intro/aapl?chart=change-over-time&amp;metric_name=iphone_unit_sales&amp;utm_content=AAPL&amp;utm_medium=metric_growth&amp;utm_source=stocktwits", "time": 1533059894.0, "sentiment": ""}, {"id": 132022610, "text": "$AAPL analysts on Estimize expect -0.38% YoY growth in Mac Sales for Q3, down from 0.94% in previous year [Reporting Today 07/31 AMC]\nhttp://www.estimize.com/intro/aapl?chart=change-over-time&amp;metric_name=mac_unit_sales&amp;utm_content=AAPL&amp;utm_medium=metric_growth&amp;utm_source=stocktwits", "time": 1533059893.0, "sentiment": ""}, {"id": 132022602, "text": "$AAPL ridiculous. No buybacks/divs and the stock would be worth way less. The WSJ paid somebody to write this drivel.", "time": 1533059891.0, "sentiment": "Bullish"}, {"id": 132022535, "text": "$MNKD can you imagine $AAPL has 140+ billion sitting in the bank! I hope some day we are in this position. Tim Cook, can u just give us 1B\ud83d\ude01", "time": 1533059810.0, "sentiment": "Bullish"}, {"id": 132022201, "text": "$AAPL Ppl r forgetting that AAPL is going to release new iPhones, iPad, watch and other products in Sep. So EVEN if bad ER it\u2019s not the end!", "time": 1533059398.0, "sentiment": ""}, {"id": 132022073, "text": "$AAPL me too. It will.", "time": 1533059166.0, "sentiment": ""}, {"id": 132021975, "text": "$AAPL Expecting this to break 200 finally.. And Tech to dominate the markets in the future", "time": 1533059070.0, "sentiment": "Bullish"}, {"id": 132021768, "text": "$AAPL http://video.cnbc.com/gallery/?video=7000033274", "time": 1533058801.0, "sentiment": ""}, {"id": 132021628, "text": "$AAPL   \nApple has enough cash to buy most of the world&#39;s biggest companies.", "time": 1533058615.0, "sentiment": "Bullish"}, {"id": 132021428, "text": "$AAPL no way this sees 192 during the day", "time": 1533058352.0, "sentiment": ""}, {"id": 132021268, "text": "This is what rotation looks like.  $SPY $QQQ $PM $NFLX $TSLA $AAPL $TWTR $FB $VZ", "time": 1533058115.0, "sentiment": ""}, {"id": 132020871, "text": "$AAPL if we bounce a couple bucks today I\u2019ll trim my calls - up 100%. Reduce risk", "time": 1533057572.0, "sentiment": ""}, {"id": 132020784, "text": "$TSLA $AAPL what if apple invests$5B in Tesla .. JMO", "time": 1533057449.0, "sentiment": ""}, {"id": 132020759, "text": "$NFLX $AAPL never in 1,000,000 years. Apple rolling their own.", "time": 1533057402.0, "sentiment": ""}, {"id": 132020685, "text": "$AAPL $AMZN ridiculous headline", "time": 1533057315.0, "sentiment": ""}, {"id": 132020521, "text": "$AAPL $AKAM $APAM $APC $BAS $BIDU $CAKE $CRAY $ENLK $ENPH $GERN $GLUU $GNW $HCLP $HOLX $HRZN $IQ $MB $MOH $MRCY $MTSI $NBIX $NBR $NLNK $NLS", "time": 1533057115.0, "sentiment": ""}, {"id": 132020459, "text": "$SPY chop till $AAPL reports their ER and we find out how many workers in China committed suicide Q2 so we can scroll the net while popping", "time": 1533057026.0, "sentiment": ""}, {"id": 132020237, "text": "$AAPL why buyback when he knew he is not gonna sell his products well", "time": 1533056674.0, "sentiment": "Bearish"}, {"id": 132020193, "text": "$AAPL Samsung Confirms Slowdown, Piling Pressure on Apple to Revive https://www.thestreet.com/markets/samsung-confirms-q2-slowdown-piling-pressure-on-apple-to-revive-sector-fortunes-14667255?puc=yahoo&amp;cm_ven=YAHOO&amp;yptr=yahoo On a side note, $AMZN has caught up on Rev...", "time": 1533056603.0, "sentiment": ""}, {"id": 132020176, "text": "The Market Seems Like a Game of Musical Chairs Now $AAPL http://dlvr.it/QdKznK", "time": 1533056585.0, "sentiment": ""}, {"id": 132020059, "text": "$AAPL $LOGI another Apple \ud83c\udf4e supplier  (accessories) down this morning", "time": 1533056370.0, "sentiment": "Bearish"}, {"id": 132019751, "text": "Reporting this afternoon: $AAPL $BIDU $CLS $APC $FISV $OKE $DVN $IQ $VRSK $FE $AKAM $FANG  \n \nhttps://pointpleasantpark.capital/kJ3O", "time": 1533055326.0, "sentiment": ""}, {"id": 132019660, "text": "Morning Coffee: $AAPL to report today, $BTC.X remains sluggish \n$SPY $DJIA $QQQ $IWM  \n \nhttps://pointpleasantpark.capital/kJ3O", "time": 1533054988.0, "sentiment": ""}, {"id": 132019623, "text": "$AAPL welcome...to the pony power play \ud83d\udca5 \ud83d\udca5 \ud83d\udca5", "time": 1533054864.0, "sentiment": "Bearish"}, {"id": 132019489, "text": "Apple, Federal Reserve, Pfizer, General Electric, CBS - 5 Things You Must Know http://bit.ly/2OwHeyO $AAPL $PFE $GE $CBS $BIDU $PG $P $CHTR", "time": 1533054266.0, "sentiment": ""}, {"id": 132019395, "text": "Tech stock tailspin wipes over $80 billion in value from top companies https://cnb.cx/2v4j86h $AMZN $GOOG $GOOGL $MSFT $NFLX $AAPL $ORCL $FB", "time": 1533053884.0, "sentiment": ""}, {"id": 132019366, "text": "$FB going to 180&#39;s &amp; after $AAPL earnings all tech will be up huge tomorrow. alot of $AAPL puppets storing&amp;buying services. AUG ATH&#39;s $SPY", "time": 1533053746.0, "sentiment": ""}, {"id": 132019109, "text": "$AAPL here\u2019s your big day :-) rise and shine", "time": 1533052616.0, "sentiment": ""}, {"id": 132019060, "text": "$AAPL Samsung Confirms Q2 Slowdown, Piling Pressure on Apple to Revive Sector Fortunes\nhttps://www.thestreet.com/markets/samsung-confirms-q2-slowdown-piling-pressure-on-apple-to-revive-sector-fortunes-14667255?puc=yahoo&amp;cm_ven=YAHOO&amp;yptr=yahoo", "time": 1533052334.0, "sentiment": "Bullish"}, {"id": 132019004, "text": "$AAPL TSMC JDI and LG all scaling back and lowering numbers each one is an \ud83c\udf4e supplier. Hardware for phones tablets and laptops is slowing", "time": 1533052028.0, "sentiment": "Bearish"}, {"id": 132018976, "text": "$AAPL there\u2019s no doubt in my mind  Apple will beats", "time": 1533051883.0, "sentiment": "Bullish"}, {"id": 132018974, "text": "$AAPL Apple 3Q18 Earnings Expectation Meters - Above Avalon https://www.aboveavalon.com/", "time": 1533051876.0, "sentiment": ""}, {"id": 132018871, "text": "$AAPL I bought this at $511 a share prior to 7:1 split. I feel safe", "time": 1533051342.0, "sentiment": ""}, {"id": 132018861, "text": "$FB $aapl $hmny If markets goes green. 175.00 today. If aapl beats after hours. 180.00 plus tomorrow", "time": 1533051289.0, "sentiment": ""}, {"id": 132018783, "text": "$AAPL if you base your positions on what products you use...lol.", "time": 1533050948.0, "sentiment": ""}, {"id": 132018760, "text": "$FB going to be a green day. Hopefully $aapl doesn&#39;t crap the bed. It could be worse like holding $hmny shares", "time": 1533050847.0, "sentiment": "Bullish"}, {"id": 132018736, "text": "$AAPL Waiting for Warren Buffett to buy in more Apple&#39;s stock!", "time": 1533050677.0, "sentiment": ""}, {"id": 132018689, "text": "$SQ thinking of dumping $AAPL for more square. Yes or no?", "time": 1533050469.0, "sentiment": ""}, {"id": 132018365, "text": "Rules And Risk &amp; Options Plays $AAPL $AMZN $FB $NFLX $GE $QQQ https://goo.gl/PaUTcQ", "time": 1533048880.0, "sentiment": ""}, {"id": 132018345, "text": "$AAPL iphone x junk!", "time": 1533048765.0, "sentiment": "Bearish"}, {"id": 132017965, "text": "$AAPL never like today, the whole world is on apple&#39;s shoulder :-) how to play? bet on something else? calls and puts are all expensive now.", "time": 1533047047.0, "sentiment": ""}]