[{"id": 132053464, "text": "$AAPL hell of a move up there boys . LMAO", "time": 1533072149.0, "sentiment": ""}, {"id": 132053399, "text": "$AAPL suggested to sell now", "time": 1533072136.0, "sentiment": "Bearish"}, {"id": 132053391, "text": "$GOOGL $AMZN $AAPL  I hope you guys knew this is a bull trap! NDX SMA50 is broken", "time": 1533072135.0, "sentiment": "Bearish"}, {"id": 132053336, "text": "$AAPL This bloody day will stop upon the release of earnings.  Everywhere I go in China, it&#39;s the iPhone X", "time": 1533072123.0, "sentiment": ""}, {"id": 132053286, "text": "$AAPL one big bear trap or blatant distrust", "time": 1533072113.0, "sentiment": ""}, {"id": 132053276, "text": "i think i caught the top on $AAPL", "time": 1533072110.0, "sentiment": ""}, {"id": 132053274, "text": "$NFLX Smart money dumping this crap before $AAPL send the whole market down the gutter", "time": 1533072110.0, "sentiment": "Bearish"}, {"id": 132053118, "text": "$AMD once I take my Put profits im loading up on an $AAPL strangle", "time": 1533072078.0, "sentiment": ""}, {"id": 132052999, "text": "$AAPL seems like the overall market is always going down when market has earnings coming up", "time": 1533072053.0, "sentiment": ""}, {"id": 132052974, "text": "i\u2019m waiting for $AAPL er and $NFP now", "time": 1533072047.0, "sentiment": ""}, {"id": 132052962, "text": "$AAPL Turn her over shes getting burnt.....", "time": 1533072044.0, "sentiment": ""}, {"id": 132052918, "text": "social trending scan $AAPL, $TNDM, $BABA, $SPWR, $KLAC, $CGNX, $ILMN, $RL, $XPO, $ADBE, $MEDP", "time": 1533072034.0, "sentiment": ""}, {"id": 132052904, "text": "$AAPL just asking.. what is the share price needed by apple to hit 1T?  \nI think apple makes so much money in services that it will beat", "time": 1533072033.0, "sentiment": ""}, {"id": 132052807, "text": "$AAPL Larry McDonald is a f*cking moron", "time": 1533072013.0, "sentiment": ""}, {"id": 132052320, "text": "$DJIA $SPY $QQQ $NDX $AAPL $FB $AMZN $GOOG $NFLX don\u2019t let the morning fool you. the market is going red today.", "time": 1533071900.0, "sentiment": "Bearish"}, {"id": 132052173, "text": "$AAPL ok earnings bad guidance....", "time": 1533071861.0, "sentiment": ""}, {"id": 132051973, "text": "$AAPL FAANG in jail that\u2019s all", "time": 1533071816.0, "sentiment": ""}, {"id": 132051859, "text": "$AAPL Hoping for a earnings gap up in price to complete the pattern trifecta.", "time": 1533071790.0, "sentiment": ""}, {"id": 132051852, "text": "$AMZN $AAPL $FB What is everyone\u2019s favorite trading platform to monitor the market/trade?  I\u2019d like to set up 2 monitors", "time": 1533071788.0, "sentiment": ""}, {"id": 132051711, "text": "$AMZN $NVDA $FB $PYPL exiting all tech options until after $AAPL earnings.  Have a feeling we\u2019re going g to dump hard again.", "time": 1533071759.0, "sentiment": ""}, {"id": 132051486, "text": "$AAPL #aweful", "time": 1533071707.0, "sentiment": ""}, {"id": 132051435, "text": "$AMD big day today. After $FB  investors worried about $AAPL     Jitters felt across the sector. Momentary low #LBSB. #CowardsQuits LongTerm", "time": 1533071695.0, "sentiment": "Bullish"}, {"id": 132050836, "text": "$AAPL $SPY $QQQ $IWM Markets were oversold definitely was expecting a bounce today/relief rally today :) All eyes on Apple :D", "time": 1533071555.0, "sentiment": ""}, {"id": 132050613, "text": "$AMZN $AAPL", "time": 1533071502.0, "sentiment": "Bearish"}, {"id": 132050592, "text": "$AAPL im not playing this ER what anyone have some real reason for their guidance to be good and to have a great ER?", "time": 1533071499.0, "sentiment": "Bullish"}, {"id": 132050513, "text": "$AAPL #Apple faces media scrutiny in China https://seekingalpha.com/news/3375976-apple-faces-media-scrutiny-china", "time": 1533071479.0, "sentiment": ""}, {"id": 132050325, "text": "$SPY $FB $AMZN $GOOGL $GOOG $AAPL if these apple numbers don&#39;t hit this is going to dump hard", "time": 1533071434.0, "sentiment": "Bearish"}, {"id": 132050035, "text": "Troubling Tuesday - Will Apple $AAPL Earnings Be Enough to Save the Nasdaq? $QQQ #Debt #Oil $USO #Futures -- https://www.philstockworld.com/2018/07/31/troubling-tuesday-will-apple-aapl-earnings-be-enough-to-save-the-nasdaq/", "time": 1533071367.0, "sentiment": ""}, {"id": 132049841, "text": "$AAPL", "time": 1533071324.0, "sentiment": "Bullish"}, {"id": 132049764, "text": "$AAPL The insider sells we will see after the dust settles", "time": 1533071306.0, "sentiment": "Bearish"}, {"id": 132049577, "text": "$spy $qqq $aapl if this rotten fruit misses tomorrow or even meets todays BS pump news will be a history", "time": 1533071268.0, "sentiment": ""}, {"id": 132049226, "text": "$AAPL SOS \ud83d\ude4f\ud83c\udffb\ud83d\ude4f\ud83c\udffb", "time": 1533071190.0, "sentiment": ""}, {"id": 132048979, "text": "$AAPL straddle time?", "time": 1533071135.0, "sentiment": ""}, {"id": 132048900, "text": "$GOOGL bought a call in the morning / sold for +190 3 minutes laterhow lucky I\ufe0f was with the fade. Makes me sit out until $AAPL", "time": 1533071121.0, "sentiment": ""}, {"id": 132048899, "text": "$AAPL I think we gonna witness the 1st Trillion Dollar company post ER. What do you guys think?", "time": 1533071121.0, "sentiment": "Bullish"}, {"id": 132048748, "text": "Pro: FAANG Stocks Could Have 30-40% Downside Potential https://benzinga.com/z/12106597 $AAPL $AMZN $FB $NFLX $GOOG $GOOGL $QQQV", "time": 1533071082.0, "sentiment": ""}, {"id": 132048645, "text": "We also presented possible buying areas that we&#39;re looking to watch for $AAPL $NFLX $XLK $XLY as we still favor the long side #elliottwave", "time": 1533071057.0, "sentiment": ""}, {"id": 132048404, "text": "We talked about the right side for $AAPL and why any type of move later on will affect the path for $XLK &amp; $NDX #elliottwave", "time": 1533071004.0, "sentiment": ""}, {"id": 132048391, "text": "$QQQ $TQQQ $SQQQ $FB $AMZN $AAPL $NFLX $GOOGL $MSFT $TWTR $INTC $AMD Charts 7/30/18 - https://youtu.be/7_FtkZmfk9w", "time": 1533071003.0, "sentiment": ""}, {"id": 132048373, "text": "Estimize revenue expectations are 0.79% higher than that of Wall Street for $AAPL Q3 [Reporting Today 07/31 AMC]\nhttp://www.estimize.com/intro/aapl?chart=change-over-time&amp;metric_name=revenue&amp;utm_content=AAPL&amp;utm_medium=revenue_difference&amp;utm_source=stocktwits", "time": 1533070999.0, "sentiment": ""}, {"id": 132048372, "text": "$AAPL Apple looking very weak here pre earnings. Does someone know something? \ud83d\ude48\ud83d\ude49\ud83d\ude4a", "time": 1533070999.0, "sentiment": ""}, {"id": 132048064, "text": "$AAPL Bearish going into earnings? Use Put Debit Spreads to take a bearish bet with limited risk. https://app.optionsplay.com/#share/5b606bc99ec356067806433c", "time": 1533070932.0, "sentiment": "Bearish"}, {"id": 132047935, "text": "$AAPL Timmy&#39;s turn", "time": 1533070906.0, "sentiment": "Bearish"}, {"id": 132047839, "text": "$AAPL 1m trend is neutral, 6m bullish, good risk/reward for longs if expecting a beat on earnings. https://app.optionsplay.com/#share/5b606b9d80043007f4c9965d", "time": 1533070883.0, "sentiment": "Bullish"}, {"id": 132047528, "text": "Common $AAPL !! I&#39;m counting on ya! :) https://www.ft.com/content/c4675216-9442-11e8-b67b-b8205561c3fe", "time": 1533070813.0, "sentiment": ""}, {"id": 132047457, "text": "$AAPL FAANG .....will survive because of AAPL ER....coming big today", "time": 1533070795.0, "sentiment": "Bullish"}, {"id": 132047388, "text": "#earnings after the close  $AAPL $BIDU $IQ $WLL $P $FTR $AKAM $HCLP $PAYC $APC $COHR $DVN $ZAGG $ENPH $GLUU $GERN $BGFV $NFX $QLYS $NBR ...", "time": 1533070782.0, "sentiment": ""}, {"id": 132047278, "text": "$AAPL I think this apple might fall far from the tree", "time": 1533070757.0, "sentiment": "Bearish"}, {"id": 132047273, "text": "@Dianastock I\u2019m long $AMZN $FB $AAPL and many others just cautious when things get overvalued", "time": 1533070756.0, "sentiment": ""}, {"id": 132047236, "text": "$AAPL looking weak after Samsung earning yesterday. Smartphone growth plateaued.", "time": 1533070745.0, "sentiment": "Bearish"}, {"id": 132047139, "text": "$AAPL lose 190 and run rob", "time": 1533070718.0, "sentiment": ""}, {"id": 132047001, "text": "$AAPL and yet again not a single person has any real idea of what the flying F is gonna happen here lol. Let\u2019s see", "time": 1533070686.0, "sentiment": ""}, {"id": 132046514, "text": "$AAPL which way after earnings?", "time": 1533070571.0, "sentiment": ""}, {"id": 132046246, "text": "$AAPL A wang pattern is forming", "time": 1533070505.0, "sentiment": "Bearish"}, {"id": 132046085, "text": "$DXY #YUAN #CHINA killing US Export plan $ES_F Except $AAPL who lives in CHINA", "time": 1533070471.0, "sentiment": "Bullish"}, {"id": 132045961, "text": "$QQQ Doubling down on it: most likely a range day ahead of $AAPL earnings?", "time": 1533070448.0, "sentiment": ""}, {"id": 132045953, "text": "$AAPL great time for puts", "time": 1533070446.0, "sentiment": "Bearish"}, {"id": 132045915, "text": "$AAPL Bought one PUT 187.5 for 2.95 let us see", "time": 1533070436.0, "sentiment": ""}, {"id": 132045803, "text": "$AAPL r.i.p the passive investor", "time": 1533070412.0, "sentiment": "Bearish"}, {"id": 132045792, "text": "$AAPL easy beat..  up higher.  Hahahah.  More on the run.", "time": 1533070410.0, "sentiment": "Bullish"}, {"id": 132045739, "text": "$AAPL I think Apple has little surprises. I have no idea how market reacts either way.", "time": 1533070398.0, "sentiment": ""}, {"id": 132045515, "text": "$AAPL Will Apple crap the bed tonight?", "time": 1533070352.0, "sentiment": ""}, {"id": 132045352, "text": "$AAPL big tech is being sold. bears are just hungry for pullback. Let&#39;s see how earnings plays into that", "time": 1533070317.0, "sentiment": ""}, {"id": 132045307, "text": "$SPY Markets rally a bit off session lows here as we anticipate $AAPL Earnings today after the close.", "time": 1533070306.0, "sentiment": "Bullish"}, {"id": 132045189, "text": "$AAPL if Apple misses... sell everything", "time": 1533070281.0, "sentiment": ""}, {"id": 132045110, "text": "$AAPL Right side of inverse head &amp; shoulders forming. Then move over $200", "time": 1533070264.0, "sentiment": "Bullish"}, {"id": 132044891, "text": "$TWTR without $AAPL&#39;s help, it wouldn&#39;t go the way we want...", "time": 1533070222.0, "sentiment": ""}, {"id": 132044863, "text": "i have the $AAPL 180P at .87 tighter stop for this one", "time": 1533070217.0, "sentiment": ""}, {"id": 132044718, "text": "$AAPL Good luck with earnings today. All of NASDAQ is counting on you...", "time": 1533070183.0, "sentiment": "Bullish"}, {"id": 132044692, "text": "$AAPL $SHOP $LL $CMG Scaling into 21 sep Puts on $COST :)", "time": 1533070176.0, "sentiment": ""}, {"id": 132044427, "text": "up on $SPY monthlies and $AAPL 180P", "time": 1533070121.0, "sentiment": ""}, {"id": 132043722, "text": "$AAPL Bought one PUT 187.5 for 2.95 Let&#39;s see", "time": 1533069959.0, "sentiment": ""}, {"id": 132043363, "text": "$AAPL As bullish &amp; long as I am, wouldn&#39;t mind a few % sell-off tomorrow to add more .....", "time": 1533069892.0, "sentiment": "Bullish"}, {"id": 132043333, "text": "$AAPL i am afraid of it. I don&#39;t want it go down as it will bring down market.", "time": 1533069885.0, "sentiment": "Bearish"}, {"id": 132043196, "text": "$AMZN Short Amazon I&#39;m telling you it&#39;s Correction time and the money is hiding here even more than in $AAPL! Huge move to the downside!", "time": 1533069850.0, "sentiment": "Bearish"}, {"id": 132042809, "text": "Learn How to Price Expected Earnings Moves for $AAPL $TSLA $IQ $SQ $SHAK https://chc.li/2LRpeAs", "time": 1533069763.0, "sentiment": ""}, {"id": 132042763, "text": "$SHOP buy today or tomorrow? I feel $AAPL will come kick us in the balls", "time": 1533069753.0, "sentiment": ""}, {"id": 132042754, "text": "$AAPL $200? :)", "time": 1533069750.0, "sentiment": "Bullish"}, {"id": 132042671, "text": "$AAPL analysts on Estimize expect -3.75% YoY growth in iPad Sales for Q3, down from 14.77% in previous year [Reporting Today 07/31 AMC]\nhttp://www.estimize.com/intro/aapl?chart=change-over-time&amp;metric_name=ipad_unit_sales&amp;utm_content=AAPL&amp;utm_medium=metric_growth&amp;utm_source=stocktwits", "time": 1533069733.0, "sentiment": ""}, {"id": 132042670, "text": "$AAPL analysts on Estimize expect 6.09% YoY growth in iPhone Sales for Q3, up from 1.56% in previous year [Reporting Today 07/31 AMC]\nhttp://www.estimize.com/intro/aapl?chart=change-over-time&amp;metric_name=iphone_unit_sales&amp;utm_content=AAPL&amp;utm_medium=metric_growth&amp;utm_source=stocktwits", "time": 1533069733.0, "sentiment": ""}, {"id": 132042668, "text": "$AAPL analysts on Estimize expect -0.79% YoY growth in Gross Margins for Q3, down from 1.29% in previous year [Reporting Today 07/31 AMC]\nhttp://www.estimize.com/intro/aapl?chart=change-over-time&amp;metric_name=gross_margins&amp;utm_content=AAPL&amp;utm_medium=metric_growth&amp;utm_source=stocktwits", "time": 1533069733.0, "sentiment": ""}, {"id": 132042667, "text": "$AAPL analysts on Estimize expect -0.38% YoY growth in Mac Sales for Q3, down from 0.94% in previous year [Reporting Today 07/31 AMC]\nhttp://www.estimize.com/intro/aapl?chart=change-over-time&amp;metric_name=mac_unit_sales&amp;utm_content=AAPL&amp;utm_medium=metric_growth&amp;utm_source=stocktwits", "time": 1533069733.0, "sentiment": ""}, {"id": 132042109, "text": "$AAPL (delayed) bought AUG3 187.5P #swing to earnings (wait for 191+) ** still actionable", "time": 1533069609.0, "sentiment": "Bearish"}, {"id": 132041290, "text": "$AAPL above 192.25 and we might have something,,,,", "time": 1533069422.0, "sentiment": ""}, {"id": 132041185, "text": "$AAPL Good ER we open flat if feel we will meet and move on to next Q nothing to see here either way!", "time": 1533069392.0, "sentiment": "Bullish"}, {"id": 132040799, "text": "$AAPL flat till end of day!", "time": 1533069306.0, "sentiment": "Bullish"}, {"id": 132040759, "text": "$AAPL volume", "time": 1533069296.0, "sentiment": ""}, {"id": 132040582, "text": "$AAPL probably because you have no idea what you are doing. Everybody makes money on Apple the last 20 years.", "time": 1533069240.0, "sentiment": ""}, {"id": 132040498, "text": "Estimize EPS expectations are 2.42% higher than that of Wall Street for $AAPL Q3 [Reporting Today 07/31 AMC]\nhttp://www.estimize.com/intro/aapl?chart=change-over-time&amp;metric_name=eps&amp;utm_content=AAPL&amp;utm_medium=eps_difference&amp;utm_source=stocktwits", "time": 1533069218.0, "sentiment": ""}, {"id": 132040458, "text": "PM #earnings $AAPL $BIDU $IQ $WLL $P $FTR $AKAM $HCLP $PAYC $APC $COHR $DVN $ZAGG $ENPH $GLUU $GERN $BGFV $NFX $QLYS http://eps.sh/cal", "time": 1533069211.0, "sentiment": ""}, {"id": 132040430, "text": "$AAPL Internal news this is going up", "time": 1533069203.0, "sentiment": ""}, {"id": 132040328, "text": "$AAPL Iphone X with bigger screen will have users with iphone x upgrading ...$$$$$$$$$$$$$$$$$$$$$", "time": 1533069172.0, "sentiment": "Bullish"}, {"id": 132040299, "text": "$AAPL Cook will be a tariff alarmist. Focus  trade &quot;war,&quot; not earnings.  Apple will join $fb, $twtr, etc. politicizing earnings reports.", "time": 1533069162.0, "sentiment": ""}, {"id": 132040016, "text": "@LupoTrader if share price plummets $AAPL can grab more shares for less $$$ via buybacks. Shareholders win. Price goes up? Shareholders win.", "time": 1533069082.0, "sentiment": ""}, {"id": 132039760, "text": "$AAPL weak piece of shit! Why the fuck did I buy a call on this disaster of a shitty company!!!! Fml", "time": 1533069006.0, "sentiment": ""}, {"id": 132039665, "text": "#tech #stocks set to open higher ahead of $AAPL earnings after the close.  Are you nervous? We are excited! $SPY $IWM $QQQ $FB $GOOG", "time": 1533068982.0, "sentiment": ""}, {"id": 132039525, "text": "$AAPL up up China and Japan LOVE", "time": 1533068952.0, "sentiment": "Bullish"}, {"id": 132039406, "text": "$AAPL Coin toss?", "time": 1533068924.0, "sentiment": ""}, {"id": 132039365, "text": "$AAPL warren is old school buy and hold. Focuses on business model and dividend growth. If it keep going up, He will hold onto the shares", "time": 1533068911.0, "sentiment": ""}, {"id": 132039215, "text": "$AAPL saying &quot;one trick pony&quot; gets you a block from me. Idiot or troll, you decide.", "time": 1533068868.0, "sentiment": "Bullish"}, {"id": 132039184, "text": "$AAPL No matter what the forward guidance will look great and my family will buy new phone in this upgrade cycle", "time": 1533068858.0, "sentiment": "Bullish"}, {"id": 132039111, "text": "$AAPL good thing is that this didn\u2019t move crazy like $FB  before ER", "time": 1533068835.0, "sentiment": ""}, {"id": 132039097, "text": "$AAPL waiting for a massive drop through the cloud - test the 200 SMA or angular support. https://bullishbears.com/ichimoku-cloud-trading-system/", "time": 1533068832.0, "sentiment": ""}, {"id": 132039092, "text": "$AAPL This is going to be the most boring ER ever. Expect no surprises maybe a 3% selloff. *yawn*", "time": 1533068831.0, "sentiment": "Bullish"}, {"id": 132039012, "text": "$FB $AMZN $AAPL $NFLX $GOOGL $MSFT Big tech doesn&#39;t care about your feelings, earnings, wallstreet or politics. Tech just continues to grow", "time": 1533068810.0, "sentiment": "Bullish"}, {"id": 132038958, "text": "$AAPL \u2018Think Different\u2019 campaign creator Ken Segall says Apple is \u2018losing its personality\u2019. My reply to that statement:", "time": 1533068794.0, "sentiment": "Bullish"}, {"id": 132038835, "text": "$AAPL https://money.cnn.com/2018/07/31/investing/apple-trillion-dollar-market-value/index.html", "time": 1533068758.0, "sentiment": ""}, {"id": 132038726, "text": "$AMZN hope this will at least run up into $AAPL er", "time": 1533068730.0, "sentiment": ""}, {"id": 132038676, "text": "$AAPL Hmmm", "time": 1533068718.0, "sentiment": ""}, {"id": 132038600, "text": "@GorillaTrades  The Gorilla likes $AAPL", "time": 1533068693.0, "sentiment": ""}, {"id": 132038591, "text": "$AAPL u know they&#39;re gonna miss, even warren is gonna sell his aapl stock", "time": 1533068691.0, "sentiment": ""}, {"id": 132038501, "text": "$TWTR all depend on $AAPL where we go...", "time": 1533068665.0, "sentiment": ""}, {"id": 132038391, "text": "Stocks Set for Modestly Higher Open $SPY $AAPL $PG $PFE $USDX  https://bit.ly/2LFi830", "time": 1533068632.0, "sentiment": ""}, {"id": 132038356, "text": "$AAPL easy 165 pt$", "time": 1533068618.0, "sentiment": "Bearish"}, {"id": 132038258, "text": "$AAPL many doubters last ER and people got their face ripped off. Be careful; i wouldn\u2019t bet against aapl.", "time": 1533068591.0, "sentiment": "Bullish"}, {"id": 132038210, "text": "$AAPL Samsung is having trouble selling phones.  I bet Apple is experiencing the same thing.  Industry wide slow down. One trick pony", "time": 1533068574.0, "sentiment": "Bearish"}, {"id": 132038197, "text": "$AAPL And this one:", "time": 1533068571.0, "sentiment": ""}, {"id": 132038108, "text": "$AAPL Think about it!", "time": 1533068536.0, "sentiment": ""}, {"id": 132038090, "text": "$AAPL I shouldn&#39;t have gotten the call. Its already obvious its gonna miss ER and it cant even hold the 190 level now. Pos", "time": 1533068528.0, "sentiment": ""}, {"id": 132037951, "text": "$AAPL $LL $NTRI $ATHN $GRUB $ALGN -- nailed itttt", "time": 1533068476.0, "sentiment": ""}, {"id": 132037940, "text": "too many eyes on $AAPL today.... not putting eggs in that basket.", "time": 1533068471.0, "sentiment": "Bearish"}, {"id": 132037904, "text": "$AAPL my iphone 7 is slowing down and the apple store is nit changing my battery. No good sign for consumers.", "time": 1533068461.0, "sentiment": "Bearish"}, {"id": 132037900, "text": "15 out of 21 $SPY co&#39;s reporting this morning topped EPS ests. Here they are &amp; who is set to report tonight including $AAPL", "time": 1533068460.0, "sentiment": ""}, {"id": 132037885, "text": "$AAPL goddammit shitty fucking weak stock. I&#39;m gonna lose my ass on my call", "time": 1533068452.0, "sentiment": ""}, {"id": 132037864, "text": "$AAPL the number of people subscribing to the &#39;an aapl beat will save tech &#39; thesis is troubling to me $QQQ $IWM", "time": 1533068447.0, "sentiment": ""}, {"id": 132037841, "text": "$AAPL Bears believe they can bet against W Buffett and win. #sure", "time": 1533068438.0, "sentiment": "Bullish"}, {"id": 132037800, "text": "$AAPL seen a shockingly lower amount of iPhone xs around campus", "time": 1533068420.0, "sentiment": ""}, {"id": 132037715, "text": "$AAPL https://www.marketwatch.com/story/apples-shaping-up-for-an-earnings-beat-and-that-will-push-it-to-1-trillion-strategist-says-2018-07-31", "time": 1533068393.0, "sentiment": ""}, {"id": 132037557, "text": "Brief Video to Help Prepare You for Today: https://marketchess.com/2018/07/30/stock-market-recap-07-30-18-video $AAPL $FB $IWM $QQQ $SPY", "time": 1533068337.0, "sentiment": ""}, {"id": 132037475, "text": "$AAPL last earns stock bull flagged like a biotch on the 60 min for 2 days &amp; then exploded.... Exact opposite this time. Peeps R G T F O....", "time": 1533068308.0, "sentiment": ""}, {"id": 132037368, "text": "$NQ_F  $FB $AAPL $BTC.X $CL_F Always think Big. Trading is like fishing. If you are going to spend the time then aim to land the big one.", "time": 1533068270.0, "sentiment": ""}, {"id": 132037266, "text": "$IPGP preview of $AAPL ?", "time": 1533068236.0, "sentiment": ""}, {"id": 132037194, "text": "$AAPL &quot;With beleaguered Samsung&#39;s mobile operating profit plunging 34% in Q2, can $AAPL survive the implosion of the Galaxy S9?&quot; lol", "time": 1533068212.0, "sentiment": "Bullish"}, {"id": 132037132, "text": "$SPY Samsung reported losing market share due to Chinese smartphone makers. $AAPL https://www.ft.com/content/1997daaa-9450-11e8-b67b-b8205561c3fe", "time": 1533068190.0, "sentiment": ""}, {"id": 132037020, "text": "$AAPL well with Apple and AMAZON, since 12 years, I prefer tobe on the bullish side coz :", "time": 1533068162.0, "sentiment": ""}, {"id": 132037011, "text": "$AAPL it\u2019s always fun to see bears plan B when aapl crushes it... \ud83e\udd37\ud83c\udffc\u200d\u2642\ufe0f\ud83e\udd11", "time": 1533068159.0, "sentiment": "Bullish"}, {"id": 132036996, "text": "Top Earnings Tues 7/31 Aft: $AAPL $ACGL $AKAM $AMED $AMSC $APC $ASH $BAS $BIDU $CACC $CAI $CAKE $CHRW $COHR $DOX $DRYS $DVN (1/4)", "time": 1533068153.0, "sentiment": ""}, {"id": 132036933, "text": "$AAPL will get itm puts at close", "time": 1533068133.0, "sentiment": ""}, {"id": 132036851, "text": "Apple Is Showing Mixed Signals on Different Time Frames $AAPL http://dlvr.it/QdLy4f", "time": 1533068108.0, "sentiment": ""}, {"id": 132036785, "text": "$AAPL P.E.D.&#39;s Apple Earnings Smackdown: Final spreadsheet Q3 2018. Wall Street professionals in blue, independents in green.", "time": 1533068087.0, "sentiment": "Bullish"}, {"id": 132036699, "text": "$NQ_F $FB $AAPL $BTC.X $CL_F  slow open  with indexes  and crude oil under pressure.  Apple earning after the close. Bitcoin loves mid 7K", "time": 1533068060.0, "sentiment": ""}, {"id": 132036640, "text": "$AAPL not much upside if good, a lot of downside if bad. Plan accordingly.", "time": 1533068044.0, "sentiment": ""}, {"id": 132036463, "text": "$AMZN $NFLX  hemorrhaging in PM again. Yikes! I think $AAPL perfection is baked in already - nervousness abounds.", "time": 1533067985.0, "sentiment": ""}, {"id": 132036253, "text": "$AAPL if the AppleX isn\u2019t selling as hoped, which looks likely, the stock will drop after ER... its that simple. I HAVE NO POSITION INTO ER.", "time": 1533067905.0, "sentiment": ""}, {"id": 132036084, "text": "$AAPL Beware: Tomorrow at the open the ST option volatility will drop between 20-25%. \nLT Leaps 3-5%, 2020 leaps no drop in volatility.", "time": 1533067839.0, "sentiment": ""}, {"id": 132036081, "text": "Benzinga Pro&#39;s 5 Stocks To Watch Today https://benzinga.com/z/12106981 $AAPL $CMG $IRMD $PGNX $MRK", "time": 1533067838.0, "sentiment": ""}, {"id": 132035972, "text": "$AAPL lol funny thing is if this has a good qtr where does it go back to $195? But if it misses oh Lord look out below.", "time": 1533067799.0, "sentiment": ""}, {"id": 132035706, "text": "3 Best Tech Stocks to Buy Hands Down -- Never Mind Apple&#39;s Earnings $AAPL http://dlvr.it/QdLwDB", "time": 1533067695.0, "sentiment": ""}, {"id": 132035576, "text": "The latest pre-open #analysis of #news, #data driving the #market http://bit.ly/1XEq563 #PageOne $AAPL $PFE $PG $FB $NFLX $INTC $TWTR", "time": 1533067654.0, "sentiment": ""}, {"id": 132035526, "text": "@SNOOSNU Amzn just beat and $AAPL will beat too lady", "time": 1533067630.0, "sentiment": ""}]