[{"id": 132095020, "text": "$IQ and $AAPL drawing same chart, holding hands today. \ud83e\uddd0", "time": 1533084037.0, "sentiment": ""}, {"id": 132094967, "text": "$SQ Future of tech depends on $AAPL ER", "time": 1533084018.0, "sentiment": ""}, {"id": 132094729, "text": "$MSFT Possible breakout setup for this afternoon.  I believe most big money think $AAPL will beat again.", "time": 1533083933.0, "sentiment": "Bullish"}, {"id": 132094717, "text": "$BABA great buy point here. If $BIDU and $AAPL report well, I think this gaps up in sympathy.", "time": 1533083929.0, "sentiment": "Bullish"}, {"id": 132094661, "text": "$AAPL $BIDU $IQ $WLL $P $FTR $AKAM $HCLP $PAYC $APC $COHR $DVN $ZAGG $ENPH $GLUU $GERN $BGFV $NFX $QLYS", "time": 1533083911.0, "sentiment": ""}, {"id": 132094652, "text": "$AAPL there is a lot of bad luck going around with FANGS APPL may plunge tonight", "time": 1533083908.0, "sentiment": ""}, {"id": 132094632, "text": "$AAPL I don&#39;t like stocks that go up before earnings. But I like Apple.", "time": 1533083902.0, "sentiment": ""}, {"id": 132094613, "text": "$AAPL I think that headline wins the FUD cake award of the day", "time": 1533083896.0, "sentiment": ""}, {"id": 132094580, "text": "Estimize revenue expectations are 0.78% higher than that of Wall Street for $AAPL Q3 [Reporting Today 07/31 AMC]\nhttp://www.estimize.com/intro/aapl?chart=change-over-time&amp;metric_name=revenue&amp;utm_content=AAPL&amp;utm_medium=revenue_difference&amp;utm_source=stocktwits", "time": 1533083882.0, "sentiment": ""}, {"id": 132094563, "text": "$AAPL beat is priced in IMHO", "time": 1533083877.0, "sentiment": "Bullish"}, {"id": 132094498, "text": "$AAPL $NFLX $FB I have puts in FANG, except google", "time": 1533083853.0, "sentiment": ""}, {"id": 132094425, "text": "Apple&#39;s Earnings May Raise More Questions Than Answers $AAPL http://dlvr.it/QdNMXb", "time": 1533083825.0, "sentiment": ""}, {"id": 132094421, "text": "$AAPL why are you guys bearish? Just curious", "time": 1533083822.0, "sentiment": ""}, {"id": 132094408, "text": "@ecarmer $AAPL deagol&#39;s AAPL model is a good one:", "time": 1533083819.0, "sentiment": "Bullish"}, {"id": 132094405, "text": "$AAPL wow.. Puts went up real quick! can we get another kiss at 191.9?  asking for a friend :)", "time": 1533083817.0, "sentiment": ""}, {"id": 132094178, "text": "$AAPL curious to see AirPod revenue", "time": 1533083736.0, "sentiment": "Bullish"}, {"id": 132094135, "text": "$AAPL Apple going to demolish all expectations", "time": 1533083724.0, "sentiment": "Bearish"}, {"id": 132094067, "text": "$AAPL at least $180 post ER", "time": 1533083698.0, "sentiment": "Bearish"}, {"id": 132094015, "text": "$AAPL All I know is, my iPhone X is amazing and I\u2019m paying each month for Apple Music, iCloud storage and probably a few other things.", "time": 1533083678.0, "sentiment": ""}, {"id": 132093933, "text": "$AAPL All eyes will be on phone sales", "time": 1533083646.0, "sentiment": ""}, {"id": 132093862, "text": "$BABA has a chance to really run this week. $bidu $iq $aapl tonight. Strap in get ready", "time": 1533083615.0, "sentiment": "Bullish"}, {"id": 132093764, "text": "$AAPL  \nHi \nDo you think AAPL will have earnings between $ 2.27 - 2.32 a share. \nPlease advise", "time": 1533083577.0, "sentiment": ""}, {"id": 132093703, "text": "$AAPL pretty sure apple is going to spank earning and bears gonna get destroyed", "time": 1533083554.0, "sentiment": "Bullish"}, {"id": 132093583, "text": "$AAPL The tech sector is screaming for a pullback. Fang stocks fail, apple next?", "time": 1533083517.0, "sentiment": ""}, {"id": 132093430, "text": "$AAPL my headphone or speakerphone on iPhone  don\u2019t work during phone call.", "time": 1533083463.0, "sentiment": "Bearish"}, {"id": 132093422, "text": "$AAPL I have all the Apple products including an iPhone x unlocked because I just like burning money", "time": 1533083461.0, "sentiment": "Bearish"}, {"id": 132093385, "text": "$AMD $MU alrighty guys play nice while I&#39;m out... see ya back on $AAPL ER AMC", "time": 1533083450.0, "sentiment": "Bullish"}, {"id": 132093316, "text": "$MU + $AAPL = PROFIT", "time": 1533083428.0, "sentiment": "Bullish"}, {"id": 132093173, "text": "$AAPL  straddle and strangled this shiyt  we could go either way 200 or 180", "time": 1533083380.0, "sentiment": ""}, {"id": 132093046, "text": "$AAPL getting into the bullzone", "time": 1533083342.0, "sentiment": "Bullish"}, {"id": 132092761, "text": "$AAPL bought calls holding into earnings. Apple will be positive. Don&#39;t believe me, go visit your nearest Apple store", "time": 1533083233.0, "sentiment": ""}, {"id": 132092571, "text": "$AAPL premium sellers will win imo", "time": 1533083165.0, "sentiment": ""}, {"id": 132092539, "text": "$SPY 275 print in AUGUST before ATH. Thanks $AAPL", "time": 1533083159.0, "sentiment": "Bearish"}, {"id": 132092455, "text": "$AAPL tech relentlessly wants higher. hmm. it&#39;s fun to watch how this plays out.", "time": 1533083126.0, "sentiment": ""}, {"id": 132092412, "text": "$AAPL bears every pull back is a dump by big boys to buy more shares. Stop spamming", "time": 1533083112.0, "sentiment": "Bullish"}, {"id": 132092321, "text": "$AAPL bulls will win for few microseconds after hours when this gets pumped up and then the dump continues for hours", "time": 1533083082.0, "sentiment": "Bearish"}, {"id": 132092269, "text": "$AAPL Just  my guess.. Red close.. and ER  miss too.", "time": 1533083062.0, "sentiment": "Bearish"}, {"id": 132092247, "text": "$AAPL I believe we\u2019ll see Iphone numbers better, than forecast.  Big 3 providers last qtr had bogo promo all month.  $EBAY sold lots of \u2018em.", "time": 1533083056.0, "sentiment": ""}, {"id": 132092026, "text": "$AAPL Puts making us money already!  :)", "time": 1533082980.0, "sentiment": ""}, {"id": 132091914, "text": "$SPY What could rocket $AAPL over $200? A special dividend? $5-$20 would do it. Let&#39;s see what happens tonight.", "time": 1533082940.0, "sentiment": ""}, {"id": 132091904, "text": "$AAPL I smell fear I\u2019m  holding $AMZN $fb", "time": 1533082936.0, "sentiment": "Bullish"}, {"id": 132091880, "text": "$AAPL puts being bought like crazy", "time": 1533082928.0, "sentiment": "Bearish"}, {"id": 132091776, "text": "$AAPL put volume crazy.. the fate of the market depends on their earnings...", "time": 1533082888.0, "sentiment": ""}, {"id": 132091759, "text": "$AAPL told you, the big boys need to accumulate more shares at a lower price before earnings", "time": 1533082884.0, "sentiment": ""}, {"id": 132091689, "text": "$FB $TSLA $TWTR $AAPL $NFLX $AMZN High Probability EOD Sell Off", "time": 1533082861.0, "sentiment": "Bearish"}, {"id": 132091663, "text": "$AAPL Why dip again", "time": 1533082849.0, "sentiment": ""}, {"id": 132091582, "text": "$AAPL easy sell into er. 182", "time": 1533082828.0, "sentiment": "Bearish"}, {"id": 132091562, "text": "$AAPL yolo puts on aapl ER", "time": 1533082819.0, "sentiment": ""}, {"id": 132091536, "text": "$AAPL $SPY $QQQ $MSFT $AMZN $GOOGL\n$FB Apple not a Fangstock justthrown inthe group&amp;should not but Apple a value stock 14xFuture EPS\ud83d\udca1\ud83d\udc40\ud83d\udc02", "time": 1533082811.0, "sentiment": ""}, {"id": 132091485, "text": "$AAPL What happened to the leak?", "time": 1533082798.0, "sentiment": ""}, {"id": 132091462, "text": "$AAPL what the dip", "time": 1533082786.0, "sentiment": ""}, {"id": 132091443, "text": "OOPS misspelled it! CNBC Halftime final trades Kevin O&#39;Leary likes $AAPL", "time": 1533082780.0, "sentiment": ""}, {"id": 132091401, "text": "$AAPL TOLD YA.  The big boys are dumping.", "time": 1533082768.0, "sentiment": "Bearish"}, {"id": 132091374, "text": "$AAPL Holding into earnings! ", "time": 1533082762.0, "sentiment": "Bullish"}, {"id": 132091355, "text": "$AAPL Anybody else having issues getting options orders filled on this stock?", "time": 1533082756.0, "sentiment": ""}, {"id": 132091240, "text": "$AAPL not holding into earnings", "time": 1533082719.0, "sentiment": "Bearish"}, {"id": 132090938, "text": "New video shows off possible dummy units for two of $AAPL&#39;s upcoming smartphones. https://investorplace.com/2018/07/videos-shows-apple-2018-iphone-dummy-units/", "time": 1533082623.0, "sentiment": ""}, {"id": 132090802, "text": "$AMZN well i am not holding through $AAPL earnings.", "time": 1533082577.0, "sentiment": ""}, {"id": 132090636, "text": "$AAPL Earnings bet, buyer bets on big down move.  \n \nOR  \n \nThis can be hedging a long position, pre-earnings.", "time": 1533082529.0, "sentiment": ""}, {"id": 132090607, "text": "Here\u2019s what 26 Estimize analysts believe $AAPL will report for Q3 iPad Sales today 07/31 AMC.\nhttp://www.estimize.com/intro/aapl?chart=historical&amp;metric_name=ipad_unit_sales&amp;utm_content=AAPL&amp;utm_medium=metric_update&amp;utm_source=stocktwits", "time": 1533082516.0, "sentiment": ""}, {"id": 132090604, "text": "Here\u2019s what 68 Estimize analysts believe $AAPL will report for Q3 iPhone Sales today 07/31 AMC.\nhttp://www.estimize.com/intro/aapl?chart=historical&amp;metric_name=iphone_unit_sales&amp;utm_content=AAPL&amp;utm_medium=metric_update&amp;utm_source=stocktwits", "time": 1533082516.0, "sentiment": ""}, {"id": 132090512, "text": "What do you think? $AAPL is set to report earnings after the bell today. Can $AAPL earnings stop the bleeding of the tech stocks?", "time": 1533082485.0, "sentiment": ""}, {"id": 132090509, "text": "$AAPL what ever happened to institutional selling", "time": 1533082484.0, "sentiment": ""}, {"id": 132090316, "text": "$AAPL Having trouble getting filled on my spread. Hmm.", "time": 1533082430.0, "sentiment": ""}, {"id": 132090249, "text": "FANG vs. $AAPL before earnings", "time": 1533082412.0, "sentiment": ""}, {"id": 132090148, "text": "$AAPL $SPY $QQQ $MSFT $AMZN $GOOGL\n1.9 - 2.2% inflation normal for a Good US Economy Growth is good climate for Apple \ud83c\udf4eGrowth\ud83d\udca1\ud83d\udc40\ud83d\udc02", "time": 1533082376.0, "sentiment": ""}, {"id": 132090018, "text": "@howardlindzon do you think Buffet receives a memo to get off the $AAPL bids? do you think they are going to allow a $1 trillion market cap?", "time": 1533082335.0, "sentiment": ""}, {"id": 132090004, "text": "$AAPL market is canceled", "time": 1533082329.0, "sentiment": "Bearish"}, {"id": 132090000, "text": "$AAPL Humm... 3rd time today failing to break that resistance?", "time": 1533082328.0, "sentiment": ""}, {"id": 132089779, "text": "$AAPL warren buffet and Apple buy backs propping this up. Huge short squeeze if we beat. If not buffet will buy more to hold price  @ 170", "time": 1533082256.0, "sentiment": "Bullish"}, {"id": 132089776, "text": "$AAPL Yes--$1 trillion dollar valuation going to happen!! $$$$$$$$$", "time": 1533082255.0, "sentiment": "Bullish"}, {"id": 132089745, "text": "$COMPQ $QQQ support at the 50-day moving average. Watch this level going into $AAPL earnings.", "time": 1533082246.0, "sentiment": ""}, {"id": 132089726, "text": "$SPY $qqq seriously, if we\u2019re going to prop the indexes like this until $aapl ER can we just fast forward to 4 pm?", "time": 1533082237.0, "sentiment": ""}, {"id": 132089597, "text": "$AAPL Marinate on that.", "time": 1533082199.0, "sentiment": ""}, {"id": 132089558, "text": "$AAPL But who cares I guess. I&#39;m just a &quot;Bear&quot;", "time": 1533082183.0, "sentiment": ""}, {"id": 132089481, "text": "$AAPL Tech has proven over and over again that its overvalued..", "time": 1533082157.0, "sentiment": ""}, {"id": 132089460, "text": "Here\u2019s what 42 Estimize analysts believe $AAPL will report for Q3 Gross Margins today 07/31 AMC.\nhttp://www.estimize.com/intro/aapl?chart=historical&amp;metric_name=gross_margins&amp;utm_content=AAPL&amp;utm_medium=metric_update&amp;utm_source=stocktwits", "time": 1533082152.0, "sentiment": ""}, {"id": 132089454, "text": "Here\u2019s what 31 Estimize analysts believe $AAPL will report for Q3 Mac Sales today 07/31 AMC.\nhttp://www.estimize.com/intro/aapl?chart=historical&amp;metric_name=mac_unit_sales&amp;utm_content=AAPL&amp;utm_medium=metric_update&amp;utm_source=stocktwits", "time": 1533082151.0, "sentiment": ""}, {"id": 132089404, "text": "$AMZN $QQQ or aleast 1990 ok \ud83d\udc4c $AAPL $GOOG we green", "time": 1533082140.0, "sentiment": "Bullish"}, {"id": 132089390, "text": "FREE $AAPL #EARNINGS PREVIEW ($CRUS $SWKS $AVGO $QCOM $QQQ $XLK) @1SimpleTrader http://www.everytimeicash.com/wolf/2018/7/31/cracked-screen-aapl-earnings", "time": 1533082134.0, "sentiment": ""}, {"id": 132089383, "text": "$AAPL Really don&#39;t know how you all can put so much faith in big Tech ER&#39;s anymore. Especially after the past few weeks..", "time": 1533082133.0, "sentiment": ""}, {"id": 132089327, "text": "Fitbit should replace $FB as F in FANG? #sarcasm But $FIT is up 4% today. Earnings tomorrow. Wonder how $AAPL Watch sales will be though?", "time": 1533082114.0, "sentiment": ""}, {"id": 132089094, "text": "$AAPL This Stock going miss Earnings after-hours Today _______________  #LineUp  \ud83e\udd21\ud83d\udd2b", "time": 1533082028.0, "sentiment": "Bearish"}, {"id": 132089051, "text": "Here is Apple overlaid with FAANG (orange). $AAPL clearly isn&#39;t suffering the same level of fear as its peers, but the potential is there", "time": 1533082011.0, "sentiment": ""}, {"id": 132088955, "text": "Estimize EPS expectations are 2.12% higher than that of Wall Street for $AAPL Q3 [Reporting Today 07/31 AMC]\nhttp://www.estimize.com/intro/aapl?chart=change-over-time&amp;metric_name=eps&amp;utm_content=AAPL&amp;utm_medium=eps_difference&amp;utm_source=stocktwits", "time": 1533081979.0, "sentiment": ""}, {"id": 132088741, "text": "Will buffet get a memo to get off the bids? $1 trillion dollar valuation going to happen?! $AAPL", "time": 1533081914.0, "sentiment": ""}, {"id": 132088706, "text": "$AAPL so who else got the 180 put ... looks juicyy", "time": 1533081904.0, "sentiment": ""}, {"id": 132088689, "text": "$AAPL pls pour  Taughts on buyin more cheaper calls Aug 3rd expiry", "time": 1533081901.0, "sentiment": ""}, {"id": 132088586, "text": "$AAPL why are people saying it will only move 1%, thats absurd", "time": 1533081877.0, "sentiment": ""}, {"id": 132088580, "text": "$AAPL don&#39;t be mad at the bears when this crashes, it&#39;s overbought and not enough pr firepower to keep it up here.", "time": 1533081875.0, "sentiment": "Bearish"}, {"id": 132088545, "text": "$AAPL hoping for good earnings lol \ud83e\udd1e\ud83c\udffb", "time": 1533081866.0, "sentiment": "Bullish"}, {"id": 132088534, "text": "$AAPL $NFLX $FB $AMZN $GOOGL $ADBE $MU NASDAQ Short term rebound, BIG SELL off to come soon! Have Cash to Buy! $CGC hitting 30 in a week", "time": 1533081862.0, "sentiment": "Bullish"}, {"id": 132088495, "text": "$AAPL down \ud83e\udd1a", "time": 1533081850.0, "sentiment": ""}, {"id": 132088350, "text": "@geek786 just remember... $AAPL reports AMC.  If whatever they report is OK+ then do you see $TWTR rally? :)", "time": 1533081820.0, "sentiment": "Bullish"}, {"id": 132088288, "text": "$AAPL \ud83d\udc4d", "time": 1533081805.0, "sentiment": ""}, {"id": 132088281, "text": "$AAPL The whole market is depending on this one company to report solid tonight. I am not sure if that is a good or a terrifying thought.", "time": 1533081803.0, "sentiment": ""}, {"id": 132088123, "text": "$AAPL http://video.cnbc.com/gallery/?video=7000033337", "time": 1533081763.0, "sentiment": ""}, {"id": 132088117, "text": "$AAPL crash is coming. Sad, but true", "time": 1533081762.0, "sentiment": "Bearish"}, {"id": 132087955, "text": "$AAPL first public trillion dollar company?", "time": 1533081724.0, "sentiment": ""}, {"id": 132087771, "text": "$AAPL $203.45 is a $1 trilllion dollar valuation. It could happen tonight!!", "time": 1533081686.0, "sentiment": "Bullish"}, {"id": 132087756, "text": "$AAPL I used to buy 2-3 new Apple products a year.  My last one was an iPhone 8 Plus last year.  No plans to buy anything for 2+ years.", "time": 1533081682.0, "sentiment": "Bearish"}, {"id": 132087689, "text": "$SPY $AAPL Samsung handset slowdown harbinger for earnings? Weeks and weeks of divergent highs", "time": 1533081669.0, "sentiment": "Bearish"}, {"id": 132087482, "text": "$AAPL This is a money making machine, it won&#39;t dissapoint in ER.", "time": 1533081626.0, "sentiment": ""}, {"id": 132087388, "text": "$aapl whats a computer? hope this drops in a week", "time": 1533081608.0, "sentiment": "Bearish"}, {"id": 132087150, "text": "$AAPL C&#39;mon AAPL, Don&#39;t Fuck this up!", "time": 1533081557.0, "sentiment": "Bullish"}, {"id": 132087040, "text": "$AAPL im up 5% in crypto and im pissed! While everyone here in $AAPL are happy with 1%  \ud83e\udd23", "time": 1533081532.0, "sentiment": ""}, {"id": 132087001, "text": "$AAPL Today is the DAY!", "time": 1533081521.0, "sentiment": "Bullish"}, {"id": 132086870, "text": "$AMZN Psychotic - I\u2019m not doing anything until after  $AAPL reports. Fuck this...It better be a flawless ER or the blood runs tomorrow.", "time": 1533081489.0, "sentiment": ""}, {"id": 132086868, "text": "$XLK $XLY $AMZN $AAPL Gentle remider....", "time": 1533081489.0, "sentiment": ""}, {"id": 132086865, "text": "$AAPL How to Trade After an Earnings Rip http://bit.ly/___AAPL__ \n- \nThis is a conditional back-test -- Apple must rise off of earnings first", "time": 1533081488.0, "sentiment": "Bullish"}, {"id": 132086816, "text": "$AAPL earnings. \n \nGet ready.", "time": 1533081473.0, "sentiment": ""}, {"id": 132086796, "text": "$AAPL Apple will be the first trillion dollar company today.", "time": 1533081468.0, "sentiment": "Bullish"}, {"id": 132086738, "text": "@IWasWrong ... re: &quot;$AAPL didn&#39;t sell as many iPhones as they wanted...&quot; Insider information?  If wrong, will you admit the LIE Wednesday?", "time": 1533081447.0, "sentiment": ""}, {"id": 132086685, "text": "$XLI, Real Estate Lead Broad-Based Rally $pfe $pg $aapl  https://bit.ly/2LIjIBd", "time": 1533081430.0, "sentiment": ""}, {"id": 132086622, "text": "$AAPl Still can see another leg lower toward $188 - $184 where it can provide a good short term Long  #elliottwave", "time": 1533081405.0, "sentiment": ""}, {"id": 132086558, "text": "$AAPL Apple 186.43 after earnings and then a touch more", "time": 1533081382.0, "sentiment": "Bearish"}, {"id": 132086503, "text": "$AAPL when are they reporting?", "time": 1533081364.0, "sentiment": ""}, {"id": 132086481, "text": "$AAPL Doing 3 waves bounce into 50% area $192 - $194 and can pullback from there #elliottwave", "time": 1533081357.0, "sentiment": ""}, {"id": 132086456, "text": "$AAPL I was only afraid of China tariff now that the two countries are talking load up the truck guys", "time": 1533081348.0, "sentiment": "Bullish"}, {"id": 132086431, "text": "$AAPL I&#39;m thinking flat just to screw the last remaining personal traders...", "time": 1533081339.0, "sentiment": ""}, {"id": 132086417, "text": "$AAPL $SPY $QQQ $MSFT $AMZN $GOOGL\n Kevin O\u2019Leary, O\u2019Shares ETFs chairman, bets big on \ud83c\udf4e Apple 2018\ud83d\udca1\ud83d\udc02 https://www.cnbc.com/video/2018/02/01/mr-wonderful-bets-big-on-apple.html", "time": 1533081334.0, "sentiment": ""}, {"id": 132086410, "text": "$SPY $QQQ $AAPL alright Apple, today was a gift with both BOJ and Xi saying something unexpected. Don&#39;t screw this up Mac crew!", "time": 1533081331.0, "sentiment": ""}, {"id": 132086344, "text": "$AAPL I think $198 AH if excellent ER \nif not, &lt;=$185\nGLTA", "time": 1533081312.0, "sentiment": ""}, {"id": 132086321, "text": "$AAPL $AMZN $AMD $SPY Nas100 nice boucing two days in the row from MA 50, Apple ER will push a new high. Forward Guidance will be the key ER", "time": 1533081305.0, "sentiment": "Bullish"}, {"id": 132086231, "text": "$AAPL let\u2019s do this! Post ER, crystal ball \ud83d\udd2e says spike to...", "time": 1533081278.0, "sentiment": "Bullish"}, {"id": 132086225, "text": "$AAPL first trillion co? Wonder if that will cause a spike just because they achieved it", "time": 1533081276.0, "sentiment": ""}, {"id": 132086172, "text": "$AAPL Holding through ER with confidence.. GL strong hand Bulls!", "time": 1533081261.0, "sentiment": "Bullish"}, {"id": 132086141, "text": "$AAPL What time is earning result coming out? \nAlso any idea what is best source to get result on timely manner?", "time": 1533081252.0, "sentiment": ""}, {"id": 132086120, "text": "$AAPL puts are looking juicy :)", "time": 1533081246.0, "sentiment": "Bearish"}, {"id": 132086105, "text": "$AAPL grabbed some 210 lotto calls... dont expect it to have a chance, but most people are probably bears currently so you never know", "time": 1533081240.0, "sentiment": ""}, {"id": 132086099, "text": "$AAPL Autonomous, AR, TV Streaming...$$$$$$$$$$$$$$$$$$$$$$$$$$$$$$$$$$$$$", "time": 1533081239.0, "sentiment": "Bullish"}, {"id": 132086077, "text": "$AAPL Appl doesnt really disappoint. There just not as flashy as steve jobs was. They just make a lot of money for investor.", "time": 1533081234.0, "sentiment": "Bullish"}, {"id": 132086060, "text": "@yuste28 fate of the entire market rests on $AAPL , what a joke", "time": 1533081230.0, "sentiment": "Bearish"}, {"id": 132085936, "text": "$AAPL $203.45 the magic # \ud83d\ude00", "time": 1533081191.0, "sentiment": ""}, {"id": 132085927, "text": "We presented possible buying areas that we&#39;re looking to watch for $AAPL $NFLX $XLK $XLY as we still favor the long side #elliottwave", "time": 1533081188.0, "sentiment": ""}, {"id": 132085823, "text": "$AAPL wow", "time": 1533081158.0, "sentiment": ""}, {"id": 132085738, "text": "$SPY can we just fast forward to $aapl ER?", "time": 1533081130.0, "sentiment": ""}, {"id": 132085679, "text": "$AAPL i got calls for $200 already up 50%", "time": 1533081112.0, "sentiment": ""}, {"id": 132085577, "text": "$IQ Next leg loading!! 33.5 EOD! No bears holding through ER!! lets get this rocket \ud83d\ude80 $NFLX $BABA $AMZN $HUYA $AMD $NVDA $BIDU $AAPL $TWTR", "time": 1533081078.0, "sentiment": "Bullish"}, {"id": 132085464, "text": "$AAPL AH 205$ Tomorrow 160$", "time": 1533081040.0, "sentiment": ""}, {"id": 132085440, "text": "$AAPL added puts  :)  even with I&#39;m hoping that even with a beat it will fade due to profit taking and sector topping off.", "time": 1533081034.0, "sentiment": ""}, {"id": 132085424, "text": "Prepping for $AAPL earnings tonight: \n \ncc $AMZN $GOOG", "time": 1533081031.0, "sentiment": ""}, {"id": 132085402, "text": "@JSoz ... who are you talking to here on our $AAPL Board?  Yourself?  Call buyers?  Only brokerage account you care about is your own !", "time": 1533081025.0, "sentiment": ""}, {"id": 132085318, "text": "$AAPL DUMP DUMP DUMP GG BULLS", "time": 1533081000.0, "sentiment": "Bearish"}, {"id": 132085303, "text": "$AAPL loading puts \ud83d\udc40", "time": 1533080995.0, "sentiment": ""}, {"id": 132085293, "text": "$AAPL someone knows something probably Buffett", "time": 1533080993.0, "sentiment": "Bullish"}, {"id": 132085156, "text": "$AMPE i&#39;m playing over in $AAPL today :|", "time": 1533080946.0, "sentiment": ""}, {"id": 132085012, "text": "$AAPL looking alot like fb chart before earnings no position here", "time": 1533080898.0, "sentiment": ""}, {"id": 132084978, "text": "$AAPL buying calls only to expire worthless sad", "time": 1533080890.0, "sentiment": "Bearish"}, {"id": 132084973, "text": "$AAPL ALLLL IN PUTS. SHEEP GONNA CRY TO SLEEP TONIGHT", "time": 1533080888.0, "sentiment": "Bearish"}]