[{"id": 132131319, "text": "$AAPL solid!", "time": 1533094309.0, "sentiment": ""}, {"id": 132131318, "text": "$SPY $AAPL not gonna lie, that&#39;s a monster beat. Jesus", "time": 1533094309.0, "sentiment": ""}, {"id": 132131305, "text": "$AAPL EPS: 2.34 vs 2.18           Revenue:55.3 52.3 \n41.3 vs 41.8 iphone sales ....selling price better than expected", "time": 1533094307.0, "sentiment": ""}, {"id": 132131303, "text": "$AAPL THEY MADE IT", "time": 1533094307.0, "sentiment": "Bullish"}, {"id": 132131297, "text": "$AAPL Ho Hum", "time": 1533094306.0, "sentiment": ""}, {"id": 132131296, "text": "$AAPL call\nMe daddy", "time": 1533094306.0, "sentiment": ""}, {"id": 132131294, "text": "$AAPL  nice work here.", "time": 1533094306.0, "sentiment": ""}, {"id": 132131293, "text": "$AAPL  SEES 4Q REVENUE $60B TO $62B, EST. $59.4B ....YAAAAAS!!!", "time": 1533094306.0, "sentiment": ""}, {"id": 132131283, "text": "$AAPL right on! $BIDU too?", "time": 1533094304.0, "sentiment": "Bullish"}, {"id": 132131282, "text": "$AAPL = Hammertime is coming later!!!!", "time": 1533094304.0, "sentiment": ""}, {"id": 132131280, "text": "$AAPL $SPY sorry y\u2019all bears lose bigly, Apple up $5 AH", "time": 1533094303.0, "sentiment": "Bullish"}, {"id": 132131279, "text": "$AAPL bye bye bears!!!!!", "time": 1533094303.0, "sentiment": "Bullish"}, {"id": 132131276, "text": "$AAPL BALLPARK EARNINGS. CONGRATS LONGS.", "time": 1533094303.0, "sentiment": "Bullish"}, {"id": 132131274, "text": "$AAPL ER beats.....2.34 vs 2.18", "time": 1533094303.0, "sentiment": "Bullish"}, {"id": 132131272, "text": "$AAPL AAPLE has basically saved FANG", "time": 1533094302.0, "sentiment": ""}, {"id": 132131271, "text": "$AAPL die bears die die!", "time": 1533094301.0, "sentiment": "Bullish"}, {"id": 132131270, "text": "$AAPL ATH", "time": 1533094301.0, "sentiment": ""}, {"id": 132131267, "text": "$AAPL \nEarnings are out. Revenue of $53.3B (+17%) beats a $52.3B consensus. GAAP EPS of $2.34 beats a $2.16 consensus.", "time": 1533094301.0, "sentiment": "Bullish"}, {"id": 132131264, "text": "$AAPL ONE TRILLION!", "time": 1533094300.0, "sentiment": ""}, {"id": 132131262, "text": "$AAPL big miss", "time": 1533094300.0, "sentiment": "Bearish"}, {"id": 132131259, "text": "$AAPL congrats longs.  Hope this helps to turn the market around.", "time": 1533094299.0, "sentiment": ""}, {"id": 132131256, "text": "Apple beat on earnings and sales. The quick reaction? $AAPL up nearly 3% after hours.", "time": 1533094298.0, "sentiment": ""}, {"id": 132131254, "text": "$AAPL will save the tech sector", "time": 1533094298.0, "sentiment": ""}, {"id": 132131251, "text": "$AAPL congrats bulls! pow! love it", "time": 1533094297.0, "sentiment": "Bullish"}, {"id": 132131249, "text": "$AAPL There goes Apple!", "time": 1533094297.0, "sentiment": ""}, {"id": 132131248, "text": "$AAPL the golden boy saves the market", "time": 1533094296.0, "sentiment": "Bullish"}, {"id": 132131242, "text": "$AAPL 200", "time": 1533094295.0, "sentiment": "Bullish"}, {"id": 132131241, "text": "$AAPL what the number of iPhone sales?", "time": 1533094294.0, "sentiment": ""}, {"id": 132131239, "text": "$AAPL welcome to first trillion dollar company.", "time": 1533094294.0, "sentiment": "Bullish"}, {"id": 132131236, "text": "$AAPL holy fuck", "time": 1533094293.0, "sentiment": ""}, {"id": 132131231, "text": "$AMD $AAPL Might have just saved tech", "time": 1533094292.0, "sentiment": ""}, {"id": 132131229, "text": "$AAPL Q3 EPS $2.34 beats $2.18 consensus", "time": 1533094292.0, "sentiment": ""}, {"id": 132131228, "text": "EARNINGS: $aapl  Apple Q3 EPS $2.34 vs. $2.18 Est.; Q3 Revs. $53.3B vs. $52.336B Est. \u2022", "time": 1533094292.0, "sentiment": ""}, {"id": 132131227, "text": "$AAPL BEAT", "time": 1533094291.0, "sentiment": "Bullish"}, {"id": 132131222, "text": "$SPY there you go $AAPL", "time": 1533094291.0, "sentiment": "Bullish"}, {"id": 132131217, "text": "$AAPL 3Q IPHONE UNITS SOLD 41.3M, EST. 41.6M @StockTwits", "time": 1533094290.0, "sentiment": ""}, {"id": 132131216, "text": "$AAPL   \nApple earnings beat: $2.34 per share, vs $2.18 expected EPS", "time": 1533094290.0, "sentiment": ""}, {"id": 132131215, "text": "$AAPL wow apple killed it", "time": 1533094290.0, "sentiment": "Bullish"}, {"id": 132131213, "text": "$AAPL yoooooohoooooi", "time": 1533094290.0, "sentiment": ""}, {"id": 132131212, "text": "$AAPL Dilly dilly!", "time": 1533094289.0, "sentiment": "Bullish"}, {"id": 132131211, "text": "$AAPL BEAT", "time": 1533094289.0, "sentiment": "Bullish"}, {"id": 132131206, "text": "$AAPL bleh", "time": 1533094289.0, "sentiment": ""}, {"id": 132131203, "text": "$AAPL sweet  #apple", "time": 1533094288.0, "sentiment": "Bullish"}, {"id": 132131202, "text": "$AAPL listen to conference call here: https://www.apple.com/investor/earnings-call/  5pm EST", "time": 1533094288.0, "sentiment": ""}, {"id": 132131198, "text": "BEAT! $AAPL #Apple", "time": 1533094287.0, "sentiment": "Bullish"}, {"id": 132131195, "text": "$AAPL nice!", "time": 1533094287.0, "sentiment": ""}, {"id": 132131188, "text": "$AAPL Market breathes sigh of relief.", "time": 1533094286.0, "sentiment": ""}, {"id": 132131187, "text": "$AAPL Apple set to report earnings after market close https://www.cnbc.com/2018/07/31/apple-earnings-q3-2018.html", "time": 1533094286.0, "sentiment": "Bullish"}, {"id": 132131184, "text": "$AAPL Good job Tim Coockie!!!!", "time": 1533094285.0, "sentiment": ""}, {"id": 132131181, "text": "$AAPL MAC Sales", "time": 1533094285.0, "sentiment": ""}, {"id": 132131177, "text": "$AAPL Phew. And WOOT \ud83d\ude4c\ud83c\udffc", "time": 1533094285.0, "sentiment": "Bullish"}, {"id": 132131174, "text": "$AAPL ", "time": 1533094284.0, "sentiment": "Bullish"}, {"id": 132131171, "text": "$AAPL BEAT!", "time": 1533094284.0, "sentiment": ""}, {"id": 132131166, "text": "$AAPL Knew i shoulda bought more below my 192 avg =/", "time": 1533094283.0, "sentiment": ""}, {"id": 132131163, "text": "$AAPL Nice ! $200 soon ", "time": 1533094282.0, "sentiment": ""}, {"id": 132131157, "text": "$AAPL woooow", "time": 1533094281.0, "sentiment": "Bullish"}, {"id": 132131156, "text": "$AAPL screw the bears!!!!", "time": 1533094281.0, "sentiment": "Bullish"}, {"id": 132131153, "text": "$AAPL huuuggggee Beat!!! Market set to roar!!!", "time": 1533094280.0, "sentiment": "Bullish"}, {"id": 132131151, "text": "Apple $AAPL Tops Q3 EPS by 16c; Raises Outlook https://www.streetinsider.com/Earnings/Apple+(AAPL)+Tops+Q3+EPS+by+16c;+Raises+Outlook/14454923.html", "time": 1533094279.0, "sentiment": ""}, {"id": 132131149, "text": "$AAPL 2.34 reporter HUGE BEAT", "time": 1533094279.0, "sentiment": "Bullish"}, {"id": 132131148, "text": "$AAPL see yall on the moon, bring yo coats", "time": 1533094279.0, "sentiment": "Bullish"}, {"id": 132131147, "text": "$AAPL thanks Tim!", "time": 1533094279.0, "sentiment": "Bullish"}, {"id": 132131143, "text": "$MU $AAPL We win!!!!!!!!!!!!!!!!!!!!!!!!!!", "time": 1533094278.0, "sentiment": "Bullish"}, {"id": 132131140, "text": "$AAPL ready to trillion", "time": 1533094278.0, "sentiment": ""}, {"id": 132131133, "text": "$AAPL Congrats to all longs", "time": 1533094277.0, "sentiment": "Bullish"}, {"id": 132131132, "text": "$AAPL That&#39;s a BEAT.", "time": 1533094276.0, "sentiment": "Bullish"}, {"id": 132131131, "text": "$AAPL where are my shorts?!!!", "time": 1533094276.0, "sentiment": "Bullish"}, {"id": 132131128, "text": "$AAPL 724 bucks for a phone..hahaha", "time": 1533094275.0, "sentiment": ""}, {"id": 132131127, "text": "$COHR $AAPL huge beat!", "time": 1533094275.0, "sentiment": "Bullish"}, {"id": 132131126, "text": "$AAPL you know you can&#39;t trust the SP reaction the first few minutes, right? RIGHT?", "time": 1533094275.0, "sentiment": ""}, {"id": 132131124, "text": "$AAPL", "time": 1533094275.0, "sentiment": ""}, {"id": 132131119, "text": "$AAPL lovely", "time": 1533094274.0, "sentiment": "Bullish"}, {"id": 132131117, "text": "$AAPL ONE TRILLION DOLLARS", "time": 1533094274.0, "sentiment": "Bullish"}, {"id": 132131116, "text": "$AAPL super \ud83d\ude04\ud83d\ude04\ud83d\ude04\ud83d\udc4d", "time": 1533094274.0, "sentiment": "Bullish"}, {"id": 132131115, "text": "$AAPL haha.... we did it again!\nhttps://media3.giphy.com/media/2gtoSIzdrSMFO/giphy.gif", "time": 1533094273.0, "sentiment": "Bullish"}, {"id": 132131112, "text": "$AAPL HOW DO YOU LIKE THEM APPLES", "time": 1533094273.0, "sentiment": "Bullish"}, {"id": 132131111, "text": "$AAPL The loser value investors are crying and slamming their fists on the table", "time": 1533094273.0, "sentiment": ""}, {"id": 132131106, "text": "$AAPL great job \ud83c\udf4f\ud83c\udf4f", "time": 1533094272.0, "sentiment": ""}, {"id": 132131103, "text": "$AAPL This going down, sell the news!", "time": 1533094272.0, "sentiment": "Bearish"}, {"id": 132131101, "text": "$AAPL congrats all! What a win! No position here still", "time": 1533094272.0, "sentiment": "Bullish"}, {"id": 132131097, "text": "$AAPL crazyt beat", "time": 1533094271.0, "sentiment": ""}, {"id": 132131096, "text": "$AAPL Already up by 4.50$", "time": 1533094271.0, "sentiment": ""}, {"id": 132131095, "text": "$AAPL 200", "time": 1533094270.0, "sentiment": ""}, {"id": 132131091, "text": "$AAPL meh bye bye options", "time": 1533094270.0, "sentiment": "Bearish"}, {"id": 132131087, "text": "$AAPL Love to watch earnings without having any position.", "time": 1533094269.0, "sentiment": ""}, {"id": 132131086, "text": "$AAPL Woooooo", "time": 1533094269.0, "sentiment": "Bullish"}, {"id": 132131085, "text": "$AAPL Hell yes! Suck it, bears!", "time": 1533094268.0, "sentiment": "Bullish"}, {"id": 132131084, "text": "$AAPL wait for the guiddaaance", "time": 1533094268.0, "sentiment": ""}, {"id": 132131083, "text": "$AAPL NICE!!!", "time": 1533094268.0, "sentiment": ""}, {"id": 132131078, "text": "$AAPL THANK FUCKING APPLE. YOU SAVED US ALL", "time": 1533094267.0, "sentiment": "Bullish"}, {"id": 132131077, "text": "$AAPL 200 \ud83d\ude80\ud83d\ude80\ud83d\ude80\ud83d\ude80", "time": 1533094267.0, "sentiment": "Bullish"}, {"id": 132131073, "text": "$AAPL buy twitter please", "time": 1533094267.0, "sentiment": ""}, {"id": 132131072, "text": "$AMD wow $aapl just absolutely killed ER!!!!!", "time": 1533094267.0, "sentiment": "Bullish"}, {"id": 132131065, "text": "$AAPL beat?", "time": 1533094266.0, "sentiment": ""}, {"id": 132131063, "text": "$AAPL beat", "time": 1533094265.0, "sentiment": ""}, {"id": 132131056, "text": "$AAPL Give me my MULTIPLE!!!!", "time": 1533094263.0, "sentiment": ""}, {"id": 132131055, "text": "$AAPL 191.11 means telephone \u260e\ufe0f 911  heart attack on the rise", "time": 1533094263.0, "sentiment": "Bearish"}, {"id": 132131049, "text": "$AAPL well whatever happens we have clear winner in UK", "time": 1533094261.0, "sentiment": "Bullish"}, {"id": 132131048, "text": "$AAPL $2.34 vs $2.18 est", "time": 1533094261.0, "sentiment": "Bullish"}, {"id": 132131042, "text": "$AAPL nice beat!! NICE", "time": 1533094260.0, "sentiment": ""}, {"id": 132131040, "text": "$AAPL", "time": 1533094259.0, "sentiment": ""}, {"id": 132131038, "text": "$BOX $AAPL Nice beat!", "time": 1533094259.0, "sentiment": "Bullish"}, {"id": 132131034, "text": "$AAPL FLY FLY FLY FLY FLY WHOLLY MOLLY", "time": 1533094259.0, "sentiment": ""}, {"id": 132131028, "text": "$AAPL congrats longs", "time": 1533094257.0, "sentiment": "Bullish"}, {"id": 132131022, "text": "$AAPL $IQ wooooo hooooooooo", "time": 1533094256.0, "sentiment": "Bullish"}, {"id": 132131020, "text": "$AAPL $AMZN BEAT!!!!!", "time": 1533094255.0, "sentiment": "Bullish"}, {"id": 132131015, "text": "$AAPL iPhone sales", "time": 1533094255.0, "sentiment": ""}, {"id": 132131012, "text": "$AAPL major action, earnings not even out yet", "time": 1533094254.0, "sentiment": ""}, {"id": 132130998, "text": "$AAPL dogfight for Post ER sentiment.", "time": 1533094252.0, "sentiment": ""}, {"id": 132130996, "text": "$AAPL yessssssssssssss", "time": 1533094252.0, "sentiment": "Bullish"}, {"id": 132130995, "text": "$AAPL let&#39;s gooo", "time": 1533094252.0, "sentiment": ""}, {"id": 132130990, "text": "$AAPL Bear attack barbecue all of them", "time": 1533094251.0, "sentiment": "Bullish"}, {"id": 132130986, "text": "$AAPL blowout thanks bears for the money", "time": 1533094250.0, "sentiment": "Bullish"}, {"id": 132130982, "text": "$AAPL fuck ya! Now i can buy iphone 11! Thanks apple", "time": 1533094250.0, "sentiment": "Bullish"}, {"id": 132130981, "text": "$AAPL beat", "time": 1533094250.0, "sentiment": ""}, {"id": 132130980, "text": "$AAPL BEAT!!!  on revs and eps.", "time": 1533094250.0, "sentiment": "Bullish"}, {"id": 132130978, "text": "$AAPL wow!!!", "time": 1533094250.0, "sentiment": "Bullish"}, {"id": 132130974, "text": "$AAPL  *APPLE 3Q IPHONE UNITS SOLD 41.3M, EST. 41.6M", "time": 1533094249.0, "sentiment": ""}, {"id": 132130970, "text": "$AAPL LETS GOOOOOOOOOOOOOOOOOOOOOOOOOOOOOOOOOOOOOOOOOOOOOOO", "time": 1533094249.0, "sentiment": "Bullish"}, {"id": 132130968, "text": "$AAPL lets go", "time": 1533094248.0, "sentiment": ""}, {"id": 132130965, "text": "$AAPL PUMP INCOMING", "time": 1533094248.0, "sentiment": ""}, {"id": 132130963, "text": "$AAPL BOMB results", "time": 1533094248.0, "sentiment": "Bullish"}, {"id": 132130957, "text": "$AAPL boom", "time": 1533094247.0, "sentiment": ""}, {"id": 132130956, "text": "$AAPL OW THATS GOTTA HURT IF YOU WERE SHORT APPLE", "time": 1533094247.0, "sentiment": ""}, {"id": 132130953, "text": "$AAPL beat beat", "time": 1533094247.0, "sentiment": ""}, {"id": 132130952, "text": "$AAPL lol YO-YO", "time": 1533094246.0, "sentiment": ""}, {"id": 132130944, "text": "$AAPL sold mine last week...", "time": 1533094245.0, "sentiment": ""}, {"id": 132130941, "text": "$AAPL thank u, $AAPL", "time": 1533094245.0, "sentiment": ""}, {"id": 132130940, "text": "$AAPL FAANG is ALIVE....,,,", "time": 1533094245.0, "sentiment": ""}, {"id": 132130929, "text": "$AAPL Popped just prior to ATH. Caution.", "time": 1533094244.0, "sentiment": ""}, {"id": 132130919, "text": "$AAPL 3Q REV. $53.3B, EST. $52.4B @StockTwits", "time": 1533094242.0, "sentiment": ""}, {"id": 132130912, "text": "$AAPL thanks apple", "time": 1533094241.0, "sentiment": ""}, {"id": 132130911, "text": "$AAPL E 2.34 vs. Rev 53.3B vs.  est of Earnings 2.18  Rev 52.34B @YahooFinance", "time": 1533094241.0, "sentiment": ""}, {"id": 132130907, "text": "$AAPL HAHAHAHA", "time": 1533094240.0, "sentiment": "Bullish"}, {"id": 132130906, "text": "$AAPL", "time": 1533094240.0, "sentiment": "Bullish"}, {"id": 132130905, "text": "$AAPL Just out: Apple Q3 EPS $2.34 and $53.3B BEATS !!", "time": 1533094240.0, "sentiment": "Bullish"}, {"id": 132130903, "text": "$AAPL SEE YA LATER BEARS LOL", "time": 1533094240.0, "sentiment": ""}, {"id": 132130902, "text": "$AAPL hahahahaa bitches", "time": 1533094240.0, "sentiment": "Bullish"}, {"id": 132130900, "text": "$AAPL LMAO massive spread. Unable to determine direction.", "time": 1533094238.0, "sentiment": ""}, {"id": 132130898, "text": "$AAPL This has to beat for the market to continue higher", "time": 1533094238.0, "sentiment": "Bullish"}, {"id": 132130892, "text": "$AAPL Gimme \u201cThe Deuce\u201d $200 and $1T! Jobs would had wanted it that way.", "time": 1533094238.0, "sentiment": "Bullish"}, {"id": 132130888, "text": "$AAPL COME ON $203.44! lol!!", "time": 1533094237.0, "sentiment": ""}, {"id": 132130877, "text": "$AAPL Killed it!!!!!", "time": 1533094233.0, "sentiment": "Bullish"}, {"id": 132130876, "text": "$AAPL spike", "time": 1533094233.0, "sentiment": ""}, {"id": 132130872, "text": "$AAPL AAPL sees Q4 gross margins of 38.0-38.5% vs 38.2% ests and 37.9% last year", "time": 1533094232.0, "sentiment": ""}, {"id": 132130862, "text": "@Gecko172 talk to the hand \u270b hahaha lmao!! \u270b \ud83d\ude4b \ud83d\ude02 \ud83d\ude39\ud83d\ude39\ud83d\ude39 $AAPL $GOOGL $SPY", "time": 1533094229.0, "sentiment": ""}, {"id": 132130861, "text": "$AAPL YESSSSS", "time": 1533094228.0, "sentiment": "Bullish"}, {"id": 132130860, "text": "$AAPL beat top bottom", "time": 1533094228.0, "sentiment": ""}, {"id": 132130859, "text": "$AAPL there it goes", "time": 1533094228.0, "sentiment": ""}, {"id": 132130858, "text": "$AAPL boom, congrats all.", "time": 1533094228.0, "sentiment": "Bullish"}]