[{"id": 132102777, "text": "$AAPL where can I listen to earning call later?", "time": 1533086684.0, "sentiment": ""}, {"id": 132102727, "text": "$AAPL bought 190 puts", "time": 1533086670.0, "sentiment": ""}, {"id": 132102669, "text": "@KS498 all will be on $AAPL shoukder today.  Good ER will push tech up.", "time": 1533086652.0, "sentiment": ""}, {"id": 132102626, "text": "$AAPL very small position looking good so far lmao", "time": 1533086639.0, "sentiment": ""}, {"id": 132102592, "text": "@ambar @NYORKA @optionen @dilsam @jimlewis all out $EA $aapl calls  still long $bac and $googl  missed amzn drop and recovery today", "time": 1533086623.0, "sentiment": ""}, {"id": 132102581, "text": "$AAPL 180P still in profit bought 2 more at .93", "time": 1533086620.0, "sentiment": ""}, {"id": 132102478, "text": "There is always a chance of $AAPL pulling something like this, haha. #analogy", "time": 1533086576.0, "sentiment": ""}, {"id": 132102451, "text": "$AAPL For this to go really up she has to beat big big big time. so Do you think she will make it?", "time": 1533086567.0, "sentiment": ""}, {"id": 132102387, "text": "@Thankfulness @Largereach Yup keep believing that. smh Just keep holding your longs if $AAPL misses #MarginCall", "time": 1533086544.0, "sentiment": ""}, {"id": 132102121, "text": "$FB if $AAPL has a bad beat tonite this is gunna get ugly", "time": 1533086463.0, "sentiment": ""}, {"id": 132102007, "text": "$AAPL  who\u2019s holding through ER?", "time": 1533086424.0, "sentiment": "Bullish"}, {"id": 132101994, "text": "$AAPL Not another $FB conference call after ER.", "time": 1533086422.0, "sentiment": ""}, {"id": 132101939, "text": "$AAPL we just saw massive $\u2019s flow out of tech companies. Wouldn\u2019t be surprised if we see that $ flow back in to Apple.", "time": 1533086404.0, "sentiment": "Bullish"}, {"id": 132101873, "text": "$AAPL earnings aftermarket eps estimates 2.18 https://youtu.be/DnZpGP3OKiA", "time": 1533086385.0, "sentiment": ""}, {"id": 132101865, "text": "Apple Earnings: What We&#39;re Watching $AAPL https://goo.gl/oqu22M", "time": 1533086381.0, "sentiment": ""}, {"id": 132101829, "text": "$AMZN just understand why were not buying here?!!!! this is next trillion dollar $AAPL  &amp;! now matter of what was for?", "time": 1533086372.0, "sentiment": "Bullish"}, {"id": 132101804, "text": "$AAPL Is this the biggest earnings in a while merely based on broader implications with FAANG &amp; the NASDAQ? Might need to be a leader...", "time": 1533086364.0, "sentiment": ""}, {"id": 132101768, "text": "$SPY $QQQ hears to $AAPL falling tonight just to round out the FAANG trade. Probably fall even if it does beat", "time": 1533086353.0, "sentiment": ""}, {"id": 132101764, "text": "$AAPL PREDICTING A POP TO AT LEAST 200 AH on ER", "time": 1533086352.0, "sentiment": "Bullish"}, {"id": 132101709, "text": "$AAPL I hope it falls by let&#39;s be honest. They have enough cash to buy back and manipulate the earnings to whatever they want it to be.", "time": 1533086330.0, "sentiment": "Bearish"}, {"id": 132101704, "text": "$AAPL i mean if it dips too much, aapl in theory,  will just buy the shit out of it? Err no?", "time": 1533086329.0, "sentiment": ""}, {"id": 132101683, "text": "$AAPL chart. Apple is due for a correction. Look what happened last 2 times there have been bearish divergence.", "time": 1533086323.0, "sentiment": "Bearish"}, {"id": 132101667, "text": "$AAPL lets be honest, we all know they\u2019re going to beat, it\u2019s just anyone\u2019s guess how the market reacts.. big buyback and dividend increase", "time": 1533086318.0, "sentiment": "Bullish"}, {"id": 132101624, "text": "$AAPL Larry Kudlow wants tax cuts, tariffs lowered esp. w/China.  Damn if $AAPL drops tomorrow, and trade wars sentiment ends = LT Bullish.", "time": 1533086304.0, "sentiment": ""}, {"id": 132101606, "text": "$TWTR aside from $AAPL ER, tomorrow best for $TWTR bounce since many ppl who sold at ER have 3 day money back in account to re-buy.", "time": 1533086300.0, "sentiment": "Bullish"}, {"id": 132101556, "text": "$AAPL How much cash does AAPL have?", "time": 1533086281.0, "sentiment": ""}, {"id": 132101488, "text": "$FB relief rally ! Can sustain to upside ?\nOverall FANG stocks hanging\n $AAPL save or not ?\n$AMZN and $GOOG not helping much", "time": 1533086257.0, "sentiment": "Bearish"}, {"id": 132101470, "text": "$TSLA $AAPL https://www.thestreet.com/investing/stocks/apple-autonomous-driving-plans-14668314?puc=stocktwits&amp;cm_ven=STOCKTWITS&amp;utm_source=dlvr.it&amp;utm_medium=organic&amp;utm_campaign=stocktwits", "time": 1533086252.0, "sentiment": ""}, {"id": 132101464, "text": "$AMZN at this rate even if $AAPL blasts earnings I can still jump back in lower than when I bailed. Doesn&#39;t work if apple fails though", "time": 1533086251.0, "sentiment": "Bearish"}, {"id": 132101445, "text": "$AAPL So will it be a nice apple pie today or moldy apple sauce? Stay tuned...", "time": 1533086244.0, "sentiment": ""}, {"id": 132101380, "text": "$AAPL If crashes like $FB then 160,s", "time": 1533086221.0, "sentiment": ""}, {"id": 132101345, "text": "@aayakadai expect the fireworks after $AAPL reports.", "time": 1533086210.0, "sentiment": "Bullish"}, {"id": 132101338, "text": "$MU $amd $aapl The biggest company in the world announces earnings today. To shape markets going forward.", "time": 1533086204.0, "sentiment": ""}, {"id": 132101302, "text": "$AAPL Whether it&#39;s will be beat or not doesn&#39;t matter. It&#39;s gonna fall.", "time": 1533086189.0, "sentiment": "Bearish"}, {"id": 132101277, "text": "Is $AAPL going to announce partnership in Autonomous driving space ?...  $TSLA", "time": 1533086183.0, "sentiment": ""}, {"id": 132101193, "text": "That&#39;s a good point. Unless $BIDU is very positive and $AAPL is only slightly negative, or neutral...", "time": 1533086155.0, "sentiment": ""}, {"id": 132101074, "text": "$AAPL to announce they&#39;re bidding for $MU .... haha if only", "time": 1533086111.0, "sentiment": "Bullish"}, {"id": 132101033, "text": "$AAPL if it beats it might gain $2..but if it misses by 3c it would loose $20", "time": 1533086095.0, "sentiment": "Bearish"}, {"id": 132100960, "text": "$NFLX Maybe $AAPL makes an acquisition announcement of a certain streaming service along with earnings.... \ud83e\udd14", "time": 1533086069.0, "sentiment": "Bullish"}, {"id": 132100943, "text": "$AAPL is it even worth it to pay $20 for a 165 put???", "time": 1533086063.0, "sentiment": ""}, {"id": 132100867, "text": "$AAPL top/ bottom beat good guidence + huge buyback=215 tomorrow.", "time": 1533086039.0, "sentiment": "Bullish"}, {"id": 132100724, "text": "$AAPL who\u2019s holding thru earnings?", "time": 1533085985.0, "sentiment": "Bullish"}, {"id": 132100710, "text": "$AAPL beat would give no price change. A miss would make it a visit to the wood shed", "time": 1533085981.0, "sentiment": ""}, {"id": 132100551, "text": "$AAPL puts or calls ?", "time": 1533085929.0, "sentiment": ""}, {"id": 132100532, "text": "$AAPL don\u2019t put it past WS to do that. But remember, Apple can start buying back shares again on Thursday.", "time": 1533085923.0, "sentiment": ""}, {"id": 132100528, "text": "$AAPL i bought a weekly 187.5p #lotto", "time": 1533085921.0, "sentiment": ""}, {"id": 132100524, "text": "$spy $qqq thinking some covering into close as people worry $aapl might beat. also tech is oversold short term so there&#39;s that", "time": 1533085920.0, "sentiment": ""}, {"id": 132100497, "text": "$AAPL beat and 20% gain..", "time": 1533085913.0, "sentiment": "Bullish"}, {"id": 132100473, "text": "@FLG $AAPL P/E is 16 (trailing) or 18 (forward).  Cheap.  Your statement is deliberately misleading.", "time": 1533085904.0, "sentiment": ""}, {"id": 132100370, "text": "$AAPL its priced like its been making 4Q level sales in 2Q. Even if it meets estimates it could easily sell off.", "time": 1533085866.0, "sentiment": ""}, {"id": 132100368, "text": "$AAPL omg hurry up and give us earnings already.  These last few hours are going to feel like eternity", "time": 1533085866.0, "sentiment": ""}, {"id": 132100349, "text": "$AAPL If this goes down after ER, to $180ish or lower, man better be ready to buy.  Just close your eyes &amp; cover your ears for 5yrs or more.", "time": 1533085857.0, "sentiment": ""}, {"id": 132100233, "text": "$AAPL Hey experts..a beat does not gurantee its going up!", "time": 1533085813.0, "sentiment": ""}, {"id": 132100222, "text": "$AAPL 18 years ago", "time": 1533085809.0, "sentiment": ""}, {"id": 132100180, "text": "$AAPL Dont over expect\nMay disappoint", "time": 1533085794.0, "sentiment": "Bearish"}, {"id": 132100131, "text": "$AAPL What kind of apple do you like the green or the red apple?", "time": 1533085780.0, "sentiment": ""}, {"id": 132100016, "text": "$AAPL easy beat and up up higher.", "time": 1533085740.0, "sentiment": "Bullish"}, {"id": 132100013, "text": "$AMZN $AAPL the &#39;race&#39; is a media construct. Apple is buying back massive amounts of shares, making $1T harder to achieve. Amazon is not.", "time": 1533085740.0, "sentiment": ""}, {"id": 132099917, "text": "$AAPL hold \ud83c\udf4e ate the \ud83c\udf4a. Hahahah", "time": 1533085703.0, "sentiment": "Bullish"}, {"id": 132099903, "text": "$AAPL if apple beats earnings like FB and misses revenue growth by .1% but still has growth of 30%+ is the stock gonna lose 1/3rd value?", "time": 1533085700.0, "sentiment": ""}, {"id": 132099814, "text": "$AAPL kind of an off/slow qtr no Holliday\u2019s and no school. Hopin the saturation talk comes back into play and this misses big", "time": 1533085665.0, "sentiment": "Bearish"}, {"id": 132099790, "text": "@_MAGA How it\u2019s related to $AAPL", "time": 1533085656.0, "sentiment": ""}, {"id": 132099762, "text": "$AAPL Sell prem.", "time": 1533085650.0, "sentiment": ""}, {"id": 132099723, "text": "$SPY other than earnings plays $aapl $tsla $nvda only stock calls i got is $amd will add if we head to 2795. Also $gld calls $uso puts", "time": 1533085637.0, "sentiment": ""}, {"id": 132099717, "text": "@Largereach Doesnt mean anything!! We&#39;ll see with $AAPL tonight they will have a blow out and #DownSheGoes", "time": 1533085636.0, "sentiment": ""}, {"id": 132099609, "text": "Why Apple probably won&#39;t be caught in the FANG meltdown $FB $AMZN $NFLX $GOOG $GOOGL $AAPL @cnbc https://cnb.cx/2LNaxhT", "time": 1533085601.0, "sentiment": ""}, {"id": 132099535, "text": "$AAPL analysts on Estimize are expecting 32.91% YoY EPS growth for Q3, up from 30.00% in Q2 [Reporting Today 07/31 AMC]\nhttp://www.estimize.com/intro/aapl?chart=historical&amp;metric_name=eps&amp;utm_content=AAPL&amp;utm_medium=eps_growth&amp;utm_source=stocktwits", "time": 1533085580.0, "sentiment": ""}, {"id": 132099530, "text": "Apple Is Unlikely to Escape a &#39;Sell the News&#39; Reaction $AAPL http://dlvr.it/QdNWFl", "time": 1533085579.0, "sentiment": ""}, {"id": 132099504, "text": "$AAPL estimates distribution - here\u2019s what 28 Estimize analysts are expecting $AAPL to report for Q3 iPad Sales today 07/31 AMC.\nhttp://www.estimize.com/intro/aapl?chart=scatterplotOrHistogram&amp;metric_name=ipad_unit_sales&amp;utm_content=AAPL&amp;utm_medium=metric_distribution&amp;utm_source=stocktwits", "time": 1533085573.0, "sentiment": ""}, {"id": 132099502, "text": "$AAPL estimates distribution - here\u2019s what 69 Estimize analysts are expecting $AAPL to report for Q3 iPhone Sales today 07/31 AMC.\nhttp://www.estimize.com/intro/aapl?chart=scatterplotOrHistogram&amp;metric_name=iphone_unit_sales&amp;utm_content=AAPL&amp;utm_medium=metric_distribution&amp;utm_source=stocktwits", "time": 1533085572.0, "sentiment": ""}, {"id": 132099494, "text": "Apple Won&#39;t Talk About Its Autonomous Driving Plans, but They&#39;re Happening $AAPL http://dlvr.it/QdNW63", "time": 1533085571.0, "sentiment": ""}, {"id": 132099479, "text": "$AAPL In 200 strike weekly calls at $0.91. Lotto play", "time": 1533085566.0, "sentiment": "Bullish"}, {"id": 132099390, "text": "$AAPL Anyone holding for at least 5yrs?!  Cause whatever happens later today, won\u2019t really matter much.  Holding since 2010.", "time": 1533085530.0, "sentiment": ""}, {"id": 132099356, "text": "$ADNT $AABA $AAPL $PG $AKS $SNAP $FB $SNAP $BAC $FCAU $MU $CMCSA $INTC $STZ $TAL $GRPN $AMD $CHS $EXAS $PEP Largest PUT OI increases", "time": 1533085519.0, "sentiment": ""}, {"id": 132099127, "text": "$AAPL I won&#39;t guess earnings results, but implied volatility move is 4.13%. If you don&#39;t have that cushion going in you&#39;re gambling.", "time": 1533085445.0, "sentiment": ""}, {"id": 132099031, "text": "$AAPL $195+ on Thursday. Shake the trees tomorrow then back to green", "time": 1533085412.0, "sentiment": "Bullish"}, {"id": 132099021, "text": "$AAPL 2 hours left to get out or if ur long hedge with a small put position", "time": 1533085409.0, "sentiment": "Bearish"}, {"id": 132098991, "text": "What are the important metrics to watch for $AAPL earnings this afternoon?  Revenue growth in services?", "time": 1533085396.0, "sentiment": ""}, {"id": 132098985, "text": "$AAPL Warren Buffett wants to own more AAPL.  &#39;Nuff said", "time": 1533085395.0, "sentiment": "Bullish"}, {"id": 132098961, "text": "$AAPL good thing is that all tech gonna be on discount tomorrow after Apple earnings $AMZN $NFLX $GOOG", "time": 1533085385.0, "sentiment": "Bearish"}, {"id": 132098781, "text": "$AAPL oh how I live for this!", "time": 1533085324.0, "sentiment": ""}, {"id": 132098766, "text": "$AAPL Put volume growing...", "time": 1533085319.0, "sentiment": ""}, {"id": 132098718, "text": "@Evan86 not just a pump a $AAPL levitation and sustainability \ud83d\udc02\ud83d\udc40\ud83d\udca1", "time": 1533085300.0, "sentiment": ""}, {"id": 132098688, "text": "$AAPL I think this is the 3rd time in 2 days Orange Foolius has threatened a shutdown.", "time": 1533085290.0, "sentiment": ""}, {"id": 132098616, "text": "$AAPL looking good so far hahaha", "time": 1533085263.0, "sentiment": "Bearish"}, {"id": 132098574, "text": "$SPY aug/sept $AAPL $AMZN $NFLX $IWM WREKT. LONG $SMH $XLF $XLI $XLP $EEM for the win.", "time": 1533085248.0, "sentiment": ""}, {"id": 132098573, "text": "$AAPL opens above $200 tomorrow.", "time": 1533085248.0, "sentiment": "Bullish"}, {"id": 132098571, "text": "$AAPL God I cant wait to see all those puts run out of steam and vears being mad that they bought so much puts  Bought popcorn for this!", "time": 1533085247.0, "sentiment": "Bullish"}, {"id": 132098553, "text": "$AAPL don&#39;t follow what I do do your own thing", "time": 1533085242.0, "sentiment": "Bearish"}, {"id": 132098494, "text": "$AAPL tomorrow will be 200", "time": 1533085226.0, "sentiment": "Bullish"}, {"id": 132098430, "text": "$AAPL estimates distribution - here\u2019s what 44 Estimize analysts are expecting $AAPL to report for Q3 Gross Margins today 07/31 AMC.\nhttp://www.estimize.com/intro/aapl?chart=scatterplotOrHistogram&amp;metric_name=gross_margins&amp;utm_content=AAPL&amp;utm_medium=metric_distribution&amp;utm_source=stocktwits", "time": 1533085212.0, "sentiment": ""}, {"id": 132098425, "text": "$AAPL estimates distribution - here\u2019s what 32 Estimize analysts are expecting $AAPL to report for Q3 Mac Sales today 07/31 AMC.\nhttp://www.estimize.com/intro/aapl?chart=scatterplotOrHistogram&amp;metric_name=mac_unit_sales&amp;utm_content=AAPL&amp;utm_medium=metric_distribution&amp;utm_source=stocktwits", "time": 1533085212.0, "sentiment": ""}, {"id": 132098322, "text": "$FB End of Day run into ER for $AAPL dont fight it... it\u2019s gonna be a fun pump and it\u2019s inevitable!!!!", "time": 1533085185.0, "sentiment": "Bullish"}, {"id": 132098268, "text": "$AAPL $SPY $QQQ $MSFT $AMZN $GOOGL\nYour&#39;re going to see at least 20% growth in services in Apple: Analyst\n\ud83d\udca1\ud83d\udc40\ud83d\udc02 https://www.cnbc.com/video/2018/05/10/yourre-going-to-see-at-least-20-percent-growth-in-services-in-apple-analyst.html", "time": 1533085166.0, "sentiment": ""}, {"id": 132098267, "text": "not a knock on  $AAPL , but its run a lot, I could see it pulling a FB, maybe get a weekly 200 touch eoy or early 2019", "time": 1533085166.0, "sentiment": ""}, {"id": 132098228, "text": "$AAPL Same as $FB ER day $FB went down up to $55 AH", "time": 1533085156.0, "sentiment": ""}, {"id": 132098215, "text": "$SPY i have an itching feeling to short apple $AAPL", "time": 1533085151.0, "sentiment": ""}, {"id": 132098113, "text": "$AAPL ughhh this is so hard.", "time": 1533085115.0, "sentiment": ""}, {"id": 132098088, "text": "$AAPL expecting e/r to beat $SPY $SPX", "time": 1533085104.0, "sentiment": "Bullish"}, {"id": 132097979, "text": "$AAPL  \nPut/ Call Ratio is 2.2 \nThats not good for bears. \n$ 2.27 - 2.32 be Par for this market. \nPosition Neutral", "time": 1533085065.0, "sentiment": ""}, {"id": 132097934, "text": "$AAPL Man this has been TIGHT last 3 months damnnnn", "time": 1533085047.0, "sentiment": "Bullish"}, {"id": 132097902, "text": "$AAPL \ud83d\ude02\ud83d\ude02\ud83d\ude02\ud83d\ude02\ud83d\ude02\ud83d\ude02\ud83d\ude02China ! Dumbest thing I\u2019ve ever heard! China is the headquarters of counterfeits!!!!!!", "time": 1533085036.0, "sentiment": "Bullish"}, {"id": 132097899, "text": "$AAPL up 30% on puts so far \ud83e\udd11. Selling half at close to take profits and keeping some through ER. Might pick up some lotto calls to hedge", "time": 1533085035.0, "sentiment": "Bearish"}, {"id": 132097856, "text": "$AAPL Looking to btd during er.", "time": 1533085022.0, "sentiment": ""}, {"id": 132097777, "text": "$AAPL today is the day", "time": 1533084994.0, "sentiment": "Bearish"}, {"id": 132097645, "text": "$NFLX $AAPL $FANG apple earnings could have a broader affect given correlated nature of these markets", "time": 1533084943.0, "sentiment": "Bullish"}, {"id": 132097623, "text": "$AAPL Breaking $193 will be real game changer", "time": 1533084937.0, "sentiment": "Bullish"}, {"id": 132097616, "text": "$AAPL The # of iPhone ads are inversely proportional to the # of iPhones sold", "time": 1533084935.0, "sentiment": "Bearish"}, {"id": 132097521, "text": "$AAPL dudes too many puts here and plus one million invested in put", "time": 1533084902.0, "sentiment": ""}, {"id": 132097452, "text": "$AAPL My stream has not sold the stock in recent days or weeks. Signals more gains to come but...when?", "time": 1533084877.0, "sentiment": ""}, {"id": 132097443, "text": "$AAPL enter small position here", "time": 1533084875.0, "sentiment": "Bullish"}, {"id": 132097412, "text": "$AAPL PUT gamble it is", "time": 1533084868.0, "sentiment": ""}, {"id": 132097375, "text": "$AAPL if it stay above 190 before bell, apple will have beat the ER", "time": 1533084854.0, "sentiment": ""}, {"id": 132097329, "text": "$AAPL I make 239,650 watching .......do YOU #Kombucha ??", "time": 1533084834.0, "sentiment": ""}, {"id": 132097248, "text": "Upcoming #earnings reports http://bit.ly/1TWDuEQ $ABAX $AKAM $AGI $DOX $AMED $AMSC $APC $AAPL $ACGL $ARCB $APAM $ASH $BIDU $BAND $BXP...", "time": 1533084806.0, "sentiment": ""}, {"id": 132097227, "text": "$AAPL  187 p\u2019s Phuk all y\u2019all \ud83d\udd95\ud83c\udffe", "time": 1533084799.0, "sentiment": "Bearish"}, {"id": 132097223, "text": "$AAPL stock boosts +1.12% following reports that Apple needs the stock to go up by only 7% to hit $1,000,000,000,000 https://www.newsquantified.com/aapl/stock-report/apple-is-within-striking-distance-1000000000000-05nn90#app0", "time": 1533084798.0, "sentiment": ""}, {"id": 132097196, "text": "$QQQ $178 after $AAPL ER", "time": 1533084787.0, "sentiment": "Bullish"}, {"id": 132097079, "text": "$AAPL I\u2019m thinking $180 in this.... just my gut tells me. Say 5:40 PM CT", "time": 1533084741.0, "sentiment": "Bearish"}, {"id": 132096961, "text": "How exactly do you spin a story about a huge increase in shipments of an $AAPL product negatively? Let\u2019s find out: https://www.macworld.com/article/3293443/ios/market-sharing-the-apple-watch-by-the-numbers.html", "time": 1533084701.0, "sentiment": "Bullish"}, {"id": 132096899, "text": "Out $AAPL Friday&#39;s 190 calls at 4.80 from 4.37, slightly less than 10% gain. Left some on the table, should have acted sooner.", "time": 1533084679.0, "sentiment": ""}, {"id": 132096781, "text": "$AAPL what insiders heard the news before us?", "time": 1533084637.0, "sentiment": "Bullish"}, {"id": 132096709, "text": "Hm $SNAP pristine buy; $TWTR shod hav made a low2day; $AAPL will squeezeto $212! $AMZN breaking out to $1895; $FB bullish as $JPM scare ppl.", "time": 1533084613.0, "sentiment": "Bullish"}, {"id": 132096708, "text": "$AAPL if good earnings, could see first trillion dollar company very soon.", "time": 1533084613.0, "sentiment": "Bullish"}, {"id": 132096584, "text": "$GOOGL $GOOG gap filled pre earning - this will trend up, hopefully $AAPL report decent tonight", "time": 1533084578.0, "sentiment": ""}, {"id": 132096565, "text": "$AAPL Wait for the real gong show at 4pm!!", "time": 1533084574.0, "sentiment": "Bullish"}, {"id": 132096499, "text": "Hm $SNAP pristine buy; $TWTR sold hav made a low2dat; $AAPL will squeezeto $212! $AMZN breaking out to $1895; $FB bullish as $JPM scare ppl.", "time": 1533084548.0, "sentiment": "Bullish"}, {"id": 132096380, "text": "$AAPL looking to see this at $200 which is still super cheap, company makes more money than a few of the big techs combined.", "time": 1533084503.0, "sentiment": ""}, {"id": 132096341, "text": "@Zen_Cap you are entitled to your opinion however you are way off on $AAPL it is a services co a hardware co a retail co a real estate co\ud83d\ude0e", "time": 1533084495.0, "sentiment": ""}, {"id": 132096291, "text": "$AAPL Everyone got their lotto tickets?", "time": 1533084480.0, "sentiment": ""}, {"id": 132096277, "text": "$BIDU LONG JAN 300 CALLS $AAPL LONG OCT 160 PUTS $SPY", "time": 1533084476.0, "sentiment": ""}, {"id": 132096251, "text": "$AAPL it\u2019s ER day! GLTA! \ud83d\ude0e", "time": 1533084466.0, "sentiment": ""}, {"id": 132096155, "text": "$AAPL BTFD NO DOUBT", "time": 1533084436.0, "sentiment": "Bullish"}, {"id": 132096148, "text": "#TuesdayThoughts w. Corpina | Joins #TheVoz to say $AAPL will dictate tech trade for the rest of the summer [VIDEO] https://pjj52.app.goo.gl/c8YYZjMCYKKJjk1GA", "time": 1533084434.0, "sentiment": ""}, {"id": 132096083, "text": "@Frenzy @reez007 @00jeson @PerSE @AlexanderHandleton @godzillalizard Out Dark Just BS! $AAPL ER Dive to $174 ;) Ahahaha $SPY", "time": 1533084411.0, "sentiment": ""}, {"id": 132096057, "text": "$AAPL Make sure you hedge for ER and keep to your investment strategy. Good luck everyone.", "time": 1533084404.0, "sentiment": ""}, {"id": 132096037, "text": "$AAPL", "time": 1533084398.0, "sentiment": "Bullish"}, {"id": 132095918, "text": "$AAPL OUR puts are now UP 12% and climbing slowly!!!! Never get suckered in on a bear market coming. Get ready.", "time": 1533084357.0, "sentiment": "Bearish"}, {"id": 132095906, "text": "$FB Holy Battle!!! 65-55!!! Let\u2019s gooooo bullish into the ER for $AAPL gonna be a game changer for everyone!!", "time": 1533084352.0, "sentiment": "Bullish"}, {"id": 132095825, "text": "$AAPL here&#39;s my guess for what will happen after hours .... Absolutely nothing", "time": 1533084325.0, "sentiment": ""}, {"id": 132095774, "text": "$AAPL ER CC surprise: Apple buys $TWTR \ud83d\ude17", "time": 1533084305.0, "sentiment": ""}, {"id": 132095734, "text": "$AAPL $BABA Time to Break that Number 200 \u00a6Also check Number 1 UK Company I Zoo Digital I Going Massive", "time": 1533084292.0, "sentiment": "Bullish"}, {"id": 132095690, "text": "$AAPL This is going to be an option destroying non-event.  Just have a feeling...  they won&#39;t beat big but are probably in line with numbers", "time": 1533084278.0, "sentiment": ""}, {"id": 132095614, "text": "$AMD huge sell coming prior to $AAPL ER", "time": 1533084252.0, "sentiment": "Bearish"}, {"id": 132095599, "text": "$AAPL was that the tech dip? Lol", "time": 1533084248.0, "sentiment": ""}, {"id": 132095526, "text": "$AAPL let&#39;s go people good God!", "time": 1533084223.0, "sentiment": "Bullish"}, {"id": 132095366, "text": "$AAPL This feels like it may be a down report for apple. Looks like all of the Tech Market will go down. be careful if you are holding AAPL.", "time": 1533084168.0, "sentiment": ""}, {"id": 132095245, "text": "$BIDU short $AAPL long", "time": 1533084121.0, "sentiment": ""}, {"id": 132095232, "text": "$AAPL classic misinformed investor. Services is the new story. iCloud, music, iTunes, etc.", "time": 1533084117.0, "sentiment": ""}, {"id": 132095198, "text": "US Stocks De-FAANG-Ed - Will AAPL Earnings Ride To The Rescue? $FB $AAPL $NFLX $GOOG $AMZN $XLK https://goo.gl/615HHV", "time": 1533084102.0, "sentiment": ""}]