[{"id": 132187770, "text": "buffet upping his stake when $aapl is $900B mkt cap = buffet saying aapl worth $1T", "time": 1533129746.0, "sentiment": "Bullish"}, {"id": 132187727, "text": "Big Trade Blocks for $AAPL (Largest Trade: 0.33% of Volume) https://icebergbot.com?s=AAPL", "time": 1533129603.0, "sentiment": ""}, {"id": 132187706, "text": "$AAPL historically likes to sell off a bit after a beat, think the hype for 1 tril is gonna make it run?", "time": 1533129544.0, "sentiment": ""}, {"id": 132187650, "text": "$AAPL Huawei overtakes Apple as world No. 2 smartphone seller. Apple might be hit by tariffs in future.  \nhttps://www.reuters.com/article/us-huawei-revenue/huawei-overtakes-apple-as-world-no-2-smartphone-seller-gains-ground-in-china-idUSKBN1KL0BN?feedType=RSS&amp;feedName=businessNews&amp;utm_source=feedburner&amp;utm_medium=feed&amp;utm_campaign=Feed%3A+reuters%2FbusinessNews+%28Business+News%29", "time": 1533129376.0, "sentiment": ""}, {"id": 132187599, "text": "$TSLA $IQ &amp; $AMD all have YOY revenue growth of over 50%!  TIA is the new FAANG boys and girls! $fb $nflx $aapl $amzn $cmg $goog $grub $SQ", "time": 1533129246.0, "sentiment": "Bullish"}, {"id": 132187475, "text": "$AAPL great earnings this quarter. No reason why this cant breeze past $200.", "time": 1533128865.0, "sentiment": "Bullish"}, {"id": 132187426, "text": "$AAPL Do we hit that magic $204 mark this week?  #1Trillion #Apple  #earnings  #iphone", "time": 1533128718.0, "sentiment": ""}, {"id": 132187371, "text": "$AAPL So many call options... hmmm... this might not end as many expect.", "time": 1533128591.0, "sentiment": ""}, {"id": 132187119, "text": "$AAPL Dear Apple....I fucking love you!", "time": 1533127937.0, "sentiment": "Bullish"}, {"id": 132187074, "text": "$SPY call me crazy but I still think that $AAPL and big tech can still 10x from here", "time": 1533127801.0, "sentiment": "Bullish"}, {"id": 132187022, "text": "Tim Cook casually tosses light shade at Donald Trump&#39;s tariffs - Mashable $aapl pass  https://apple.news/AkPFrqbK3QL-cX_iSgy9uyQ", "time": 1533127638.0, "sentiment": ""}, {"id": 132187010, "text": "$AAPL who else is getting pissed at Trump screwing with your trades", "time": 1533127603.0, "sentiment": "Bullish"}, {"id": 132186980, "text": "$SPY $AAPL looking great AH after an amazing ER report", "time": 1533127518.0, "sentiment": "Bullish"}, {"id": 132186969, "text": "Trump to propose 25-percent tariff on $200 billion of Chinese imports: source - Reuters upping the stakes $spy $aapl https://apple.news/ASrymK8ESQNmHvxYlLSOAtQ", "time": 1533127494.0, "sentiment": ""}, {"id": 132186959, "text": "$AAPL who says an inverse H/S can happen at the top 209 by Friday", "time": 1533127457.0, "sentiment": "Bullish"}, {"id": 132186937, "text": "$AAPL if the er was nice, it achieved 203 yesterday, such 3% growth demonstrates take profit after morning bell", "time": 1533127395.0, "sentiment": ""}, {"id": 132186913, "text": "$AAPL ", "time": 1533127320.0, "sentiment": "Bullish"}, {"id": 132186745, "text": "$AAPL LOL all the shorts scrambling to think of something negative to say about this. Who shorts AAPL before earnings?!?!?", "time": 1533126869.0, "sentiment": "Bullish"}, {"id": 132186708, "text": "$AAPL Well done bulls. Time to rip past 200.", "time": 1533126789.0, "sentiment": "Bullish"}, {"id": 132186707, "text": "$AAPL 3rd position on phone sales", "time": 1533126787.0, "sentiment": "Bearish"}, {"id": 132186692, "text": "$AAPL shorts getting desperate.", "time": 1533126755.0, "sentiment": "Bullish"}, {"id": 132186685, "text": "$AAPL ok then short it", "time": 1533126746.0, "sentiment": ""}, {"id": 132186629, "text": "$AAPL Should see a good sell-off tomorrow!", "time": 1533126637.0, "sentiment": "Bearish"}, {"id": 132186605, "text": "$AAPL\nThe iPhone-maker missed Wall Street&#39;s estimate of 41.79 million devices for the quarter.", "time": 1533126579.0, "sentiment": "Bearish"}, {"id": 132186534, "text": "Market outlook: https://youtu.be/7efshwKDaBQ   $SPY $QQQ $IWM $AAPL $VIX", "time": 1533126393.0, "sentiment": ""}, {"id": 132186509, "text": "$AAPL hopefully $206 and 1 trillion dollars in the a.m.", "time": 1533126331.0, "sentiment": "Bullish"}, {"id": 132186367, "text": "$AAPL What we can see from the high ASP $724 is that the iPhone X is still the best selling phone unlike many were predicting.", "time": 1533126002.0, "sentiment": ""}, {"id": 132186073, "text": "$AAPL ", "time": 1533125326.0, "sentiment": ""}, {"id": 132185994, "text": "Evolution\u2019s Night \ud83d\udc40WL\n\n$AVP $TANH\n$JONE $AYTU\n$GEN $P\n$NIHD $ALT\n$DRRX $CEI\n$TROV $EGLT\n$MNGA $NAKD\n$CRMD $AAPL\n$ABIO $NVIV\n$GST $NAK\n$GDS", "time": 1533125186.0, "sentiment": "Bullish"}, {"id": 132185984, "text": "$SPY $QQQ $IWM $AAPL $FB $AMZN $GOOG $MSFT Rocketship to the upside tomorrow :) Full FOMO :)", "time": 1533125167.0, "sentiment": "Bullish"}, {"id": 132185949, "text": "$NQ_F $QQQ $AAPL $GOOGL value tech!! LMAO", "time": 1533125088.0, "sentiment": "Bullish"}, {"id": 132185613, "text": "$AAPL short squeeze pushes this over $200", "time": 1533124549.0, "sentiment": "Bullish"}, {"id": 132185565, "text": "$AAPL $190 by Friday", "time": 1533124474.0, "sentiment": ""}, {"id": 132185501, "text": "Asia shares gain on reports China, US may resume trade talks $AAPL #AAPL https://www.marketbeat.com/n/3948810/", "time": 1533124354.0, "sentiment": ""}, {"id": 132185487, "text": "$AAPL 200 here we go", "time": 1533124335.0, "sentiment": "Bullish"}, {"id": 132185425, "text": "Cramer: Apple&#39;s stock could flirt with $300 level if valued properly  $AAPL https://www.cnbc.com/2018/07/31/cramer-apples-stock-could-flirt-with-300-level-if-valued-properly.html", "time": 1533124209.0, "sentiment": ""}, {"id": 132185378, "text": "$IQ \ud83e\udd23\ud83d\ude02 this and $AAPL great night", "time": 1533124114.0, "sentiment": "Bullish"}, {"id": 132185181, "text": "$AAPL Grabbed the 200 Call / 180 Put let&#39;s see which one wins tomorrow?!?", "time": 1533123694.0, "sentiment": ""}, {"id": 132185098, "text": "$AAPL  trump is good?", "time": 1533123556.0, "sentiment": ""}, {"id": 132185005, "text": "$AAPL $80 billion left in the buyback..will continue for next 4 qtrs n they will have another $100B in free cash for more buybacks", "time": 1533123426.0, "sentiment": "Bullish"}, {"id": 132184907, "text": "$AAPL  &quot;live long and prosper&quot; \u2013 &quot;dif-tor heh smusma&quot;", "time": 1533123284.0, "sentiment": "Bullish"}, {"id": 132184823, "text": "@FLORIDAN For the 2018 FY I would stick with $AAPL, great products incoming in Q4!!!", "time": 1533123144.0, "sentiment": ""}, {"id": 132184574, "text": "$AAPL imho the $1T market cap thing is overhyped. Sure we can reach it but I&#39;m seeing a large selloff when we hit it.", "time": 1533122756.0, "sentiment": ""}, {"id": 132184560, "text": "$AAPL $200 Easy as pie", "time": 1533122733.0, "sentiment": "Bullish"}, {"id": 132184542, "text": "$AAPL Going up even higher in the morning", "time": 1533122706.0, "sentiment": "Bullish"}, {"id": 132184434, "text": "$MSFT or $AAPL long hold, thoughts??", "time": 1533122532.0, "sentiment": ""}, {"id": 132184327, "text": "@BigCop I posted this before $AAPL reported earning. it was like 15-20 minutes before they posted ER at 4:30EST. Thats why I wondered !", "time": 1533122367.0, "sentiment": ""}, {"id": 132184250, "text": "Tomorrow will be exciting for the tech market!  later AAPL see you in the AM $AAPL ", "time": 1533122268.0, "sentiment": ""}, {"id": 132184246, "text": "$AAPL $1 Trillion Market Cap", "time": 1533122265.0, "sentiment": "Bullish"}, {"id": 132184235, "text": "Wed\u2019s Watch 1 $AAPL $AMZN $AMD $FB $BABA $BIDU $BA $BTC.X $ETH.X $FEYE $APTV $CHK $CMG $CZR $CXO $EXAS $EXEL $AMRS $APA $ATVI $CENX $CRUS", "time": 1533122258.0, "sentiment": ""}, {"id": 132184087, "text": "$AAPL Cooke,Eddie Cue the whole gang great job! I\u2019m buying 190 weekly puts at open", "time": 1533122061.0, "sentiment": ""}, {"id": 132183922, "text": "$AAPL will shorts cover tomorrow?", "time": 1533121835.0, "sentiment": ""}, {"id": 132183910, "text": "$AAPL for those long the stock, you should write covered calls. You&#39;ll make $$ on your stock &amp; calls. Let us know if more information needed", "time": 1533121823.0, "sentiment": "Bullish"}, {"id": 132183752, "text": "@JareTwit $AAPL has 4,926,609 diluted shares as of 6/30/18. Needs $202.98 for $1T valuation. Using basic shares, AAPL needs $204.83. $SPY", "time": 1533121654.0, "sentiment": "Bullish"}, {"id": 132183711, "text": "Price Moves vs Expected Moves $GE $TWTR $AABA $BABA $FB $NFLX $EEM $AAPL $EFA $AMZN $BAC $AMD http://tinyurl.com/y7zbwhgq", "time": 1533121607.0, "sentiment": ""}, {"id": 132183690, "text": "$FB $AAPL $AMZN $NFLX $GOOGL $MSFT $CRM $ORCL $INTC $PYPL $ADBE $NVDA $DIS $TWTR Which one looks most likely to fall? Sell CRM", "time": 1533121589.0, "sentiment": ""}, {"id": 132183539, "text": "$AAPL $FIT why buy when you can copy and you have over 1.3 billon users lazy companies are the ones that buy not innovate", "time": 1533121488.0, "sentiment": ""}, {"id": 132183528, "text": "$AAPL my portfolio is turning into a monster with Apple on top.  Cropped out FB \ud83e\udd26\ud83c\udffc\u200d\u2642\ufe0f", "time": 1533121472.0, "sentiment": ""}, {"id": 132183523, "text": "$BAC $BABA $JD $WYNN $AAPL $UPS $V The move, which is not finalized and could change. \nhttps://www.cnn.com/2018/07/31/politics/trump-tariffs-china/index.html", "time": 1533121464.0, "sentiment": "Bullish"}, {"id": 132183522, "text": "$AAPL  Bears \ud83d\udc3b look like fools again just like the last several ERs. \ud83d\udcb0\ud83c\udf4e", "time": 1533121462.0, "sentiment": "Bullish"}, {"id": 132183518, "text": "$AAPL if youarelongapple you score on open\nBut the restare down. Then by 45-90 minutes after open you realize you arenow losing on all", "time": 1533121460.0, "sentiment": ""}, {"id": 132183471, "text": "$AAPL how much will this rally reasonably? Is 10% too much for this company?", "time": 1533121406.0, "sentiment": ""}, {"id": 132183469, "text": "$AAPL no risk no reward hope you morons listened to the conference because come a month from now a new FUD will start", "time": 1533121401.0, "sentiment": ""}, {"id": 132183458, "text": "@Soupmister ...? $AAPL is in $SPY my dude could easily help the tech sell off that&#39;s been going on", "time": 1533121384.0, "sentiment": ""}, {"id": 132183442, "text": "@BearishReesesCups I&#39;ll post my Long in $AAPL", "time": 1533121362.0, "sentiment": ""}, {"id": 132183399, "text": "@royalmike1 that\u2019s the problem, you can\u2019t see that $aapl isnt comparable to $fb &amp; $nflx as a co. Try being bearish w those two p/e\u2019s on aapl", "time": 1533121310.0, "sentiment": ""}, {"id": 132183256, "text": "@Soupmister Absolutely, services is up at a all time high for $AAPL", "time": 1533121156.0, "sentiment": "Bullish"}, {"id": 132183119, "text": "$AAPL Thank $AAPL Thank God. Amen.", "time": 1533120993.0, "sentiment": "Bullish"}, {"id": 132183072, "text": "$aapl $qqq I took aug 187.5/190 put spreads today for 1.1.  Feel free to ridicule", "time": 1533120938.0, "sentiment": ""}, {"id": 132183046, "text": "$AAPL With the latest ER &amp; their services business just starting to gain momentum, could be another split in the not too distant future.", "time": 1533120913.0, "sentiment": "Bullish"}, {"id": 132183017, "text": "$AAPL other than that a bet against Apple is a bet against 250 billion in cash, 14.4 forward PE w/ a high flying services revenue and buffet", "time": 1533120890.0, "sentiment": ""}, {"id": 132182987, "text": "$AAPL ER Summary", "time": 1533120856.0, "sentiment": ""}, {"id": 132182916, "text": "$AAPL GO AWAY POOR WALLET, THIS IS GONNA SKYROCKETTTTTTTT !!!!!", "time": 1533120788.0, "sentiment": ""}, {"id": 132182909, "text": "$AAPL the only thing one can argue about this being bearish is the possibility of Beijing retaliating to higher rump tariffs", "time": 1533120780.0, "sentiment": "Bullish"}, {"id": 132182855, "text": "@dabroski Replace &quot;monopoly&quot; with &quot;40% market share&quot; and the meaning remains. No use explaining though, we can disagree on $AAPL&#39;s future.", "time": 1533120730.0, "sentiment": "Bullish"}, {"id": 132182817, "text": "$SPY $AAPL looking good after amazing ER report \ud83d\ude80\ud83d\ude80", "time": 1533120685.0, "sentiment": "Bullish"}, {"id": 132182784, "text": "$AAPL https://www.google.com/amp/s/seekingalpha.com/amp/article/4192790-apple-aapl-q3-2018-results-earnings-call-transcript", "time": 1533120658.0, "sentiment": ""}, {"id": 132182695, "text": "$AAPL lol", "time": 1533120566.0, "sentiment": ""}, {"id": 132182405, "text": "Shoutout to my $CAT brothers with FANGs ( $FB $AAPL $NFLX $GOOGL )", "time": 1533120302.0, "sentiment": "Bullish"}, {"id": 132182198, "text": "$AAPL 90% of ppl posting earlier were put buying bears... here they are now", "time": 1533120056.0, "sentiment": ""}, {"id": 132182178, "text": "Hope $SPY gets a gap in the morning cause of $AAPL and a $GE gap above the 13.66 50 SMA", "time": 1533120031.0, "sentiment": "Bullish"}, {"id": 132182153, "text": "$AAPL&#39;s ROE of 42.02% is amongst the best returns of the industry https://www.chartmill.com/analyze.php?utm_source=stocktwits&amp;utm_medium=FA&amp;utm_content=PROFITABILITY&amp;utm_campaign=social_tracking#/AAPL?r=fa&amp;key=bb853040-a4ac-41c6-b549-d218d2f21b32", "time": 1533120003.0, "sentiment": ""}, {"id": 132182103, "text": "$AAPL this will be the shorts tomorrow", "time": 1533119952.0, "sentiment": "Bullish"}, {"id": 132182093, "text": "@FreeMoneyAllDay easily, could be counting ecommerce transactions, that doesn&#39;t mean it&#39;s coming through $AAPL terminals. Could be partners.", "time": 1533119944.0, "sentiment": ""}, {"id": 132182083, "text": "$AAPL as expected service rev. (+31%) and Other Products (+37%) y/y biggest growth.  apple watch going to need separate category soon imo.", "time": 1533119939.0, "sentiment": ""}, {"id": 132182047, "text": "$AAPL $203.453087177 share = $1,000,000,000,000", "time": 1533119889.0, "sentiment": ""}, {"id": 132182041, "text": "$VGT going to 200$ - beast $AAPL love thy etf", "time": 1533119882.0, "sentiment": "Bullish"}, {"id": 132181631, "text": "$AAPL Would Buffet would have bought more last quarter?", "time": 1533119474.0, "sentiment": ""}, {"id": 132181548, "text": "China&#39;s economy starting to feel the #Tariff&#39;s pinch https://www.wsj.com/articles/chinese-economy-starts-to-feel-tariff-impact-1533015872 $SPY $QQQ $IQ $BIDU $AAPL $AMD $MU", "time": 1533119383.0, "sentiment": ""}, {"id": 132181416, "text": "$AAPL \ud83d\udc40\ud83d\udc40\ud83d\udc40", "time": 1533119252.0, "sentiment": "Bullish"}, {"id": 132181389, "text": "$AAPL on the way back to $200", "time": 1533119232.0, "sentiment": ""}, {"id": 132181377, "text": "$AAPL Chinese government troll&#39;s Apple&#39;s results w/ a Huawei is the new no. 2 selling more phones than Apple.  lol https://twitter.com/PDChina/status/1024488466552250368?s=03", "time": 1533119224.0, "sentiment": ""}, {"id": 132181220, "text": "$AAPL almost 250 billion in cash wow.. I dare you to sell it!! Not me no matter what", "time": 1533119087.0, "sentiment": ""}, {"id": 132181193, "text": "$AAPL 1 TRILLION MADARFAAAKAR !!", "time": 1533119060.0, "sentiment": "Bullish"}, {"id": 132181188, "text": "$AAPL coming close to that trillion mark soon.", "time": 1533119056.0, "sentiment": ""}, {"id": 132181130, "text": "$AAPL first trillion dollar company coming this week  congrats Apple you are in a class by yourself .. \ud83d\ude80\ud83d\ude80\ud83d\ude80\ud83d\ude80", "time": 1533119000.0, "sentiment": "Bullish"}, {"id": 132181118, "text": "@VintageP @teamtradewinner $FB $AAPL  Sold for about 180% return. Moved that into AXN $SSTI pretty early on. Never get too greedy.", "time": 1533118984.0, "sentiment": ""}, {"id": 132181109, "text": "$QQQ $SQQQ $NDX $UVXY Nice bounce from major support. Seems solidified. Will $AAPL lead higher or sell the news? Cautiously Bullish.", "time": 1533118978.0, "sentiment": "Bullish"}, {"id": 132181072, "text": "$SPY $QQQ $DJIA $NDX $SPY gonna affect $AAPL nasdaq rally tomorrow?", "time": 1533118945.0, "sentiment": ""}, {"id": 132181040, "text": "$AMD well. ...$aapl is up. Where the people that tied this to AAPL.", "time": 1533118914.0, "sentiment": ""}, {"id": 132180934, "text": "$AAPL next few days gonna be ballin ! Careful out there, could get nasty.", "time": 1533118812.0, "sentiment": ""}, {"id": 132180895, "text": "$BOX thanks $AAPL for raising all boats", "time": 1533118772.0, "sentiment": "Bullish"}, {"id": 132180787, "text": "$AAPL                 \nWhy Apple Is Still Top Dog After These Earnings https://247wallst.com/consumer-electronics/2018/07/31/why-apple-is-still-top-dog-after-these-earnings/ $QQQ $SOXX $SPY $DIA", "time": 1533118668.0, "sentiment": ""}, {"id": 132180711, "text": "FANG should be replaced with MAGA:  Microsoft apple google amazon - $MSFT $AAPL $GOOGL $AMZN", "time": 1533118589.0, "sentiment": ""}, {"id": 132180699, "text": "$AAPL Apple popped 4%;gave strong guidance; did not factor in the trade war. Apple deep roots in China; Trump just proposed 25% tariff.", "time": 1533118580.0, "sentiment": "Bearish"}, {"id": 132180682, "text": "$AAPL Im a bear , well for the ER , Iost money , bulls you won congratz to you all fair fight , enjoy profits...:(", "time": 1533118567.0, "sentiment": ""}, {"id": 132180679, "text": "$AAPL $205 trillion dollar company", "time": 1533118562.0, "sentiment": "Bullish"}, {"id": 132180652, "text": "$AAPL $205", "time": 1533118537.0, "sentiment": "Bullish"}, {"id": 132180546, "text": "$MU $amat $aapl $spy PINK head impeachment, cannot wait. 1st pres to short market", "time": 1533118431.0, "sentiment": "Bullish"}, {"id": 132180350, "text": "NEW Article:  &quot;Stock Market Update: Will Bulls Have To Burrow?&quot; - https://www.seeitmarket.com/stock-market-update-july-31-will-bulls-have-to-burrow-18261/  by @marketminute \n \n$SPY $QQQ $IWM $DIA $XRT $AAPL", "time": 1533118241.0, "sentiment": ""}, {"id": 132180254, "text": "$TRXC  $AAPL", "time": 1533118154.0, "sentiment": ""}, {"id": 132180200, "text": "$SPY $qqq $dia $aapl $fb take out from White House, let\u2019s unite US again !!!", "time": 1533118104.0, "sentiment": "Bullish"}, {"id": 132180196, "text": "$AAPL could touch $200 finally", "time": 1533118099.0, "sentiment": "Bullish"}, {"id": 132180168, "text": "$SPY we need to make China pay for the wall #tarrifs #maga. $UVXY $MU $AAPL", "time": 1533118073.0, "sentiment": "Bearish"}, {"id": 132180138, "text": "$AAPL will become the 1st trillion dollar company when shares hit $203.46. History in the making. $SPY $QQQ $FB $AMZN $NFLX $GOOG $MU $BABA", "time": 1533118045.0, "sentiment": "Bullish"}, {"id": 132180091, "text": "$AAPL $170 by Friday?", "time": 1533117995.0, "sentiment": ""}, {"id": 132180007, "text": "$AAPL about to burst right through $200 + premarket possible even hit $210!", "time": 1533117917.0, "sentiment": "Bullish"}, {"id": 132179916, "text": "$AAPL Stop cheaping out and throttling $T devices. $QCOM $INTC", "time": 1533117832.0, "sentiment": ""}, {"id": 132179882, "text": "$AAPL psychological $200 level", "time": 1533117806.0, "sentiment": "Bullish"}, {"id": 132179731, "text": "$AAPL shorts are in at 191-190, should give us a nice pump to the 200s tomorrow", "time": 1533117672.0, "sentiment": ""}, {"id": 132179561, "text": "$AAPL we all know the tarrifs are a scare tactic, not worried.", "time": 1533117520.0, "sentiment": "Bullish"}, {"id": 132179469, "text": "$AAPL Samsung\u2019s June quarter mobile mix shifted toward the low-end while Apple\u2019s mix shifted to the high-end.", "time": 1533117449.0, "sentiment": "Bullish"}, {"id": 132179454, "text": "Updated after hours gainers, \n\n$MOH $P $TCS $SEND $PAYC $GLUU $SRG $ZEN $IQ $MTSI $HUYA $AAPL $MDR $CPB $GDS \n\nCheers! \ud83c\udf7b", "time": 1533117438.0, "sentiment": ""}, {"id": 132179433, "text": "Okay $CELG $AAPL were my calls last week up huge. This week I&#39;m looking at $PSTG $BABA $MA $SGMO to buy calls. Holding more celg &amp; $GE calls", "time": 1533117415.0, "sentiment": ""}, {"id": 132179325, "text": "Apple Crushes It and It&#39;s All About Services, Plus Final Hints on Tesla $aapl $nflx $tsla  https://mottcapitalmanagement.com/apple-crushes-it-and-its-all-about-services-plus-final-hints-on-tesla/", "time": 1533117298.0, "sentiment": ""}, {"id": 132179266, "text": "$AAPL $20 billion in AAPL purchased on the market and retired, 112.8 million shares repurchased, $177 average p/s, direct block purchasing", "time": 1533117255.0, "sentiment": ""}, {"id": 132179265, "text": "$AAPL dow futures down", "time": 1533117254.0, "sentiment": ""}, {"id": 132179121, "text": "$AAPL http://files.shareholder.com/downloads/AAPL/5499261842x0x840254/7137D28C-2E6E-4406-8435-ADAB52BB6F4C/Return_of_Capital_and_Net_Cash_Position.pdf", "time": 1533117130.0, "sentiment": ""}, {"id": 132179052, "text": "$AAPL Apple bought $20 billion in open market, wow - they seem to know that shares are way under valued this time with product launch", "time": 1533117069.0, "sentiment": ""}, {"id": 132178758, "text": "$AAPL &quot;A&quot; is for:\n- Apple\n- August\n- A lot of profits", "time": 1533116816.0, "sentiment": "Bullish"}, {"id": 132178730, "text": "$FB they can\u2019t unload shares fast enough. $AAPL Cook hasn\u2019t been selling anything compared to Zuckerburg.", "time": 1533116794.0, "sentiment": ""}, {"id": 132178711, "text": "$AAPL it\u2019ll be interesting tomorrow for sure. Bears gl cuz the bulls going take this shit to trillion", "time": 1533116784.0, "sentiment": "Bullish"}, {"id": 132178604, "text": "$AAPL https://iphone.appleinsider.com/articles/18/07/31/apple-rd-spend-increases-to-7-percent-ahead-of-expect-big-fall-launch-cycle", "time": 1533116706.0, "sentiment": ""}, {"id": 132178584, "text": "if we take out $aapl the Qs are basically down about the same amount as $SPY, would not go long below 2820, likely flushing down to 2795", "time": 1533116692.0, "sentiment": ""}, {"id": 132178455, "text": "take that 120b $FB lost overnight and invest it back into $AAPL", "time": 1533116587.0, "sentiment": "Bullish"}, {"id": 132178356, "text": "$SPY $QQQ $NDX  closed 31 points off hod today. $AAPL ATH  will drive nasdaq up at least 31 . Futures high 7298 , high today 7272.95", "time": 1533116512.0, "sentiment": ""}, {"id": 132178332, "text": "$AAPL gap up fad flat if not red", "time": 1533116485.0, "sentiment": "Bearish"}, {"id": 132178077, "text": "$AAPL was hoping amazon would be first to the big T. Likely Apple after this great quarter", "time": 1533116268.0, "sentiment": ""}, {"id": 132178017, "text": "$AAPL https://media3.giphy.com/media/3oxHQEAif9X4KqY2mA/giphy.gif", "time": 1533116228.0, "sentiment": ""}, {"id": 132177970, "text": "$AMAT I need this president to be out ASAP : what the fuck he knows about tariffs ? Crazy man $spy $aapl $baba $qqq $dia", "time": 1533116193.0, "sentiment": "Bullish"}, {"id": 132177839, "text": "$AMD Trump Tariff news hit at the latest 5:30 EST  Same time as $AAPL earnings. Market didn&#39;t seem to react.", "time": 1533116080.0, "sentiment": ""}, {"id": 132177707, "text": "$AAPL my guess 194", "time": 1533115977.0, "sentiment": ""}, {"id": 132177685, "text": "$AAPL In Apple we trust.", "time": 1533115962.0, "sentiment": ""}, {"id": 132177652, "text": "$AAPL 210 tomorrow", "time": 1533115929.0, "sentiment": "Bullish"}, {"id": 132177591, "text": "@sr1129 Do you realize that does not work...techs are gonna go green because of $AAPL and $IQ Monster earnings...", "time": 1533115891.0, "sentiment": "Bullish"}, {"id": 132177574, "text": "$AAPL  What has the $aapl stream come to lmao", "time": 1533115878.0, "sentiment": ""}, {"id": 132177533, "text": "Nothing will stop the correction; market been floating on constant \u201cgood news\u201d for 2 years now $NFLX $AMZN $TSLA $MU $GOOG $FB $AAPL $SPOT", "time": 1533115841.0, "sentiment": ""}, {"id": 132177529, "text": "$AAPL 112.8 million shares repurchased through open market transactions during the quarter. Apple still  has $90 billion auth. more shares", "time": 1533115837.0, "sentiment": ""}, {"id": 132177455, "text": "$SPY $baba $aapl @potus good thing don\u2019t have to deal with this President next term \ud83d\udc4d, crazy tariffs tariffs? Do something good \ud83d\udc4e\ud83c\udffd", "time": 1533115796.0, "sentiment": "Bullish"}, {"id": 132177426, "text": "Recent recap: $AAPL price moved +3.47% after hours against posted alert - price to hold - other trades included CHGG LL TWTR BIDU PAYC AKAM", "time": 1533115773.0, "sentiment": ""}]