[{"id": 132130855, "text": "$AAPL rally time", "time": 1533094227.0, "sentiment": "Bullish"}, {"id": 132130854, "text": "$AAPL BOOM SHAKA LAKA", "time": 1533094227.0, "sentiment": ""}, {"id": 132130849, "text": "$AAPL 3Q EPS $2.34, EST. $2.18 @StockTwits", "time": 1533094226.0, "sentiment": ""}, {"id": 132130843, "text": "$AAPL What actually are the consensus number, lol. Nobody is posting them.", "time": 1533094225.0, "sentiment": ""}, {"id": 132130841, "text": "$AAPL Tim&#39;s been lifting with Big ROnnie", "time": 1533094224.0, "sentiment": "Bullish"}, {"id": 132130838, "text": "$AAPL ...we may be entering the Puker Festival soon????  Damn Wall Street", "time": 1533094224.0, "sentiment": ""}, {"id": 132130834, "text": "$SPY $AAPL alright. I guess it&#39;s good", "time": 1533094222.0, "sentiment": ""}, {"id": 132130833, "text": "$AAPL wow", "time": 1533094222.0, "sentiment": ""}, {"id": 132130831, "text": "$AAPL whoa", "time": 1533094220.0, "sentiment": "Bullish"}, {"id": 132130827, "text": "$AAPL I love everyone&#39;s opinions. initial reaction is always wrong clowns", "time": 1533094219.0, "sentiment": "Bearish"}, {"id": 132130825, "text": "$AAPL", "time": 1533094219.0, "sentiment": ""}, {"id": 132130818, "text": "$AAPL", "time": 1533094217.0, "sentiment": ""}, {"id": 132130814, "text": "$AAPL whoa", "time": 1533094215.0, "sentiment": ""}, {"id": 132130813, "text": "$AAPL It&#39;s HERE", "time": 1533094215.0, "sentiment": ""}, {"id": 132130811, "text": "A new intraday high at $195.45 was just reached for $AAPL", "time": 1533094215.0, "sentiment": ""}, {"id": 132130810, "text": "$AAPL Jackpot baby", "time": 1533094215.0, "sentiment": "Bullish"}, {"id": 132130808, "text": "$AAPL beat", "time": 1533094214.0, "sentiment": ""}, {"id": 132130804, "text": "$AAPL BEAT", "time": 1533094213.0, "sentiment": "Bullish"}, {"id": 132130799, "text": "$AAPL SEES 4Q REVENUE $60B TO $62B, EST. $59.4B", "time": 1533094212.0, "sentiment": ""}, {"id": 132130798, "text": "$AAPL booooooom", "time": 1533094212.0, "sentiment": ""}, {"id": 132130796, "text": "$AAPL pop", "time": 1533094211.0, "sentiment": ""}, {"id": 132130793, "text": "$AAPL lol \nwent high", "time": 1533094211.0, "sentiment": ""}, {"id": 132130788, "text": "$AAPL haha beat", "time": 1533094210.0, "sentiment": ""}, {"id": 132130777, "text": "$AAPL apple", "time": 1533094207.0, "sentiment": ""}, {"id": 132130776, "text": "A new daily high at $194.87 was just reached for $AAPL.    #AAPL", "time": 1533094207.0, "sentiment": ""}, {"id": 132130774, "text": "A new daily high at $194.55 was just reached for $AAPL.    #AAPL", "time": 1533094206.0, "sentiment": ""}, {"id": 132130771, "text": "A new daily high at $194.25 was just reached for $AAPL.    #AAPL", "time": 1533094205.0, "sentiment": ""}, {"id": 132130766, "text": "A new daily high at $193.98 was just reached for $AAPL.    #AAPL", "time": 1533094205.0, "sentiment": ""}, {"id": 132130765, "text": "$AAPL I&#39;ve got calls and puts so I make money either way", "time": 1533094205.0, "sentiment": ""}, {"id": 132130761, "text": "$AAPL THE CALL STARTS IN 30 NOT 1 MINUTE", "time": 1533094203.0, "sentiment": ""}, {"id": 132130758, "text": "$AAPL everyone thinks they know even me...", "time": 1533094202.0, "sentiment": "Bullish"}, {"id": 132130755, "text": "$AAPL aaannnd they\u2019re out!", "time": 1533094202.0, "sentiment": ""}, {"id": 132130744, "text": "$AAPL BIG BEAT or MISS", "time": 1533094200.0, "sentiment": ""}, {"id": 132130743, "text": "$AAPL is going to influence the whole tech sector, let\u2019s keep it green", "time": 1533094200.0, "sentiment": ""}, {"id": 132130741, "text": "$AAPL YUUUUGE!!\n\nMAGA!", "time": 1533094200.0, "sentiment": "Bullish"}, {"id": 132130739, "text": "$AAPL Hammer Time", "time": 1533094198.0, "sentiment": ""}, {"id": 132130738, "text": "$AAPL is it time?", "time": 1533094198.0, "sentiment": ""}, {"id": 132130737, "text": "$AAPL your item AAPL is currently trending...", "time": 1533094197.0, "sentiment": ""}, {"id": 132130735, "text": "$AAPL slowly rising after market trading", "time": 1533094197.0, "sentiment": "Bullish"}, {"id": 132130721, "text": "$AAPL Please, more people post.", "time": 1533094194.0, "sentiment": ""}, {"id": 132130712, "text": "$AAPL missed!!!", "time": 1533094191.0, "sentiment": "Bearish"}, {"id": 132130711, "text": "$AAPL this is huge for the overall markets almost has to go higher.", "time": 1533094190.0, "sentiment": ""}, {"id": 132130706, "text": "$AAPL ouch could be in the works.", "time": 1533094188.0, "sentiment": ""}, {"id": 132130704, "text": "$AAPL Kinda nervous.", "time": 1533094187.0, "sentiment": "Bullish"}, {"id": 132130700, "text": "$AAPL &gt;&gt;&gt;  Nooooooooooooooooooooooooooooo", "time": 1533094185.0, "sentiment": ""}, {"id": 132130690, "text": "$AAPL 5pm", "time": 1533094182.0, "sentiment": ""}, {"id": 132130689, "text": "$AAPL $AMZN $GOOG selling tech now is too simple. Its never that simple", "time": 1533094181.0, "sentiment": ""}, {"id": 132130683, "text": "$AAPL too many posts .", "time": 1533094181.0, "sentiment": ""}, {"id": 132130680, "text": "$AAPL I wish I had my puts back:(", "time": 1533094180.0, "sentiment": ""}, {"id": 132130678, "text": "$AAPL T-Minus ONE MINUTE", "time": 1533094180.0, "sentiment": ""}, {"id": 132130674, "text": "$AAPL Don&#39;e worry boys and girls!", "time": 1533094179.0, "sentiment": ""}, {"id": 132130667, "text": "$AAPL make or break? $SPY $SPX", "time": 1533094178.0, "sentiment": ""}, {"id": 132130653, "text": "$AAPL This is going to be VERY ugly!", "time": 1533094174.0, "sentiment": "Bearish"}, {"id": 132130650, "text": "$AAPL good luck everyone", "time": 1533094173.0, "sentiment": ""}, {"id": 132130646, "text": "$AAPL tech rally here we come thank you apple", "time": 1533094172.0, "sentiment": "Bullish"}, {"id": 132130644, "text": "$AAPL er out?", "time": 1533094172.0, "sentiment": ""}, {"id": 132130643, "text": "$AAPL Fly like an eagle", "time": 1533094172.0, "sentiment": "Bullish"}, {"id": 132130642, "text": "$AAPL damn thats a lot of gaps down to 165 but doubtful that happens good luck", "time": 1533094172.0, "sentiment": ""}, {"id": 132130641, "text": "$AAPL SLOW DOWN YOU PEOPLE I AM TRYING TO READ", "time": 1533094171.0, "sentiment": ""}, {"id": 132130640, "text": "$AAPL starts at 5pm guys", "time": 1533094170.0, "sentiment": ""}, {"id": 132130639, "text": "$AAPL burn", "time": 1533094170.0, "sentiment": "Bearish"}, {"id": 132130633, "text": "$AAPL BOOOOOOOMMMMMMMMM!!!!!!!!!!! GOODNIGHT BULLS!!!!!!!", "time": 1533094168.0, "sentiment": "Bearish"}, {"id": 132130627, "text": "$AAPL 1 minute!", "time": 1533094168.0, "sentiment": ""}, {"id": 132130625, "text": "$AAPL what do a trillion bears all have in common? Nothing!! They all hate each other!", "time": 1533094167.0, "sentiment": ""}, {"id": 132130624, "text": "$AAPL what if earnings were 0?", "time": 1533094167.0, "sentiment": ""}, {"id": 132130618, "text": "$AAPL up", "time": 1533094165.0, "sentiment": "Bullish"}, {"id": 132130616, "text": "$AAPL Here we go!", "time": 1533094165.0, "sentiment": "Bullish"}, {"id": 132130610, "text": "$AAPL shorted the 175puts and 200calls for 8/10 expiration. $2.40 credit per share. Own the stock.", "time": 1533094164.0, "sentiment": ""}, {"id": 132130606, "text": "$AAPL up or down. all around. $TSLA", "time": 1533094163.0, "sentiment": ""}, {"id": 132130603, "text": "$AAPL 1 min....", "time": 1533094162.0, "sentiment": ""}, {"id": 132130602, "text": "$AAPL I want only good news!!!", "time": 1533094162.0, "sentiment": "Bullish"}, {"id": 132130599, "text": "$AAPL got the popcorn ready. Let the games begin!", "time": 1533094161.0, "sentiment": ""}, {"id": 132130598, "text": "$AAPL ER???  Taking all the FATT cash we can on the power popper!!!!  Hope so!", "time": 1533094160.0, "sentiment": ""}, {"id": 132130596, "text": "$AAPL", "time": 1533094160.0, "sentiment": "Bullish"}, {"id": 132130595, "text": "$AAPL drum \ud83e\udd41", "time": 1533094160.0, "sentiment": ""}, {"id": 132130593, "text": "$AAPL beat beat beat.. Crash crash crash....", "time": 1533094159.0, "sentiment": ""}, {"id": 132130589, "text": "$AAPL The beat last earnings wasn&#39;t even that big. Concerns for slowing iPhone X sales are still well alive. This will go back down to 170", "time": 1533094158.0, "sentiment": ""}, {"id": 132130580, "text": "$AAPL Warren Buffet in the crowd?", "time": 1533094156.0, "sentiment": ""}, {"id": 132130574, "text": "$AAPL 1 min.....", "time": 1533094153.0, "sentiment": "Bullish"}, {"id": 132130566, "text": "$AAPL 1 min", "time": 1533094151.0, "sentiment": "Bearish"}, {"id": 132130565, "text": "$AAPL Forget FANG.   \nApple makes more profit than all of them combined. Shorts are in trouble.", "time": 1533094151.0, "sentiment": "Bullish"}, {"id": 132130558, "text": "$AAPL", "time": 1533094150.0, "sentiment": "Bearish"}, {"id": 132130549, "text": "$AAPL I hope it goes up but doubt it. Probably should have held my 180 puts and made 15000% like FB", "time": 1533094148.0, "sentiment": ""}, {"id": 132130545, "text": "$AAPL too many posts per second", "time": 1533094146.0, "sentiment": ""}, {"id": 132130539, "text": "$AAPL wouldn\u2019t it be funny if aapl fell 20% too? Haha, kidding", "time": 1533094145.0, "sentiment": ""}, {"id": 132130537, "text": "$AAPL StockTwits gets the numbers up before CNBC.", "time": 1533094144.0, "sentiment": ""}, {"id": 132130534, "text": "$AAPL 2 minutes", "time": 1533094143.0, "sentiment": ""}, {"id": 132130522, "text": "$AAPL implications for the market here", "time": 1533094141.0, "sentiment": ""}, {"id": 132130519, "text": "$AAPL people posting num so they can com back with a...told ya if right\ud83d\ude02", "time": 1533094140.0, "sentiment": ""}, {"id": 132130515, "text": "$AAPL is the next $HMNY", "time": 1533094138.0, "sentiment": ""}, {"id": 132130514, "text": "$AAPL way overbought", "time": 1533094138.0, "sentiment": ""}, {"id": 132130501, "text": "$AAPL I live for this shit", "time": 1533094136.0, "sentiment": ""}, {"id": 132130499, "text": "$AAPL If it drops, I\u2019ll buy. If it goes up, I hold.", "time": 1533094135.0, "sentiment": "Bullish"}, {"id": 132130496, "text": "$AAPL See you at a trillion bears", "time": 1533094134.0, "sentiment": "Bullish"}, {"id": 132130485, "text": "$AAPL the good thing about reporting last is that they know what not to say $FB", "time": 1533094132.0, "sentiment": "Bullish"}, {"id": 132130478, "text": "$AAPL some of us already know the numbers...   just waiting to see how much it goes up.", "time": 1533094130.0, "sentiment": ""}, {"id": 132130476, "text": "$AAPL bear bums go bathroom now", "time": 1533094130.0, "sentiment": ""}, {"id": 132130469, "text": "$AAPL dont worry guys, just BTDF like warren buffett", "time": 1533094126.0, "sentiment": "Bearish"}, {"id": 132130464, "text": "$AAPL", "time": 1533094126.0, "sentiment": ""}, {"id": 132130462, "text": "$AAPL Fly me to the moooon", "time": 1533094125.0, "sentiment": "Bullish"}, {"id": 132130461, "text": "$AAPL they hate us cause they anus", "time": 1533094125.0, "sentiment": "Bullish"}, {"id": 132130459, "text": "I thought this might be a good time to talk about my new ICO. $AAPL", "time": 1533094124.0, "sentiment": ""}, {"id": 132130456, "text": "$AAPL May be flat...", "time": 1533094123.0, "sentiment": ""}, {"id": 132130446, "text": "$AAPL 203.45$ = 1 Trillion Company", "time": 1533094122.0, "sentiment": "Bullish"}, {"id": 132130444, "text": "$AAPL hurry up my battery is about out and I don\u2019t have charger with me:-)", "time": 1533094121.0, "sentiment": ""}, {"id": 132130438, "text": "$AAPL go big or go home", "time": 1533094120.0, "sentiment": ""}, {"id": 132130432, "text": "$AAPL let the games begin... watch it be flat.... lmao", "time": 1533094118.0, "sentiment": ""}, {"id": 132130431, "text": "$AAPL \ud83d\ude33\ud83d\ude33\ud83d\ude33\ud83d\ude33\ud83d\ude33\ud83d\ude33\ud83d\ude33\ud83d\ude33\ud83d\ude33\ud83d\ude33\ud83d\ude33\ud83d\ude33", "time": 1533094118.0, "sentiment": "Bullish"}, {"id": 132130429, "text": "$AAPL never under estimate the power of service revenue!", "time": 1533094117.0, "sentiment": ""}, {"id": 132130428, "text": "$AAPL STEADYY STEADYY STEADYYYYY", "time": 1533094117.0, "sentiment": ""}, {"id": 132130427, "text": "$AAPL this is itt.... were all scareddd", "time": 1533094117.0, "sentiment": ""}, {"id": 132130424, "text": "$AAPL 1 minute", "time": 1533094115.0, "sentiment": ""}, {"id": 132130422, "text": "$AAPL Take me to the moon....", "time": 1533094115.0, "sentiment": "Bullish"}, {"id": 132130413, "text": "$AAPL it\u2019s up someone is buying or order book fills", "time": 1533094113.0, "sentiment": ""}, {"id": 132130407, "text": "$AAPL My ass is shakin!!!!", "time": 1533094111.0, "sentiment": "Bullish"}, {"id": 132130406, "text": "$AAPL volatile in AH", "time": 1533094111.0, "sentiment": ""}, {"id": 132130402, "text": "$IQ $AAPL lmao. Havent announced yet. Hope much?", "time": 1533094110.0, "sentiment": ""}, {"id": 132130386, "text": "$AAPL hahahahahaha", "time": 1533094108.0, "sentiment": ""}, {"id": 132130384, "text": "$AAPL close your eyes guys lololol", "time": 1533094108.0, "sentiment": ""}, {"id": 132130356, "text": "$AAPL FAANG HANGS IN THE BALANCE!", "time": 1533094102.0, "sentiment": ""}, {"id": 132130353, "text": "$AAPL $1 million tomorrow ... just joking \ud83e\udd15", "time": 1533094102.0, "sentiment": ""}, {"id": 132130346, "text": "$AAPL Balls of steel to hold through earnings.  Much respect.", "time": 1533094101.0, "sentiment": ""}, {"id": 132130344, "text": "$AAPL 198 is coming !", "time": 1533094100.0, "sentiment": ""}, {"id": 132130342, "text": "$AAPL Ride or Die!", "time": 1533094100.0, "sentiment": ""}, {"id": 132130336, "text": "$AAPL up 115", "time": 1533094099.0, "sentiment": ""}, {"id": 132130333, "text": "$AAPL Apple has missed only 1 earnings out of the last dozen or so. I\u2019ll beat they beat earnings.", "time": 1533094099.0, "sentiment": "Bullish"}, {"id": 132130326, "text": "$AAPL big MISS", "time": 1533094097.0, "sentiment": ""}, {"id": 132130325, "text": "$AAPL Hmmm, ran out of trolling material for Apple...should I resort to Trump or Liberal trolling stuff now?", "time": 1533094097.0, "sentiment": ""}, {"id": 132130324, "text": "$AAPL anyone else sad that hmyn is near death", "time": 1533094097.0, "sentiment": ""}, {"id": 132130321, "text": "$AAPL big cap tech trade is a sell for now, will pick back up and much lower multiples, long term investors will celebrate", "time": 1533094096.0, "sentiment": ""}, {"id": 132130319, "text": "$AAPL Earnings aren&#39;t out yet lol", "time": 1533094095.0, "sentiment": ""}, {"id": 132130314, "text": "$AAPL the TRILLION dollar earnings question.", "time": 1533094094.0, "sentiment": ""}, {"id": 132130309, "text": "$AAPL 191.40, climbing.", "time": 1533094093.0, "sentiment": ""}, {"id": 132130308, "text": "$AAPL all Cook has to say is something weak about guidance and it will drop", "time": 1533094092.0, "sentiment": ""}, {"id": 132130305, "text": "$AAPL short burn of the century", "time": 1533094091.0, "sentiment": "Bullish"}, {"id": 132130299, "text": "$AAPL ms-ytzA7K.gif", "time": 1533094089.0, "sentiment": "Bullish"}, {"id": 132130296, "text": "$AAPL what time", "time": 1533094089.0, "sentiment": ""}, {"id": 132130295, "text": "$AAPL Everyone take a bathroom break at 4:29", "time": 1533094089.0, "sentiment": ""}, {"id": 132130289, "text": "$AAPL bears like I said earlier today. Y&#39;all can kiss my \ud83c\udf51", "time": 1533094087.0, "sentiment": "Bullish"}, {"id": 132130287, "text": "$AAPL t- 2", "time": 1533094087.0, "sentiment": ""}, {"id": 132130285, "text": "$AAPL will apple really matter for amazon?", "time": 1533094087.0, "sentiment": ""}, {"id": 132130284, "text": "$AAPL not until 2 pm pst", "time": 1533094086.0, "sentiment": ""}, {"id": 132130275, "text": "$AAPL Spread widening. Sell now.", "time": 1533094086.0, "sentiment": ""}, {"id": 132130271, "text": "$AAPL I wish the best to the Toronto Blue Jays", "time": 1533094085.0, "sentiment": ""}, {"id": 132130270, "text": "$AAPL Berkshire Hathaway bought 75 million shares this year. Let that sink in.", "time": 1533094085.0, "sentiment": ""}, {"id": 132130266, "text": "$AAPL Time to bend over Shorts", "time": 1533094084.0, "sentiment": ""}, {"id": 132130264, "text": "$AAPL holy shit we did it longs!!!\ud83d\udcb0\ud83d\udcb0\ud83d\udcb0\ud83d\udcb0\ud83d\udcb0\ud83d\udcb0\ud83d\udcb0", "time": 1533094083.0, "sentiment": "Bullish"}, {"id": 132130260, "text": "$AAPL all i know is someone is losing a lot of money tonight will it be shorts or longs", "time": 1533094083.0, "sentiment": "Bullish"}, {"id": 132130252, "text": "$AAPL *Goes long or short. Immediately runs to Stocktwits to spam made up garbage in favor of position.* - Everyone here", "time": 1533094081.0, "sentiment": ""}, {"id": 132130251, "text": "King \ud83d\udc51 $AAPL ..", "time": 1533094081.0, "sentiment": ""}]