[{"id": 132140047, "text": "$AAPL Sweet!   Let&#39;s hope this pull $INTC up with forecast for mobile chips. .", "time": 1533096443.0, "sentiment": ""}, {"id": 132140046, "text": "$AMAT Aaaple and Peaars, good job man..thanks to loyal orchard harvesters in exceeding it&#39;s wildest expectations..$AAPL", "time": 1533096443.0, "sentiment": ""}, {"id": 132140031, "text": "$AAPL A little shorting window opened at 196+.", "time": 1533096437.0, "sentiment": "Bearish"}, {"id": 132140026, "text": "$AAPL so much selling action", "time": 1533096436.0, "sentiment": "Bearish"}, {"id": 132140021, "text": "$AAPL you might be the stupidest person on here", "time": 1533096435.0, "sentiment": ""}, {"id": 132140006, "text": "$AAPL jumping jehovah this thing stalled hit a wall slammed on the breaks whatever you want to call it", "time": 1533096431.0, "sentiment": ""}, {"id": 132139993, "text": "$AAPL MOFO beast!!!", "time": 1533096427.0, "sentiment": "Bullish"}, {"id": 132139981, "text": "$SPY $SPX $DJIA $DIA strongest growth in 11 quarters, because the iPhone peaked in 2015 &amp; services are just now able to plug the hole $AAPL", "time": 1533096424.0, "sentiment": ""}, {"id": 132139978, "text": "$AAPL BTFD", "time": 1533096423.0, "sentiment": ""}, {"id": 132139969, "text": "$aapl I am shorting at the open...that is all they got...LMAO ATH&#39;s and now peaked, and morons are buyin up here lol", "time": 1533096422.0, "sentiment": ""}, {"id": 132139964, "text": "$AAPL here comes the pain!", "time": 1533096421.0, "sentiment": "Bearish"}, {"id": 132139962, "text": "$AAPL \u201cthe app economy is growing\u201d", "time": 1533096421.0, "sentiment": ""}, {"id": 132139955, "text": "$NFLX $AAPL Nobody is buying Netflix. It\u2019s either sink or swim. Too many liabilities and too expensive to buy.", "time": 1533096418.0, "sentiment": ""}, {"id": 132139922, "text": "$AAPL don\u2019t want too much attention, if Prez might tweet something tomorrow", "time": 1533096411.0, "sentiment": ""}, {"id": 132139890, "text": "$AAPL it&#39;s falling", "time": 1533096403.0, "sentiment": "Bearish"}, {"id": 132139864, "text": "$AAPL can you please go to 200? I have some calls. Thanks!", "time": 1533096397.0, "sentiment": "Bullish"}, {"id": 132139855, "text": "$AAPL Please buy MU!!!", "time": 1533096396.0, "sentiment": ""}, {"id": 132139823, "text": "$AAPL 196 tough 197 almost 198 never 200 no way", "time": 1533096387.0, "sentiment": ""}, {"id": 132139821, "text": "$SPY $aapl on the hourly chart", "time": 1533096387.0, "sentiment": ""}, {"id": 132139814, "text": "$AAPL services revs now at 18% of total revs and growing part of this are those lovely SUBSCRIPTION revenues.", "time": 1533096384.0, "sentiment": ""}, {"id": 132139801, "text": "$AAPL they don\u2019t have iOS . It\u2019s not the phone it\u2019s iOS", "time": 1533096380.0, "sentiment": ""}, {"id": 132139796, "text": "$AAPL i see most of the chicken-mcnuggets-for-brains have disappeared....", "time": 1533096380.0, "sentiment": ""}, {"id": 132139794, "text": "$AAPL f you Wall Street this should be up 10 percent", "time": 1533096379.0, "sentiment": ""}, {"id": 132139724, "text": "$AAPL &gt; rest of america", "time": 1533096360.0, "sentiment": ""}, {"id": 132139714, "text": "$AAPL what is NFLX thinking", "time": 1533096357.0, "sentiment": ""}, {"id": 132139709, "text": "$AAPL What happened to all the bears???", "time": 1533096355.0, "sentiment": ""}, {"id": 132139707, "text": "$AAPL geeez...the call is awesome--record everything", "time": 1533096355.0, "sentiment": ""}, {"id": 132139703, "text": "$AAPL $196 is holding so we might see $200 but its still early", "time": 1533096353.0, "sentiment": "Bearish"}, {"id": 132139701, "text": "$AAPL Apple healthcare initiatives, AR glasses is what I want to hear from TC", "time": 1533096353.0, "sentiment": ""}, {"id": 132139680, "text": "$AAPL Had to hit north of 196 for shorting.  At that price people too scared to do it.", "time": 1533096346.0, "sentiment": "Bearish"}, {"id": 132139675, "text": "$AAPL good price to sell, tech be sold off this month.", "time": 1533096343.0, "sentiment": "Bearish"}, {"id": 132139666, "text": "$AAPL well got to get more shared well you can", "time": 1533096342.0, "sentiment": "Bullish"}, {"id": 132139662, "text": "$AAPL hits ATH", "time": 1533096341.0, "sentiment": ""}, {"id": 132139638, "text": "$AAPL congrats Longs...decent QTR &amp; AH action good....getting close to the 1T", "time": 1533096331.0, "sentiment": "Bullish"}, {"id": 132139633, "text": "$GE $GE $oops! Ment $AAPL, But AMZN Ok \ud83d\udc4c too", "time": 1533096330.0, "sentiment": ""}, {"id": 132139628, "text": "$AAPL Just buy $GOOGL and $APPL and you are set for continued returns for tech revolution that is on going", "time": 1533096328.0, "sentiment": "Bullish"}, {"id": 132139625, "text": "$AAPL  sell while u can get 190", "time": 1533096328.0, "sentiment": "Bearish"}, {"id": 132139607, "text": "$aapl link to earnings call: https://www.apple.com/investor/earnings-call/", "time": 1533096323.0, "sentiment": ""}, {"id": 132139587, "text": "$AAPL THE DEUCE! 200!", "time": 1533096318.0, "sentiment": "Bullish"}, {"id": 132139586, "text": "$AAPL Soon to be in my memoir a gentleman asked \u201chow\u2019d you afford a condo in LA at 23?\u201d \u201cIt was so easy $AAPL @ 96.00 sir.", "time": 1533096317.0, "sentiment": "Bullish"}, {"id": 132139584, "text": "$AAPL $AMD did post to warn Bears now enjoy the Bears-B-Q with all beers. Congrats Long!", "time": 1533096317.0, "sentiment": "Bullish"}, {"id": 132139580, "text": "$AAPL declining iphone sales, will translate to lower and lower profit margins", "time": 1533096316.0, "sentiment": ""}, {"id": 132139579, "text": "@mysteryoftime $AAPL already has thousands of engineers dedicated to a secret project. In case you missed the actual news:\n https://www.bloomberg.com/news/articles/2018-07-10/ex-apple-employee-charged-with-stealing-secrets-for-chinese-firm", "time": 1533096316.0, "sentiment": ""}, {"id": 132139548, "text": "$AAPL do you think warren buffet ever uses James May\u2019s \u201cBuffeting\u201d", "time": 1533096308.0, "sentiment": "Bullish"}, {"id": 132139545, "text": "$AAPL hahahaha...they bought back stock like they promised you complete clown !!!", "time": 1533096307.0, "sentiment": ""}, {"id": 132139518, "text": "$AAPL +3% AH to another all time high.   Conference call starting now.  Tim is thrilled.", "time": 1533096301.0, "sentiment": ""}, {"id": 132139509, "text": "$AAPL anyone able to chime into earnings call? vant hear a thing", "time": 1533096300.0, "sentiment": "Bullish"}, {"id": 132139500, "text": "$AAPL FANG not out of favor.rest assured.", "time": 1533096298.0, "sentiment": ""}, {"id": 132139488, "text": "$WATT $AAPL Killed it .....almost to $1T MC....new products in September......", "time": 1533096295.0, "sentiment": "Bullish"}, {"id": 132139477, "text": "$AAPL Hands down of the best stocks out there.", "time": 1533096292.0, "sentiment": "Bullish"}, {"id": 132139450, "text": "$AAPL amazon 12 times more profit and drop next day", "time": 1533096284.0, "sentiment": ""}, {"id": 132139439, "text": "$AAPL But you can assess a billion dollars over expectations.\nApple just makes money.\n\nOne\n\nBillion\n \nDollars\n\nOver", "time": 1533096281.0, "sentiment": ""}, {"id": 132139438, "text": "$AAPL  sell it....all tech is struggling to meet lofty earnings and revenue missing....the bubble is about to pop", "time": 1533096280.0, "sentiment": "Bearish"}, {"id": 132139420, "text": "$SPY my 5 hour $aapl chart", "time": 1533096276.0, "sentiment": ""}, {"id": 132139417, "text": "$AAPL strongest growth in the last 11 quarter\u2019s!!!!!!", "time": 1533096275.0, "sentiment": "Bullish"}, {"id": 132139415, "text": "$AAPL cash down 23b without any reason", "time": 1533096274.0, "sentiment": "Bearish"}, {"id": 132139404, "text": "$AAPL active installed base double digit growth! this is the new metric!!", "time": 1533096272.0, "sentiment": ""}, {"id": 132139391, "text": "$OPK $6.00 tomorrow $AAPL up 3% AH", "time": 1533096269.0, "sentiment": "Bullish"}, {"id": 132139381, "text": "$AAPL  best quarter ever yeahhhhhhhh", "time": 1533096267.0, "sentiment": "Bullish"}, {"id": 132139366, "text": "$AAPL Tim Cook voice is so soothing. It makes me feel like everything is ok.", "time": 1533096262.0, "sentiment": "Bullish"}, {"id": 132139362, "text": "$AAPL It was 196 couple of weeks ago no big deal", "time": 1533096261.0, "sentiment": ""}, {"id": 132139339, "text": "$AAPL CC &quot;Strongest growth in 11 quarters&quot;", "time": 1533096257.0, "sentiment": ""}, {"id": 132139336, "text": "$AAPL  During this up cycle $200 breach in focus", "time": 1533096257.0, "sentiment": "Bullish"}, {"id": 132139333, "text": "$AAPL shorts mucked. $twtr mucked.", "time": 1533096257.0, "sentiment": "Bullish"}, {"id": 132139309, "text": "$AAPL we did it boys. AAPL saving the tech market once again", "time": 1533096252.0, "sentiment": "Bullish"}, {"id": 132139303, "text": "$AAPL to the moon!", "time": 1533096250.0, "sentiment": ""}, {"id": 132139301, "text": "$AAPL Uhhh! What a beat!!! Can&#39;t sell more iPhones, so let&#39;s raise the price. What a joke.", "time": 1533096249.0, "sentiment": "Bearish"}, {"id": 132139273, "text": "$AAPL Tim Cook is a genius at making money don&#39;t mess around with him", "time": 1533096241.0, "sentiment": ""}, {"id": 132139270, "text": "$AAPL $SPY $QQQ  a higher valuation sold more phones and ASP higher &amp; Services Revenue way Up \ud83d\udc40and will continue increase \ud83d\udca1\ud83d\udc40\ud83d\udc02", "time": 1533096240.0, "sentiment": ""}, {"id": 132139265, "text": "$AAPL has earnings started?", "time": 1533096239.0, "sentiment": "Bullish"}, {"id": 132139234, "text": "LOL at $BTC.X holders.. HODL a garbage asset, meanwhile $AAPL literally printing money and growing like a weed, #CashFlow @DomLuminous", "time": 1533096230.0, "sentiment": ""}, {"id": 132139225, "text": "$AAPL Apple +2.4% on Q3 beats with Services at all-time high https://seekingalpha.com/news/3376283", "time": 1533096228.0, "sentiment": ""}, {"id": 132139215, "text": "$AAPL Just keep running so I can unload my calls at open", "time": 1533096226.0, "sentiment": "Bullish"}, {"id": 132139209, "text": "$AAPL Apple earnings Q3 2018 https://www.cnbc.com/2018/07/31/apple-earnings-q3-2018.html", "time": 1533096225.0, "sentiment": ""}, {"id": 132139165, "text": "$AAPL this is what they said about iphone inventory 3 months ago...let&#39;s see what they say today", "time": 1533096212.0, "sentiment": ""}, {"id": 132139157, "text": "$AAPL BEST QUARTER EVER", "time": 1533096208.0, "sentiment": "Bullish"}, {"id": 132139148, "text": "$AAPL 210.00 soon", "time": 1533096204.0, "sentiment": ""}, {"id": 132139091, "text": "$AAPL CRUMBLE!!!", "time": 1533096188.0, "sentiment": ""}, {"id": 132139088, "text": "$FB gonna FLY TOMORROW bc of $AAPL !! Unreal!!!", "time": 1533096187.0, "sentiment": "Bullish"}, {"id": 132139082, "text": "$AAPL CNBC/Fast money:  $Apple a must own stock!!!!!", "time": 1533096184.0, "sentiment": "Bullish"}, {"id": 132139075, "text": "$ANET $AAPL $GOOG $GOOGL $FB $AMZN #Datacenter demand is growing... at this price ER should be a beat", "time": 1533096181.0, "sentiment": "Bullish"}, {"id": 132139069, "text": "$AAPL $MSFT $AMZN guys by betting against AAPL you bet against Buffet...now let me ask you a question. How dumb are you?", "time": 1533096180.0, "sentiment": "Bullish"}, {"id": 132139059, "text": "$AAPL glad I didn\u2019t go short here", "time": 1533096177.0, "sentiment": ""}, {"id": 132139054, "text": "$AAPL - Solid earnings quarter! From here its easy peesy for Apple to get to $200 to become the world&#39;s first Trillion dollar company!", "time": 1533096176.0, "sentiment": "Bullish"}, {"id": 132139049, "text": "$AAPL Here is to all the pussies that where afraid to buy the stock before ER.", "time": 1533096175.0, "sentiment": ""}, {"id": 132139016, "text": "$AAPL Market savior.", "time": 1533096161.0, "sentiment": ""}, {"id": 132138995, "text": "$AAPL 1,000,000,000,000 Company... Apple for A, A is the best score, the champ!!!", "time": 1533096153.0, "sentiment": "Bullish"}, {"id": 132138951, "text": "$AAPL ", "time": 1533096143.0, "sentiment": ""}, {"id": 132138944, "text": "$AAPL $AMZN $BABA $GOOGL - Keeping it simple - staying long!", "time": 1533096141.0, "sentiment": "Bullish"}, {"id": 132138925, "text": "$AAPL $200..easy!", "time": 1533096132.0, "sentiment": ""}, {"id": 132138900, "text": "Apple Hits All-Time High After Beating On Revenue And Earnings, Despite iPhone Miss $AAPL https://t.co/Uijh5g5rzw", "time": 1533096124.0, "sentiment": ""}, {"id": 132138897, "text": "$AAPL I suspect Apple will drop to 180 / 185 range before the market pullback is over and everyone is ready to jump in next week, maybe not!", "time": 1533096123.0, "sentiment": ""}, {"id": 132138885, "text": "$AAPL it costes 170 when the numbers were better, why should it raise to 200 with worse ones? Cook wants 1 trln, but not now, obviously", "time": 1533096119.0, "sentiment": "Bearish"}, {"id": 132138878, "text": "$AAPL Who wants to bet me now no $200 tomorrow ????? Short and cover short and cover", "time": 1533096116.0, "sentiment": ""}, {"id": 132138872, "text": "$AAPL Celebrate! https://www.youtube.com/watch?v=kwlPNv6Y1WE", "time": 1533096114.0, "sentiment": "Bullish"}, {"id": 132138868, "text": "$TWTR how funny would it be for this thing to rip back 25% by eow on news $AAPL is the first trillion dollar company.", "time": 1533096113.0, "sentiment": "Bullish"}, {"id": 132138866, "text": "$AAPL Run it up", "time": 1533096112.0, "sentiment": "Bullish"}, {"id": 132138862, "text": "$AAPL I had a stop loss in place, but looks like it won&#39;t be needed.", "time": 1533096111.0, "sentiment": ""}, {"id": 132138855, "text": "$AAPL Pssst!  The conference is about to start!!!!", "time": 1533096109.0, "sentiment": "Bullish"}, {"id": 132138828, "text": "$AAPL cash horde $243B", "time": 1533096101.0, "sentiment": "Bullish"}, {"id": 132138821, "text": "$AAPL Bunch of unbelievers sold right at/before the bell LoLz.\n$200 tomorrow\nYou can\u2019t touch this (FB)", "time": 1533096098.0, "sentiment": ""}, {"id": 132138815, "text": "[$$] Apple&#39;s Revenue, Earnings Top Estimates $AAPL https://www.wsj.com/articles/apples-revenue-earnings-top-estimates-1533069011?mod=yahoo_hs&amp;yptr=yahoo", "time": 1533096097.0, "sentiment": ""}, {"id": 132138794, "text": "$AAPL it has to be 15% up by now. Very much disappointed", "time": 1533096093.0, "sentiment": "Bullish"}, {"id": 132138792, "text": "Apple&#39;s Stock Hits All-Time High After Beating Q3 Earnings, Sales Estimates https://benzinga.com/z/12112323 $AAPL", "time": 1533096093.0, "sentiment": ""}, {"id": 132138791, "text": "$AAPL  \u2764\ufe0f it when \ud83c\udf4e \ud83d\udc3b get crushed on earnings\ud83d\udcb0\ud83d\udcb0\ud83d\udcb0", "time": 1533096092.0, "sentiment": "Bullish"}, {"id": 132138785, "text": "3) Apple Q: $AAPL \n  \n\u2022 Other products crushes \n\u2022 $~25B to investors \n\u2022 Homerun", "time": 1533096090.0, "sentiment": ""}, {"id": 132138782, "text": "$AAPL It can still dip down to 192-193 in AH, be careful.", "time": 1533096089.0, "sentiment": ""}, {"id": 132138753, "text": "$AAPL so far 5.4M shares traded AH", "time": 1533096080.0, "sentiment": ""}, {"id": 132138751, "text": "$AAPL Apple no comparison to FB Apple better actually makes product FB ponzI scheme  \nshort &amp; cover short &amp; cover", "time": 1533096080.0, "sentiment": ""}, {"id": 132138748, "text": "$AAPL earning gain erased by end of this week just like any other fanng", "time": 1533096079.0, "sentiment": "Bearish"}, {"id": 132138738, "text": "$AAPL bought puts and got burned! Congrats longs. 3/4 on ER puts ain\u2019t bad", "time": 1533096076.0, "sentiment": ""}, {"id": 132138733, "text": "$AAPL Forget china, time to see growth in india", "time": 1533096074.0, "sentiment": ""}, {"id": 132138731, "text": "$AAPL just like the Amazon fan boys, ignoring  the details. Will Selloff tomorrow too", "time": 1533096073.0, "sentiment": ""}, {"id": 132138722, "text": "$AAPL picked up 25 $190 calls at 3.59pm for fun lol payday tomorrow :-)", "time": 1533096071.0, "sentiment": "Bullish"}, {"id": 132138711, "text": "2) Apple Q: $AAPL \n\u2022 $244B cash  \n\u2022 Avg iPhone price $724 \n\u2022 $73.6B in op cash flow T12M", "time": 1533096067.0, "sentiment": ""}, {"id": 132138710, "text": "$AAPL 200+ tomorrow", "time": 1533096067.0, "sentiment": "Bullish"}, {"id": 132138707, "text": "$AAPL BEARS--its too early for hibernation.  LMAO!!!", "time": 1533096067.0, "sentiment": ""}, {"id": 132138691, "text": "$AAPL The tech titan has stemmed the tide of bad news for the sector by delivering a solid earnings beat. https://stocknews.com/news/aapl-apple-inc-aapl-delivers-a-solid-earnings-report-shares-climb/", "time": 1533096061.0, "sentiment": ""}, {"id": 132138685, "text": "$AAPL just printed ATH 196", "time": 1533096060.0, "sentiment": "Bullish"}, {"id": 132138672, "text": "$AAPL you can&#39;t assess iphone unit performance until they have told us the inventory numbers", "time": 1533096058.0, "sentiment": ""}, {"id": 132138647, "text": "$AAPL iPhone sales missed expectations, but higher margin Services business (Music, iCloud, ApplePay) sees $9B in revenue, up 31% YoY.", "time": 1533096050.0, "sentiment": "Bullish"}, {"id": 132138644, "text": "$AAPL $AAOI $AMD $MU Yes ....AMD !!!\ud83d\udc4d\ud83d\udc4d\ud83d\udc4d\ud83d\ude80\ud83d\ude80", "time": 1533096050.0, "sentiment": ""}, {"id": 132138639, "text": "@jondotcom @moneyandgreed well good luck either way. $AAPL just crushes it... hopefully they left some customers for $FIT", "time": 1533096048.0, "sentiment": ""}, {"id": 132138628, "text": "$AAPL $SPY $QQQ Apple was the best top 3 selling Smartphones Selling in Urban China \ud83c\udde8\ud83c\uddf3 \ud83d\udca1\ud83d\udc02\ud83d\udc40", "time": 1533096044.0, "sentiment": ""}, {"id": 132138610, "text": "$AAPL Do you smell a massive short squeeze coming? The new ATH means all shorts are underwater.", "time": 1533096040.0, "sentiment": "Bullish"}, {"id": 132138604, "text": "$AAPL read my lips...will close tomorrow  at 210..it is what it is...", "time": 1533096039.0, "sentiment": "Bullish"}, {"id": 132138587, "text": "1) Apple Q: $AAPL \n \n\u2022 Total rev $53B 17% Y/Y \n\u2022 Services now a $38B run rate 31% Y/Y \n\u2022 Services 17.9% of revenue \n\u2022 Gross margin 38.3%", "time": 1533096037.0, "sentiment": ""}, {"id": 132138558, "text": "$AAPL wow. shorts still fighting this. let it pop for crying out loud. it will come down by itself.", "time": 1533096031.0, "sentiment": ""}, {"id": 132138555, "text": "$AAPL Fizzle", "time": 1533096031.0, "sentiment": ""}, {"id": 132138541, "text": "$AAPL  &quot;We&#39;re thrilled to report Apple&#39;s best June quarter ever,&quot; said Tim Cook,  Apple&#39;s CEO.", "time": 1533096027.0, "sentiment": ""}, {"id": 132138523, "text": "$AAPL bears of apple went to same den of fb and nflx longs went to  LOL", "time": 1533096024.0, "sentiment": ""}, {"id": 132138506, "text": "$AAPL I was with my finger ready to hit \u201csell\u201d to sell half of my position, but didn\u2019t have to... thank u!!", "time": 1533096021.0, "sentiment": "Bullish"}, {"id": 132138452, "text": "$AAPL Based In computations (MIT math) from our system, we went short at $196.", "time": 1533096012.0, "sentiment": ""}, {"id": 132138435, "text": "$AAPL its in these moments that Cook makes Zuck look like the inexperienced kid that he is ...", "time": 1533096009.0, "sentiment": ""}, {"id": 132138420, "text": "$AAPL Short covering will be like pouring on gasoline to this tmrw", "time": 1533096006.0, "sentiment": "Bullish"}, {"id": 132138407, "text": "$AAPL ABC Bullish (W) published in CPAT Dec. 2018, Targets http://publizr.com/surinotes/chart-patterns-and-algo-trader-dec-11-2017?html=true#/48/", "time": 1533096004.0, "sentiment": ""}, {"id": 132138402, "text": "$PAYC additional tailwind to come tomorrow from $AAPL beats. Bump the entire sector $SWKS  ", "time": 1533096003.0, "sentiment": "Bullish"}, {"id": 132138391, "text": "$AAPL lets go 1 minute", "time": 1533096001.0, "sentiment": ""}, {"id": 132138388, "text": "$AAPL \ud83d\udd25 $FB wiggling with some excitement.", "time": 1533095999.0, "sentiment": "Bullish"}, {"id": 132138357, "text": "First Look: Apple\u2019s Strong Earnings Pave Path for Trillion-Dollar Valuation $AAPL https://investorplace.com/2018/07/first-look-aapl-stock-strong-earnings-pave-path-for-trillion-dollar-valuation/", "time": 1533095991.0, "sentiment": ""}, {"id": 132138339, "text": "$AAPL miss iPhone and MacBook", "time": 1533095985.0, "sentiment": "Bearish"}, {"id": 132138335, "text": "$AAPL tech stocks ll go up tomorrow", "time": 1533095985.0, "sentiment": "Bullish"}, {"id": 132138334, "text": "$FB \ud83d\ude80 tomorrow... thanks $AAPL", "time": 1533095984.0, "sentiment": "Bullish"}, {"id": 132138332, "text": "$AAPL Really????\nWhat boat did you just get off of ????", "time": 1533095984.0, "sentiment": ""}, {"id": 132138331, "text": "$AAPL Hear me now. Booyakasha! New all-time high.", "time": 1533095983.0, "sentiment": "Bullish"}, {"id": 132138323, "text": "$AAPL The World\u2019s first trillion dollar company perhaps", "time": 1533095980.0, "sentiment": "Bullish"}, {"id": 132138319, "text": "$AAPL Apple very simple to trade", "time": 1533095979.0, "sentiment": ""}, {"id": 132138292, "text": "$AAPL This is going to be worth a pretty penny in the morning \ud83d\ude0a", "time": 1533095972.0, "sentiment": "Bullish"}, {"id": 132138280, "text": "$SPY Bears &amp; Shorts not having a good night + China News coming? Yikes $BABA $AAPL $AMZN $QQQ", "time": 1533095969.0, "sentiment": "Bullish"}, {"id": 132138274, "text": "$HMNY haven&#39;t logged in here for awhile and not normally my style, but I def told you so on this one. While $AAPL makes an ATH. $STUDY", "time": 1533095966.0, "sentiment": ""}]