[{"id": 132151110, "text": "$AAPL $198 soon", "time": 1533100323.0, "sentiment": "Bullish"}, {"id": 132151076, "text": "$AAPL  So I guess the headline tomorrow will be something like, \u201cApple Earnings ONE COMPANY Rallies the ENTIRE Market\u201d  .... $SPY", "time": 1533100312.0, "sentiment": "Bullish"}, {"id": 132150957, "text": "$AAPL $SPY $QQQ  Cramer is jacking this making the sound case for 300 target as a consumer products company!! \ud83d\ude1d\ud83d\ude1d\ud83d\ude1d", "time": 1533100263.0, "sentiment": "Bullish"}, {"id": 132150936, "text": "$AAPL looking at the AAPL result, I am done predicting anything. Will consider stock trades as gamble. Everything is entirely random.", "time": 1533100253.0, "sentiment": ""}, {"id": 132150934, "text": "$AAPL THE QUALCOMM OF THE 2000 ..AND THEN the BOTTOM fell out ....When AMAZON enters the phone market look out", "time": 1533100253.0, "sentiment": ""}, {"id": 132150930, "text": "$FB $AAPL  Bingo.", "time": 1533100250.0, "sentiment": ""}, {"id": 132150911, "text": "Will $AAPL be able to save $NFLX from dismal reversal? Inquiring minds want to know.", "time": 1533100242.0, "sentiment": "Bullish"}, {"id": 132150906, "text": "$AAPL Steve Jobs did excellent job appointing Tim Cook as his successor", "time": 1533100240.0, "sentiment": "Bullish"}, {"id": 132150889, "text": "$AAPL people don&#39;t realize Apple is basically a non cyclical consumer products company, not a bs tech or social media non sense", "time": 1533100231.0, "sentiment": ""}, {"id": 132150880, "text": "When the FED goes 50 basis like they used to, that may take some bloom off the rose aka $AAPL $SPY ", "time": 1533100229.0, "sentiment": ""}, {"id": 132150871, "text": "$AAPL so much for carter\u2019s call to the downside", "time": 1533100224.0, "sentiment": ""}, {"id": 132150866, "text": "$AAPL FIRST TRILLION DOLLAR STOCK TOMORROW, get your shares now!!!!", "time": 1533100219.0, "sentiment": "Bullish"}, {"id": 132150838, "text": "$AAPL selling into this move &amp; will then short @ some point during as shorts try 2 cover &amp; salvage eroding premium .15 if they r lucky!", "time": 1533100206.0, "sentiment": "Bearish"}, {"id": 132150748, "text": "$AAPL Who would have thought this will outperform $FB and $NFLX after earnings.", "time": 1533100163.0, "sentiment": ""}, {"id": 132150733, "text": "$AAPL cant listen to er on rh", "time": 1533100154.0, "sentiment": ""}, {"id": 132150688, "text": "$AAPL 50 BIL INCREASE in M/C  on 41 MIL PHONES SOLD....1.219,512,195   per phone WHAT A BUSINESS .LOL what damn joke", "time": 1533100135.0, "sentiment": ""}, {"id": 132150579, "text": "$AAPL $FIT  Canalys&#39; &quot;estimate&quot; of Apple Watch growth was off about 50%. Actual growth was &quot;low 40s percent&quot;.\n\nhttps://www.canalys.com/newsroom/apple-ships-35-million-watches-in-q2-2018-with-lte-version-a-runaway-success-in-asia", "time": 1533100078.0, "sentiment": ""}, {"id": 132150578, "text": "$AAPL ", "time": 1533100077.0, "sentiment": ""}, {"id": 132150574, "text": "$AAPL reported 40.12% YoY EPS growth for Q3, up from 30.00% in Q2 and higher than the Estimize community expected.\nhttp://www.estimize.com/intro/aapl?chart=historical&amp;metric_name=eps&amp;utm_content=AAPL&amp;utm_medium=eps_growth&amp;utm_source=stocktwits", "time": 1533100073.0, "sentiment": ""}, {"id": 132150560, "text": "$AAPL Thank you so much. Saved the entire QQQ!!!", "time": 1533100069.0, "sentiment": ""}, {"id": 132150545, "text": "$AAPL sold a shitload if Puts before Bell. Happy camper", "time": 1533100062.0, "sentiment": "Bullish"}, {"id": 132150543, "text": "$AAPL easy 200 to 205 by Friday", "time": 1533100062.0, "sentiment": "Bullish"}, {"id": 132150532, "text": "$AAPL what a great stock to own.", "time": 1533100058.0, "sentiment": ""}, {"id": 132150518, "text": "$AAPL Apple has a good shot at $200 tomorrow.   \n \nI almost feel sorry for the dumb short.  I said, almost...lol", "time": 1533100055.0, "sentiment": "Bullish"}, {"id": 132150516, "text": "$AAPL Cramer: $280-300 tgt", "time": 1533100055.0, "sentiment": "Bullish"}, {"id": 132150507, "text": "$IQ $AAPL $QQQ $SQ awesome day on the first three obviously tomorrow AH $SQ joins the party don\u2019t forget $81 evaluation", "time": 1533100050.0, "sentiment": "Bullish"}, {"id": 132150505, "text": "After Hrs \nGappers $MOH $TCS $P $PAYC $GLUU $IQ $MTSI $ZEN $CPB $AAPL  \n \nCrappers  $BGFV $SYNA $CAKE $ZAGG $MB $AKAM $WLL $DVN", "time": 1533100049.0, "sentiment": ""}, {"id": 132150483, "text": "$AAPL gap up tomorrow morning", "time": 1533100043.0, "sentiment": ""}, {"id": 132150462, "text": "$AAPL obviously I&#39;m missing out the tech run tomorrow... but at least I was&#39;n a short", "time": 1533100032.0, "sentiment": ""}, {"id": 132150457, "text": "$AAPL Prices may be a completely different level by morning. If you are option player don&#39;t count those chickens just yet.", "time": 1533100029.0, "sentiment": ""}, {"id": 132150441, "text": "$AAPL cramer is a fucking moron", "time": 1533100022.0, "sentiment": ""}, {"id": 132150427, "text": "$AAPL Cramer says 200+ tomorrow.", "time": 1533100012.0, "sentiment": ""}, {"id": 132150410, "text": "$AAPL Congrats longs!", "time": 1533100004.0, "sentiment": "Bullish"}, {"id": 132150407, "text": "$AAPL disappointing only $197", "time": 1533100001.0, "sentiment": "Bullish"}, {"id": 132150387, "text": "$AAPL all time high", "time": 1533099994.0, "sentiment": ""}, {"id": 132150386, "text": "$SPY Fire up the sell programs! $AAPL earnings were smoke and mirrors. Fed up next and Cheeto already warned to deflect the drop to the Fed!", "time": 1533099994.0, "sentiment": "Bearish"}, {"id": 132150346, "text": "$AAPL officially Buffet&#39;s updated holdings will be out mid Aug. Last qtr tho he pre-released his activity to CNBC a couple of days after ER", "time": 1533099975.0, "sentiment": ""}, {"id": 132150344, "text": "$AAPL did you know that you make phone calls on it too!? this thing is amazing!", "time": 1533099974.0, "sentiment": "Bullish"}, {"id": 132150318, "text": "$AAPL I love you Steve Jobs", "time": 1533099968.0, "sentiment": ""}, {"id": 132150317, "text": "I will now switch from my Samsung to an iPhone (even though it&#39;s a pain to switch everything over) u earned my bizness! Thank you $AAPL!", "time": 1533099968.0, "sentiment": "Bullish"}, {"id": 132150264, "text": "$AAPL here for the memes", "time": 1533099945.0, "sentiment": "Bullish"}, {"id": 132150258, "text": "$AAPL Apple gains after hours are the equivalent of 34,000 Helios and Mathesons. AAPL market cap is 1.1 million x larger than $HMNY.", "time": 1533099943.0, "sentiment": "Bullish"}, {"id": 132150249, "text": "$AAPL There is a lot of unloading from institutional to retail investors in next 2 weeks", "time": 1533099941.0, "sentiment": "Bearish"}, {"id": 132150245, "text": "$AAPL will buy puts at the open. What goes up must come down", "time": 1533099938.0, "sentiment": "Bearish"}, {"id": 132150179, "text": "$AAPL Long and holding strong since $30.58", "time": 1533099905.0, "sentiment": "Bullish"}, {"id": 132150167, "text": "$AAPL 41 MILLION PHONES didnt meet estimates ..LOL ...ALL ENGINEERED  ...&lt;&lt;&lt;&lt;&lt;&lt;&lt;&lt;&lt;&lt;&lt;&lt;&lt;&lt;&lt;&lt;&lt;&lt;&lt;&lt;&lt;&lt;phones will not grow anymore", "time": 1533099902.0, "sentiment": ""}, {"id": 132150159, "text": "$AAPL 1 trillion", "time": 1533099897.0, "sentiment": "Bullish"}, {"id": 132150123, "text": "$NFLX $GOOGL $NVDA $AAPL $EW $IQ $ALGN $AMZN", "time": 1533099875.0, "sentiment": ""}, {"id": 132150114, "text": "$AAPL right time short", "time": 1533099872.0, "sentiment": "Bearish"}, {"id": 132150066, "text": "$AAPL Cook got a little tangled trying to answer the analysts sneaky question around iphone being the gateway in light of lower iphone sales", "time": 1533099852.0, "sentiment": ""}, {"id": 132149964, "text": "Cramer talking $AAPL ", "time": 1533099807.0, "sentiment": ""}, {"id": 132149935, "text": "$AAPL fking nonsense", "time": 1533099796.0, "sentiment": "Bearish"}, {"id": 132149922, "text": "$IQ $AAPL  promised wife i won&#39;t drink on week days, not including fridays.  damn!!!!", "time": 1533099792.0, "sentiment": ""}, {"id": 132149905, "text": "$AAPL tripled holdings before ER, sold 1/3 AH, holding 1/3 for awhile, keeping 1/3 as a core holding.  Feeling good about the impressive ER.", "time": 1533099782.0, "sentiment": "Bullish"}, {"id": 132149901, "text": "$AAPL I don&#39;t give a shit about a watch. Make capable products without asinine design decisions. And use some better thermal paste too.", "time": 1533099780.0, "sentiment": ""}, {"id": 132149896, "text": "$AAPL has to gain ~ $64billion in value to become first trillion dollar co.  company value may go up in hours what entire rev for qtr was", "time": 1533099778.0, "sentiment": ""}, {"id": 132149875, "text": "$AAPL again don&#39;t worry about any s-t mkt headfakes...trust in these numbers and valuation, they are great.", "time": 1533099771.0, "sentiment": ""}, {"id": 132149874, "text": "$AAPL what a great quarter and cc - I\u2019m in for another 100k", "time": 1533099771.0, "sentiment": "Bullish"}, {"id": 132149868, "text": "$AAPL Warren Buffett gonna pop the stock perhaps", "time": 1533099770.0, "sentiment": "Bullish"}, {"id": 132149861, "text": "$AAPL $mu anything about memory pricing ?", "time": 1533099768.0, "sentiment": ""}, {"id": 132149855, "text": "$AAPL shorts are trying hard to kill it", "time": 1533099764.0, "sentiment": ""}, {"id": 132149838, "text": "$AAPL aug 17 expiration but hopefully I can get out my put spread for a small loss", "time": 1533099757.0, "sentiment": ""}, {"id": 132149829, "text": "$AAPL upgrades tomorrow, then higher. Plus buffet will talk for 4 hours probably", "time": 1533099753.0, "sentiment": "Bullish"}, {"id": 132149823, "text": "$IQ Covered at 30.  Figured it bottomed due to trade war scare.  Just went in again.  Keeping my fingers crossed.  Also did $aapl now.", "time": 1533099751.0, "sentiment": "Bearish"}, {"id": 132149820, "text": "$MU On $AAPL CC CFO is seeing improvement in NAND pricing.", "time": 1533099750.0, "sentiment": "Bullish"}, {"id": 132149782, "text": "$AAPL Bears were so wrong !", "time": 1533099737.0, "sentiment": "Bullish"}, {"id": 132149775, "text": "$AAPL more than stunning", "time": 1533099734.0, "sentiment": ""}, {"id": 132149765, "text": "$CBS Karen Finerman $PFE Guy Adami Dan Nathan selling cat track. not sure what that means. Tim Seymour $AAPL CNBC Fast Money final trades", "time": 1533099732.0, "sentiment": ""}, {"id": 132149737, "text": "$QQQ $IQ $AAPL finally getting back on track  $AMD $MU", "time": 1533099726.0, "sentiment": "Bullish"}, {"id": 132149720, "text": "$AAPL open 200 tomorrow? or 180&gt;?", "time": 1533099719.0, "sentiment": ""}, {"id": 132149691, "text": "$AAPL stunning call. answered any doubters.", "time": 1533099706.0, "sentiment": ""}, {"id": 132149616, "text": "social trending scan $AAPL, $IQ, $ENPH, $DRYS, $GLUU, $FTR, $PAYC, $AMC, $ZAGG", "time": 1533099672.0, "sentiment": ""}, {"id": 132149584, "text": "$AAPL those $187 calls for Aug3 R looking Niceeee for tmrrow! $193 to break even and the rest is Mulaaaa\ud83d\udcb0\ud83d\udcb0\ud83d\udcb0. Do we hit 1 Trillion bf AMZN", "time": 1533099655.0, "sentiment": "Bullish"}, {"id": 132149580, "text": "$AAPL CEO: consumers buy products w/i the eco-system itself.  Apple Watch, Air Buds, etc. But some are attracted to phone b/c of the watch.", "time": 1533099653.0, "sentiment": ""}, {"id": 132149575, "text": "$AAPL once Apple has finished returning all repatriated cash in next 12m they will continue to return $50-60b to shareholders EVERY DAMN YR!", "time": 1533099651.0, "sentiment": ""}, {"id": 132149506, "text": "$AAPL Who is buying big money or just armature like me?", "time": 1533099624.0, "sentiment": ""}, {"id": 132149465, "text": "$AAPL Texh buyers are exhausted only 1 point above high not good price action", "time": 1533099606.0, "sentiment": ""}, {"id": 132149410, "text": "$AAPL nice", "time": 1533099582.0, "sentiment": ""}, {"id": 132149401, "text": "$AAPL NEXT 210", "time": 1533099577.0, "sentiment": "Bullish"}, {"id": 132149390, "text": "$AAPL if stock gets up to $200 then company value has gone up $50 billion in hours.  Wow $50 billion increase in value for this report haha", "time": 1533099572.0, "sentiment": ""}, {"id": 132149384, "text": "$AAPL Bids gonna evaporate soon", "time": 1533099570.0, "sentiment": "Bearish"}, {"id": 132149378, "text": "$AAPL AAPL = Increased Iphone sales+AAPL TV+ AAPL Watch+ Service revenues+AAPL Pay(more than PYPL transactions) + others + Buyback!", "time": 1533099567.0, "sentiment": "Bullish"}, {"id": 132149371, "text": "Anyone using $AAPL Siri to control home automation?", "time": 1533099564.0, "sentiment": ""}, {"id": 132149359, "text": "$AAPL Stock will linger at this price for a while and party over till next earnings will trickle down each day sorry longs", "time": 1533099559.0, "sentiment": ""}, {"id": 132149341, "text": "$AAPL Looking at the yearly pivot levels, has resistance right at the 1 trillion dollar mark so I expect to see some pullback once it is hit", "time": 1533099549.0, "sentiment": ""}, {"id": 132149332, "text": "And what do you say when you don&#39;t own $AAPL? This", "time": 1533099544.0, "sentiment": "Bullish"}, {"id": 132149301, "text": "$IQ $AAPL both going up. life is good.", "time": 1533099533.0, "sentiment": "Bullish"}, {"id": 132149286, "text": "$AAPL Tomorrow BIG pressure on Goldman ($164 PT), Deutsche Bank ($165 PT), Credit Suisse ($165 PT)", "time": 1533099527.0, "sentiment": ""}, {"id": 132149269, "text": "$AAPL What is the on ramp to the ecosystem? The iPhone?", "time": 1533099519.0, "sentiment": "Bullish"}, {"id": 132149248, "text": "$AAPL market is weak, will flatten tomo like Microsoft", "time": 1533099511.0, "sentiment": ""}, {"id": 132149246, "text": "$AAPL CEO: Home business - important but Siri access points (100B) are already being used to control things with multiple devices.", "time": 1533099510.0, "sentiment": ""}, {"id": 132149236, "text": "Congrats $AAPL $IQ  tomorrow will be a great day, after today\u2019s strong ERs, no doubt #stocks #earnings #markets", "time": 1533099506.0, "sentiment": "Bullish"}, {"id": 132149221, "text": "$AAPL got 192.5 calls. What percent jump will I see tomorrow?!? \ud83d\udcb4", "time": 1533099500.0, "sentiment": ""}, {"id": 132149188, "text": "$AAPL To all the AAPL shorts:  Enjoy feasting on a celebratory spam sandwich.  lol", "time": 1533099486.0, "sentiment": "Bullish"}, {"id": 132149186, "text": "$AAPL better take ya money and run", "time": 1533099485.0, "sentiment": ""}, {"id": 132149149, "text": "$AAPL late to the party", "time": 1533099463.0, "sentiment": "Bullish"}, {"id": 132149129, "text": "$AAPL im seeing $197.23!! Weo", "time": 1533099454.0, "sentiment": "Bullish"}, {"id": 132149096, "text": "$AAPL 200 in a month max. I\u2019m a long for a long time \ud83d\ude02", "time": 1533099439.0, "sentiment": "Bullish"}, {"id": 132149093, "text": "$AAPL has $53B in revenue over 3 months and company gains $40B in stock market value. What a joke QE has turned the \u201cmarket\u201d into", "time": 1533099437.0, "sentiment": ""}, {"id": 132149064, "text": "$AAPL Bears swear they&#39;re wining.", "time": 1533099425.0, "sentiment": "Bullish"}, {"id": 132149058, "text": "$AAPL so happy with this stock! Profits up $5000. Go Bulls!!!!", "time": 1533099424.0, "sentiment": "Bullish"}, {"id": 132149057, "text": "$AAPL Buff not stupid, he&#39;s in for the profit... big numbers will follow in near term", "time": 1533099423.0, "sentiment": "Bullish"}, {"id": 132149052, "text": "@ACTravo $AAPL not going to happen! They will sell into the earnings pop! $SPY", "time": 1533099421.0, "sentiment": "Bearish"}, {"id": 132149047, "text": "$AAPL give me 200 for Apple then I&#39;ll wait till the price goes back down and re-enter", "time": 1533099418.0, "sentiment": ""}, {"id": 132149021, "text": "$AAPL Not seeing any profit taking. Great sign. Know what u own!", "time": 1533099407.0, "sentiment": "Bullish"}, {"id": 132149013, "text": "$AAPL what\u2019s the stock price have to be to hit 1T? I think I read 203 and change?", "time": 1533099402.0, "sentiment": "Bullish"}, {"id": 132149004, "text": "$AAPL War for connected home. Apple isn&#39;t winning that one. $AMZN and $GOOG are.", "time": 1533099399.0, "sentiment": "Bullish"}, {"id": 132148999, "text": "$AAPL sent from my #AAPL iPhone to the moon", "time": 1533099399.0, "sentiment": "Bullish"}, {"id": 132148961, "text": "$AAPL too many bulls. I don\u2019t care if they made a trillion , it\u2019s all rigged", "time": 1533099382.0, "sentiment": ""}, {"id": 132148959, "text": "$AAPL Futures UP!!!", "time": 1533099381.0, "sentiment": ""}, {"id": 132148938, "text": "$P lets go I have $AAPL and $AVGO calls lets make money tomorrow!", "time": 1533099371.0, "sentiment": "Bullish"}, {"id": 132148907, "text": "$AAPL buying 100K worth in the morning.", "time": 1533099363.0, "sentiment": "Bullish"}, {"id": 132148895, "text": "@tommycash23 Looks like AH lining up to your call, if tomorrow holds we&#39;ll raise a glass together \ud83c\udf7a $aapl", "time": 1533099360.0, "sentiment": ""}, {"id": 132148867, "text": "$AAPL weoooo\ud83d\ude80\ud83d\ude80 lets break $200 before tomorrow\u2019s open!\ud83d\udcb0\ud83d\udcb0\ud83d\udcb0", "time": 1533099347.0, "sentiment": "Bullish"}, {"id": 132148824, "text": "$AAPL A yawner of a stock to own. Will go sideways until Millenials retire. LOL", "time": 1533099331.0, "sentiment": ""}, {"id": 132148822, "text": "$AAPL are u suffering ? sounds like, its ok, i lost $ too at times", "time": 1533099330.0, "sentiment": ""}, {"id": 132148819, "text": "$AAPL Installed base: key driver of services. Most important to them.", "time": 1533099329.0, "sentiment": ""}, {"id": 132148816, "text": "$AAPL $IQ $AMZN $NFLX $GOOGL $NVDA . $ALGN $EW ..TRADERS DO NOT get rich (3% can do it) INVESTORS DO GET rich .Good traders also R INVESTORS", "time": 1533099329.0, "sentiment": ""}, {"id": 132148782, "text": "$AAPL Continues on all time high, sky\u2019s the limit, run baby, run! If you\u2019re short here, I really can\u2019t understand the math for it", "time": 1533099311.0, "sentiment": "Bullish"}, {"id": 132148771, "text": "$AAPL IPhone sales have grown mid-single digits on average weekly sales and double digit on average sell price (ASP).", "time": 1533099306.0, "sentiment": ""}, {"id": 132148746, "text": "$AAPL lol at all the sheep in bulls clothing. Hope you hold this all the way to 175 where it belongs", "time": 1533099292.0, "sentiment": "Bearish"}, {"id": 132148666, "text": "$AAPL Munster live", "time": 1533099258.0, "sentiment": ""}, {"id": 132148658, "text": "The impression I get is a company culture where everything is just dandy and anyone that criticizes $AAPL is fired. Like pop star&#39;s yes-men.", "time": 1533099253.0, "sentiment": ""}, {"id": 132148654, "text": "$AAPL Opening at $200+ tomorrow morning", "time": 1533099252.0, "sentiment": "Bullish"}, {"id": 132148583, "text": "$AAPL Using profits to get a new iPhone.", "time": 1533099226.0, "sentiment": "Bullish"}, {"id": 132148572, "text": "$AAPL $SQ he said more transactions than PayPal. Get the facts straight", "time": 1533099222.0, "sentiment": ""}, {"id": 132148564, "text": "$AAPL Nice", "time": 1533099217.0, "sentiment": "Bullish"}, {"id": 132148541, "text": "Apple Beats But Is It Enough To Save The Nasdaq? $AAPL $NDX Also $AMZN $GOOGL $XLF $CAT $SBUX https://goo.gl/vwQKLP", "time": 1533099211.0, "sentiment": ""}, {"id": 132148521, "text": "$AAPL why would bears short, thats just crazy", "time": 1533099202.0, "sentiment": ""}, {"id": 132148520, "text": "$AAPL I own puts but a month out for one day earnings doesn\u2019t make it,  need to see rest of week to see loss", "time": 1533099201.0, "sentiment": ""}, {"id": 132148511, "text": "AH Price &amp;/or Vol Leaders (a/o5:50pmEST): $MOH $RNG $P $PAYC $GLUU $IQ $NLNK $ZEN $CSLT $HMNY $MTSI $MDR $HUYA $AVEO $AAPL $NBIX $OLN $CRMD", "time": 1533099197.0, "sentiment": ""}, {"id": 132148505, "text": "$AAPL insane service division and wearables", "time": 1533099195.0, "sentiment": "Bullish"}, {"id": 132148493, "text": "$AAPL Smart phones driving consumption today. VR/AR Headsets will drive the 2020&#39;s!", "time": 1533099191.0, "sentiment": "Bullish"}, {"id": 132148486, "text": "$AAPL BEAUTIFUL just BEAUTIFUL earnings report :)", "time": 1533099190.0, "sentiment": "Bullish"}, {"id": 132148482, "text": "$AAPL Wilburrrrrrr..Ride me like you used to.", "time": 1533099189.0, "sentiment": ""}, {"id": 132148466, "text": "$AAPL some people who post here can\u2019t read UP. $7", "time": 1533099186.0, "sentiment": "Bullish"}, {"id": 132148458, "text": "$AAPL Impressive numbers, but I wouldn&#39;t be surprised if there is a little sell off tomorrow like $AMZN.", "time": 1533099182.0, "sentiment": ""}, {"id": 132148442, "text": "$AAPL  The top three smartphone models sold in urban China were iPhones.", "time": 1533099176.0, "sentiment": ""}, {"id": 132148399, "text": "$AAPL no one sell tomorrow. Let the shorts pay up", "time": 1533099159.0, "sentiment": "Bullish"}, {"id": 132148383, "text": "$AAPL Apple music grew by 50%. $SPOT lunch goes to... Tim!", "time": 1533099152.0, "sentiment": ""}, {"id": 132148372, "text": "$AAPL congrats longs I was nervous about this one and sold early today locked in my profit \ud83d\udca5", "time": 1533099146.0, "sentiment": ""}, {"id": 132148368, "text": "Stocks making the biggest moves after hours: Apple, Pandora and more https://cnb.cx/2Otuwke https://cnb.cx/2Otuwke $AAPL $P $CAKE $CPB @cnbc", "time": 1533099145.0, "sentiment": ""}, {"id": 132148367, "text": "$AAPL don&#39;t worry be happy", "time": 1533099142.0, "sentiment": ""}, {"id": 132148363, "text": "@MS87 Posting info from $AAPL conference call is ignorant? Some of you $SQ bulls need to get a life. I&#39;m actually long Square too...", "time": 1533099142.0, "sentiment": ""}, {"id": 132148347, "text": "$AAPL on to $240 as deserved!.", "time": 1533099138.0, "sentiment": "Bullish"}, {"id": 132148343, "text": "$IQ  Listen, read and follow and LEARN ! He recommended $AAPL $AMZN $FB $NFLX  etc U could retire very young !!!", "time": 1533099136.0, "sentiment": ""}, {"id": 132148291, "text": "$AAPL only up $5 after earning not a good sign trillion $ company will not happen so it seems", "time": 1533099118.0, "sentiment": ""}, {"id": 132148268, "text": "Top after hours gainers, \n\n$MOH $P $PAYC $GLUU $PED $IQ $ZEN $MTSL $MDR $HUYA $BILI $AAPL $CPB \n\nI\u2019ll update after 8 pm EST. \ud83d\ude4c\ud83c\udffc", "time": 1533099112.0, "sentiment": ""}, {"id": 132148262, "text": "$AAPL i love this guy", "time": 1533099110.0, "sentiment": ""}, {"id": 132148168, "text": "$AAPL Congrats to all the longs.", "time": 1533099080.0, "sentiment": "Bullish"}]