[{"id": 132141901, "text": "$AAPL once Luca starts talking look for  - size of confirmed buyback on qtr, level of iphone inventory at end qtr", "time": 1533096980.0, "sentiment": ""}, {"id": 132141893, "text": "$AAPL Cracking ER!", "time": 1533096977.0, "sentiment": "Bullish"}, {"id": 132141889, "text": "Thanks $AAPL ! Here is my position. If the AH price holds tomorrow, I will have ~$18-20K day gain.", "time": 1533096975.0, "sentiment": ""}, {"id": 132141882, "text": "$AAPL I just wanna see a 100% gain on my 98 avg (Correction from earlier when i said 93 avg)", "time": 1533096973.0, "sentiment": ""}, {"id": 132141871, "text": "#Apple CEO Tim Cook: #AppleTV4K to add #DolbyAtmos audio support. $AAPL", "time": 1533096972.0, "sentiment": "Bullish"}, {"id": 132141851, "text": "$AAPL curious about China market. Icahn bailed long ago because of this. Perhaps charging us here more for \u201cservices\u201d is new strategy.", "time": 1533096968.0, "sentiment": ""}, {"id": 132141834, "text": "$AAPL  poor bears. I told ya. But but but \ud83d\ude02", "time": 1533096962.0, "sentiment": ""}, {"id": 132141828, "text": "$AAPL iphone sales declining", "time": 1533096959.0, "sentiment": ""}, {"id": 132141819, "text": "$AAPL: who\u2019s your daddy $fb?", "time": 1533096956.0, "sentiment": "Bullish"}, {"id": 132141814, "text": "$AAPL trillion dollar top I can see the headline now", "time": 1533096956.0, "sentiment": ""}, {"id": 132141803, "text": "$AAPL wow", "time": 1533096951.0, "sentiment": "Bullish"}, {"id": 132141792, "text": "&quot;$AAPL Wearables Revenue exceeded $10 billion over the last 4 quarters. 60% growth year-over-year!!!&quot;", "time": 1533096947.0, "sentiment": "Bullish"}, {"id": 132141775, "text": "$FIT based on just announced $aapl watch sales, Fitbit is going to blow their numbers away.", "time": 1533096942.0, "sentiment": "Bullish"}, {"id": 132141773, "text": "$AAPL only up 100%", "time": 1533096942.0, "sentiment": "Bearish"}, {"id": 132141771, "text": "$AAPL when Apple hits $1 trillion market cap before $AMZN.", "time": 1533096942.0, "sentiment": ""}, {"id": 132141759, "text": "$MU Sounds like somebody was Shorting $AAPL", "time": 1533096937.0, "sentiment": ""}, {"id": 132141744, "text": "All we need is HW announcement  $AAPL ", "time": 1533096934.0, "sentiment": ""}, {"id": 132141733, "text": "$SPY $QQQ $IWM $QQQ $SOXX $IBB $XBI $XLV .. get your shopping list out and buy .  $FB killed tech/mrkt , FB 1/2 mrkt cap of $AAPL", "time": 1533096932.0, "sentiment": ""}, {"id": 132141701, "text": "I&#39;m going live with @howardlindzon get ready. We&#39;re going to be talking about $AAPL earnings and more. Get ready", "time": 1533096923.0, "sentiment": ""}, {"id": 132141700, "text": "$AAPL I am seeing lot of bear in here. Please listen to the earning call.", "time": 1533096923.0, "sentiment": ""}, {"id": 132141696, "text": "$AAPL Institutions will be buying tomorrow.  Good luck shorting against the stampede.", "time": 1533096921.0, "sentiment": ""}, {"id": 132141684, "text": "$AAPL $AMD $FB $BAC $TWTR $GE $NFLX $BABA $MU $QCOM $NXPI $AABA $AMZN $INTC $MSFT $PBR $PFE $JPM $T $TSLA $JD $NVDA $IQ Most active options", "time": 1533096919.0, "sentiment": ""}, {"id": 132141633, "text": "idk if Dan is short or not but sounds like he&#39;s trying to find holes in this $aapl rprt. @cnbcfastmoney. blablablabla. just say wow.", "time": 1533096906.0, "sentiment": ""}, {"id": 132141623, "text": "$AAPL Wow - thats how EVERY conference calls should  sound. Impressed!!", "time": 1533096903.0, "sentiment": "Bullish"}, {"id": 132141593, "text": "#Safari upcoming release will prevent widgets from tracking users without permission, says #Apple CEO Cook. $AAPL", "time": 1533096895.0, "sentiment": "Bullish"}, {"id": 132141592, "text": "$AAPL Lol at all the n00bs acting bearish now hoping to save their outs from becoming completely worthless", "time": 1533096895.0, "sentiment": "Bullish"}, {"id": 132141568, "text": "Apple announces quarterly dividend of $0.73.  Payable on 8/16/2018. 1.53% Yield.  http://www.marketbeat.com/d/88308 $AAPL", "time": 1533096888.0, "sentiment": ""}, {"id": 132141562, "text": "$AAPL sell yo wife and keep buying iphones LMAO", "time": 1533096885.0, "sentiment": "Bearish"}, {"id": 132141556, "text": "$AAPL was too scared to play er, congrats!", "time": 1533096884.0, "sentiment": "Bullish"}, {"id": 132141545, "text": "$AAPL overweight just like $AMZN $NFLX $FB", "time": 1533096880.0, "sentiment": ""}, {"id": 132141523, "text": "$AAPL HODL", "time": 1533096870.0, "sentiment": ""}, {"id": 132141514, "text": "$AAPL Here comes the fade", "time": 1533096868.0, "sentiment": ""}, {"id": 132141502, "text": "Mac AppStore to get full redesign in the Fall says CEO Tim Cook. $AAPL #Apple", "time": 1533096863.0, "sentiment": "Bullish"}, {"id": 132141496, "text": "$AAPL So many people will say \u201cI wish I bought Apple under $200. Just like I am saying wish I bought under $100", "time": 1533096861.0, "sentiment": "Bullish"}, {"id": 132141462, "text": "NEW POST: Stock Market Recap 07/31/18 {Video} https://marketchess.com/2018/07/31/stock-market-recap-07-31-18-video $AAPL $EEM $IWM $QQQ $SPY", "time": 1533096849.0, "sentiment": ""}, {"id": 132141457, "text": "$AAPL enough to save the market bit so sure", "time": 1533096847.0, "sentiment": ""}, {"id": 132141450, "text": "$AAPL congratulation to all!!!", "time": 1533096846.0, "sentiment": "Bullish"}, {"id": 132141446, "text": "Apple Easily Beats June-Quarter Views, Guides Sales Targets Higher http://ow.ly/57h130ld20M $AAPL", "time": 1533096845.0, "sentiment": ""}, {"id": 132141440, "text": "$AAPL backing out sector forecasts actually 60-62bn rev guidance for Sep Q looks pretty conservative (assuming new phones launch in last wk)", "time": 1533096843.0, "sentiment": ""}, {"id": 132141433, "text": "$AAPL In a Tizzy over an ER Beat by a company who plays that game well near the peak. Huge Divergences as price grinds higher. Not good", "time": 1533096840.0, "sentiment": ""}, {"id": 132141421, "text": "$AAPL Too for you bad faucet aint turning off ;)", "time": 1533096835.0, "sentiment": ""}, {"id": 132141420, "text": "$AAPL This is one the most boring earnings ever yawn", "time": 1533096835.0, "sentiment": "Bearish"}, {"id": 132141419, "text": "$AAPL WOOOOOO BABY", "time": 1533096835.0, "sentiment": "Bullish"}, {"id": 132141398, "text": "$AAPL omg guys you cant ever doubt Apple - c\u2019mon. The safest investment in the world.", "time": 1533096829.0, "sentiment": "Bullish"}, {"id": 132141342, "text": "$AAPL shortedd again over 196 short and cover short and cover", "time": 1533096811.0, "sentiment": ""}, {"id": 132141309, "text": "Value tech, get some, it&#39;s what&#39;s good for you \ud83d\ude1c\ud83d\ude33 $AAPL $GOOGL $SPY $QQQ \ud83d\ude02\ud83d\ude02\ud83d\ude02\ud83d\udc4c\ud83d\ude4c\ud83d\ude01", "time": 1533096802.0, "sentiment": "Bullish"}, {"id": 132141298, "text": "Apple Beats But Is It Enough To Save The Nasdaq? https://theotrade.com/apple-beats-but-is-it-enough-to-save-the-nasdaq/ $AAPL", "time": 1533096799.0, "sentiment": ""}, {"id": 132141291, "text": "$FB $AAPL JUST MADE $FB STUPID BULLISH!!!", "time": 1533096796.0, "sentiment": "Bullish"}, {"id": 132141284, "text": "$BIDU I hope I don&#39;t regret not buying $AAPL", "time": 1533096794.0, "sentiment": "Bullish"}, {"id": 132141283, "text": "$AAPL If you are a bear after those earnings. Need to really dig deep into the mental box. I think it\u2019s still undervalued by significant $", "time": 1533096794.0, "sentiment": "Bullish"}, {"id": 132141276, "text": "$AAPL congrats longs, I have continuously doubted the growth of Apple but they have proved people like me wrong over and over", "time": 1533096791.0, "sentiment": ""}, {"id": 132141272, "text": "$AAPL free fed money, billions spent on buyback....look out below when the faucet is turned off", "time": 1533096790.0, "sentiment": "Bearish"}, {"id": 132141247, "text": "$AAPL Strong rally lurks with profit takers. Will see tomorrow.", "time": 1533096785.0, "sentiment": ""}, {"id": 132141235, "text": "$BIDU C&#39;mon make it 3 for 3 for me baby! $AAPL $PAYC", "time": 1533096783.0, "sentiment": ""}, {"id": 132141230, "text": "$AAPL $SPY $QQQ Apple = phone growth 18% services growth 25% Capital Return are 3 Monster arms to grow Apple \ud83c\udf4e Business \ud83d\udc02\ud83d\udc40\ud83d\udca1", "time": 1533096782.0, "sentiment": ""}, {"id": 132141215, "text": "AR baby.  The future \n$AAPL ", "time": 1533096775.0, "sentiment": ""}, {"id": 132141209, "text": "$AAPL whoa - dipped to 190 lol", "time": 1533096773.0, "sentiment": ""}, {"id": 132141194, "text": "$AAPL Shorts aren\u2019t going to cover they will wait till it trends down over time like it always does", "time": 1533096768.0, "sentiment": ""}, {"id": 132141167, "text": "$AAPL yeah Berkshire!", "time": 1533096761.0, "sentiment": ""}, {"id": 132141147, "text": "$aapl talk about an overcrowded trade, lemmings pile in baby", "time": 1533096754.0, "sentiment": ""}, {"id": 132141133, "text": "$AAPL anyone thinks a split coming up?", "time": 1533096749.0, "sentiment": ""}, {"id": 132141123, "text": "$AAPL   \nCloud services up 50% \nApple Music up 50%+ year over year", "time": 1533096745.0, "sentiment": ""}, {"id": 132141111, "text": "$AAPL lol my puts got wreaked \ud83e\udd37\ud83c\udffc\u200d\u2642\ufe0f", "time": 1533096738.0, "sentiment": ""}, {"id": 132141098, "text": "$aapl cnbc and everyone else jumping over each other to pump it higher and higher, get buffet on next...lol idiots.", "time": 1533096734.0, "sentiment": ""}, {"id": 132141073, "text": "TECH SECTOR WILL GET ABSOLUTELY WRECKED TOMORROW #techiswrecked  \u26d4\ufe0f\ud83d\uded1\u26d4\ufe0f\u23f0\u26d4\ufe0f\ud83d\uded1\u23f0                 $NFLX $MU $GOOG $AAPL $NVDA $AMZN $FB", "time": 1533096728.0, "sentiment": ""}, {"id": 132141067, "text": "$AAPL  A rising tide lifts all boats $QQQ $SPY", "time": 1533096725.0, "sentiment": "Bullish"}, {"id": 132141037, "text": "$AAPL did 3% AH make bulls rich?", "time": 1533096718.0, "sentiment": "Bearish"}, {"id": 132141026, "text": "@StrayTrader yeah takes a while to think $AVGO when ur mind is still blown from watching $AAPL stock", "time": 1533096715.0, "sentiment": ""}, {"id": 132140995, "text": "$AAPL $150 right after the 2 for 1 split", "time": 1533096707.0, "sentiment": ""}, {"id": 132140985, "text": "$AAPL $1T resistance test next week", "time": 1533096705.0, "sentiment": ""}, {"id": 132140930, "text": "$AAPL Limping dying quail into the mid field", "time": 1533096692.0, "sentiment": ""}, {"id": 132140929, "text": "Camera launches 70% faster on #iOS12, says #Apple CEO Cook. $AAPL", "time": 1533096692.0, "sentiment": "Bullish"}, {"id": 132140926, "text": "$AAPL Trading decisions are best made contingent on good data- best if mathematical as in our systems (and no emotions).", "time": 1533096691.0, "sentiment": ""}, {"id": 132140907, "text": "$AAPL \nAt 12:43 pm somebody sold the put spread more than 4 ml\nit means AAPL going up.I bought some calls", "time": 1533096687.0, "sentiment": ""}, {"id": 132140870, "text": "$AAPL This poor Apple Bear!!", "time": 1533096679.0, "sentiment": "Bullish"}, {"id": 132140869, "text": "$SQ $PYPL $AAPL and eBay and 7-Eleven..", "time": 1533096678.0, "sentiment": ""}, {"id": 132140845, "text": "$AAPL shorts better call your mom to see if that basement is still open. Upgrades coming soon!", "time": 1533096674.0, "sentiment": "Bullish"}, {"id": 132140814, "text": "#iOS12 will allow any app to work with Siri, says #Apple CEO Tim Cook. $AAPL", "time": 1533096666.0, "sentiment": "Bullish"}, {"id": 132140812, "text": "Articles read on $AAPL News doubled year-over-year + Apple Music grew more than 50% + Cloud services revenue up over 50% year-over-year!!!", "time": 1533096665.0, "sentiment": ""}, {"id": 132140806, "text": "$AAPL Bears are going to cover at $215 tomorrow", "time": 1533096663.0, "sentiment": "Bullish"}, {"id": 132140775, "text": "COOK: $AAPL PAY CONDUCTED MORE MOBILE TRANSACTIONS THAN $SQ", "time": 1533096652.0, "sentiment": ""}, {"id": 132140770, "text": "$AAPL with the good hair....lolz", "time": 1533096651.0, "sentiment": ""}, {"id": 132140765, "text": "$AAPL Those that &#39;Fought&#39; and continued to &#39;Fighting The Tape&#39; are \nnow &#39;Paying Their Tuition To Wall Street&#39;.\n&#39;As we said, Target 220.00&#39;.", "time": 1533096647.0, "sentiment": ""}, {"id": 132140760, "text": "$AAPL next leg", "time": 1533096647.0, "sentiment": ""}, {"id": 132140751, "text": "Apple Pay had over $1B in transaction volume. Whoa. Cook mentions Square and PayPal. $SQ $PYPL $AAPL", "time": 1533096644.0, "sentiment": ""}, {"id": 132140748, "text": "$AAPL  APPLE will help the tech and the overall market tomorrow $SPY $AAPL $ MSFT $FB $ NFLX $TWTR $MMM $NVDA $MA $PYPL $JPM $IQ $CRM $iQ $F", "time": 1533096643.0, "sentiment": ""}, {"id": 132140745, "text": "$AAPL weareables = 10billion", "time": 1533096643.0, "sentiment": ""}, {"id": 132140738, "text": "$AAPL What about China Tim?", "time": 1533096640.0, "sentiment": ""}, {"id": 132140713, "text": "$AAPL NON EVENT", "time": 1533096634.0, "sentiment": ""}, {"id": 132140711, "text": "#Apple CEO Cook: #iPhone growing at rate beyond smartphone growth in general. #AppStore &amp; subscription sales at records. $AAPL", "time": 1533096632.0, "sentiment": "Bullish"}, {"id": 132140687, "text": "@mysteryoftime again, conjecture with no factual basis. $AAPL can buy into any market if it so chooses. $TSLA is an inflated liability", "time": 1533096625.0, "sentiment": ""}, {"id": 132140681, "text": "$AAPL Go on apple site...The result is there alreay...Its a beat everywhere", "time": 1533096624.0, "sentiment": "Bullish"}, {"id": 132140673, "text": "$AAPL", "time": 1533096621.0, "sentiment": ""}, {"id": 132140672, "text": "$AAPL AH Close 194.48 tomorrow open 195.23 close 193.76", "time": 1533096621.0, "sentiment": ""}, {"id": 132140667, "text": "$AAPL $TSLA what a nice day.", "time": 1533096617.0, "sentiment": ""}, {"id": 132140635, "text": "earlier i told u to ignore headlines &amp;trade P&amp;Ls. $AAPL report is perfect example. today if u sold it due to WSJ china headline u missed out", "time": 1533096607.0, "sentiment": ""}, {"id": 132140625, "text": "$AAPL ", "time": 1533096605.0, "sentiment": "Bullish"}, {"id": 132140621, "text": "$AAPL wearables+services are now 25% of total revenue.", "time": 1533096604.0, "sentiment": ""}, {"id": 132140606, "text": "@Jemi def won\u2019t be first trillion with that report from $AAPL !", "time": 1533096600.0, "sentiment": "Bullish"}, {"id": 132140603, "text": "$AAPL You don&#39;t get a better CC than this. Definitely will test 200 tomorrow.", "time": 1533096599.0, "sentiment": ""}, {"id": 132140601, "text": "$AAPL this was supposed to be a very slow quarter for Apple but apparently not. They absolutely killed it\ud83d\udcb0\ud83d\udcb0\ud83c\udf4e", "time": 1533096599.0, "sentiment": "Bullish"}, {"id": 132140594, "text": "\u202a$CVS to add #ApplePay acceptance nationally in the Fall says #Apple CEO Tim Cook. $AAPL\u202c", "time": 1533096596.0, "sentiment": "Bullish"}, {"id": 132140583, "text": "$AAPL &quot;...we completed more total transactions than great companies like Square and more mobile transactions than PayPal.&quot;", "time": 1533096595.0, "sentiment": "Bullish"}, {"id": 132140572, "text": "*COOK: $AAPL MUSIC UP BY OVER 50% YEAR OVER YEAR", "time": 1533096592.0, "sentiment": ""}, {"id": 132140567, "text": "$AAPL why is tanking nowwwwwwwwww", "time": 1533096592.0, "sentiment": ""}, {"id": 132140552, "text": "$AAPL 192 morow &amp; 187 Thursday", "time": 1533096585.0, "sentiment": ""}, {"id": 132140546, "text": "$AAPL they\u2019re litteallly  \ud83d\udca9 On everyone", "time": 1533096583.0, "sentiment": ""}, {"id": 132140545, "text": "$AAPL so guidance was good? Anyone heard the CC", "time": 1533096583.0, "sentiment": ""}, {"id": 132140527, "text": "$AAPL This thing needs a dose of VIAGRA to getbit up  . Apple is like an old man returning soup at a deli", "time": 1533096579.0, "sentiment": ""}, {"id": 132140519, "text": "$AAPL remember when all the \u201ctop\u201d analyst \u201ctoni\u201d said no one will buy the iPhone X? Remember Taiwan eco reports said 30% cut?", "time": 1533096577.0, "sentiment": ""}, {"id": 132140514, "text": "$AAPL apple pay in cvs, 7-11, and public transit.. cool", "time": 1533096576.0, "sentiment": ""}, {"id": 132140500, "text": "$AAPL cooks leading sheep to slaughter. I hope you all feel dumb when you see this sell off tomorrow!", "time": 1533096570.0, "sentiment": "Bearish"}, {"id": 132140485, "text": "$SPY Just more great earnings to pile onto the plate of great earnings this quarter. $AAPL", "time": 1533096567.0, "sentiment": ""}, {"id": 132140481, "text": "$AAPL &gt; $AMZN \nChange my mind", "time": 1533096566.0, "sentiment": ""}, {"id": 132140468, "text": "COOK: $AAPL HAS 300 MILLION PAID SUBSCRIPTIONS, UP 60%", "time": 1533096562.0, "sentiment": ""}, {"id": 132140458, "text": "Tomorrow&#39;s tech rally brought to you by $AAPL", "time": 1533096558.0, "sentiment": ""}, {"id": 132140433, "text": "$AAPL too overvalued products.", "time": 1533096547.0, "sentiment": ""}, {"id": 132140426, "text": "$AAPL only stock in my portfolio that i don&#39;t think i will ever sell.", "time": 1533096546.0, "sentiment": ""}, {"id": 132140418, "text": "$AAPL they beat everything\ud83d\udc4d\ud83d\ude02\ud83d\ude1c\ud83d\ude1c\ud83d\ude1c\ud83d\ude1c\ud83d\ude1c", "time": 1533096545.0, "sentiment": "Bullish"}, {"id": 132140396, "text": "$AAPL Sell the news, less phones...nothing moves their needle at this point...all they want is option premium now...", "time": 1533096540.0, "sentiment": ""}, {"id": 132140384, "text": "$AAPL so the winner is the house for options =)", "time": 1533096536.0, "sentiment": ""}, {"id": 132140375, "text": "$AAPL we hitting a trillion!!!\ud83d\udcc8\ud83d\udcc8\ud83d\udcc8\ud83d\udcc8\u2714\ufe0f", "time": 1533096534.0, "sentiment": "Bullish"}, {"id": 132140373, "text": "$AAPL COOK: SERVICES ON TRACK TO DOUBLE 2016 REVENUES BY 2021", "time": 1533096534.0, "sentiment": ""}, {"id": 132140360, "text": "$AAPL Upgrades Tomorrow!!", "time": 1533096531.0, "sentiment": ""}, {"id": 132140343, "text": "$AAPL i love using applePay!", "time": 1533096526.0, "sentiment": ""}, {"id": 132140342, "text": "$AAPL think I\u2019m like 0-10 on yolo earnings options. Pretty impressive. Calling the wrong coin toss 10 times in a row. Lol", "time": 1533096526.0, "sentiment": ""}, {"id": 132140337, "text": "$AAPL you can\u2019t", "time": 1533096525.0, "sentiment": ""}, {"id": 132140330, "text": "$AAPL  just brilliant.", "time": 1533096523.0, "sentiment": ""}, {"id": 132140306, "text": "$AAPL peter is poppin&#39; like he did in his 20s!!", "time": 1533096515.0, "sentiment": ""}, {"id": 132140303, "text": "$AAPL nothings up big so no one cares about apples earnings anymore I guess", "time": 1533096514.0, "sentiment": ""}, {"id": 132140284, "text": "$AAPL gon&#39; be a good squat day", "time": 1533096507.0, "sentiment": "Bullish"}, {"id": 132140282, "text": "$AAPL $AMZN is next", "time": 1533096507.0, "sentiment": ""}, {"id": 132140270, "text": "$AAPL reported 11.55M iPad Sales for Q3.\nhttp://www.estimize.com/intro/aapl?chart=historical&amp;metric_name=ipad_unit_sales&amp;utm_content=AAPL&amp;utm_medium=metric_actuals&amp;utm_source=stocktwits", "time": 1533096504.0, "sentiment": ""}, {"id": 132140255, "text": "$AAPL reported 38.33% Gross Margins for Q3.\nhttp://www.estimize.com/intro/aapl?chart=historical&amp;metric_name=gross_margins&amp;utm_content=AAPL&amp;utm_medium=metric_actuals&amp;utm_source=stocktwits", "time": 1533096500.0, "sentiment": ""}, {"id": 132140250, "text": "$AAPL can I sell my options after hours?", "time": 1533096499.0, "sentiment": ""}, {"id": 132140222, "text": "$AAPL Services revenue +31%! Impressed", "time": 1533096493.0, "sentiment": ""}, {"id": 132140213, "text": "$AAPL  \ud83d\udc40 at $AMZN\nJoining the rally AH \ud83d\ude00\ud83d\udca5\ud83d\udca5", "time": 1533096490.0, "sentiment": ""}, {"id": 132140189, "text": "$AAPL reported 3,720K Mac Sales for Q3.\nhttp://www.estimize.com/intro/aapl?chart=historical&amp;metric_name=mac_unit_sales&amp;utm_content=AAPL&amp;utm_medium=metric_actuals&amp;utm_source=stocktwits", "time": 1533096484.0, "sentiment": ""}, {"id": 132140178, "text": "$AAPL reported 41.3M iPhone Sales for Q3.\nhttp://www.estimize.com/intro/aapl?chart=historical&amp;metric_name=iphone_unit_sales&amp;utm_content=AAPL&amp;utm_medium=metric_actuals&amp;utm_source=stocktwits", "time": 1533096482.0, "sentiment": ""}, {"id": 132140172, "text": "$AAPL Now we know why Buffet was loading the MF\u201ding boat!! Lobster on the BBQ!! Cheers outta here", "time": 1533096481.0, "sentiment": "Bullish"}, {"id": 132140170, "text": "$AAPL Rising rising rising", "time": 1533096481.0, "sentiment": ""}, {"id": 132140168, "text": "$AAPL Random Order fills at $190? Did anyone else see that ?", "time": 1533096480.0, "sentiment": ""}, {"id": 132140150, "text": "$AAPL go away bears, when this opens tomorrow its going over 200. amazing earnings", "time": 1533096475.0, "sentiment": "Bullish"}, {"id": 132140147, "text": "$aapl  servicesare less than 20% of their business you morons, missed on IPhones est MAO you guys are being scammed again if ur buyin up her", "time": 1533096475.0, "sentiment": ""}, {"id": 132140142, "text": "$AAPL Bye bears!", "time": 1533096474.0, "sentiment": "Bullish"}, {"id": 132140137, "text": "8 Stocks Moving In Tuesday&#39;s After-Hours Session https://benzinga.com/z/12112362 $TCS $PAYC $P $AAPL $SMG $BGFV $ZAGG $FTR", "time": 1533096472.0, "sentiment": ""}, {"id": 132140118, "text": "$AAPL Cook really digging into the services story here....important", "time": 1533096464.0, "sentiment": ""}, {"id": 132140103, "text": "$AAPL timberrrrrrrrrrr", "time": 1533096461.0, "sentiment": "Bearish"}, {"id": 132140098, "text": "$AAPL shoot it\u2019s pulling back!", "time": 1533096460.0, "sentiment": ""}, {"id": 132140060, "text": "$AAPL falling falling falling", "time": 1533096448.0, "sentiment": "Bearish"}]