[{"id": 132397506, "text": "$AAPL INC magic number 207!!!!!!!!!", "time": 1533245779.0, "sentiment": "Bullish"}, {"id": 132397487, "text": "$AMZN Trying hard to go higher, all thanks to $AAPL and $TSLA.. Let it go .. let it go..", "time": 1533245775.0, "sentiment": ""}, {"id": 132397448, "text": "@superbigdaddy @nastynate1 @cybercash28 @trevorcorey Thanks for the update! $AAPL #GetShort #TakeProfits #Toact #NoSkills", "time": 1533245765.0, "sentiment": ""}, {"id": 132397436, "text": "$AAPL nope 207.50", "time": 1533245763.0, "sentiment": ""}, {"id": 132397422, "text": "$AAPL &lt;---------Bagholder. Bag getting heavy.", "time": 1533245761.0, "sentiment": ""}, {"id": 132397414, "text": "$AAPL EVERY SINGLE MINUTE IT DOESN&#39;T MATTER YOU CAN BUY IT AT ANY PRICE AND SELL LATER FOR A MASSIVE GAIN!!!!!!! AMAZING NON STOP PROFITS", "time": 1533245759.0, "sentiment": "Bullish"}, {"id": 132397410, "text": "$AAPL gushing like Kilauea in Hawaii non stop. Shorts getting fissures now !!", "time": 1533245758.0, "sentiment": ""}, {"id": 132397378, "text": "$AAPL This is what an emotional market looks like.", "time": 1533245750.0, "sentiment": ""}, {"id": 132397357, "text": "$AAPL he must be bathing in a tub of Carl Ichan\u2019s tears today!", "time": 1533245746.0, "sentiment": ""}, {"id": 132397353, "text": "Apple&#39;s PT raised by Citigroup Inc to $230.00. buy rating. http://www.marketbeat.com/r/1063986 $AAPL", "time": 1533245744.0, "sentiment": ""}, {"id": 132397340, "text": "$$AAPL Some sort of expected resistance at 205", "time": 1533245742.0, "sentiment": ""}, {"id": 132397334, "text": "$AAPL man trillion dollar company and it jsut keeps on going", "time": 1533245741.0, "sentiment": ""}, {"id": 132397308, "text": "$AAPL  https://www.marketbeat.com/stocks/NASDAQ/AAPL/price-target/", "time": 1533245736.0, "sentiment": ""}, {"id": 132397287, "text": "$AAPL Insanity lol $$$$$$$$$$$$$$$$$$$$$$$$$$$$$$$$$$$$$$$", "time": 1533245732.0, "sentiment": "Bullish"}, {"id": 132397258, "text": "What a day Thanks to $AAPL $TSLA", "time": 1533245727.0, "sentiment": ""}, {"id": 132397254, "text": "$AAPL Time for pull back", "time": 1533245726.0, "sentiment": "Bearish"}, {"id": 132397230, "text": "$AAPL not a trillion yet just approaching even i know", "time": 1533245722.0, "sentiment": "Bullish"}, {"id": 132397224, "text": "$AAPL YOU CAN STILL BUY MORE CALLS HEE AND MAKE A FEAKKNG KILLING!!!!!!", "time": 1533245720.0, "sentiment": "Bullish"}, {"id": 132397198, "text": "$AAPL we are so close to that finish line. absolutely incredible.", "time": 1533245714.0, "sentiment": "Bullish"}, {"id": 132397178, "text": "$AAPL Where all them bears who were soooo sure of themselves? Sad for them. Maybe rev + profit+ capital + low pe are good things? I dunno.", "time": 1533245709.0, "sentiment": ""}, {"id": 132397050, "text": "$AAPL all out at 205 recovers $4.4 to cover some loss from yest ready short :( don&#39;t want to get trapped o this 1B bs", "time": 1533245680.0, "sentiment": ""}, {"id": 132397019, "text": "$AAPL I keep refreshing my screen thinking the feed stopped ??? Where is all the bears???? I thought it was going to 190 today? Maybe tomo?", "time": 1533245673.0, "sentiment": ""}, {"id": 132396993, "text": "$AAPL EVERY SINGLE DIP FOLKS!!!!!!!! WE TOLD YOU!!!! YOU WILL LOSE EVERYTHING SHORTING THIS", "time": 1533245667.0, "sentiment": "Bullish"}, {"id": 132396934, "text": "$AAPL price target for today", "time": 1533245648.0, "sentiment": ""}, {"id": 132396895, "text": "@Shooguyman @maxi8 Here are my top tech picks for 2018. Valuations are stretched on some of these. $AAPL $MSFT $NTNX $ASML $TTD $PYPL $CIBR", "time": 1533245637.0, "sentiment": ""}, {"id": 132396892, "text": "$AAPL is gonna being pumped on cnbc i wish they published the schedule early in the morning who is gonna talk", "time": 1533245636.0, "sentiment": ""}, {"id": 132396851, "text": "@wildcat0670 Let me help you out here... $AAPL brand conscious/private.  $AMZN $GOOGL promiscuous brand/public.", "time": 1533245627.0, "sentiment": ""}, {"id": 132396834, "text": "$AAPL rise today from Apple cash no new investors who will buy company with $1 trillion mkt cap", "time": 1533245624.0, "sentiment": "Bearish"}, {"id": 132396803, "text": "$SQ and $TSLA are back... and $AAPL is on its way to a trillion mkt cap - $975bn and counting... all is right in the world this morning.", "time": 1533245617.0, "sentiment": ""}, {"id": 132396793, "text": "$AAPL 207&#39;s is the 1 tril mark", "time": 1533245614.0, "sentiment": ""}, {"id": 132396785, "text": "$AAPL no way. Don\u2019t forget Apple buybacks can resume tomorrow. Tim &amp; Luca will want to snap up shares at this bargain of a discount.", "time": 1533245612.0, "sentiment": ""}, {"id": 132396764, "text": "$AAPL We have not had a dip last more than 3 1 minute candles yet. How could anyone sell at this point?", "time": 1533245605.0, "sentiment": "Bullish"}, {"id": 132396738, "text": "$AAPL $DIA $SPY $QQQ", "time": 1533245599.0, "sentiment": ""}, {"id": 132396731, "text": "$AAPL Buying back shares today?", "time": 1533245597.0, "sentiment": ""}, {"id": 132396676, "text": "$AAPL Really - Straight up after I close my Calls for a break even on the TSLA put I had... oh well", "time": 1533245583.0, "sentiment": "Bullish"}, {"id": 132396580, "text": "$AAPL sold all at $204 all out apple from $189. Took risk to play ER.", "time": 1533245559.0, "sentiment": "Bullish"}, {"id": 132396578, "text": "$AAPL Insane run at open...$$$$$$$$$$$$$$$$$ There is just no other $$$$$$$$$$$$$$$$$$$$$$$$$$$$$$$", "time": 1533245558.0, "sentiment": "Bullish"}, {"id": 132396542, "text": "$SPY $aapl is at 991 B", "time": 1533245545.0, "sentiment": ""}, {"id": 132396504, "text": "$AAPL $207", "time": 1533245537.0, "sentiment": "Bullish"}, {"id": 132396479, "text": "Apple Becomes the First Company in History to Be Valued at Over $1 Trillion - Dr. Fly $AAPL https://ibankcoin.com/flyblog/2018/08/02/apple-becomes-first-company-history-valued-1-trillion/", "time": 1533245531.0, "sentiment": ""}, {"id": 132396407, "text": "$AAPL only up 1.5%", "time": 1533245516.0, "sentiment": ""}, {"id": 132396382, "text": "$AAPL Half off at $204, riding that wave", "time": 1533245510.0, "sentiment": "Bullish"}, {"id": 132396371, "text": "$AAPL Taking Damn Long to hit a trillion Hurry up I want those puts 80% off", "time": 1533245508.0, "sentiment": "Bearish"}, {"id": 132396349, "text": "$AAPL Still undervalued...", "time": 1533245504.0, "sentiment": "Bullish"}, {"id": 132396337, "text": "$AAPL FOLKS I SWEAR IF YOU SHORT THIS YOURE GOING TO LOSE EVERY PENNY!!!!!! YOU HABE TO BUY CALLLS THIS IS A MAJOR SQUEEZE", "time": 1533245502.0, "sentiment": "Bullish"}, {"id": 132396300, "text": "$AAPL bear chowder, bear meat pie, bear tacos...", "time": 1533245493.0, "sentiment": "Bullish"}, {"id": 132396289, "text": "$AAPL idiots who said undervalue did you know Apple first company reach trillion? And did you know tom cook promise big investors for that", "time": 1533245490.0, "sentiment": ""}, {"id": 132396288, "text": "$AAPL $206 is the magic number for $1 trillion valuation. Looks determined to get there.", "time": 1533245490.0, "sentiment": ""}, {"id": 132396202, "text": "$AAPL @TraceBusta #SENDIT", "time": 1533245467.0, "sentiment": ""}, {"id": 132396196, "text": "$AAPL This is insane.. stahp", "time": 1533245467.0, "sentiment": ""}, {"id": 132396057, "text": "$AAPL after all the adjustments aapl issued a new target to hit $1 trillion , that\u2019s $207.45", "time": 1533245432.0, "sentiment": ""}, {"id": 132396037, "text": "$AAPL nope. 207.50", "time": 1533245428.0, "sentiment": ""}, {"id": 132395970, "text": "$AAPL ~205.", "time": 1533245412.0, "sentiment": ""}, {"id": 132395960, "text": "$AAPL Trillion dollar company. Now that&#39;s some achievement.", "time": 1533245410.0, "sentiment": ""}, {"id": 132395940, "text": "$AAPL ~204.", "time": 1533245408.0, "sentiment": ""}, {"id": 132395902, "text": "$AAPL There are like no sellers", "time": 1533245400.0, "sentiment": ""}, {"id": 132395876, "text": "$AAPL okay buddy. relax", "time": 1533245393.0, "sentiment": ""}, {"id": 132395835, "text": "Damnit $AAPL, you&#39;re singlehandedly supporting $QQQ and making my puts worthless!", "time": 1533245382.0, "sentiment": "Bearish"}, {"id": 132395830, "text": "$AAPL I feel like their going to pull the rug on us at some point today or tom", "time": 1533245380.0, "sentiment": "Bullish"}, {"id": 132395829, "text": "$AAPL determined to get to $1T today.", "time": 1533245380.0, "sentiment": ""}, {"id": 132395790, "text": "$AAPL Of course it would be $AAPL.  $AMZN and $GOOGL never stood a chance if we&#39;re being honest about it.", "time": 1533245370.0, "sentiment": ""}, {"id": 132395786, "text": "$AAPL Not selling the farm here but I\u2019ll try some puts. Who the hell is buying way up here? Dumb money", "time": 1533245370.0, "sentiment": "Bearish"}, {"id": 132395766, "text": "$AAPL I don\u2019t think this thing is crashing so u better watch out", "time": 1533245367.0, "sentiment": ""}, {"id": 132395747, "text": "$AAPL amazing there\u2019s no dip to BTFD.. \ud83d\ude39", "time": 1533245361.0, "sentiment": "Bullish"}, {"id": 132395691, "text": "$AAPL how messed up would it be if this hit triple top at 206.99, lol if that were pssible", "time": 1533245345.0, "sentiment": ""}, {"id": 132395680, "text": "$AAPL Damn... top heavy... close with the T MC then down?", "time": 1533245343.0, "sentiment": ""}, {"id": 132395649, "text": "$AAPL Somerhing is driving this bad boy", "time": 1533245338.0, "sentiment": ""}, {"id": 132395602, "text": "$AAPL what was new news", "time": 1533245330.0, "sentiment": ""}, {"id": 132395529, "text": "$AAPL CNBC Chris was correct Apple heading to 210, CNBC Carl was totally wrong. Investors should pick to right guy $SPY", "time": 1533245310.0, "sentiment": "Bullish"}, {"id": 132395508, "text": "$SPY I feel bad they didn&#39;t open $AAPL bid at 205 to start after earnings.", "time": 1533245307.0, "sentiment": ""}, {"id": 132395462, "text": "$AAPL The Street realized Apple stock was undervalued all along", "time": 1533245296.0, "sentiment": ""}, {"id": 132395451, "text": "$AAPL Congratulations to all the AAPL Bulls! You stick around when AAPL was down and flat for a while!!! Go AAPL Bulls!!!", "time": 1533245295.0, "sentiment": "Bullish"}, {"id": 132395432, "text": "$AAPL ughh still kicking my self over not having calls", "time": 1533245291.0, "sentiment": ""}, {"id": 132395413, "text": "$QTRH Is $AAPL Europe next?", "time": 1533245285.0, "sentiment": ""}, {"id": 132395402, "text": "$AAPL 200 calls looking REAL nice", "time": 1533245282.0, "sentiment": "Bullish"}, {"id": 132395358, "text": "$AAPL still undervalued", "time": 1533245272.0, "sentiment": ""}, {"id": 132395350, "text": "$AAPL I can&#39;t believe it! I did not think apple would be the first trillion dollar company. My money was in $AMZN", "time": 1533245271.0, "sentiment": "Bullish"}, {"id": 132395289, "text": "$AAPL 210 EOD", "time": 1533245254.0, "sentiment": "Bullish"}, {"id": 132395281, "text": "@BobbyAxecap $AAPL emojis \n\n\ud83c\udf51\ud83c\udf46\u2764\ufe0f", "time": 1533245252.0, "sentiment": ""}, {"id": 132395135, "text": "$AAPL I am long and short $appl at the same time, not making making $$$ but not losing everything", "time": 1533245216.0, "sentiment": "Bearish"}, {"id": 132395086, "text": "$SPY $AAPL in one quarter is worth 90 billion more. Few companies or person will make that in a lifetime", "time": 1533245205.0, "sentiment": ""}, {"id": 132395079, "text": "$TSLA $SBUX $SQ $WATT $AMD $FIT $FEYE $AAPL $TWTR $FB $SNAP $MSFT \n\nJoin our room, the official r/wallstreet room!\nhttp://www.stocktwits.com/r/wallstreet", "time": 1533245203.0, "sentiment": "Bullish"}, {"id": 132395051, "text": "$AAPL ", "time": 1533245198.0, "sentiment": "Bullish"}, {"id": 132395048, "text": "$AAPL remember when said yesterday got feeling it hit 203.45. Thought that was trillion mark, now its $207\ud83d\ude05", "time": 1533245198.0, "sentiment": ""}, {"id": 132395039, "text": "$AAPL Gear up the After Burners", "time": 1533245196.0, "sentiment": "Bullish"}, {"id": 132394985, "text": "$SPY Shorts being stubborn but as Jesse said,... $AAPL $AMZN $NFLX $TSLA $FB $QQQ $XLF $BABA", "time": 1533245186.0, "sentiment": "Bullish"}, {"id": 132394959, "text": "$AAPL Congratulations Great investor Warren Buffett! You\u2019ve been faithful AAPL investor!", "time": 1533245178.0, "sentiment": "Bullish"}, {"id": 132394832, "text": "$AAPL ok just hit 207 already so it can correct. I\u2019m getting hosed here lol", "time": 1533245150.0, "sentiment": ""}, {"id": 132394825, "text": "$AAPL https://appleinsider.com/articles/18/08/02/apple-considers-alternative-macbook-keyboards-with-touch-interfaces-improved-dust-protection?utm_source=dlvr.it&amp;utm_medium=twitter", "time": 1533245148.0, "sentiment": "Bullish"}, {"id": 132394813, "text": "$AAPL Wasn&#39;t $204 the real number?", "time": 1533245143.0, "sentiment": ""}, {"id": 132394789, "text": "$AAPL I believe $BRK.A  $BRK.B are loading even more \ud83d\ude03", "time": 1533245137.0, "sentiment": ""}, {"id": 132394763, "text": "we gotta get a market pop just for that 1tril on $AAPL $SPY $QQQ $IWM $DIA", "time": 1533245133.0, "sentiment": ""}, {"id": 132394746, "text": "$AAPL Door busting monster tech. Apple/USA. Don&#39;t ever doubt it.", "time": 1533245131.0, "sentiment": "Bullish"}, {"id": 132394738, "text": "$AAPL 207", "time": 1533245130.0, "sentiment": ""}, {"id": 132394694, "text": "$AAPL how do we uncelebrated when it goes back under a trillion? \ud83e\udd14", "time": 1533245122.0, "sentiment": "Bullish"}, {"id": 132394643, "text": "$AAPL Where does it need to be for 1 trillion?", "time": 1533245109.0, "sentiment": ""}, {"id": 132394604, "text": "$AAPL come on trillion hurry should be 2 trillion by the end of the year. #JustLikeTheLastTime #TakeProfits #700", "time": 1533245100.0, "sentiment": ""}, {"id": 132394602, "text": "$AAPL or is it quadrillion?", "time": 1533245100.0, "sentiment": "Bullish"}, {"id": 132394590, "text": "$AAPL Congratulations CEO Cook! Good job!!!", "time": 1533245097.0, "sentiment": "Bullish"}, {"id": 132394577, "text": "$AAPL seems hell bent on that 1 Tril tag. Please hit that today and then correct", "time": 1533245095.0, "sentiment": ""}, {"id": 132394535, "text": "$AAPL upgraded amazing company Tim Cook has done a wonderful job thank you", "time": 1533245086.0, "sentiment": "Bullish"}, {"id": 132394495, "text": "$AAPL Manipulationnor not the stock is soaring to new highs and is on a run be careful shorting this", "time": 1533245074.0, "sentiment": ""}, {"id": 132394493, "text": "$AAPL 9.4 take more off lmao!", "time": 1533245073.0, "sentiment": ""}, {"id": 132394463, "text": "$AAPL on fire. Bad call yesterday by taking profits. Sitting on the sidelines for now. Fully Profitable, but not always right#stocks", "time": 1533245067.0, "sentiment": ""}, {"id": 132394462, "text": "$AAPL the magnet to 207.05/1T is real", "time": 1533245067.0, "sentiment": "Bullish"}, {"id": 132394426, "text": "$AAPL Next is a zillion in ten years", "time": 1533245057.0, "sentiment": "Bullish"}, {"id": 132394422, "text": "$AAPL tell me what drives the price up\nDemand or the Market Maker?\nApple trades rather weird\nUpup up then down \nRepeat", "time": 1533245057.0, "sentiment": ""}, {"id": 132394393, "text": "$AAPL bears?   U out there???", "time": 1533245051.0, "sentiment": "Bullish"}, {"id": 132394337, "text": "$AAPL I think buffet doubled up", "time": 1533245040.0, "sentiment": ""}, {"id": 132394296, "text": "$AAPL BUY CALLS ON THE DIP", "time": 1533245029.0, "sentiment": "Bullish"}, {"id": 132394257, "text": "$AAPL deserves to be 1st Trillion company! Great fundamentals, very innovative, great future! Very bullish!!!", "time": 1533245020.0, "sentiment": "Bullish"}, {"id": 132394194, "text": "$AAPL I WAS HERE forsenE", "time": 1533245006.0, "sentiment": "Bullish"}, {"id": 132394189, "text": "$AAPL HERES THE DIP!!!!?? BUY CALLS NOW!!!!!!!!!", "time": 1533245005.0, "sentiment": "Bullish"}, {"id": 132394153, "text": "$AAPL $207.05 needed for 1 trillion.", "time": 1533245000.0, "sentiment": ""}, {"id": 132394084, "text": "$AAPL \ud83d\udcc8\ud83d\udcc8\ud83d\udcc8\u2714\ufe0f\u2714\ufe0f\ud83e\udd11\ud83d\udcb5\ud83e\udd11\ud83d\udcb5\ud83e\udd11\u2714\ufe0f\ud83d\udcc8\ud83d\udcb0\ud83d\udcb0\u2757\ufe0f\u2757\ufe0f\ud83d\udcb0\u2757\ufe0f\u2757\ufe0f\u2757\ufe0f\u2757\ufe0f", "time": 1533244983.0, "sentiment": "Bullish"}, {"id": 132394056, "text": "$AAPL $207.04 is the TRILLION target", "time": 1533244975.0, "sentiment": "Bullish"}, {"id": 132394049, "text": "$AAPL are the Bears finally licking their wounds \ud83d\udc3b", "time": 1533244973.0, "sentiment": "Bullish"}, {"id": 132394002, "text": "$AAPL $AMD $SQ", "time": 1533244962.0, "sentiment": "Bullish"}, {"id": 132393956, "text": "$AAPL woot", "time": 1533244953.0, "sentiment": "Bullish"}, {"id": 132393930, "text": "$SPY $TWTR $FB $AAPL $MU looking good.. market going green trapping shorts as always", "time": 1533244947.0, "sentiment": ""}, {"id": 132393918, "text": "$AAPL 1T", "time": 1533244943.0, "sentiment": "Bullish"}, {"id": 132393900, "text": "$AAPL Trump already won the trade war, even if he hasn&#39;t he always undo what he does like separating then reunited the kids at the border!", "time": 1533244939.0, "sentiment": "Bullish"}, {"id": 132393883, "text": "$AAPL wow.  They did it.  1st @ $1T!", "time": 1533244936.0, "sentiment": ""}, {"id": 132393879, "text": "$NKTR will be back to $100+ by year end. $NFLX will be $350, $AAPL $220 and $TSLA $380 \n \n$NKTR could cross $250 in case of buyout", "time": 1533244936.0, "sentiment": "Bullish"}, {"id": 132393870, "text": "$AAPL Steve would be proud!", "time": 1533244934.0, "sentiment": "Bullish"}, {"id": 132393856, "text": "$AAPL welp guess i should have held longer but cant get too greedy", "time": 1533244931.0, "sentiment": ""}, {"id": 132393814, "text": "$AAPL When do they pull the rug?", "time": 1533244920.0, "sentiment": "Bullish"}, {"id": 132393800, "text": "$AAPL 3moreptscantbreathe1trillionwediditmama", "time": 1533244916.0, "sentiment": "Bullish"}, {"id": 132393793, "text": "$aapl wkly 205 calls 30000 contracts trading in 1st 45 min ,insane", "time": 1533244915.0, "sentiment": "Bullish"}, {"id": 132393764, "text": "$AAPL NON STOP CLIMBING ALLLLLLLL DAY LONG!!!!!!!!!!!?!", "time": 1533244910.0, "sentiment": "Bullish"}, {"id": 132393751, "text": "$AAPL Beast Mode !!! Congrats Bulls !!! Many Thanks To The Bears !!!", "time": 1533244907.0, "sentiment": "Bullish"}, {"id": 132393709, "text": "$NFLX She wants to go to the low 300\u2019s first. $TSLA and $AAPL keeping this one positive.", "time": 1533244894.0, "sentiment": "Bearish"}, {"id": 132393695, "text": "$AAPL ONE FREAKING TRILLION that&#39;s insane!!! Can&#39;t touch this though..lol", "time": 1533244892.0, "sentiment": ""}, {"id": 132393610, "text": "$AAPL GUARANTEED!!!!!!!!!! FOLKS WE TOLD YOU!!!!! WERE UP OVER 200K NOW THIS MORNING", "time": 1533244873.0, "sentiment": "Bullish"}, {"id": 132393564, "text": "$AAPL going for 2 trillion \ud83d\ude02", "time": 1533244866.0, "sentiment": ""}, {"id": 132393560, "text": "$AAPL What a beast.", "time": 1533244866.0, "sentiment": ""}, {"id": 132393529, "text": "$AAPL the 1 Trillion milestone is about to be breached! And the $100 BILLIONS BUYBACKS are not fully executed yet! See you in 220+ in days!!", "time": 1533244859.0, "sentiment": "Bullish"}, {"id": 132393510, "text": "$FB $TWTR $SPX $SPY -- better watch $AAPL! They are getting close to that 1 TRILLION mark...", "time": 1533244855.0, "sentiment": "Bullish"}, {"id": 132393483, "text": "$AAPL", "time": 1533244848.0, "sentiment": "Bullish"}, {"id": 132393465, "text": "$spy $qqq $aapl no, taking profits- the trade dispute is real. Will likely get worse before it gets better . Can buy apple cheaper.", "time": 1533244844.0, "sentiment": ""}, {"id": 132393456, "text": "social trending scan $SQ, $TSLA, $AAPL, $W, $EXEL, $TNDM, $ETP, $REGN, $DXCM, $ESIO, $XPO, $HEAR, $FTNT", "time": 1533244842.0, "sentiment": ""}, {"id": 132393393, "text": "$AAPL I normally don\u2019t say this, but I feel super bad for the bears with the amount of money they just lost the past couple days", "time": 1533244827.0, "sentiment": ""}, {"id": 132393383, "text": "$AAPL what does the sp have to be to hit the trilley?", "time": 1533244825.0, "sentiment": "Bullish"}, {"id": 132393348, "text": "$NSYS $MOC $ABIO $AAPl on top watch for .ore volume, GL in the market everyone =D", "time": 1533244817.0, "sentiment": "Bullish"}, {"id": 132393316, "text": "$AAPL WEEEEEEEEEEE!!!!", "time": 1533244808.0, "sentiment": "Bullish"}, {"id": 132393289, "text": "$AAPL anyone know if Stockbookie is still short? Lmao @superbigdaddy \u201dblowoff top\u201d haha", "time": 1533244804.0, "sentiment": ""}, {"id": 132393285, "text": "$AAPL UNOS TRILLIONI DOLLARU", "time": 1533244802.0, "sentiment": "Bullish"}, {"id": 132393284, "text": "$AAPL This is like Tesla.  So many doubters", "time": 1533244802.0, "sentiment": ""}, {"id": 132393241, "text": "$AAPL we are witnessing history folks. Could happen by tomorrow. $1 trillion is here. Beating the arrogant $AMZN CEO to it.", "time": 1533244793.0, "sentiment": ""}, {"id": 132393234, "text": "$aapl this thing is going hard", "time": 1533244791.0, "sentiment": ""}]