[{"id": 132312548, "text": "Review: Apple Grows EPS By 40% $AAPL https://goo.gl/DfqXpA", "time": 1533183658.0, "sentiment": ""}, {"id": 132312505, "text": "$GOOGL money rotating to $AAPL", "time": 1533183643.0, "sentiment": ""}, {"id": 132312458, "text": "$AAPL Anyone else think we could see $240 by end of year?", "time": 1533183628.0, "sentiment": "Bullish"}, {"id": 132311965, "text": "Some of todays most active stock options $AAPL $BAC $FB $MSFT $AABA $HBI $CZR", "time": 1533183457.0, "sentiment": ""}, {"id": 132311551, "text": "$AAPL gained a whole $TSLA in market cap today.", "time": 1533183326.0, "sentiment": ""}, {"id": 132311544, "text": "$AAPL https://www.cnbc.com/2018/08/01/warren-buffett-just-made-more-than-2-billion-in-apple.html", "time": 1533183323.0, "sentiment": "Bullish"}, {"id": 132311458, "text": "$AAPL does anyone think Apple will reward up with another split and at what price might they do it?", "time": 1533183297.0, "sentiment": "Bullish"}, {"id": 132311284, "text": "Warren Buffet - I clearly like $AAPL We buy them to hold.  I bought 5% of the company. I I love to own 100% of it.", "time": 1533183237.0, "sentiment": "Bullish"}, {"id": 132310898, "text": "$QTRH $AAPL Jury awards Wi-LAN (Quarterhill) $145m in patent lawsuit with Apple. https://pbs.twimg.com/media/Djiv5IWVAAAedaU.jpg", "time": 1533183120.0, "sentiment": ""}, {"id": 132310865, "text": "$AAPL 207.05 and this becomes a trillion dollar animal", "time": 1533183106.0, "sentiment": ""}, {"id": 132310715, "text": "Stable Indices Mask General Weak Market Sentiment $AAPL http://dlvr.it/QdWJfL", "time": 1533183065.0, "sentiment": ""}, {"id": 132310673, "text": "$AAPL bought a few otm 200 calls exp 9/21 when appl was 190 woohoo", "time": 1533183056.0, "sentiment": "Bullish"}, {"id": 132310481, "text": "$TSLA good solid companies without debt will perform.... $AAPL", "time": 1533183001.0, "sentiment": ""}, {"id": 132310231, "text": "$AAPL By August 10 this will be 208.75. By Aug 17 this will be 212.75. By years end this will crash thru 230. Enjoy the ride! Jump right in!", "time": 1533182920.0, "sentiment": "Bullish"}, {"id": 132310212, "text": "NEW POST: Stock Market Recap 08/01/18 {Video} https://marketchess.com/2018/08/01/stock-market-recap-08-01-18-video $AAPL $QQQ $SQ $TSLA $WYNN", "time": 1533182913.0, "sentiment": ""}, {"id": 132310092, "text": "Date Published: 2018-07-20 \n \n$AAPL Here. Comes. Apple  \nhttp://bit.ly/_AAPL__  \n- \nYeah...", "time": 1533182880.0, "sentiment": "Bullish"}, {"id": 132310001, "text": "$FIT They can compete with $AAPL easy. More android users than IOS. Don\u2019t play urself. This is a big buy. Y\u2019all tripping if u say otherwise.", "time": 1533182857.0, "sentiment": "Bullish"}, {"id": 132309646, "text": "$BABA $AAPL My question is this: How long can companies rally upward with all the tariffs and especially the 10 yr note up? Just wondering.", "time": 1533182760.0, "sentiment": ""}, {"id": 132309471, "text": "$AAPL Shorty McBear: I personally don&#39;t care for Apple products and services. \nMarket: LOL", "time": 1533182704.0, "sentiment": ""}, {"id": 132309356, "text": "$AAPL I expect more out of you... tomorrow better be the day, you scrubs.", "time": 1533182670.0, "sentiment": ""}, {"id": 132309118, "text": "@ec_inc learn how to use $AAPL pay lol\ud83d\ude02 it\u2019s built into the IOS \ud83d\ude02", "time": 1533182603.0, "sentiment": ""}, {"id": 132308990, "text": "@guygentile respect, I have no pos so I don\u2019t care either way \u2014 but after your $AAPL loss I wouldn\u2019t be trading against trend personally", "time": 1533182575.0, "sentiment": ""}, {"id": 132308961, "text": "$AAPL  Surprise !! The FM guys R going to cover AAPL next !!! :):):)  Do they know $DXCM $FTNT $PAYC ??  $MOH $SODA ?  Maybe not !", "time": 1533182569.0, "sentiment": ""}, {"id": 132308617, "text": "$AAPL Thanks to my job blocking the internet and not allowing phones I completely missed out on AAPL.  Too late to get into it now?", "time": 1533182481.0, "sentiment": ""}, {"id": 132308403, "text": "Notable Money Flow: $SPY $IWM $QQQ $PFE $QEP $PYPL $CZR $DVN $AAPL $MSFT $EFA $EEM $TLT $GLD $XLU", "time": 1533182418.0, "sentiment": ""}, {"id": 132308385, "text": "@doktorek look at $AAPL \u2019s CC from the last two quarters look at their revenue and growth.  Really I see Apple Pay signs everywhere!", "time": 1533182414.0, "sentiment": "Bearish"}, {"id": 132308348, "text": "$AAPL AAPL leads the way today as the best performing mega cap stock, closing up 5.89%. https://stocknews.com/news/aapl-best-worst-performing-mega-cap-stocks-for-august-1/", "time": 1533182404.0, "sentiment": ""}, {"id": 132308341, "text": "$AAPL This is amazing for bulls. 1T now is 207! So Apple is reducing the mktcap by taking away shares! This is a race to beat Apple! LOL", "time": 1533182402.0, "sentiment": "Bullish"}, {"id": 132307958, "text": "$AAPL  \nwas expecting 203 today- but considering it was a red day.......... ok 201.67 is fine.", "time": 1533182292.0, "sentiment": ""}, {"id": 132307854, "text": "@jamescasper @bacheff yep and to make that an irrefutable fact take one look at $AAPL. It\u2019s all about brand loyalty", "time": 1533182253.0, "sentiment": "Bullish"}, {"id": 132307846, "text": "$AAPL", "time": 1533182250.0, "sentiment": ""}, {"id": 132307592, "text": "$TSLA this is the most dumbass thing....$CAT $AAPL crushed earnings..this dumb shit loose money is cashless and above $300", "time": 1533182171.0, "sentiment": "Bearish"}, {"id": 132307472, "text": "Hot Options Report For End Of Day - Wednesday, August 1 $BAC $HBI $AAPL https://goo.gl/mq8Rw8", "time": 1533182133.0, "sentiment": ""}, {"id": 132307469, "text": "$AAPL While the company has delivered on the performance front, some lucky breaks aren&#39;t hurting either. https://stocknews.com/news/aapl-trump-tax-cuts-prove-to-be-a-windfall-for-apple/", "time": 1533182132.0, "sentiment": ""}, {"id": 132307407, "text": "@ec_inc pay a friend with $AAPL pay if you like \ud83d\ude02", "time": 1533182110.0, "sentiment": "Bearish"}, {"id": 132307305, "text": "\ud83d\udd25 ACTION LINES IN #FAANG &amp; HIGH BETA: $FB $AAPL $NFLX $GOOGL $TSLA $BABA", "time": 1533182075.0, "sentiment": ""}, {"id": 132307180, "text": "$AAPL Keep buying before Buffet does.", "time": 1533182036.0, "sentiment": "Bullish"}, {"id": 132307158, "text": "$TSLA $AAPL will Buy Tesla", "time": 1533182028.0, "sentiment": "Bullish"}, {"id": 132307156, "text": "$TSLA This company failed projections and share price is beating $AAPL in AH on their ER. Makes perfect sense America lol.", "time": 1533182028.0, "sentiment": ""}, {"id": 132307124, "text": "$AAPL It felt wrong today to buy puts, so I did", "time": 1533182017.0, "sentiment": ""}, {"id": 132307070, "text": "$AAPL   magic number now $207.05", "time": 1533181999.0, "sentiment": ""}, {"id": 132306977, "text": "How major US stock indexes fared Wednesday $AAPL #AAPL https://www.marketbeat.com/n/3949623/", "time": 1533181972.0, "sentiment": ""}, {"id": 132306943, "text": "Based on the updated share count, Apple $AAPL shares would need to reach $207.05 to hit $1 trillion market cap - CNBC", "time": 1533181963.0, "sentiment": ""}, {"id": 132306894, "text": "$SQ my puts will be making me money tomorrow! To expensive to own for what they produce.  $AAPL is killing them with Apple Pay too!", "time": 1533181944.0, "sentiment": "Bearish"}, {"id": 132306744, "text": "$AAPL how much would this stock be if they never did a split", "time": 1533181903.0, "sentiment": ""}, {"id": 132306713, "text": "Fly Intel: Wall Street&#39;s top stories for Wednesday - $AAPL - http://thefly.com/permalinks/entry.php/AAPLid2769288", "time": 1533181892.0, "sentiment": ""}, {"id": 132306687, "text": "@GreenCandles  you and I agree on that ... I have long advocated for $AAPL as value ...   but the crazies include it in momo-driven acronyms", "time": 1533181884.0, "sentiment": ""}, {"id": 132306585, "text": "$AAPL $207.05 the trillion dollar number", "time": 1533181857.0, "sentiment": ""}, {"id": 132306420, "text": "Big Upgrades coming ! \ud83d\udd25\ud83d\udc09\ud83e\udd2b $AAPL", "time": 1533181814.0, "sentiment": ""}, {"id": 132306221, "text": "Apple Grows EPS By 40% https://theotrade.com/apple-grows-eps-by-40/ $AAPL", "time": 1533181757.0, "sentiment": ""}, {"id": 132305895, "text": "$AAPL  \n $207.05 sh price = Trillion Mkt Cap", "time": 1533181669.0, "sentiment": ""}, {"id": 132305838, "text": "$AAPL $SPY $QQQ Absolutely miserable day buying puts on these. Had been doing quite well, and went away from the plan. Stupid", "time": 1533181652.0, "sentiment": ""}, {"id": 132305700, "text": "3 Tech ETFs To Buy, According To Kevin O&#39;Leary https://benzinga.com/z/12119483 $AAPL $FDN $IYW $OGIG", "time": 1533181619.0, "sentiment": ""}, {"id": 132305669, "text": "$SQ $AAPL should just buy them. It&#39;s a $50B company in 1-2 years.", "time": 1533181608.0, "sentiment": "Bullish"}, {"id": 132305338, "text": "$AAPL Smart Analysis! bought 197 call at 2.23 and sold 5.40.", "time": 1533181535.0, "sentiment": "Bullish"}, {"id": 132305126, "text": "$AAPL Latest quarterly revenue chart https://fintel.io/fg/us/aapl/SalesRevenueNet", "time": 1533181484.0, "sentiment": ""}, {"id": 132305109, "text": "$AAPL files form 10-Q https://fintel.io/filings/us/aapl", "time": 1533181479.0, "sentiment": ""}, {"id": 132304866, "text": "5 Top Stock Trades for Thursday \u2014 Buy Apple on Push to $1 Trillion? $AAPL $PYPL $CMG $AMZN $IQ http://bit.ly/2vezBoP", "time": 1533181420.0, "sentiment": ""}, {"id": 132304852, "text": "$TSLA NOW YOU KNOW.  THE HEADLINES WERE BULLLLLSHIIIIIIIT.  Can&#39;t go BK when your cash is increasing. $AAPL $AMZN", "time": 1533181416.0, "sentiment": "Bullish"}, {"id": 132304816, "text": "$AAPL ask yourself is it smart to go against Buffet ?", "time": 1533181410.0, "sentiment": ""}, {"id": 132304553, "text": "$SPY these wicks on $qqq... mainly thanks to $aapl and the drive to $1 T.", "time": 1533181340.0, "sentiment": ""}, {"id": 132304277, "text": "$TSLA Here&#39;s the ER, read for yourself: http://ir.teslamotors.com/static-files/7235e525-db16-470c-8dce-9ecac0ad7712 $AAPL  $AMZN $BABA $FB $NFLX", "time": 1533181269.0, "sentiment": "Bullish"}, {"id": 132304037, "text": "$AAPL well I bought 180 puts 7 weeks out. &#39;S Do this", "time": 1533181204.0, "sentiment": ""}, {"id": 132303768, "text": "$AAPL 220 in couple of months! Very confident! Very bullish!!!", "time": 1533181133.0, "sentiment": "Bullish"}, {"id": 132303752, "text": "$TSLA LOL someone with Buffet money is doing to $tsla what they did to $AAPL", "time": 1533181127.0, "sentiment": ""}, {"id": 132303650, "text": "@Parallelism1399 not as dumb as you to be bearish on the most innovative company in the world. Let me guess your are bearish on $AAPL to", "time": 1533181098.0, "sentiment": "Bullish"}, {"id": 132303632, "text": "$AAPL Apple&#39;s ride to $1 trillion: The magic number that gets it there\n\nhttps://www.streetinsider.com/dr/news.php?id=14460408", "time": 1533181091.0, "sentiment": ""}, {"id": 132303404, "text": "$BTC.X thankfully I made mucho on $AAPL so I can buy the dip", "time": 1533181032.0, "sentiment": "Bullish"}, {"id": 132303394, "text": "Lg Cap All-Time High list rises to 30 names with Healthcare again the leading sector. Big tip of the hat to $AAPL also. $XLV", "time": 1533181031.0, "sentiment": ""}, {"id": 132303218, "text": "$AAPL 4.7m ago: SEC Quarterly Report -&gt; 10-Q - APPLE INC http://www.sec.gov/Archives/edgar/data/320193/000032019318000100/0000320193-18-000100-index.htm", "time": 1533180991.0, "sentiment": ""}, {"id": 132303133, "text": "$AAPL sold calls to early", "time": 1533180971.0, "sentiment": ""}, {"id": 132302958, "text": "Up Moves: \n+6.1% $AAPL \n+1.1% $FM \n+1% $KRE \n+0.9% $XLK \n+0.7% $FDN $XLRE \n+0.6% $EWJ \n+0.3% $QQQ \n+0.2% $FXY", "time": 1533180922.0, "sentiment": ""}, {"id": 132302865, "text": "$AAPL blocked you, dick. That is your name, isn\u2019t it, dick?", "time": 1533180896.0, "sentiment": "Bullish"}, {"id": 132302805, "text": "$SPY buffet loaded $AAPL during feb correction in 160s, he made a killing \ud83d\udc4d\ud83c\udffc\ud83d\udd25", "time": 1533180881.0, "sentiment": ""}, {"id": 132302661, "text": "$SPY So China not caving &amp; Trumpy-Bear decides to hurt the US even more. Best Deal Maker Ever! :o) He&#39;s a Joke  $BABA $AAPL $BIDU $JD $AMZN", "time": 1533180840.0, "sentiment": "Bullish"}, {"id": 132302504, "text": "$TSLA $AAPL $STUDY well, you can sell options for IV crush.", "time": 1533180797.0, "sentiment": ""}, {"id": 132302400, "text": "$AAPL where did u get that number?", "time": 1533180768.0, "sentiment": ""}, {"id": 132302144, "text": "$TSLA this is going up faster than $AAPL did yesterday", "time": 1533180714.0, "sentiment": "Bearish"}, {"id": 132302102, "text": "$AAPL wrong. They have to wait 48hrs after earnings before turning buybacks back on. Buybacks are the \ud83c\udf52 on top, not the \ud83c\udf56 on the bone.", "time": 1533180702.0, "sentiment": ""}, {"id": 132301061, "text": "$AAPL listen up, young&#39;uns, the first tranche I\u2019m holding was from 2004 @$1.28 per share. It\u2019s helped me retire early.", "time": 1533180473.0, "sentiment": ""}, {"id": 132301008, "text": "$TSLA so yeah I bought $AAPL and $TSLA shares (not options) before earnings very nice return. The brand and quality is where the money flows", "time": 1533180463.0, "sentiment": "Bullish"}, {"id": 132300995, "text": "$AAPL&#39;s #iPhone Is On Track For Its Biggest Year Ever", "time": 1533180462.0, "sentiment": ""}, {"id": 132300481, "text": "Hot Options Report For End Of Day August 1st - $AAPL, $BAC, $HBI \nhttp://www.theoptionsinsider.com/hot-options-report-for-end-of-day-august-1st-aapl-bac-hbi/", "time": 1533180354.0, "sentiment": ""}, {"id": 132300403, "text": "NEW VIDEO: Do Not Trade The Earnings Reports $TSLA $AAPL $STUDY https://www.shareplanner.com/featured-blogs/ryan-mallory/technical-discussion/24701-new-video-do-not-trade-the-earnings-reports.html", "time": 1533180336.0, "sentiment": ""}, {"id": 132300071, "text": "$AAPL  4,842,917,000 fully diluted shares outstanding on June 30 which puts $1T at $206.49", "time": 1533180260.0, "sentiment": "Bullish"}, {"id": 132299569, "text": "$TSLA Dont think I will ever understand the fascination with a company that loses so much money. Wake up people. This will never be an $AAPL", "time": 1533180161.0, "sentiment": "Bearish"}, {"id": 132299561, "text": "$AAPL Understanding the Nature of the Market is key for traders which have nothing to do with Fundamentals or events. #Elliottwave", "time": 1533180159.0, "sentiment": ""}, {"id": 132299212, "text": "$AAPL still room to run on this move", "time": 1533180091.0, "sentiment": ""}, {"id": 132299198, "text": "$AAPL buffet is doing pretty well since his purchase in the 150s.", "time": 1533180089.0, "sentiment": ""}, {"id": 132299120, "text": "$AAPL 1H Post Market from yesterday after ER presented at https://elliottwave-forecast.com #elliottwave", "time": 1533180074.0, "sentiment": ""}, {"id": 132299012, "text": "$AAPL where\u2019d all the &quot;red by the end of the day&quot; folks go?", "time": 1533180055.0, "sentiment": "Bullish"}, {"id": 132298935, "text": "$AAPL The wearable has achieved a significant amount of growth in a short period of time. https://stocknews.com/news/aapl-apple-inc-aapl-watch-sales-also-a-highlight-in-companys/", "time": 1533180033.0, "sentiment": ""}, {"id": 132298705, "text": "$AAPL Does this hit a trillion before the end of the week? @howardlindzon says &quot;I will talk for 30 minutes without giving an answer&quot;", "time": 1533179991.0, "sentiment": ""}, {"id": 132298689, "text": "To all the young Traders try Buying &amp; Holding. $AAPL is how I became a full time Trader Buying  big at $27 a share &amp; holding until 2015. GL", "time": 1533179986.0, "sentiment": "Bullish"}, {"id": 132298592, "text": "$AAPL My call is in the money.", "time": 1533179968.0, "sentiment": "Bullish"}, {"id": 132298588, "text": "$AAPL Only down $1.5 on that one :)", "time": 1533179967.0, "sentiment": "Bearish"}, {"id": 132298521, "text": "$TSLA lol knew i shoulda sold calls... got burned on $aapl and didn&#39;t wanna risk it... ah well", "time": 1533179950.0, "sentiment": ""}, {"id": 132298374, "text": "$AVGO got killed today, because tech fund money flowed back into $AAPL $AMZN $GOOGL and out of old safe value tech like beaten down Broadcom", "time": 1533179922.0, "sentiment": ""}, {"id": 132298240, "text": "$AAPL thank you bears for transferring your hard earned money to our accounts", "time": 1533179890.0, "sentiment": "Bullish"}, {"id": 132298151, "text": "$AAPL  i like thecway he thinks", "time": 1533179876.0, "sentiment": ""}, {"id": 132298003, "text": "$AAPL seems is the one that keeps on giving im happy", "time": 1533179847.0, "sentiment": ""}, {"id": 132297873, "text": "$AAPL gj everyone that held. sold this morning...", "time": 1533179822.0, "sentiment": ""}, {"id": 132297863, "text": "$AAPL came out strong and didnt give up. nice day here,", "time": 1533179821.0, "sentiment": ""}, {"id": 132297804, "text": "$AAPL seems fitting", "time": 1533179807.0, "sentiment": ""}, {"id": 132297748, "text": "$AAPL how much did u lose today", "time": 1533179798.0, "sentiment": ""}, {"id": 132297583, "text": "$AAPL", "time": 1533179763.0, "sentiment": "Bearish"}, {"id": 132297518, "text": "$AAPL bears never learn...", "time": 1533179752.0, "sentiment": "Bullish"}, {"id": 132297501, "text": "$AAPL Congrats Longs! Wild &amp; fun day!", "time": 1533179749.0, "sentiment": "Bullish"}, {"id": 132297472, "text": "$AAPL ENDS THE DAY ON A BULLISH NOTE CLOSING NEAR THE HIGH OF THE DAY: https://techniquant.com/reports/stock-aapl-daily-technical-analysis-report-for-2018-08-01/", "time": 1533179744.0, "sentiment": "Bullish"}, {"id": 132297457, "text": "$TSLA know a guy who mortgaged his house and put it all into $AAPL no doubt there are people who did the same with this. True believers.", "time": 1533179739.0, "sentiment": ""}, {"id": 132297375, "text": "$AAPL ROTFLMAO", "time": 1533179723.0, "sentiment": ""}, {"id": 132296981, "text": "$AAPL - when the 203 Trillion Dollar Market Cap level breaks have to be on the lookout for Sell The News -", "time": 1533179637.0, "sentiment": ""}, {"id": 132296902, "text": "$AAPL take away apple stock buy back &amp; this tanks. They saved it on every dip today. They paid cnbc to promo. And they probably have puts\ud83d\ude02", "time": 1533179619.0, "sentiment": "Bearish"}, {"id": 132296650, "text": "$AAPL I like leaps as well but have to have delta of at least 0.6. Will sell monthly OTM calls against these positions", "time": 1533179565.0, "sentiment": ""}, {"id": 132296346, "text": "@xroshx they say dump $fb because it had the biggest drop in a day, ever. They say get $aapl because it is the highest valued company, ever.", "time": 1533179503.0, "sentiment": ""}, {"id": 132296247, "text": "$AAPL Breaking above $200 &amp; still looking to extend toward $204 before 3 waves pullback take place #elliottwave", "time": 1533179484.0, "sentiment": ""}, {"id": 132296020, "text": "$AAPL \nMore foolishness posted by bears than any stock ever\nCan\u2019t block them fast enough", "time": 1533179440.0, "sentiment": ""}, {"id": 132295566, "text": "$AAPL apple is garbage couldn&#39;t even get the trillion mark", "time": 1533179342.0, "sentiment": ""}, {"id": 132295487, "text": "$AAPL after last nights hike it only bounced around the ceiling about $2 all day. This might hit a trillion. But before Friday will regulate", "time": 1533179325.0, "sentiment": "Bearish"}, {"id": 132295471, "text": "$AAPL    WOW!!   that was awesome.   this might be a better long term play than $QQQ  Congrats to the bulls.   Keep runnin.", "time": 1533179322.0, "sentiment": ""}, {"id": 132295421, "text": "$AAPL Congrats to all :)", "time": 1533179315.0, "sentiment": ""}, {"id": 132295197, "text": "$AAPL that\u2019s one hell of a day. Only 10 million until 1 trillion dollar mark baby", "time": 1533179273.0, "sentiment": "Bullish"}, {"id": 132295065, "text": "Apple stock\u2019s next milestone is $250 as the company makes a crucial transition $AAPL https://www.marketwatch.com/story/apple-stocks-next-milestone-is-250-as-the-company-makes-a-crucial-transition-2018-08-01?siteid=yhoof2&amp;yptr=yahoo", "time": 1533179247.0, "sentiment": ""}, {"id": 132294922, "text": "$TSLA $Aapl $qqq $spy", "time": 1533179219.0, "sentiment": ""}, {"id": 132294876, "text": "$AAPL and bears you are aware the overall market is due for a rally 1 trillion soon", "time": 1533179209.0, "sentiment": ""}, {"id": 132294864, "text": "$SPY China stop playing games and just make the announcement that you&#39;re going after $AAPL with everything  you&#39;ve got.......", "time": 1533179207.0, "sentiment": "Bearish"}, {"id": 132294848, "text": "$AAPL do we think fb will rise this wave too now?", "time": 1533179205.0, "sentiment": ""}, {"id": 132294798, "text": "Portfolio up a stunning +1.90% today.  Nice day for $PAYC, and $AAPL and $SAIL.  Bad day for $HOME and $EAT however.", "time": 1533179194.0, "sentiment": ""}, {"id": 132294595, "text": "$AAPL Had Puts cut my losses and went long caught the power hour &amp; help dig me out of the &quot;Put hole&quot;", "time": 1533179155.0, "sentiment": ""}, {"id": 132294430, "text": "@superbigdaddy @yidarmy @cybercash28 I will dont worry be happy. Why so angry?? #Toact $AAPL #GetShort #TakeProfits", "time": 1533179120.0, "sentiment": ""}, {"id": 132294398, "text": "$AAPL trillion dollar companies should not be trading at 4x sales. Must be some major inflation building up in the pipeline", "time": 1533179114.0, "sentiment": ""}, {"id": 132294381, "text": "$AAPL I am interested to hear about Tariffs... This has my concerned for many of my stocks.", "time": 1533179110.0, "sentiment": ""}, {"id": 132294231, "text": "$AAPL bears said it was gonna be at $195 at EOD", "time": 1533179082.0, "sentiment": "Bullish"}, {"id": 132294136, "text": "$AAPL lol even going up in AH. No Brakes! \ud83d\ude80", "time": 1533179062.0, "sentiment": "Bullish"}, {"id": 132294127, "text": "$AAPL 1T in PM? Seems likely", "time": 1533179059.0, "sentiment": ""}, {"id": 132293996, "text": "$AAPL If trade wars escalate China could ban apple", "time": 1533179034.0, "sentiment": "Bearish"}, {"id": 132293963, "text": "$TSLA stayed out of TSLA. Loosing too much $ on $FB and $NFLX. IV killed my $AAPL calls. Made only 1/2 profit of what I thought it would be.", "time": 1533179027.0, "sentiment": "Bearish"}, {"id": 132293903, "text": "$AAPL \nWhen, not if Apple\u2019s multiple expands &amp; complements its buyback \ud83d\ude80\n\nWhat if Apple also launches another  (small) blockbuster product?", "time": 1533179016.0, "sentiment": "Bullish"}, {"id": 132293814, "text": "@superbigdaddy @yidarmy @cybercash28 FlowChart said so.... Thanks for the updated picture! Adding more tomorrow $AAPL #GetShort #TakeProfits", "time": 1533179000.0, "sentiment": ""}, {"id": 132293792, "text": "$AAPL saved the day.", "time": 1533178996.0, "sentiment": ""}, {"id": 132293543, "text": "$AAPL the tariffs oh the tariffs.", "time": 1533178946.0, "sentiment": ""}, {"id": 132293461, "text": "$AMZN $AAPL ... i mean. Pretty close ... off $1 on aapl.", "time": 1533178930.0, "sentiment": ""}, {"id": 132293459, "text": "$AAPL My strangle paid out nicely", "time": 1533178930.0, "sentiment": ""}, {"id": 132293396, "text": "$AAPL Nice. Long 2300 shares worth of 2019 and 2020 LEAPs. Bought/sold none today. Looking for $204-205ish before I begin to unwind.", "time": 1533178918.0, "sentiment": "Bullish"}, {"id": 132293389, "text": "$AAPL I wonder who could China possibly make Hell for Who\u2019s an easy target? \ud83e\udd14", "time": 1533178917.0, "sentiment": ""}, {"id": 132293352, "text": "$AAPL RELENTLESS...there just no other way...The most amazing company on this planet...$$$$$$$$$$$$$$$$$$$$$$$", "time": 1533178910.0, "sentiment": "Bullish"}, {"id": 132293334, "text": "$AAPL Tomorrow we should celebrate", "time": 1533178904.0, "sentiment": ""}, {"id": 132293305, "text": "$AAPL middle 90s holding until 300. See you soon.", "time": 1533178899.0, "sentiment": "Bullish"}, {"id": 132293302, "text": "$AAPL 205 tomorrow easily", "time": 1533178898.0, "sentiment": "Bullish"}, {"id": 132293275, "text": "$AAPL Exceeded expectations.", "time": 1533178892.0, "sentiment": "Bullish"}]