[{"id": 132401093, "text": "$AAPL now a trillion dollar company. Lets see how $FIT doing", "time": 1533246527.0, "sentiment": ""}, {"id": 132401087, "text": "$AAPL I love this company. Always will.", "time": 1533246526.0, "sentiment": "Bullish"}, {"id": 132401079, "text": "$AAPL easy money", "time": 1533246525.0, "sentiment": ""}, {"id": 132401068, "text": "$SQ $AAPL $TSLA Carter called these to the downside on ER.But the opposite happened.Those patterns dont always play out.More like dice rolls", "time": 1533246522.0, "sentiment": ""}, {"id": 132401030, "text": "$AAPL Apple adjusted share count yesterday. Ameritrade sleeping on the job.", "time": 1533246514.0, "sentiment": ""}, {"id": 132401015, "text": "$AAPL $1B market cap hit on NASDAQ.", "time": 1533246511.0, "sentiment": ""}, {"id": 132400973, "text": "$SPY Congrats $aapl for reaching $1T. We as US citizens should stand tall and proud against all others. (4,915,138 * $203.46)", "time": 1533246499.0, "sentiment": "Bullish"}, {"id": 132400936, "text": "$AAPL FOLKS PLEASE PLEAEE PLEASE DONT SHORT!!!!!!! YOUWILLLOSE ALL OF YOUR MONEY!!!!!!! BUY CALLS ON EVERY DIP!!!!!!!", "time": 1533246490.0, "sentiment": "Bullish"}, {"id": 132400891, "text": "$AAPL It&#39;s 999 BILLION COMPANY NOW!! 1 B away from 1 TRILLION", "time": 1533246480.0, "sentiment": ""}, {"id": 132400857, "text": "$AAPL I never buy ATH  and euphoria . So today I am making money with other stock. 2% with AAPL or 2% on other stock is the same 2% gain", "time": 1533246469.0, "sentiment": "Bearish"}, {"id": 132400839, "text": "$AAPL What a political statement asshole we\u2019re all of one people stupid", "time": 1533246465.0, "sentiment": ""}, {"id": 132400816, "text": "$ABIO $AAPL help out too today", "time": 1533246460.0, "sentiment": "Bullish"}, {"id": 132400809, "text": "$AAPL FYI this guy @Rockford_Strategies was doing the same thing in all caps as a bear pre-ER don\u2019t listen to that phony pumper", "time": 1533246458.0, "sentiment": ""}, {"id": 132400775, "text": "$AAPL There it is. Shared pattern chart all last week before earnings. Said stock should reach 205 while the DJIA heads lower :)IMO Bingo", "time": 1533246451.0, "sentiment": ""}, {"id": 132400745, "text": "$AAPL confused ameriteade says 1 trillion CNBC says it isn&#39;t", "time": 1533246445.0, "sentiment": ""}, {"id": 132400734, "text": "$MU $SQ $TSLA $AAPL $QQQ $SOXX $NVDA $AMD $GUSH $UGAZ $LABU $SOXL $TECL $MSFT \n\nGo tech go!\n\nJoin the official room!\nhttp://www.stocktwits.com/r/wallstreet", "time": 1533246442.0, "sentiment": "Bullish"}, {"id": 132400718, "text": "$AAPL what a set up, hits the trillion mark then what? Massive sell by algos", "time": 1533246437.0, "sentiment": "Bearish"}, {"id": 132400612, "text": "$AAPL https://247wallst.com/technology-3/2018/08/02/apple-newsflow-july-2018-2/?utm_source=feedburner&amp;utm_medium=feed&amp;utm_campaign=Feed%3A+247wallst_partners+%2824%2F7+Wall+St.+-+Syndication+Partners%29", "time": 1533246412.0, "sentiment": "Bullish"}, {"id": 132400602, "text": "$TWTR $AAPL $FB BEARS taking a BATH here!  Wow.", "time": 1533246409.0, "sentiment": "Bullish"}, {"id": 132400586, "text": "$AAPL I&#39;m up 1,659%.\n\nTotal insanity.  Just wish I had 7,000 shares instead of 700.", "time": 1533246402.0, "sentiment": "Bullish"}, {"id": 132400544, "text": "$AAPL Shorting is very dangerous.  If even one trader is doing it don&#39;t join them.", "time": 1533246391.0, "sentiment": ""}, {"id": 132400518, "text": "$AAPL sold all mine here. Glta! $SPY $UVXY", "time": 1533246385.0, "sentiment": ""}, {"id": 132400492, "text": "$GOOGL now employs over half the world&#39;s #AI scientists per @petesweenypro @reuters. Half. They INTEND to win and beat $AAPL $MSFT etc. 2/", "time": 1533246380.0, "sentiment": ""}, {"id": 132400468, "text": "$AAPL I think it was the buyback that pushed Apple up today. The company wanted to dominate Finance headlines !", "time": 1533246376.0, "sentiment": ""}, {"id": 132400448, "text": "$AAPL too fast move .. out for now", "time": 1533246372.0, "sentiment": ""}, {"id": 132400442, "text": "$AAPL 1T today", "time": 1533246371.0, "sentiment": ""}, {"id": 132400384, "text": "$AAPL Congratulations to the soul of Steve Jobs who jump restarted AAPL! By the way, Steve are offspring of Syrian immigrant parents!", "time": 1533246356.0, "sentiment": "Bullish"}, {"id": 132400365, "text": "$AAPL", "time": 1533246352.0, "sentiment": "Bullish"}, {"id": 132400352, "text": "No fricken way would I own $AAPL up here.  Are you nuts?", "time": 1533246350.0, "sentiment": "Bearish"}, {"id": 132400320, "text": "$AAPL shorted at 205.50 stop at 1B market...", "time": 1533246344.0, "sentiment": ""}, {"id": 132400267, "text": "$AAPL  how quickly things change.....", "time": 1533246335.0, "sentiment": "Bullish"}, {"id": 132400264, "text": "$AAPL BUY CALLLS TO N THIS DIP FOLKS SERIOUSLY YOU WILL GET BURNED SHORTING!!!!!!", "time": 1533246334.0, "sentiment": "Bullish"}, {"id": 132400249, "text": "$NQ_F 100 pt bounce off the overnight low, everything is fine \ud83d\ude0e $QQQ $AAPL $SPY", "time": 1533246331.0, "sentiment": ""}, {"id": 132400246, "text": "$AAPL y&#39;all realize that 1T is a moving target. Cook and co. are still buying shares. Blackout ends ma\u00f1ana.", "time": 1533246331.0, "sentiment": ""}, {"id": 132400214, "text": "$AAPL All out of AAPL &amp; AMZN. 100% US Cash. Off on vacation for 3 weeks. Accounts at all time highs. Grateful to Bezos &amp; Cook. GLTA", "time": 1533246323.0, "sentiment": "Bullish"}, {"id": 132400195, "text": "$AAPL  If it were valued properly, Apple could have a $300 price target https://www.cnbc.com/video/2018/07/31/if-it-were-valued-properly-apple-could-have-a-300-price-target.html", "time": 1533246319.0, "sentiment": "Bullish"}, {"id": 132400167, "text": "$AAPL 210", "time": 1533246313.0, "sentiment": ""}, {"id": 132400147, "text": "@alldigitalgroup I get it &amp; own a lot of positions in different sectors. Kind of enjoying the run in $AAPL I jumped on it 4 yrs ago.", "time": 1533246308.0, "sentiment": "Bullish"}, {"id": 132400131, "text": "$AAPL how high will apple go??\ud83e\udd14", "time": 1533246306.0, "sentiment": ""}, {"id": 132400100, "text": "$AAPL cutting myself for selling all my 202.5 calls yesterday", "time": 1533246297.0, "sentiment": ""}, {"id": 132400094, "text": "$AAPL haven\u2019t had 3 red 1 minute candles in a row since 1015am. This is insane!!!", "time": 1533246297.0, "sentiment": "Bullish"}, {"id": 132400084, "text": "$GOOGL I&#39;m building a position because I believe #Alphabet will be the #AI winner, even beating $AAPL.  Will give them huge advantage. 1/", "time": 1533246294.0, "sentiment": ""}, {"id": 132399926, "text": "$AAPL Gotta love how Tim Cook taking away headphone jack some how creates more market cap than all of iphone history.", "time": 1533246260.0, "sentiment": "Bearish"}, {"id": 132399920, "text": "$AAPL the bears today are like Trumpists - they believe what they believe. No facts will dissuade them from their beliefs.", "time": 1533246258.0, "sentiment": "Bullish"}, {"id": 132399919, "text": "$AAPL the new billion is trillion", "time": 1533246258.0, "sentiment": ""}, {"id": 132399896, "text": "$AAPL wow", "time": 1533246253.0, "sentiment": ""}, {"id": 132399890, "text": "$AAPL apples buying all the shares. New trillion point is 370.90! Disclaimer I\u2019m not telling the truth", "time": 1533246252.0, "sentiment": ""}, {"id": 132399875, "text": "$AAPL all the money in Chinese companies is being filtered back into AAPL?", "time": 1533246249.0, "sentiment": ""}, {"id": 132399850, "text": "$AAPL That\u2019s insane", "time": 1533246246.0, "sentiment": ""}, {"id": 132399831, "text": "$AAPL taking profit at $205.50", "time": 1533246243.0, "sentiment": ""}, {"id": 132399787, "text": "$AAPL sold my calls yesterday(for gains). Missing out on some serious cash. \ud83e\udd26\u200d\u2642\ufe0f f$&amp;$.", "time": 1533246237.0, "sentiment": "Bullish"}, {"id": 132399763, "text": "$AAPL  \nAAPL ALL TIME HIGH! \n$205.69 \nAll Time Highest TODAY intraday", "time": 1533246233.0, "sentiment": "Bullish"}, {"id": 132399707, "text": "Piper Jaffray Companies Raises Apple FY2018 Earnings Estimates to $11.72 EPS (Previously $11.46). http://www.marketbeat.com/x/517937 $AAPL", "time": 1533246221.0, "sentiment": ""}, {"id": 132399700, "text": "Oppenheimer Raises Apple FY2018 Earnings Estimates to $11.73 EPS (Previously $11.40). http://www.marketbeat.com/x/517936 $AAPL", "time": 1533246220.0, "sentiment": ""}, {"id": 132399695, "text": "DA Davidson Raises Apple FY2018 Earnings Estimates to $11.70 EPS (Previously $11.30). http://www.marketbeat.com/x/517935 $AAPL", "time": 1533246219.0, "sentiment": ""}, {"id": 132399665, "text": "$AAPL Maybe, there is a God. Just kidding :)", "time": 1533246215.0, "sentiment": "Bullish"}, {"id": 132399662, "text": "$AAPL R.I.P. Steve Jobs and $1 Trillion race.", "time": 1533246214.0, "sentiment": ""}, {"id": 132399652, "text": "$AAPL What a run that was $$$$$$$$$$$$$$$$$$$$$$$$$$$$$$$", "time": 1533246213.0, "sentiment": "Bullish"}, {"id": 132399617, "text": "$AAPL the new billion is a trillion", "time": 1533246209.0, "sentiment": ""}, {"id": 132399520, "text": "$SPY still a few animal spirits out there with this $AAPL trillion market cap euphoria, short is at 286 not here.", "time": 1533246188.0, "sentiment": ""}, {"id": 132399495, "text": "@reez007 @PerSE @00jeson @AlexanderHandleton @Frenzy @cantfixstupid Since Every Bull in $AAPL  We Say $SPY is on Fake High=Empty run $VIX", "time": 1533246183.0, "sentiment": "Bearish"}, {"id": 132399489, "text": "$AAPL Cool to witness the milestone", "time": 1533246183.0, "sentiment": ""}, {"id": 132399455, "text": "$AAPL what\u2019s even funnier is bulls won\u2019t sell here. They\u2019ll hold. Market crashes. AAPL goes to $180 and they\u2019ll blame Trump. Lmao", "time": 1533246176.0, "sentiment": "Bearish"}, {"id": 132399376, "text": "$AAPL y&#39;all better cash out today cause plz believe this will be a bear party tomorrow", "time": 1533246162.0, "sentiment": ""}, {"id": 132399372, "text": "$AAPL WOW...blasted past $1T with furious momentum!!", "time": 1533246161.0, "sentiment": "Bullish"}, {"id": 132399328, "text": "$AAPL woooo got 10c at the 190 strike. It won\u2019t run forever but here comes the 1t market cap! Let\u2019s go!", "time": 1533246150.0, "sentiment": "Bullish"}, {"id": 132399320, "text": "$AAPL two measly .44 contracts. Hahaha. I\u2019ll sell if it goes back under $205", "time": 1533246149.0, "sentiment": "Bullish"}, {"id": 132399294, "text": "$AAPL did it first!", "time": 1533246144.0, "sentiment": "Bullish"}, {"id": 132399234, "text": "$AAPL investors are obsessed with a Trillion Apple\uff01", "time": 1533246134.0, "sentiment": ""}, {"id": 132399134, "text": "You can sit there with your arms crossed saying &quot;I don&#39;t care about this milestone&quot; or you could, you know, be a little positive $AAPL", "time": 1533246118.0, "sentiment": ""}, {"id": 132399120, "text": "$AAPL   \nApple Becomes the First Company in History to Be Valued at Over $1 Trillion", "time": 1533246114.0, "sentiment": "Bullish"}, {"id": 132399118, "text": "Taking my share of $AAPL and $FB call. Cha-ching!!!", "time": 1533246114.0, "sentiment": ""}, {"id": 132399045, "text": "$AAPL Congrats Longs!! I\u2019m still confused as to $AMZN doubles earnings ... but goes down \ud83e\udd37\ud83c\udfff\u200d\u2642\ufe0f", "time": 1533246103.0, "sentiment": "Bullish"}, {"id": 132399042, "text": "$AAPL I&#39;m glad I switched from put&#39;s to calls", "time": 1533246102.0, "sentiment": "Bullish"}, {"id": 132399036, "text": "$AAPL $CMG These 2 running like they stole something. Check my feed for plays or join us!", "time": 1533246101.0, "sentiment": "Bullish"}, {"id": 132399004, "text": "$MU $SQ $TSLA $AAPL $QQQ $SOXX $NVDA Massive short covering in effect right now! FAANGs still own roost. Banks, Bio, and Chips undervalued!", "time": 1533246094.0, "sentiment": "Bullish"}, {"id": 132398990, "text": "$AAPL  THANK YOU TIMMY!!!", "time": 1533246091.0, "sentiment": ""}, {"id": 132398978, "text": "$AAPL now sure who is buying up here", "time": 1533246089.0, "sentiment": ""}, {"id": 132398938, "text": "Yeah, a little positivity goes a long way.  $AAPL", "time": 1533246081.0, "sentiment": ""}, {"id": 132398933, "text": "$AAPL that\u2019s awesome \ud83d\ude0e", "time": 1533246080.0, "sentiment": "Bullish"}, {"id": 132398888, "text": "$AAPL closer and closer. By noon!", "time": 1533246072.0, "sentiment": "Bullish"}, {"id": 132398794, "text": "$AAPL witnessing history here thats cool", "time": 1533246057.0, "sentiment": "Bullish"}, {"id": 132398779, "text": "$AAPL carrying $FB $NFLX and $AMZN up with him. A positif tweet about the tarrif and shorts get burned again", "time": 1533246053.0, "sentiment": "Bullish"}, {"id": 132398751, "text": "@reez007 @PerSE @00jeson @AlexanderHandleton @Frenzy @cantfixstupid So Today Time $SPY with $AAPL IF AAPL Does Down Huge Hit on $SPY $VIX", "time": 1533246048.0, "sentiment": "Bearish"}, {"id": 132398748, "text": "$AAPL I purchased Apple when was 95.00 a share I making like a bandit now", "time": 1533246048.0, "sentiment": ""}, {"id": 132398703, "text": "$STZ i should have never bought Jan 2019 $230 calls in you.  should have just used that money for more $AAPL calls. disappointing.", "time": 1533246041.0, "sentiment": ""}, {"id": 132398679, "text": "$AAPL what? No jizz all over this board? Surprised.", "time": 1533246037.0, "sentiment": ""}, {"id": 132398652, "text": "$AAPL Only in America would people blindly throw money at a company with basically a $1T market cap. All the more reason to short the top", "time": 1533246033.0, "sentiment": "Bearish"}, {"id": 132398649, "text": "$AAPL yearning and burning...", "time": 1533246032.0, "sentiment": "Bullish"}, {"id": 132398635, "text": "$AAPL The shorts have to cover.  Then it will go their way.  But many points up more are needed else nothing doing.", "time": 1533246030.0, "sentiment": ""}, {"id": 132398602, "text": "$AAPL wow $QQQ", "time": 1533246024.0, "sentiment": ""}, {"id": 132398582, "text": "$aapl monsttttttttttttttttter ... fly baby fly", "time": 1533246021.0, "sentiment": "Bullish"}, {"id": 132398568, "text": "$AAPL it\u2019s only fitting that the first Trillion company in the world is an American business icon called Apple. USA USA USA", "time": 1533246019.0, "sentiment": "Bullish"}, {"id": 132398549, "text": "$AAPL correction...$207+ to reach 1 trillion.", "time": 1533246016.0, "sentiment": ""}, {"id": 132398545, "text": "$AAPL Why are they saying its not at a Trillion yet on CNBC?", "time": 1533246015.0, "sentiment": ""}, {"id": 132398495, "text": "$AAPL  not my best sell but profit is profit", "time": 1533246005.0, "sentiment": ""}, {"id": 132398485, "text": "Still a few animal spirits out there with this $AAPL trillion market cap euphoria.  The short is at 286 not here.", "time": 1533246002.0, "sentiment": ""}, {"id": 132398482, "text": "$AAPL buying weeklies yesterday were a almost a guarantee", "time": 1533246001.0, "sentiment": "Bullish"}, {"id": 132398479, "text": "$AAPL not a lot of math geniuses here", "time": 1533246001.0, "sentiment": ""}, {"id": 132398441, "text": "$AAPL lets gooooooo", "time": 1533245991.0, "sentiment": "Bullish"}, {"id": 132398419, "text": "$aapl bum boom 4$ runner,big gain from calls $$$", "time": 1533245986.0, "sentiment": "Bullish"}, {"id": 132398393, "text": "$AAPL hey plus all of us hodling get dividend in about a week. Yay!!", "time": 1533245980.0, "sentiment": ""}, {"id": 132398388, "text": "$AAPL Buffet should buy more so it can hit the mark :)", "time": 1533245978.0, "sentiment": "Bullish"}, {"id": 132398384, "text": "$AAPL Where is the dweeb that said 195.00 today?  C&#39;mon out.  Take your lumps AH.", "time": 1533245977.0, "sentiment": ""}, {"id": 132398366, "text": "$SPY huge trade war w china but never mind that, $AAPL hit 1 trillion \ud83d\ude44", "time": 1533245974.0, "sentiment": "Bearish"}, {"id": 132398311, "text": "$AAPL is this happening?", "time": 1533245964.0, "sentiment": "Bullish"}, {"id": 132398300, "text": "@reez007 @PerSE @00jeson @AlexanderHandleton @Frenzy @cantfixstupid Reason Markets UP Every Bull is In $AAPL to Rescue Markets $SPY $VIX", "time": 1533245962.0, "sentiment": ""}, {"id": 132398280, "text": "$AAPL a trillion 2day \ud83c\uddf1\ud83c\uddf7\ud83d\udc4c\ud83c\uddf1\ud83c\uddf7\ud83d\udc4c\ud83c\uddf1\ud83c\uddf7\ud83d\udc4c\ud83c\uddf1\ud83c\uddf7\ud83e\udd11\ud83d\ude80\ud83d\ude80\ud83d\ude80\ud83d\ude80\ud83d\ude80\ud83d\udc4c\ud83c\uddf1\ud83c\uddf7\ud83c\uddf1\ud83c\uddf7\ud83c\uddf1\ud83c\uddf7\ud83c\uddf1\ud83c\uddf7\ud83d\udc4c", "time": 1533245957.0, "sentiment": "Bullish"}, {"id": 132398267, "text": "$aapl when Apple was $115 and analyst were negative, we wrote this article on SeekingAlpha https://www.google.com/amp/s/seekingalpha.com/amp/article/4034044-apple-rotting-tech-company-value-play-will-bear-fruit-years-come. We love to be contrarian.", "time": 1533245954.0, "sentiment": "Bullish"}, {"id": 132398252, "text": "$AAPL Capitalism FTW!!", "time": 1533245951.0, "sentiment": "Bullish"}, {"id": 132398246, "text": "$SPY $aapl 996 B now", "time": 1533245950.0, "sentiment": ""}, {"id": 132398229, "text": "$AAPL lmao apple is doing the most today. Look at her go!", "time": 1533245945.0, "sentiment": "Bullish"}, {"id": 132398221, "text": "$AAPL So finally the market is beginning to recognize this company&#39;s value. What took it so long? Still plenty of room to run!", "time": 1533245941.0, "sentiment": "Bullish"}, {"id": 132398199, "text": "$AAPL Two dollars! I want my two dollars! $2 more and a $1T mkt cap.", "time": 1533245935.0, "sentiment": "Bullish"}, {"id": 132398186, "text": "$SPY Apple is carrying the market! $AAPL", "time": 1533245933.0, "sentiment": ""}, {"id": 132398136, "text": "$AAPL it&#39;s gonna happen today", "time": 1533245920.0, "sentiment": "Bullish"}, {"id": 132398131, "text": "$AAPL Ohhhhhh.....\ud83d\ude31\ud83d\ude31\ud83d\ude31\ud83d\ude31\ud83d\ude0d\ud83d\ude0d\ud83d\ude0d\ud83d\ude0d\ud83d\ude0d\ud83d\udc4c\ud83c\udffb\ud83d\udc4c\ud83c\udffb\ud83d\udc4c\ud83c\udffb\ud83d\udcb0\ud83d\udcb0\ud83d\udcb0\ud83d\udcb0\ud83d\udcb0", "time": 1533245919.0, "sentiment": "Bullish"}, {"id": 132398116, "text": "$AAPL $1 Trillion", "time": 1533245914.0, "sentiment": ""}, {"id": 132398110, "text": "$AAPL is everyone getting their nutrients again today with \ud83c\udf4e?  \n\ud83d\ude01", "time": 1533245913.0, "sentiment": "Bullish"}, {"id": 132398077, "text": "$AAPL bears r desperate. $207+ \ud83c\uddf1\ud83c\uddf7\ud83d\udc4c\ud83c\uddf1\ud83c\uddf7\ud83d\udc4c\ud83c\uddf1\ud83c\uddf7\ud83d\udc4c\ud83c\uddf1\ud83c\uddf7\ud83d\udc4c\ud83c\uddf1\ud83c\uddf7\ud83d\udc4c\ud83c\uddf1\ud83c\uddf7\ud83d\udc4c", "time": 1533245906.0, "sentiment": "Bullish"}, {"id": 132398075, "text": "$AAPL ANY PRICE!!!!!!!!!!!! IT!!!!! DOESN&#39;T!!!!!! MATTER!!!!!!!!!!!!! DO YOU FET IT YET?!?!!?!!!???!!!YOU CANT LOSE!!!!!!!!!!! BUY CALLS", "time": 1533245905.0, "sentiment": "Bullish"}, {"id": 132398072, "text": "#Update(6)  $AAPL Aug-03 192.5 Calls Up +196%.  4 to 11.85 per contract since alerted on Jul 19. \n\n1 daystoexpire", "time": 1533245904.0, "sentiment": "Bullish"}, {"id": 132398065, "text": "$REGN Best. \n$AMZN $TSLA Best. \n$AAPL Best. And surprising range today.", "time": 1533245903.0, "sentiment": ""}, {"id": 132398056, "text": "$AMZN $AAPL on it way to 1 trillion big bro right behind it 2 trillion comein.", "time": 1533245900.0, "sentiment": "Bullish"}, {"id": 132398036, "text": "$AAPL adjusted outstanding share count late Wednesday.  Needs a share price of $207.05 to get is across the $1TRILLION threshold. #trunicorn", "time": 1533245897.0, "sentiment": "Bullish"}, {"id": 132398032, "text": "$AAPL $210 and then $220 coming up.  News of PT going up soon also.", "time": 1533245896.0, "sentiment": ""}, {"id": 132398023, "text": "$AAPL It&#39;s above $205 now and keeps on going", "time": 1533245895.0, "sentiment": ""}, {"id": 132397972, "text": "$AAPL Mrkt wants to see the 1st $til company so don&#39;t fight it. Its going there $SPY", "time": 1533245885.0, "sentiment": "Bullish"}, {"id": 132397971, "text": "$AAPL as seen in Monthly chart.", "time": 1533245885.0, "sentiment": ""}, {"id": 132397939, "text": "$AAPL miss this quarter with iPhones and MacBook also next quarter will be the miss big", "time": 1533245878.0, "sentiment": "Bearish"}, {"id": 132397891, "text": "@bebebo When the day comes (probably now) that $AAPL is the only buyer better wish to be among those &quot;who sold too soon.&quot;", "time": 1533245864.0, "sentiment": "Bearish"}, {"id": 132397866, "text": "$AAPL 207$+ \ud83d\udc4c\ud83d\ude80\ud83d\ude80\ud83d\ude80\ud83d\ude80\ud83d\udc4c\ud83c\uddf1\ud83c\uddf7\ud83d\udc4c", "time": 1533245858.0, "sentiment": "Bullish"}, {"id": 132397808, "text": "$AAPL PURE SHORT COVERS ALL DAY LONG!!!!!!!! NON STOP!!!!!!!", "time": 1533245845.0, "sentiment": "Bullish"}, {"id": 132397765, "text": "$AAPL amazing!", "time": 1533245832.0, "sentiment": ""}, {"id": 132397762, "text": "$AAPL update to $207+ 2day\ud83c\uddf1\ud83c\uddf7\ud83d\udc4c\ud83c\uddf1\ud83c\uddf7\ud83d\udc4c\ud83c\uddf1\ud83c\uddf7\ud83d\udc4c\ud83c\uddf1\ud83c\uddf7\ud83d\udc4c\ud83c\uddf1\ud83c\uddf7\ud83d\udc4c", "time": 1533245831.0, "sentiment": "Bullish"}, {"id": 132397761, "text": "$AAPL oh my", "time": 1533245831.0, "sentiment": ""}, {"id": 132397738, "text": "I see many high of days deeply green among tech bellwethers $FB $AMZN $NFLX $AAPL $AMD all going higher.", "time": 1533245826.0, "sentiment": ""}, {"id": 132397730, "text": "$AAPL NOONNNNNNNNNNN STOP!!!!!!! UP OVER 260%!!!!!!! GOING FOR 1000%!!!!!!!!!! NONNNNNNN stop!!!", "time": 1533245825.0, "sentiment": "Bullish"}, {"id": 132397726, "text": "$AAPL I&#39;m going to declare it since no one really knows. Apple is worth a trillion dollars. Does that make you happy? great, lets move on.", "time": 1533245824.0, "sentiment": ""}, {"id": 132397687, "text": "$AAPL Apple. American success story.", "time": 1533245816.0, "sentiment": "Bullish"}, {"id": 132397684, "text": "$AAPL Shares of Apple need to reach $207.05 for the firm to reach the $1 trillion mark, or about 2.75%.", "time": 1533245815.0, "sentiment": ""}, {"id": 132397664, "text": "$AAPL Wow. Great job Apple longs! Almost at that trill mark!", "time": 1533245810.0, "sentiment": "Bullish"}, {"id": 132397658, "text": "$AAPL what price at is a tril?", "time": 1533245809.0, "sentiment": ""}, {"id": 132397637, "text": "$AAPL who made aapl mad?", "time": 1533245806.0, "sentiment": "Bullish"}, {"id": 132397628, "text": "$AAPL shorts get out now so we can hit a trillion", "time": 1533245803.0, "sentiment": "Bullish"}, {"id": 132397620, "text": "$AAPL 207 nearing.. will they REALLY take it to 1T?seriously? no back tests?", "time": 1533245801.0, "sentiment": ""}, {"id": 132397614, "text": "$AAPL y\u2019all are stupid. And you haven\u2019t won yet. Wait til Buffett admits he\u2019s all sold out here in the next few days. $GE all over again", "time": 1533245800.0, "sentiment": "Bearish"}, {"id": 132397584, "text": "$AAPL", "time": 1533245794.0, "sentiment": ""}, {"id": 132397549, "text": "$AAPL :)", "time": 1533245788.0, "sentiment": "Bullish"}, {"id": 132397535, "text": "$AAPL do it...", "time": 1533245783.0, "sentiment": "Bullish"}]