[{"id": 132414920, "text": "$AAPL the beast!!", "time": 1533250164.0, "sentiment": ""}, {"id": 132414913, "text": "$AAPL Just a light boop at 1 trillion.", "time": 1533250162.0, "sentiment": ""}, {"id": 132414912, "text": "$AAPL 1,000,000,000,000.00", "time": 1533250162.0, "sentiment": "Bullish"}, {"id": 132414905, "text": "$AAPL Sell the news as expected..", "time": 1533250159.0, "sentiment": ""}, {"id": 132414900, "text": "$AAPL This gonna march right to 215.00", "time": 1533250158.0, "sentiment": ""}, {"id": 132414899, "text": "$AAPL https://www.fool.com/investing/2018/08/02/apple-management-talks-iphone-ipad-wearables-and-s.aspx", "time": 1533250158.0, "sentiment": "Bullish"}, {"id": 132414897, "text": "anyone putting their sell offers at 207.05? $aapl", "time": 1533250158.0, "sentiment": ""}, {"id": 132414890, "text": "$SPY lol did y\u2019all see that on $AAPL \ud83d\ude02\ud83d\ude02", "time": 1533250156.0, "sentiment": ""}, {"id": 132414889, "text": "$AAPL 1 trillion, unbelievable, great story!", "time": 1533250155.0, "sentiment": ""}, {"id": 132414884, "text": "$AAPL congrats!!", "time": 1533250153.0, "sentiment": ""}, {"id": 132414874, "text": "$AAPL nice, 1 trillion for like a second lol", "time": 1533250153.0, "sentiment": ""}, {"id": 132414866, "text": "$AAPL come on man i have champagne on ice waiting to pop lets go", "time": 1533250149.0, "sentiment": ""}, {"id": 132414865, "text": "$AAPL it&#39;s over now back to reality lmao. Congrats guys", "time": 1533250149.0, "sentiment": ""}, {"id": 132414842, "text": "@ApocalypseCow $AAPL You Happy Now, lol \ud83d\ude02", "time": 1533250141.0, "sentiment": "Bullish"}, {"id": 132414831, "text": "$SPY All that free tech-selling cash from the last 2 weeks going into $AAPL right now.", "time": 1533250138.0, "sentiment": ""}, {"id": 132414827, "text": "$AAPL Beautiful ... We&#39;ve made History, Bulls!! We&#39;ll be telling our grandkids we were here when ;)", "time": 1533250137.0, "sentiment": "Bullish"}, {"id": 132414826, "text": "$AAPL there\u2019s your official 1 trillion mark", "time": 1533250136.0, "sentiment": ""}, {"id": 132414822, "text": "$AAPL Ya... now get the market back...", "time": 1533250136.0, "sentiment": ""}, {"id": 132414794, "text": "$AAPL intraday there it is", "time": 1533250128.0, "sentiment": ""}, {"id": 132414791, "text": "$AAPL the rug pull", "time": 1533250127.0, "sentiment": "Bearish"}, {"id": 132414762, "text": "$AAPL it\u2019s 207.50", "time": 1533250121.0, "sentiment": ""}, {"id": 132414751, "text": "$AAPL lmao", "time": 1533250117.0, "sentiment": ""}, {"id": 132414741, "text": "$AAPL magic number hit", "time": 1533250113.0, "sentiment": ""}, {"id": 132414731, "text": "$AAPL there you go", "time": 1533250111.0, "sentiment": ""}, {"id": 132414726, "text": "$AAPL it printed!", "time": 1533250109.0, "sentiment": ""}, {"id": 132414720, "text": "$AAPL Apple Pay is doing very good.boom Trillion", "time": 1533250106.0, "sentiment": "Bullish"}, {"id": 132414717, "text": "$AAPL hahahaha we make it", "time": 1533250105.0, "sentiment": ""}, {"id": 132414702, "text": "$AAPL Hey, look\nPhones themselves are crap; so is McDonalds food &amp; Mickey D&#39;s is 1 of biggest toy distribs in \ud83c\udf0d. A duck is a duck &amp; 1T = 1T", "time": 1533250102.0, "sentiment": "Bullish"}, {"id": 132414700, "text": "$AAPL 1 trillion is cool Congrat Apple but I prefer my $AMZN gain this year", "time": 1533250102.0, "sentiment": ""}, {"id": 132414689, "text": "$AAPL why do they sell?", "time": 1533250099.0, "sentiment": ""}, {"id": 132414653, "text": "$AAPL Herman?", "time": 1533250092.0, "sentiment": ""}, {"id": 132414652, "text": "$AAPL -", "time": 1533250092.0, "sentiment": ""}, {"id": 132414635, "text": "$AAPL Just printed for Apple Congratulations!!!!!!!!  :)", "time": 1533250086.0, "sentiment": "Bullish"}, {"id": 132414598, "text": "$AAPL Munster live", "time": 1533250077.0, "sentiment": ""}, {"id": 132414582, "text": "$NDX #Cycle_down - that said we are at zeroline like in May when price moved back above 50d. We are finding buyers at 50d now $AAPL $MSFT", "time": 1533250071.0, "sentiment": "Bullish"}, {"id": 132414560, "text": "$AAPL What is the actual price to hit $1T?", "time": 1533250065.0, "sentiment": ""}, {"id": 132414559, "text": "$AAPL VIX is collapsing, ALL SYSTEMS GO!!!", "time": 1533250065.0, "sentiment": "Bullish"}, {"id": 132414553, "text": "$AAPL 207.50", "time": 1533250063.0, "sentiment": ""}, {"id": 132414502, "text": "$aapl huge gain, alerted u guys wkly 205 calls 30000+ contracts bought,they r up big", "time": 1533250043.0, "sentiment": "Bullish"}, {"id": 132414486, "text": "$AAPL 206.99 is HOD is 207 the target? LOL Lets consider they reached it", "time": 1533250039.0, "sentiment": ""}, {"id": 132414483, "text": "$AAPL watch out below", "time": 1533250038.0, "sentiment": "Bearish"}, {"id": 132414451, "text": "$SPY they will sell $AAPL and the mkt by EOD.", "time": 1533250029.0, "sentiment": "Bearish"}, {"id": 132414447, "text": "$AAPL $1T:", "time": 1533250028.0, "sentiment": ""}, {"id": 132414419, "text": "@GChang198 $AAPL lol and bring on the euphoria... somethings never change....like new accounts and failing scare tactics.", "time": 1533250021.0, "sentiment": "Bullish"}, {"id": 132414390, "text": "$AAPL That RSI is insane in 4 days.", "time": 1533250014.0, "sentiment": ""}, {"id": 132414389, "text": "$AAPL ", "time": 1533250014.0, "sentiment": "Bearish"}, {"id": 132414387, "text": "$AAPL I kinda hope it gets 99.999999% to a trillion and then there&#39;s a dip.", "time": 1533250013.0, "sentiment": ""}, {"id": 132414358, "text": "$AAPL When a trillion dollar co starts trading like a new high tech stock, danger signs flash", "time": 1533250005.0, "sentiment": "Bullish"}, {"id": 132414357, "text": "$BEAT is the little daughter of $AAPL", "time": 1533250005.0, "sentiment": ""}, {"id": 132414344, "text": "$AAPL trillion chant has to in unison!  some of u are off!", "time": 1533250002.0, "sentiment": ""}, {"id": 132414307, "text": "$AAPL 1 trilllllllllion dollar!!!!!!!!!!!!!!", "time": 1533249991.0, "sentiment": "Bullish"}, {"id": 132414278, "text": "$AAPL Don&#39;t flirt too much, the whole world is witnessing the historical moment.", "time": 1533249981.0, "sentiment": "Bullish"}, {"id": 132414233, "text": "$AAPL There are more bad apples than good apples.", "time": 1533249965.0, "sentiment": ""}, {"id": 132414195, "text": "$AAPL yes good point it will reach a trillion so will Amazon later on", "time": 1533249956.0, "sentiment": ""}, {"id": 132414146, "text": "$FTNT $AAPL Oprah has got ya back", "time": 1533249939.0, "sentiment": ""}, {"id": 132414111, "text": "$TSLA $AAPL next move for Apple would be to invest in TESLA. Not buy - but invest in.", "time": 1533249928.0, "sentiment": "Bullish"}, {"id": 132414066, "text": "@magsbillion irrational buyers. If you want a $400 stock, buy $REGN. It has higher EPS than $AAPL", "time": 1533249914.0, "sentiment": ""}, {"id": 132414053, "text": "$AAPL This is a P/E and valuation shift. Lots of room to run here.", "time": 1533249909.0, "sentiment": "Bullish"}, {"id": 132414022, "text": "$AAPL How does this Tony guy still have a job?", "time": 1533249901.0, "sentiment": "Bullish"}, {"id": 132414013, "text": "$AAPL best stock at the moment, good time to buy", "time": 1533249900.0, "sentiment": "Bullish"}, {"id": 132414010, "text": "$SPY $AAPL out here not waitn for stupid 207.05 target happy with the trade from 203 off the (R1 area) waitn for another set-up now", "time": 1533249899.0, "sentiment": ""}, {"id": 132414006, "text": "$AAPL CNBC really you are bringing up this guy again to talk about Apple? Shoulda woulda...", "time": 1533249898.0, "sentiment": ""}, {"id": 132413987, "text": "$AAPL What happened 2 Tony\u2019s so called channel checks? Now this foo talking about should have bought this n that good thing he\u2019s not the ceo", "time": 1533249892.0, "sentiment": ""}, {"id": 132413973, "text": "$AAPL EVERYONE IS WAITING FOR THE RUG PULL", "time": 1533249888.0, "sentiment": ""}, {"id": 132413963, "text": "$AAPL Shorting time finally.  Just a bit.  Teeny.", "time": 1533249886.0, "sentiment": "Bearish"}, {"id": 132413905, "text": "$AAPL wow the way its trading $210 today back in", "time": 1533249871.0, "sentiment": ""}, {"id": 132413875, "text": "$AAPL can this he own trillion already so we can get back to regular trading... no one cares anymore", "time": 1533249862.0, "sentiment": ""}, {"id": 132413870, "text": "$AAPL waiting...", "time": 1533249860.0, "sentiment": "Bullish"}, {"id": 132413845, "text": "@reez007 @PerSE @00jeson @Frenzy @AlexanderHandleton @cantfixstupid That is Problem Tulip Mania on $AAPL now Will Crash Markets on $207 $SPY", "time": 1533249854.0, "sentiment": "Bearish"}, {"id": 132413834, "text": "$AAPL HaHa Nice :)) Push it Bulls !!! 1T", "time": 1533249851.0, "sentiment": ""}, {"id": 132413807, "text": "$AAPL $AMZN y not both?", "time": 1533249845.0, "sentiment": ""}, {"id": 132413667, "text": "$AAPL can we hit 206 first then go up", "time": 1533249798.0, "sentiment": "Bullish"}, {"id": 132413597, "text": "$AAPL Hammer at 207 for a 3-4 dollar drop?", "time": 1533249779.0, "sentiment": ""}, {"id": 132413593, "text": "$AAPL god d*amn -What a move for such an enormous company bigger than many nation states. What is there to say about Apple. Calls expensive?", "time": 1533249777.0, "sentiment": ""}, {"id": 132413585, "text": "$AAPL gonna hit 207.05 today", "time": 1533249774.0, "sentiment": "Bullish"}, {"id": 132413579, "text": "$AAPL I find it funny how creative bears get with what they post to make sure their puts go through and they dont lose money lol", "time": 1533249773.0, "sentiment": ""}, {"id": 132413570, "text": "$AAPL guessing bum rush over zone then selling comes into play. people buying based on a market cap facepalm. let it happen though", "time": 1533249770.0, "sentiment": ""}, {"id": 132413552, "text": "$AAPL  Buy moar and moaar...", "time": 1533249765.0, "sentiment": "Bullish"}, {"id": 132413546, "text": "$AAPL Damn sold my Jan 150\u201ds about 2 months too early!:(", "time": 1533249764.0, "sentiment": "Bullish"}, {"id": 132413537, "text": "$AAPL ", "time": 1533249762.0, "sentiment": ""}, {"id": 132413530, "text": "$AAPL any price!!!!!! It doesn&#39;t matter you will PROFIT", "time": 1533249760.0, "sentiment": "Bullish"}, {"id": 132413527, "text": "$AAPL not selling no ways am holding", "time": 1533249760.0, "sentiment": "Bullish"}, {"id": 132413519, "text": "$AAPL AAPL is a buy.", "time": 1533249756.0, "sentiment": ""}, {"id": 132413506, "text": "$AAPL A trillion? SO? $AMZN too will reach that soon  But do you think I am jealous as $AMZN stock is doing WAY BETTER than Apple this year", "time": 1533249753.0, "sentiment": ""}, {"id": 132413453, "text": "$AAPL History in making.", "time": 1533249733.0, "sentiment": ""}, {"id": 132413441, "text": "$AAPL lol and bring on the euphoria... somethings never change", "time": 1533249730.0, "sentiment": "Bearish"}, {"id": 132413426, "text": "$AAPL other way other way!", "time": 1533249725.0, "sentiment": ""}, {"id": 132413402, "text": "$AAPL i always wonder do people actually use dollars to buy stock? and if you buy 1 stock is it equal to $205 added to the market cap?", "time": 1533249719.0, "sentiment": ""}, {"id": 132413398, "text": "$AAPL these algos I tell you 206.99 and retreat", "time": 1533249718.0, "sentiment": ""}, {"id": 132413391, "text": "$AAPL $SPY literally 6 cents away", "time": 1533249716.0, "sentiment": ""}, {"id": 132413375, "text": "$AAPL Impressive.", "time": 1533249711.0, "sentiment": ""}, {"id": 132413339, "text": "$AAPL Bought 100 shares in premarket at $200.25, had no clue it was going to rally today Sold my 100 here but wish I had picked up 700 in pm", "time": 1533249701.0, "sentiment": ""}, {"id": 132413322, "text": "Looks real nasty when $SPY is down and others like $FB $AAPL are blasting through the roof. Too weird. Don\u2019t like trading during weirdness", "time": 1533249696.0, "sentiment": ""}, {"id": 132413261, "text": "@reez007 @PerSE @00jeson @Frenzy @AlexanderHandleton @cantfixstupid so IF 1999 Tulip Mania $AAPL Last Run=&gt; $207 then Done $SPY $VIX", "time": 1533249678.0, "sentiment": ""}, {"id": 132413220, "text": "$AAPL MASSIVE RUN ABOUT TO START!!! TRUMP ASKED WALL STREET FOR A 1TRIL STOCK TO RUB IN CHINA FACE YOU BETTER BELIEVE IT FOLKS WE KNOW WSTRT", "time": 1533249669.0, "sentiment": "Bullish"}, {"id": 132413219, "text": "$ESRX Ichan? The same guy that sold $AAPL way to early.? And the lady good investment he has had", "time": 1533249669.0, "sentiment": ""}, {"id": 132413211, "text": "$AAPL Its so silly to see anyone selling here :o) $QQQ", "time": 1533249666.0, "sentiment": "Bullish"}, {"id": 132413196, "text": "$AAPL as it goes up my 212.50 calls are actually losing value, wtf", "time": 1533249660.0, "sentiment": ""}, {"id": 132413188, "text": "$AAPL how fun would it be to stop a penny shy and tank", "time": 1533249658.0, "sentiment": "Bullish"}, {"id": 132413181, "text": "$AAPL Congrats to all longs who followed my shared spike pattern analysis last week before earnings. Right on track. IMO", "time": 1533249657.0, "sentiment": ""}, {"id": 132413162, "text": "$AAPL Damn minting trillion dollar companies. America!!!!", "time": 1533249651.0, "sentiment": ""}, {"id": 132413144, "text": "$AAPL 200C 1.00-7.00 and 1 left", "time": 1533249647.0, "sentiment": "Bullish"}, {"id": 132413138, "text": "$AAPL $QQQ Let&#39;s go!...", "time": 1533249645.0, "sentiment": "Bullish"}, {"id": 132413126, "text": "$AAPL think it sells off after hitting a trillion. might pop initially.", "time": 1533249642.0, "sentiment": ""}, {"id": 132413110, "text": "$HMNY $AAPL $amzn $ARMN . Worth a shot on Hmny at .13 update upside to 10.00 lol  it goes down I still have apple , amazon and Amrn at 2.40!", "time": 1533249637.0, "sentiment": "Bullish"}, {"id": 132413093, "text": "$AAPL so I guess TOS is not equipped for a 1T market cap! Haha #fail!", "time": 1533249633.0, "sentiment": ""}, {"id": 132413044, "text": "$AAPL Get ready $$$$$$$$$$$$$$$$$$$$$$$$$$$$$$$$$$$$$$$", "time": 1533249619.0, "sentiment": "Bullish"}, {"id": 132413037, "text": "$AAPL slow retail will be celebrating 1 trillion not paying attention and everyone else will be unloading lol", "time": 1533249617.0, "sentiment": ""}, {"id": 132413012, "text": "$AAPL that just sick, reach 207.", "time": 1533249609.0, "sentiment": ""}, {"id": 132413010, "text": "$AAPL just get it over with already", "time": 1533249608.0, "sentiment": ""}, {"id": 132412990, "text": "$AAPL 10 freaking cents!!!!!", "time": 1533249604.0, "sentiment": "Bullish"}, {"id": 132412985, "text": "$AAPL Resistance at$210?", "time": 1533249603.0, "sentiment": "Bullish"}, {"id": 132412972, "text": "$AAPL when y&#39;all are done come over to $AMD and give us a volume push lol", "time": 1533249600.0, "sentiment": ""}, {"id": 132412971, "text": "$AAPL maybe more than 207.50, maybe 208", "time": 1533249600.0, "sentiment": "Bullish"}, {"id": 132412966, "text": "$AAPL beast mode", "time": 1533249598.0, "sentiment": ""}, {"id": 132412956, "text": "Worldwide tablet shipments decreased 13.5% in Q2, but $AAPL iPad up 1%.  \nWondering why? Hint: $SQ", "time": 1533249597.0, "sentiment": "Bullish"}, {"id": 132412950, "text": "$AAPL 9 more cent to a trillion", "time": 1533249595.0, "sentiment": ""}, {"id": 132412946, "text": "$AAPL  Its going to happen - Apple: Conservative Price Target Of $240 (Mark Hibben) https://seekingalpha.com/article/4182048-apple-conservative-price-target-240-mark-hibben", "time": 1533249594.0, "sentiment": "Bullish"}, {"id": 132412926, "text": "$AAPL", "time": 1533249589.0, "sentiment": ""}, {"id": 132412916, "text": "$AAPL", "time": 1533249587.0, "sentiment": "Bullish"}, {"id": 132412897, "text": "$AAPL I hope you get your trillion . But I still prefer to be with $AMZN", "time": 1533249581.0, "sentiment": ""}, {"id": 132412890, "text": "$AAPL YAY! ONE TRILLION! APPLE ROCKS!", "time": 1533249578.0, "sentiment": "Bullish"}, {"id": 132412852, "text": "$AAPL they want it 2 go to 207.50 before EOD\ud83d\udc4c", "time": 1533249566.0, "sentiment": "Bullish"}, {"id": 132412850, "text": "$AAPL The best I can tell, AAPL has hit 1T cap at least 63 times in the past hour.", "time": 1533249566.0, "sentiment": ""}, {"id": 132412849, "text": "$AAPL Why... of all people\u2019s would CNBC give Toni Sackofcrapola a platform to pontificate on the future of Apple \ud83c\udf4e...this know nothing SOS", "time": 1533249566.0, "sentiment": "Bullish"}, {"id": 132412837, "text": "$AAPL love apple but the historical pe ranges from like 9-14 for the past 10 yrs. currently trading at a 20.", "time": 1533249563.0, "sentiment": ""}, {"id": 132412803, "text": "$AAPL so does this crash as soon as it hits 1T?", "time": 1533249554.0, "sentiment": ""}, {"id": 132412792, "text": "$AAPL get your \ud83e\udd42 \ud83c\udf7e \ud83c\udf89 \ud83c\udf89\ud83c\udf89\nReady \ud83d\ude0d\ud83d\ude0d", "time": 1533249552.0, "sentiment": "Bullish"}, {"id": 132412791, "text": "$AAPL  PUMP IT", "time": 1533249552.0, "sentiment": "Bullish"}, {"id": 132412789, "text": "$AAPL Do you like apples?", "time": 1533249552.0, "sentiment": "Bullish"}, {"id": 132412771, "text": "$AAPL Lol anyone buying at the price driving it up is back side puts x100 for sell", "time": 1533249546.0, "sentiment": "Bearish"}, {"id": 132412748, "text": "$AAPL lol @cnbc countdown", "time": 1533249538.0, "sentiment": ""}, {"id": 132412688, "text": "lol Bloomberg doing a 1T countdown $AAPL", "time": 1533249516.0, "sentiment": ""}, {"id": 132412678, "text": "@hypnomagician $AAPL not there yet. Now the number is $207.05. We\u2019ll get there!", "time": 1533249513.0, "sentiment": "Bullish"}, {"id": 132412675, "text": "$AAPL any bearish action will be bought back to New highs it doesn&#39;t matter the price FOLKS!!!! Short SQUEEZe is a SQUEEZe don&#39;t short!", "time": 1533249512.0, "sentiment": "Bullish"}, {"id": 132412673, "text": "$AAPL Milestone completed. Next level shit baby", "time": 1533249511.0, "sentiment": ""}, {"id": 132412666, "text": "$AAPL 207.50, not 1 trillion until then...", "time": 1533249509.0, "sentiment": ""}, {"id": 132412662, "text": "$AAPL gotta see some profit taking soon", "time": 1533249509.0, "sentiment": "Bearish"}, {"id": 132412624, "text": "$AAPL Lets hope so it got a VERY LONG RUN to rejoin my stock  $AMZN", "time": 1533249497.0, "sentiment": ""}, {"id": 132412609, "text": "$AAPL gettin close", "time": 1533249494.0, "sentiment": ""}, {"id": 132412608, "text": "@reez007 @PerSE @00jeson @Frenzy @AlexanderHandleton @cantfixstupid if this is 1999 Tulip Mania on $AAPL Last Run is Done Big Down $SPY $VIX", "time": 1533249494.0, "sentiment": ""}, {"id": 132412599, "text": "$AAPL  $1,000,000,000,000!!!!", "time": 1533249493.0, "sentiment": ""}, {"id": 132412587, "text": "$AAPL  we at $1 tln yet?", "time": 1533249488.0, "sentiment": ""}, {"id": 132412559, "text": "$AAPL $AAPL Toni S. shut up please", "time": 1533249481.0, "sentiment": ""}, {"id": 132412557, "text": "$AAPL the guy who said buy calls all day was fucking right on!!! Made a bundle here today", "time": 1533249481.0, "sentiment": "Bullish"}, {"id": 132412541, "text": "@SATn $AAPL   Any moment and yes today ..... $1 trillion", "time": 1533249474.0, "sentiment": ""}, {"id": 132412511, "text": "$AAPL NON STOP HIGHER HIGHS ALL DAY LONG GUARANTEED NON STOP PROFITS YOU CANT LOSE NON STOPPPPPPPPPP OMFGGGG PEOPLE PLEASE!!!! DO NOT SHORT", "time": 1533249468.0, "sentiment": "Bullish"}, {"id": 132412506, "text": "$SPY $QQQ $AAPL Thanks Apple for saving the market. 3k+ swing day for my play account, crazy", "time": 1533249466.0, "sentiment": "Bullish"}, {"id": 132412480, "text": "$AAPL come on baby you can do it !!!!!!!!!!!!!!!!!!!!!!!!!!!!", "time": 1533249458.0, "sentiment": "Bullish"}, {"id": 132412477, "text": "$AAPL not even buy back starts tomorrow", "time": 1533249457.0, "sentiment": ""}]