[{"id": 132447165, "text": "8/2 Unusual Option Volume Watch List: $ETP $ETE $RCL $GRPN $EXAS $WMB $TAHO $HIMX $AABA $AAPL $LLY $HLF $CTSH $AKAM $VALE $YNDX $REGN $TROX", "time": 1533259832.0, "sentiment": ""}, {"id": 132447131, "text": "$AAPL Just need a little fade. Not asking for much.", "time": 1533259822.0, "sentiment": ""}, {"id": 132447100, "text": "@adam1982 $SQ $MU $TSLA $AAPL feeding the family", "time": 1533259816.0, "sentiment": "Bullish"}, {"id": 132447076, "text": "$AAPL off to short tsla..Bull here on @aapl", "time": 1533259812.0, "sentiment": "Bullish"}, {"id": 132447054, "text": "$AAPL $1,000,000,000,000.", "time": 1533259805.0, "sentiment": "Bullish"}, {"id": 132447040, "text": "next weds $LITE numbers, $AAPL ER bodes well, $FNSR should see huge gains in Sept from new Sherman plant", "time": 1533259803.0, "sentiment": ""}, {"id": 132447000, "text": "$AAPL should I buy here at this dip?", "time": 1533259794.0, "sentiment": "Bullish"}, {"id": 132446950, "text": "$AAPL Mama mia!", "time": 1533259777.0, "sentiment": "Bullish"}, {"id": 132446910, "text": "$AAPL then going to strike hard on the takedown and bank", "time": 1533259762.0, "sentiment": ""}, {"id": 132446884, "text": "$AAPL basically expecting it to close strong so they can set it up and run the last of the chasers into some kind of mini gap up tomorrow", "time": 1533259753.0, "sentiment": ""}, {"id": 132446855, "text": "$AAPL stocks do not go up forever. Easy big pullback coming. RSI levels very overbought", "time": 1533259746.0, "sentiment": "Bearish"}, {"id": 132446784, "text": "$AAPL Very Bullish Action. Bulls make the Big Boys pay up. GLTA", "time": 1533259719.0, "sentiment": "Bullish"}, {"id": 132446768, "text": "$AAPL do we hit $210 today?", "time": 1533259713.0, "sentiment": "Bullish"}, {"id": 132446763, "text": "Somewhere right now Doug Kass is still trying to short $AAPL", "time": 1533259711.0, "sentiment": ""}, {"id": 132446678, "text": "$AAPL this will go to 225 once Trade War news subsides.", "time": 1533259681.0, "sentiment": "Bullish"}, {"id": 132446521, "text": "@JGUY30 It&#39;s all $AAPL euphoria right now.", "time": 1533259628.0, "sentiment": ""}, {"id": 132446510, "text": "$AAPL became a 1T company today and $TSLA is #1 trending. lol", "time": 1533259624.0, "sentiment": "Bullish"}, {"id": 132446508, "text": "$SPY $AAPL thinking this is going to test the ath soon if apple keeps on balling trade war talks are all noise imo", "time": 1533259622.0, "sentiment": "Bullish"}, {"id": 132446503, "text": "$AAPL showing weakness now", "time": 1533259621.0, "sentiment": ""}, {"id": 132446472, "text": "$DIA $spy $qqq $aapl $fb $nflx $amzn $goog dark pools loading up on uvxy means tutes bout to dump this mkt boys. tariffs will raise inf &amp; i.", "time": 1533259614.0, "sentiment": ""}, {"id": 132446344, "text": "$AAPL  \nAAPL ALL TIME HIGH! \n$208.38 \nAll Time Highest TODAY intraday \n \nA TRILLION! \n \n\ud83d\udcf7", "time": 1533259568.0, "sentiment": ""}, {"id": 132446292, "text": "$AAPL 25 months ago $aapl 89.99. $MU will more than double in &lt; 2 years from now. Steal under 70 this year. GL", "time": 1533259552.0, "sentiment": "Bullish"}, {"id": 132446280, "text": "$AAPL everyone nice and cozy chasing long over 208?", "time": 1533259548.0, "sentiment": ""}, {"id": 132446253, "text": "$AAPL Was $1T the sell-the-news-event, and end of bull market?", "time": 1533259538.0, "sentiment": ""}, {"id": 132446183, "text": "$AAPL $209+ Close", "time": 1533259511.0, "sentiment": "Bullish"}, {"id": 132446112, "text": "$AAPL here we go....waiting for reality to set in...", "time": 1533259486.0, "sentiment": "Bearish"}, {"id": 132446067, "text": "$AAPL artman sez:", "time": 1533259465.0, "sentiment": "Bullish"}, {"id": 132446057, "text": "$AAPL yep.", "time": 1533259461.0, "sentiment": ""}, {"id": 132445922, "text": "$AAPL geez everyone was like just a trillion but now it&#39;s like let&#39;s just match the whole gdp growth \ud83d\ude02 big dreams", "time": 1533259414.0, "sentiment": ""}, {"id": 132445900, "text": "$AMZN will be the second TRILLION CIE after $AAPL and I congratulate Apple even if I prefer to be with AMAZON more gain here !!!", "time": 1533259407.0, "sentiment": ""}, {"id": 132445696, "text": "$AAPL you\u2019re saying the Fed controls individual stocks?", "time": 1533259339.0, "sentiment": ""}, {"id": 132445635, "text": "$AAPL Where did all the Bears go who congratulated us on our &quot;2%&quot; gain??!", "time": 1533259322.0, "sentiment": ""}, {"id": 132445601, "text": "Nasdaq traded in a 175 pt range today. Now that&#39;s crazy. No fear investing in techs $AAPL $NFLX $FB $SQ $TWTR $NVDA $TSLA $BIDU", "time": 1533259311.0, "sentiment": ""}, {"id": 132445521, "text": "$AAPL based on past experience we could get to 217$ by September then a pullback", "time": 1533259284.0, "sentiment": ""}, {"id": 132445457, "text": "$AAPL maxpain195 lol", "time": 1533259262.0, "sentiment": ""}, {"id": 132445421, "text": "$AAPL he says he does not sell. Y do you assume he\u2019s a liar?", "time": 1533259251.0, "sentiment": ""}, {"id": 132445367, "text": "Sonos Debuts On The Nasdaq https://benzinga.com/z/12130092 $AAPL $SONO", "time": 1533259233.0, "sentiment": ""}, {"id": 132445363, "text": "$AAPL As a stockholder from 190$/share should I sell before tomorrow\u2019s, honest opinions asked over here!", "time": 1533259232.0, "sentiment": ""}, {"id": 132445231, "text": "$AAPL Icahn was right but left early. Stilled booked a massive profit. Don&#39;t worry. He is just fine.", "time": 1533259190.0, "sentiment": "Bullish"}, {"id": 132445125, "text": "$BRK.B $AAPL such a beast. For people that want to get in the apple game with some diversification berkshire is the place!", "time": 1533259162.0, "sentiment": "Bullish"}, {"id": 132445123, "text": "$AAPL is this real man?", "time": 1533259162.0, "sentiment": ""}, {"id": 132445103, "text": "$AAPL the only thing that will save bears is if China mentions something about retaliative tarrifs tonight", "time": 1533259156.0, "sentiment": ""}, {"id": 132445079, "text": "$AAPL suck em in suck em in", "time": 1533259149.0, "sentiment": ""}, {"id": 132445062, "text": "$AAPL what happened to the &quot;rotation out of tech&quot; \ud83d\ude02", "time": 1533259144.0, "sentiment": "Bullish"}, {"id": 132444995, "text": "$AAPL is Icahn seeing this?", "time": 1533259125.0, "sentiment": ""}, {"id": 132444972, "text": "$AAPL Machines working stops &amp; then ramping higher. Rinse &amp; Repeat. Beast Mode.", "time": 1533259119.0, "sentiment": "Bullish"}, {"id": 132444940, "text": "Also partially rolling out of our October $AVGO position %+70 and moving into January 250&#39;s, pretty obvious play with $AAPL Q and guide", "time": 1533259110.0, "sentiment": "Bullish"}, {"id": 132444922, "text": "$AAPL 207.5 lotto puts if we keep creeping", "time": 1533259104.0, "sentiment": ""}, {"id": 132444904, "text": "$AAPL eod predictions my bulls?", "time": 1533259099.0, "sentiment": "Bullish"}, {"id": 132444894, "text": "$AMZN ~38pts through morning high. Safe ~35pts after dir estd. \n$TSLA 17pts through 328. Safe ~13pts through 332 resist/HOD. \n$AAPL :)", "time": 1533259096.0, "sentiment": ""}, {"id": 132444862, "text": "$AAPL yacht time baby!", "time": 1533259086.0, "sentiment": "Bullish"}, {"id": 132444703, "text": "$AAPL DONT EXPECT $300  LOVE THE STOCK BUT BE REAL PEOPLE!!", "time": 1533259033.0, "sentiment": "Bullish"}, {"id": 132444689, "text": "$AAPL watch 207.80 micro support", "time": 1533259028.0, "sentiment": ""}, {"id": 132444666, "text": "$AAPL i bet even buying calls here will pay bigly tomororw", "time": 1533259021.0, "sentiment": ""}, {"id": 132444646, "text": "$AAPL Sorry guys. Sold AAPL calls 200% gains. @CitronResearch just hit so... Not taking a chance with just one day left. GLTA!", "time": 1533259012.0, "sentiment": "Bullish"}, {"id": 132444631, "text": "$AKER $SPX $AAPL $217 on its way as promised. Taking the kids2movies&amp; aftr I have some me time @golf, I might hav a poem about \ud83d\udc95!  \u263a\ufe0f\ud83d\ude09\u2764\ufe0f\ud83e\udd17", "time": 1533259007.0, "sentiment": "Bullish"}, {"id": 132444606, "text": "$AAPL if Buffet speaks tonight or tomorrow premarket....", "time": 1533259000.0, "sentiment": "Bullish"}, {"id": 132444603, "text": "$AAPL  With only $AAPL 2 day gains it could buy $MU at $88 maximally accretive to aapl earnings. $MU Solid Gold &lt; 75 this year. GL", "time": 1533258998.0, "sentiment": "Bullish"}, {"id": 132444576, "text": "$AAPL out these 210s from .08 to .56, man should of got more this am", "time": 1533258991.0, "sentiment": "Bullish"}, {"id": 132444533, "text": "$AAPL Its half of my wife\u2019s IRA. Owned it before and it turned my $10K into 30K. Go APPL!", "time": 1533258974.0, "sentiment": "Bullish"}, {"id": 132444507, "text": "$AAPL wtf is going on, nothing makes sense anymore.... i dont want this money, take it away from me", "time": 1533258968.0, "sentiment": ""}, {"id": 132444470, "text": "$AAPL beautiful intraday chart today.......power.  https://youtu.be/Ca0pmnb2N44", "time": 1533258960.0, "sentiment": ""}, {"id": 132444443, "text": "$MU With only $AAPL 2 day gains it could buy $MU at $88 which is maximally accretive to aapl earnings. Solid Gold &lt; 75 this year. GL", "time": 1533258952.0, "sentiment": "Bullish"}, {"id": 132444406, "text": "$AAPL 210+ will be here By close on Friday or even sooner! Momentum Trend is ur Friend!\ud83d\ude0e\ud83e\udd11\ud83d\udc4d", "time": 1533258941.0, "sentiment": "Bullish"}, {"id": 132444345, "text": "$FB $TSLA and $AAPL proving that the tech boom is far from over. Trump trade wars may slow things dwn but Tech will bust through once again.", "time": 1533258920.0, "sentiment": "Bullish"}, {"id": 132444237, "text": "@DK16 Good luck to you on those,  I got $220 feb 21 calls for $AAPL this morning for 5.59 and theyve been paying off nicely", "time": 1533258884.0, "sentiment": ""}, {"id": 132444229, "text": "$AAPL buying more puts at close, sell at open regardless", "time": 1533258880.0, "sentiment": ""}, {"id": 132444196, "text": "$AAPL way stronger than it was yesterday, short 210 calls is the algo target .", "time": 1533258871.0, "sentiment": ""}, {"id": 132444135, "text": "$AAPL wow I wonder if it\u2019s gunna keep going up or drop", "time": 1533258854.0, "sentiment": ""}, {"id": 132444113, "text": "$AMD show those bears who&#39;s #BAWS!!!!  18.90 and I&#39;ll believe in the continued BULL RUN!!!   $TSLA $AAPL $SQ $FTNT $QQQ $SPY GO!!!", "time": 1533258847.0, "sentiment": "Bullish"}, {"id": 132444060, "text": "@Reasoning $AAPL Is crazy but if you stick to fundamentals and play against WS non-sensical chart-based madness you can make huge profits", "time": 1533258828.0, "sentiment": "Bullish"}, {"id": 132444046, "text": "@ViridianHawk For some reason the room is not up yet. I got $ABBV $CELG $T $AAPL $MU $GS etc", "time": 1533258824.0, "sentiment": ""}, {"id": 132444039, "text": "$AAPL this is what i call the suck portion of the move. going higher than it should and sucking in all the retail players b4 smack down", "time": 1533258822.0, "sentiment": ""}, {"id": 132444022, "text": "$AAPL I had to cash out, couldn&#39;t take it anymore! Don&#39;t want to be a slaughtered pig \ud83d\ude09\ud83d\udc3d Thank you for the $ \ud83c\udf4f", "time": 1533258818.0, "sentiment": ""}, {"id": 132443956, "text": "$AAPL way to go.  PT $275", "time": 1533258796.0, "sentiment": ""}, {"id": 132443954, "text": "$AAPL do I buy now?", "time": 1533258795.0, "sentiment": ""}, {"id": 132443945, "text": "$AAPL GUYS REMEMBER 300USD PRICE TARGET!!! COMIGN SOON!!", "time": 1533258790.0, "sentiment": "Bullish"}, {"id": 132443934, "text": "$AAPL Machines Buying everything being sold. Big Boys still buying. They have to get to at least market weight to keep up with S&amp;P.", "time": 1533258784.0, "sentiment": "Bullish"}, {"id": 132443875, "text": "$AAPL wont be surprised to see small gap up tomorrow then just nailed into it all day after down to 202&#39;s-205&#39;s", "time": 1533258767.0, "sentiment": ""}, {"id": 132443871, "text": "$AAPL  $210 today? $215 tomorrow?", "time": 1533258766.0, "sentiment": "Bullish"}, {"id": 132443819, "text": "$AAPL buying some more calls here BOOM", "time": 1533258752.0, "sentiment": "Bullish"}, {"id": 132443814, "text": "$AAPL what other companies do you know earn hundreds of billions of dollars in revenue each year? The bear argument here is absurd.", "time": 1533258751.0, "sentiment": "Bullish"}, {"id": 132443811, "text": "$AAPL only BUFFET can buy this much shares, maybe 5 mil today, secretly, then offload quarter of his aapl to retail, that will cause dump", "time": 1533258750.0, "sentiment": "Bearish"}, {"id": 132443711, "text": "$aapl one of the biggest scams to get everyone into 1 stock, they crash the entire market LMAO I cant wait, this will be short of lifetime", "time": 1533258721.0, "sentiment": ""}, {"id": 132443708, "text": "$AAPL 8.17 220c #ridiculous \u2661", "time": 1533258721.0, "sentiment": ""}, {"id": 132443665, "text": "$AAPL here\u2019s how to\nMake easy money. Buy faang", "time": 1533258708.0, "sentiment": ""}, {"id": 132443636, "text": "$AAPL I miss the expert &#39;chart readers&#39; that said this stock would go down to $140...wonder where they all went...", "time": 1533258702.0, "sentiment": "Bullish"}, {"id": 132443597, "text": "$AAPL and this is how you guys ruin it by pumping it to no end \ud83d\udc4e", "time": 1533258691.0, "sentiment": ""}, {"id": 132443594, "text": "$SQ $TSLA $AAPL carrying my portfolio", "time": 1533258691.0, "sentiment": "Bullish"}, {"id": 132443563, "text": "$AAPL run forest run", "time": 1533258684.0, "sentiment": "Bullish"}, {"id": 132443561, "text": "$AAPL lol damn son \ud83d\udd25\ud83d\ude80", "time": 1533258683.0, "sentiment": ""}, {"id": 132443511, "text": "I MEAN   $AAPL   TO $300", "time": 1533258671.0, "sentiment": "Bullish"}, {"id": 132443491, "text": "$AAPL 207.80 on watch", "time": 1533258663.0, "sentiment": ""}, {"id": 132443429, "text": "$AAPL to those that read charts RSI high overbought on monthly daily and weekly so would you short here?", "time": 1533258647.0, "sentiment": ""}, {"id": 132443418, "text": "$AAPL", "time": 1533258643.0, "sentiment": ""}, {"id": 132443417, "text": "$AAPL 220+ is within days! 99% achievable now! Very bullish!!!", "time": 1533258643.0, "sentiment": "Bullish"}, {"id": 132443403, "text": "When you&#39;re impatient&amp; don&#39;t realize $500 in 05=200k today+ dividends meanwhile stocks that refuse to split cough amazon same 500= 25k $AAPL", "time": 1533258639.0, "sentiment": ""}, {"id": 132443346, "text": "$AAPL buying puts, congrats but this is frothy", "time": 1533258622.0, "sentiment": ""}, {"id": 132443315, "text": "$AAPL again too much too fast, but chase at ur own peril up here", "time": 1533258610.0, "sentiment": ""}, {"id": 132443290, "text": "$AAPL it&#39;ll be a nasty run next quater, 3 new iphones and other products coming soon. Just the beginning because of the supercycle", "time": 1533258602.0, "sentiment": "Bullish"}, {"id": 132443281, "text": "$AAPL Careful Bull Socialist Justice Warriors going to get you", "time": 1533258601.0, "sentiment": ""}, {"id": 132443208, "text": "$AAPL keeps getting bought. Who the hell is buying this high", "time": 1533258577.0, "sentiment": ""}, {"id": 132443197, "text": "$aapl all their hardware they make is declining in sales what does that tell you..scam of the centruy, scale in short 208", "time": 1533258574.0, "sentiment": ""}, {"id": 132443169, "text": "$AAPL what a monster. It\u2019s good to continue to be an OG long", "time": 1533258565.0, "sentiment": "Bullish"}, {"id": 132443156, "text": "$AAPL $TSLA run gurl run - just destroying all bears that stand in it&#39;s way and leading the way for the market bulls!", "time": 1533258563.0, "sentiment": "Bullish"}, {"id": 132443129, "text": "$amzn + $aapl = $tsla.  OBVIOUSLY! \ud83d\udc51\ud83c\udf08\ud83e\udd84", "time": 1533258555.0, "sentiment": "Bullish"}, {"id": 132443122, "text": "$AAPL IVE NEVER BEEN SO UNSURE ABOUT A POSITION, DO I CASH OUT NOW \ud83d\ude43\ud83d\ude43\ud83d\ude43", "time": 1533258553.0, "sentiment": ""}, {"id": 132443071, "text": "$AAPL I bought a galaxy note and am very happy with it. Congrats apple!", "time": 1533258535.0, "sentiment": "Bullish"}, {"id": 132443067, "text": "$AAPL $AMZN watch out peeps, kraken&#39;s loose!", "time": 1533258534.0, "sentiment": "Bullish"}, {"id": 132443039, "text": "$AAPL do i get rid of my call AHHHHHHHHHHHHHHHHH IDK", "time": 1533258526.0, "sentiment": ""}, {"id": 132442981, "text": "$AAPL To all naysayers HELLO HELLO Wake up!", "time": 1533258509.0, "sentiment": ""}, {"id": 132442869, "text": "$AAPL 9 month long channel breakout.", "time": 1533258473.0, "sentiment": ""}, {"id": 132442823, "text": "$AAPL I will not swear but it will break $200 tomorrow", "time": 1533258463.0, "sentiment": "Bearish"}, {"id": 132442783, "text": "$AAPL $208.32! &quot;There&#39;s no chance that the iPhone is going to get any significant market share. No chance.&quot; Steve Balmer-Microsoft 1997. Ha", "time": 1533258452.0, "sentiment": "Bullish"}, {"id": 132442739, "text": "$AAPL", "time": 1533258442.0, "sentiment": ""}, {"id": 132442722, "text": "$AAPL $TSLA $TWTR $GOOG $FB $AMZN $AMD \n\nLet&#39;s get it \n\nhttps://www.stocktwits.com/r/Greenroom", "time": 1533258439.0, "sentiment": ""}, {"id": 132442689, "text": "$AAPL fuck me i sold too early n didn\u2019t buy more!!! \ud83d\ude2d\ud83d\ude2d\ud83d\ude2d\ud83d\ude2d thought 205/7 was top nope", "time": 1533258428.0, "sentiment": "Bullish"}, {"id": 132442681, "text": "$AAPL wanna hit myself for selling some of my calls yesterday !!! :(", "time": 1533258424.0, "sentiment": "Bullish"}, {"id": 132442584, "text": "$AAPL THANK YOU TRUMP!!", "time": 1533258400.0, "sentiment": ""}, {"id": 132442535, "text": "$AAPL give it a little time. $208 will seem cheap soon enough.", "time": 1533258386.0, "sentiment": ""}, {"id": 132442494, "text": "$AAPL 666 what up devil", "time": 1533258378.0, "sentiment": ""}, {"id": 132442486, "text": "$AAPL This is blatantly the fed pumping money to say &quot;Screw you&quot; to China.  So fake.. but the next few generations can pay the extra debt...", "time": 1533258377.0, "sentiment": "Bearish"}, {"id": 132442437, "text": "$AAPL clear breakout", "time": 1533258368.0, "sentiment": ""}, {"id": 132442409, "text": "$AAPL Ka CHING!!", "time": 1533258362.0, "sentiment": ""}, {"id": 132442408, "text": "$AAPL omg \ud83d\ude2e $208.19", "time": 1533258361.0, "sentiment": ""}, {"id": 132442303, "text": "$AAPL Target  over $300 clear channel breakout", "time": 1533258336.0, "sentiment": ""}, {"id": 132442298, "text": "$AAPL OMG this may get over 215 today Loll if momentum continues ...... Crazy Apple", "time": 1533258335.0, "sentiment": "Bullish"}, {"id": 132442240, "text": "$AAPL should be good to buy here at 208....nothing can go wrong buying into a trillion dollar valuation....", "time": 1533258319.0, "sentiment": ""}, {"id": 132442231, "text": "$AAPL You wanna know the next big trend... BIG TECH WILL GO SHOPPING IN MED DEVICES.... jmo... $DXCM $MASI $RMD etc", "time": 1533258317.0, "sentiment": "Bullish"}, {"id": 132442227, "text": "$TSLA In the future looking forward To $AAPL and Tesla Cars.. \ud83d\udc4d", "time": 1533258316.0, "sentiment": "Bullish"}, {"id": 132442190, "text": "Didn&#39;t expect $AAPL to rally this much, but still my bet is on a large pullback to $185-190.", "time": 1533258305.0, "sentiment": ""}, {"id": 132442129, "text": "$AAPL wtf apple?!", "time": 1533258288.0, "sentiment": "Bullish"}, {"id": 132442108, "text": "$AAPL market cap \ud83d\udcb0 higher than GDP of Turkey \ud83c\uddf9\ud83c\uddf7 or Netherlands \ud83c\uddf3\ud83c\uddf1.", "time": 1533258283.0, "sentiment": "Bullish"}, {"id": 132442097, "text": "$AAPL Hits 1 TRILLION! https://www.ftmig.com/breaking-news/apple-just-hit-a-1-trillion-market-cap/", "time": 1533258280.0, "sentiment": "Bullish"}, {"id": 132442022, "text": "$AAPL great company but expect a pull back to $200", "time": 1533258256.0, "sentiment": "Bearish"}, {"id": 132442004, "text": "$AAPL", "time": 1533258249.0, "sentiment": ""}, {"id": 132441990, "text": "$AAPL Still young enough to remember when DELL CEO said &quot;I&#39;d shut it (apple) down and give the money back to the shareholders&quot; - ha ha ha", "time": 1533258245.0, "sentiment": "Bullish"}, {"id": 132441974, "text": "$AAPL So who is buying right now?  I&#39;m holding but wouldn&#39;t dare buy up here", "time": 1533258241.0, "sentiment": ""}, {"id": 132441973, "text": "$AAPL did someone say BEAST!!?", "time": 1533258241.0, "sentiment": "Bullish"}, {"id": 132441955, "text": "$AAPL the hurdle was 1 Trillion... It&#39;s going up from here.", "time": 1533258237.0, "sentiment": "Bullish"}, {"id": 132441951, "text": "$AAPL AAPL 220 PT 8/14. Estimated PT of 220 by 8/14/2018 based on previous ER performance. This bullrun for AAPL could", "time": 1533258235.0, "sentiment": "Bullish"}, {"id": 132441950, "text": "$AAPL congratulations Apple! Truely an inspirational company for all entrepreneurs.", "time": 1533258234.0, "sentiment": "Bullish"}, {"id": 132441922, "text": "Expecting strong recovery from job reports tomorrow on undervalued tech stocks with short term PT\u2019s\n$AMD $AMZN $AAPL $NFLX $NVDA $GOOGL $FB", "time": 1533258225.0, "sentiment": "Bullish"}, {"id": 132441920, "text": "$BB $AAPl puts", "time": 1533258225.0, "sentiment": ""}, {"id": 132441919, "text": "$AAPL +1000% on my 210 calls.. only wish i bought more", "time": 1533258225.0, "sentiment": ""}, {"id": 132441906, "text": "$AAPL short continue to sizzle.. Thanks for the fuel", "time": 1533258221.0, "sentiment": "Bullish"}, {"id": 132441893, "text": "$SYMC With the big $AAPL win and subsequent euphoria, today ain&#39;t a bad day to be reporting earnings. Money  back in tech, back in SYMC?", "time": 1533258218.0, "sentiment": ""}, {"id": 132441817, "text": "$AAPL AAPLs Epic day is carrying the whole market up right now.  Awesome to see.", "time": 1533258198.0, "sentiment": "Bullish"}, {"id": 132441814, "text": "$AAPL Apple Tsla and Square are just Bulls in a China House", "time": 1533258197.0, "sentiment": "Bullish"}, {"id": 132441806, "text": "$AAPL Giddyup through $208", "time": 1533258195.0, "sentiment": "Bullish"}]