[{"id": 132632630, "text": "VIDEO - Apple Inc. ($AAPL) Stock Chart Technical Analysis - 08-03-18 - watch here: https://claytrader.com/stock_chart/AAPL/?utm_source=social&amp;utm_medium=stocktwits&amp;utm_campaign=chart", "time": 1533357171.0, "sentiment": ""}, {"id": 132632374, "text": "$SNAP eventually offer will come from either $AMZN or $AAPL", "time": 1533357042.0, "sentiment": "Bullish"}, {"id": 132631758, "text": "Hot Options Report For End Of Day - Friday, August 3 $BAC $AAPL $TSLA $GPRO $AABA https://goo.gl/nPVnGG", "time": 1533356697.0, "sentiment": ""}, {"id": 132631223, "text": "$AAPL ARTMAN!", "time": 1533356406.0, "sentiment": "Bullish"}, {"id": 132630591, "text": "#recap 08/03/18 $AAPL has moves +9.09% since 07/31/18 $SPOT $TPR $GOOS $SAGE $UAA", "time": 1533356086.0, "sentiment": ""}, {"id": 132630558, "text": "$AAPL Huawei took over from Apple this week as the world\u2019s second-biggest smartphone producer, South Korea\u2019s Samsung retained the top spot.", "time": 1533356067.0, "sentiment": "Bearish"}, {"id": 132630487, "text": "Stocks Continue Rising With More Gains To Come https://mottcapitalmanagement.com/stocks-continue-rising-with-more-gains-to-come/ $SPY $AAPL $CELG $IBB $XBI $XLK $REGN $AMZN $FB", "time": 1533356024.0, "sentiment": ""}, {"id": 132630096, "text": "$AAPL BK and Dan Nathan are about as accurate as Carter Worthless. Why does CNBC continue to employ them??", "time": 1533355815.0, "sentiment": ""}, {"id": 132629985, "text": "Setups liked, that we&#39;ll be watching Monday. $NVT $AAPL $LL $TLRD $CMG $FTAI $IBM $UAL $UUP $XLF $XRT $QQQ $IYT $DIA $SPY", "time": 1533355768.0, "sentiment": "Bullish"}, {"id": 132629147, "text": "$AAPL in Feb 2017 Apple had a major gap and was outside the upper BB like today but kept running for months and months...  Let&#39;s do it!", "time": 1533355368.0, "sentiment": "Bullish"}, {"id": 132628854, "text": "$AAPL What if someone asks Buffet about Apple tomorrow?", "time": 1533355214.0, "sentiment": ""}, {"id": 132628554, "text": "$AAPL $DIS $SBUX $AMAT $CVS hopefully my patience will continue to pay off \ud83d\ude80", "time": 1533355049.0, "sentiment": "Bullish"}, {"id": 132628534, "text": "$BRK.B might catch up to $AAPL 208 on Monday!", "time": 1533355036.0, "sentiment": "Bullish"}, {"id": 132628353, "text": "Apple Hits $1 Trillion; Tesla Stock Rallies 16.2% https://theotrade.com/apple-hits-1-trillion-tesla-stock-rallies-16-2/ $AAPL $TSLA", "time": 1533354942.0, "sentiment": ""}, {"id": 132628282, "text": "@howardlindzon $AAPL should just buy $DIS &amp; remove all these sub apps for tv. But it wont happen so I feel AppleTv is an incomplete project", "time": 1533354902.0, "sentiment": ""}, {"id": 132628150, "text": "Top 3 #Momentum #Stocks In The GorillaTrades #Portfolio This Week:    \n \n$MOH $CF $AAPL", "time": 1533354823.0, "sentiment": ""}, {"id": 132628105, "text": "Race is on for second place after $AAPL Apple&#39;s $1 trillion valuation  https://www.investing.com/news/stock-market-news/race-is-on-for-second-place-after-apples-1-trillion-valuation-1559844", "time": 1533354809.0, "sentiment": ""}, {"id": 132627022, "text": "I still have $AAPL stock from the IPO. Cost basic approximately 25 cents. \ud83d\ude04", "time": 1533354324.0, "sentiment": ""}, {"id": 132626680, "text": "$SPY  What Carter Worth the Chart expert on FM is going to say now? Sell $AAPL and buy $GM ?? haha , very funny :) GM lost only  -10.66% YTD", "time": 1533354155.0, "sentiment": ""}, {"id": 132626652, "text": "Todays Most Active Stock Options 8.3.18  $BAC $AAPL $GRPO $SPY $EEM $KRE", "time": 1533354142.0, "sentiment": ""}, {"id": 132626295, "text": "This week&#39;s winner: The $AAPL, $TSLA,$ VIX Trifecta: https://wp.me/p6fy7h-6LXGY @optionpit @optionvol @rcmAlts", "time": 1533353980.0, "sentiment": ""}, {"id": 132626177, "text": "@Dianastock ... re: &quot;$AAPL ... 190 next week.&quot;  Guaranteed?  Few days ago it was &quot;AAPL afraid of 200$.&quot; When do you admit being wrong?", "time": 1533353921.0, "sentiment": ""}, {"id": 132625712, "text": "Lg Cap All-Time High list at 29 names. Healthcare leads and again $AAPL rings the bell. $XLV", "time": 1533353741.0, "sentiment": ""}, {"id": 132625623, "text": "Hey @Dianastock  ... &quot;$AAPL is afraid of 200$ !!!&quot; ... still part of your trading vocabulary?  Mr.Market proved you wrong, thus not right.", "time": 1533353698.0, "sentiment": ""}, {"id": 132625258, "text": "@marcellus10 ... 1. there are no &quot;shoulds&quot; on Wall Street. 2. will you admit being wrong if $AAPL fails $198-$202 next week?", "time": 1533353514.0, "sentiment": ""}, {"id": 132625090, "text": "$AAPL $NVDA $AMZN $CRM $NVDA Which trading platform do you use for options? I&#39;m using TD and have spend of 20k on fees last 3 months Advice?", "time": 1533353452.0, "sentiment": ""}, {"id": 132624857, "text": "@sinv ... &quot;next 2 weeks of $AAPL selloff&#39;s,&quot; ehhh?  Guaranteed? Will you back brokerage accts for losses, if wrong?  Please advise.", "time": 1533353360.0, "sentiment": ""}, {"id": 132624752, "text": "$AAPL slightly extended", "time": 1533353308.0, "sentiment": ""}, {"id": 132624667, "text": "$AAPL at least i have a little chunk (in the middle of the last five digits lol)", "time": 1533353272.0, "sentiment": ""}, {"id": 132624655, "text": "$AAPL ... WoW !!  Quite a &quot;sell-off&quot; this afternoon before weekend !!  &quot;Sell-Off predictors&quot; earlier, need to admit being wrong ... ehhh?", "time": 1533353260.0, "sentiment": ""}, {"id": 132624653, "text": "80% of my profit goes to my mom\u2019s treatment..need her speedy recovery will be a mental strength for me.gl guys.\n\ud83d\ude4f\ud83d\ude4f$hmny $AYTU $LEDS $AAPL", "time": 1533353260.0, "sentiment": ""}, {"id": 132623973, "text": "$AAPL very nice to end one of the most significant week of AAPL as a a company positively! Trillion dollar baby!!! See you in 220+ soon!!!", "time": 1533352986.0, "sentiment": "Bullish"}, {"id": 132623771, "text": "Hot Options Report For End Of Day August 3rd \u2013 $BAC, $GPRO, $AAPL, $TSLA, $AABA \nhttp://www.theoptionsinsider.com/hot-options-report-for-end-of-day-august-3rd-bac-gpro-aapl-tsla-aaba/", "time": 1533352907.0, "sentiment": ""}, {"id": 132623681, "text": "$PFE I dont know guys, I got 4 52wk highs today and theyre all vastly different sectors, seems market is aight for now $AAPL $TGT $STOR", "time": 1533352871.0, "sentiment": "Bullish"}, {"id": 132623611, "text": "$AAPL i always loved green apples...", "time": 1533352843.0, "sentiment": ""}, {"id": 132623525, "text": "$AAPL aapl. aapl", "time": 1533352809.0, "sentiment": ""}, {"id": 132623510, "text": "$AAPL picked up a few 220c for 8.17 at the close. #lotto", "time": 1533352805.0, "sentiment": ""}, {"id": 132623353, "text": "$TSLA $AAPL $AMZN $GOOGL $NFLX $MSFT $FB Probably because they own the calls", "time": 1533352751.0, "sentiment": ""}, {"id": 132623202, "text": "$AAPL Cant wait for next 2 weeks selloff so the dividends gets accumulated at a lower price!", "time": 1533352690.0, "sentiment": ""}, {"id": 132622978, "text": "@abb0tt @sd3232 Stripe will get bought. The market will be about $SQ $V $PYPL $AMZN $AAPL", "time": 1533352619.0, "sentiment": "Bullish"}, {"id": 132622901, "text": "$AAPL I knew this one just WANTED to go into the weekend in the green.  GL to all the longs and bulls.", "time": 1533352587.0, "sentiment": "Bullish"}, {"id": 132622899, "text": "Fly Intel: Wall Street&#39;s top stories for Friday - $AAPL - http://thefly.com/permalinks/entry.php/AAPLid2771317", "time": 1533352586.0, "sentiment": ""}, {"id": 132622747, "text": "$AAPL CLOSES ABOVE ITS OPENING PRICE AFTER RECOVERING FROM EARLY SELLING PRESSURE: https://techniquant.com/reports/stock-aapl-daily-technical-analysis-report-for-2018-08-03/", "time": 1533352547.0, "sentiment": ""}, {"id": 132622589, "text": "These 2 Warren Buffett Stocks Made Berkshire Hathaway $4.6 Billion This Week $BRK.B $BRK.A http://bit.ly/2MhjLjy $KHC $AAPL", "time": 1533352488.0, "sentiment": ""}, {"id": 132622459, "text": "Apple sneaky circling your TV - indeed https://avc.com/2018/08/feature-friday-the-appletv-tv-app/ $aapl", "time": 1533352446.0, "sentiment": ""}, {"id": 132622130, "text": "$AAPL I put an all or nothing order in to buy the entire company at $1 trillion. Darn brokers. This entire rally is just front running.", "time": 1533352348.0, "sentiment": "Bullish"}, {"id": 132622007, "text": "$AAPL wadda beast", "time": 1533352318.0, "sentiment": "Bullish"}, {"id": 132621883, "text": "$AAPL where we going next week? \ud83e\udd14\ud83e\udd14\ud83e\udd14", "time": 1533352287.0, "sentiment": ""}, {"id": 132621735, "text": "$FB $AAPL $AMZN $NFLX $GOOG  Hey, check out FAANG_Options_Only Check it out: https://www.stocktwits.com/r/FAANG_Options_Only", "time": 1533352239.0, "sentiment": "Bullish"}, {"id": 132621564, "text": "$AAPL I&#39;m a bull, but AAPL should see $198 - $202 next week.  Get ready for AAPL at a discount!", "time": 1533352178.0, "sentiment": "Bullish"}, {"id": 132620896, "text": "$AAPL That number is wrong. Doesn&#39;t account for 7x stock split and dividends. Multiply by 7 to get correct figure.", "time": 1533351957.0, "sentiment": ""}, {"id": 132620816, "text": "$AAPL $MSFT Nice Lil day. I\u2019ve trimmed plenty, grabbing profits. Still own enough. Enjoy weekend", "time": 1533351932.0, "sentiment": "Bullish"}, {"id": 132620431, "text": "$AAPL Robinhood doesn&#39;t know how to display 1 trillion... we are definitely not in a bubble.", "time": 1533351820.0, "sentiment": "Bearish"}, {"id": 132620255, "text": "$AAPL nice close.", "time": 1533351776.0, "sentiment": "Bullish"}, {"id": 132620208, "text": "$AAPL Stunning! $$$$$$$$$$$$$$$$$$$$$$$$$$$", "time": 1533351764.0, "sentiment": "Bullish"}, {"id": 132620158, "text": "$SPY congrats everyone $AAPL $PFE $MRK $LLY $DIS $T $MSFT $JPM $BAC $UPS $WMT $SBUX too many to name them all \n#TEAMWORK", "time": 1533351750.0, "sentiment": "Bullish"}, {"id": 132619853, "text": "$AAPL YES. Another 4 Billion for apple. Monday $30 Billion on upgrades and iphone whatever", "time": 1533351664.0, "sentiment": ""}, {"id": 132619787, "text": "Option Block Trades Screener $DIA $AAPL $SPL $XOP $AABA $SPY $LUV $BAC $TEVA $BAC $DISH $WFC $JELD $TSLA $AMD $PBR https://marketchameleon.com/Screeners/OptionTrades", "time": 1533351647.0, "sentiment": ""}, {"id": 132619594, "text": "$AAPL APPLE APPLE APPLE!", "time": 1533351594.0, "sentiment": "Bullish"}, {"id": 132619456, "text": "$AAPL Another \ud83c\udf4f day.", "time": 1533351548.0, "sentiment": "Bullish"}, {"id": 132619453, "text": "$AAPL could trade two iPhones for the entire company at $BB if they wanted #QNX and autonomous technology and security perhaps", "time": 1533351548.0, "sentiment": "Bullish"}, {"id": 132619294, "text": "How @LikeFolio Got @Tesla Right. $TSLA $AAPL https://seekingalpha.com/article/4194509-tesla-got-right?source=feed_f", "time": 1533351508.0, "sentiment": ""}, {"id": 132619019, "text": "$AAPL Easily hits $210 next week, wouldn&#39;t be surprised to see $220......", "time": 1533351426.0, "sentiment": ""}, {"id": 132618932, "text": "$AMZN 12pt VWAP breakdown. Mild chop. \n$TSLA 7-10pts up out gate, 5-7pts down off HOD. Clean. \n$AAPL 2pts up. Monster yday day 3 ATH. Clean.", "time": 1533351399.0, "sentiment": ""}, {"id": 132618341, "text": "$AAPL 2nd time now 208&#39;s in 2 days have been rejected, but again i still think they pull some gap up move 1st b4 a real reversal. A bulltrap", "time": 1533351216.0, "sentiment": ""}, {"id": 132618275, "text": "$AAPL No Sellers Why be short this Beast !!!", "time": 1533351195.0, "sentiment": "Bullish"}, {"id": 132618140, "text": "$AAPL pinning 208", "time": 1533351153.0, "sentiment": ""}, {"id": 132617957, "text": "@antares_B @smartalek they use to say the same about $AAPL", "time": 1533351097.0, "sentiment": ""}, {"id": 132617753, "text": "$AAPL $212 next week!", "time": 1533351034.0, "sentiment": "Bullish"}, {"id": 132617507, "text": "$AAPL having a green close on a Friday would be a very bullish sign", "time": 1533350953.0, "sentiment": "Bullish"}, {"id": 132617419, "text": "$AAPL This is the best example of GREEED almost fever and compulsion Its ER PEAK, ATH level, Trillion reached and he ask MORE NEXT WEEK", "time": 1533350922.0, "sentiment": ""}, {"id": 132617356, "text": "Apple new video content will lead soon enough long $AAPL $IQ", "time": 1533350903.0, "sentiment": "Bullish"}, {"id": 132617004, "text": "$AAPL  225 next week, let&#39;s go...", "time": 1533350792.0, "sentiment": "Bullish"}, {"id": 132616961, "text": "$AAPL trust me it will go back to 190$ which is not a big move for this VOLATILE STOCK", "time": 1533350781.0, "sentiment": ""}, {"id": 132616559, "text": "$AAPL Apple is a volatile stock and a good trader knows how to pick up good entry One was before ER but now is 190$ on a red day", "time": 1533350665.0, "sentiment": ""}, {"id": 132615914, "text": "Seven most shorted US stocks $TSLA  $AAPL $AMZN $GOOGL $NFLX $MSFT $FB   data @S3Partners   Shorts have great taste!", "time": 1533350475.0, "sentiment": ""}, {"id": 132615324, "text": "$AAPL 220 next week, pump it...", "time": 1533350309.0, "sentiment": "Bullish"}, {"id": 132615162, "text": "$AAPL $T $DFS $MSFT $GPOR $VLO $JD $TMUS $CVS $UBS $UMC $BILI $BAC $HUYA Next week is looking nice!", "time": 1533350257.0, "sentiment": "Bullish"}, {"id": 132614881, "text": "Forget $1 Trillion: This Is The Real Resistance Level For Apple $AAPL https://goo.gl/y7hE64", "time": 1533350182.0, "sentiment": ""}, {"id": 132614829, "text": "$MNKD long recouping losses. Buy my newsletter. Most inefficient stock I have ever seen. Dont worry, i have \u201cinvested\u201d in $NVDA $AAPL $CELG", "time": 1533350165.0, "sentiment": ""}, {"id": 132614637, "text": "$AAPL I NEVER SHORT , I am a GOOD BUYER I wait a GOOD entry point and now is THE WORST ENTRY POINT Apple ever had!!! My call: $190 next week", "time": 1533350114.0, "sentiment": ""}, {"id": 132614560, "text": "$AAPL  lot of propping at that 207.50 level.", "time": 1533350091.0, "sentiment": ""}, {"id": 132614481, "text": "$AAPL overbought..... But good stock to have, so maybe pullback a little to 190?", "time": 1533350067.0, "sentiment": ""}, {"id": 132614169, "text": "$AAPL hope y\u2019all listened :) they were .45 a pop when posted", "time": 1533349979.0, "sentiment": ""}, {"id": 132614139, "text": "$AAPL yes get ready to $190 next week it cannot hold ER peak, ATH, and trillion target without retracement. Thats impossible", "time": 1533349972.0, "sentiment": ""}, {"id": 132614129, "text": "The more money you make trading in the week. The more boring your weekend will be. $SPY $TSLA $AAPL", "time": 1533349969.0, "sentiment": ""}, {"id": 132614019, "text": "$AAPL if these copycatists * actually succeeded in destroying Apple with their knockoffs, then they would have no template to copy from", "time": 1533349940.0, "sentiment": "Bullish"}, {"id": 132613732, "text": "$AAPL still at 207 less and less BUYERS at this hi level (ER peak, ATH, Trillion ) Only greedy traders naively holding it. Next week=$190", "time": 1533349862.0, "sentiment": ""}, {"id": 132613347, "text": "$SPY $SPX $DJIA $DIA $AAPL Operating Income is down 10% from 2015 peak. Q3 EPS would be $1.69 if not for 15% share count reduction &amp; tax cut", "time": 1533349764.0, "sentiment": ""}, {"id": 132613346, "text": "$AAPL By reporting on a Tuesday the boys had almost all week to pump the call premiums on holdings , next week we reverse course.", "time": 1533349764.0, "sentiment": ""}, {"id": 132613009, "text": "$SPY $SPX $DJIA $DIA The entire US market is jacked on stock buybacks &amp; tax cuts. The real growth just isn\u2019t there. $AAPL is exhibit A", "time": 1533349664.0, "sentiment": ""}, {"id": 132612997, "text": "$SPY $QQQ $AAPL  Bulls everywhere...", "time": 1533349660.0, "sentiment": "Bullish"}, {"id": 132612442, "text": "\ud83d\udd25 TODAY&#39;S ORDER FLOW SENTIMENT IN ACTIVE NAMES: $FB $AMD $BAC $AAPL $BABA $T $MU $NFLX $BA $MSFT $NXPI $JD $HAL $TSLA $PYPL $TWTR $GOOGL", "time": 1533349502.0, "sentiment": ""}, {"id": 132612403, "text": "$AAPL it dips I buy more I make more money. It dips I buy more I make more money. Too easy.", "time": 1533349492.0, "sentiment": "Bullish"}, {"id": 132612349, "text": "$AAPL Time to sell some gains?", "time": 1533349477.0, "sentiment": ""}, {"id": 132612309, "text": "$AAPL $208.50-ish seems a likely close today.", "time": 1533349464.0, "sentiment": ""}, {"id": 132612304, "text": "Yes. Essentially a M/A of themselves, the most successful company in the world. Decreases div payments. Plus WS values $AAPL&#39;s cash at zero.", "time": 1533349463.0, "sentiment": ""}, {"id": 132612254, "text": "@AxeCapitalLLC agreed, the idiot was shorting $AAPL at 190 and kept adding.  Got wrecked and will here too.  He shorted under $7 lol", "time": 1533349448.0, "sentiment": ""}, {"id": 132612180, "text": "$AAPL its easy till its not... enjoy...", "time": 1533349423.0, "sentiment": ""}, {"id": 132612033, "text": "$AAPL  Looking for a run to 225 next week...", "time": 1533349379.0, "sentiment": "Bullish"}, {"id": 132611957, "text": "$AAPL Someone put an end to this madness please I lost 2000 since ER", "time": 1533349354.0, "sentiment": "Bearish"}, {"id": 132610918, "text": "$AAPL sell the 207.50 c for this today\u2019s expiry to make money", "time": 1533349047.0, "sentiment": ""}, {"id": 132610710, "text": "$SPY $QQQ $AAPL  Let&#39;s go, keep ramping it higher and higher...", "time": 1533348990.0, "sentiment": "Bullish"}, {"id": 132610296, "text": "$CRON $CGC $MJ    FREE MY WEED SMOKERS FROM BONDAGE,, LEGALIZE !!!!!!!!!!!!!!!!   $AMZN  $TWTR  $GOOG $AAPL", "time": 1533348877.0, "sentiment": ""}, {"id": 132609905, "text": "$AAPL Its days like this that make me think/dream of the 25K I had in $AAPL at .30$ sa in 1997. #IDIOT #BUYHOLD", "time": 1533348760.0, "sentiment": "Bullish"}, {"id": 132609404, "text": "$AAPL let\u2019s see what Warren has to say next week\ud83e\udd11", "time": 1533348606.0, "sentiment": "Bullish"}, {"id": 132608891, "text": "$AAPL @brikee I already have $AAPL but wanting to add $AMZN just don\u2019t want to kill my account to buy a whole share nor do I like partials", "time": 1533348447.0, "sentiment": ""}, {"id": 132608870, "text": "$NFLX $TSLA $AAPL $FB We should be able to rally on all this &quot;good&quot; news. Tariffs don&#39;t mean crap, China markets down 10% crap, but tech up", "time": 1533348441.0, "sentiment": ""}, {"id": 132608822, "text": "$SPY So if $AAPL didn&#39;t drive this today, what the heck did?", "time": 1533348426.0, "sentiment": ""}, {"id": 132608754, "text": "$SPY Shorts just keep getting killed but trying to not Cover. Wow $TSLA $AAPL", "time": 1533348408.0, "sentiment": "Bullish"}, {"id": 132608508, "text": "$TSLA $AAPL who knows, maybe they\u2019ll just make it a rangebound theta burn", "time": 1533348343.0, "sentiment": ""}, {"id": 132608277, "text": "$AAPL Make it happen WS $$$$$$$$$$$$$$$$$$$$$", "time": 1533348273.0, "sentiment": "Bullish"}, {"id": 132608246, "text": "I took this 1min SEEKER buy signal in $AAPL  for a run into the close - $QQQ", "time": 1533348265.0, "sentiment": ""}, {"id": 132607742, "text": "@bctwigs or buy options or $AAPL and join the $1tril club", "time": 1533348121.0, "sentiment": ""}, {"id": 132607616, "text": "$AAPL $QQQ  China? Who cares? lol", "time": 1533348082.0, "sentiment": "Bullish"}, {"id": 132607517, "text": "$AAPL $QQQ $TQQQ $SPY Power Hour", "time": 1533348051.0, "sentiment": "Bullish"}, {"id": 132607387, "text": "$AAPL  likely see a run to 250 by Labor Day...", "time": 1533348017.0, "sentiment": "Bullish"}, {"id": 132607317, "text": "$AAPL  should see 225 next week...", "time": 1533347998.0, "sentiment": "Bullish"}, {"id": 132607179, "text": "$AAPL  Let&#39;s go, pump it 210 eod...", "time": 1533347959.0, "sentiment": "Bullish"}, {"id": 132606909, "text": "$AAPL Just a little Buying &amp; this will be racing to new highs again. No Sellers &amp; Big Boys want more. Retail Shorting. LOL", "time": 1533347879.0, "sentiment": "Bullish"}, {"id": 132606756, "text": "$AAPL was about to calculate outstanding shares, should update their calc app to celebrate 1Tril mkt cap", "time": 1533347825.0, "sentiment": ""}, {"id": 132606616, "text": "$TWTR $AMZN $GOOG $AAPL", "time": 1533347785.0, "sentiment": ""}, {"id": 132606469, "text": "$AAPL expecting a big green candle here soon", "time": 1533347743.0, "sentiment": "Bullish"}, {"id": 132606436, "text": "Only 25,000 shares of $AAPL have traded &amp; its 3. No real selling. Buybacks also coming. Bears just cant win this one even on dips $QQQ $SPY", "time": 1533347734.0, "sentiment": "Bullish"}, {"id": 132606356, "text": "@Fitzy800 so let&#39;s get this straight so you&#39;re losing big on $AAPL and $SPX sounds like you need the luck so here you go \ud83c\udf40", "time": 1533347712.0, "sentiment": ""}, {"id": 132606269, "text": "$SPOT $FIT Down because $AAPL hit $1T ?", "time": 1533347685.0, "sentiment": ""}, {"id": 132606236, "text": "$AAPL  was atractive at 9x his earnings this is the time for a 20% \ud83d\udc87\u200d\u2642\ufe0f not at 19x $QQQ market could fall 15% or more in the next months \ud83d\ude0a", "time": 1533347672.0, "sentiment": "Bearish"}, {"id": 132606074, "text": "$AAPL - 15 min chart - failed 2 hold support on breakout - now breaking down - middle BB @ 207.64 = key level 2 hold", "time": 1533347627.0, "sentiment": ""}, {"id": 132605942, "text": "$AAPL there should be a few new tesla buyers after this week...whoop whoop... think next wk will b on fire too...", "time": 1533347585.0, "sentiment": ""}, {"id": 132605813, "text": "$AAPL red for days next week", "time": 1533347546.0, "sentiment": "Bearish"}, {"id": 132605531, "text": "$AAPL never mind I covered .80 I&#39;m off , gl", "time": 1533347463.0, "sentiment": ""}, {"id": 132605254, "text": "$AAPL back door flush bar, she&#39;s been naughty!", "time": 1533347362.0, "sentiment": "Bearish"}, {"id": 132605195, "text": "$AAPL Waiting for $207 test", "time": 1533347343.0, "sentiment": ""}, {"id": 132605128, "text": "$AAPL  On Monday it will be the biggest spectacle for AAPL", "time": 1533347319.0, "sentiment": ""}, {"id": 132604888, "text": "$AAPL too easy..only if there was sort of bet on Friday pins", "time": 1533347233.0, "sentiment": ""}, {"id": 132604490, "text": "$AAPL hold the lineeeeeee or look out belowwww \ud83e\udd37\u200d\u2642\ufe0f\ud83e\udd37\u200d\u2642\ufe0f", "time": 1533347108.0, "sentiment": ""}, {"id": 132604460, "text": "$AAPL as I said before if $AAPL can lift the market his cocaine emotions can drag down the entire $QQQ looks tired \ud83d\ude34 $SPY", "time": 1533347098.0, "sentiment": "Bearish"}, {"id": 132604390, "text": "$AAPL double top. Watching closely.", "time": 1533347074.0, "sentiment": ""}, {"id": 132604312, "text": "$AAPL How many times are you guys going to mention the $1T MC? We get it!!!", "time": 1533347050.0, "sentiment": ""}, {"id": 132604278, "text": "$AAPL still think it pops....", "time": 1533347041.0, "sentiment": ""}, {"id": 132604090, "text": "$AAPL Shorts still waiting for the bottom to fall out. Never think longs are smart enough to add, take profit and hold indefinitely. Lol.", "time": 1533346979.0, "sentiment": "Bullish"}, {"id": 132604029, "text": "$AAPL what a great news title to define AAPL success crown. cheapest $1T stock, true! http://opiniontrade.com/stock.html?top-search=AAPL", "time": 1533346955.0, "sentiment": ""}, {"id": 132603955, "text": "$AAPL smack that sitting duck a$$ , I&#39;m driving this pos home bae!", "time": 1533346927.0, "sentiment": "Bearish"}, {"id": 132603787, "text": "$AAPL come to daddy, you 500$ billion co ( 1 trill$ , give me a break, what are you, the government? ) yea f16 work 600 $ to build! \ud83d\ude02", "time": 1533346873.0, "sentiment": ""}, {"id": 132603742, "text": "@Fitzy800 like I said wrong math\ud83e\udd11 there&#39;s a lot more to $AAPL than phones! $AAPL to big for you to understand \ud83d\ude43", "time": 1533346860.0, "sentiment": ""}, {"id": 132603619, "text": "$AAPL tried shorting twice since the trillion.. haha closed postions fast... gotta be some kinda sell off to short, then go long", "time": 1533346821.0, "sentiment": ""}, {"id": 132603154, "text": "$AAPL A whole lot of uninformed dummy talk going on. $AAPL made historic 1T on 15.x forward earnings. BFD!!! Buybacks ongoing.", "time": 1533346668.0, "sentiment": ""}, {"id": 132603151, "text": "$AAPL Dont buy up here. WAIT!!!!", "time": 1533346667.0, "sentiment": ""}, {"id": 132603143, "text": "@ManoNera ... yeahhh, I agree.  &quot;No More Buyers&quot; means not a single $AAPL share is being bought according to gabeeee. Concept is a LIE", "time": 1533346665.0, "sentiment": ""}, {"id": 132603118, "text": "$AAPL entry for swing", "time": 1533346656.0, "sentiment": "Bullish"}]