[{"id": 132775589, "text": "$AAPL need to break 208 again; resistance", "time": 1533593276.0, "sentiment": "Bullish"}, {"id": 132775440, "text": "$aapl now hates 207.80 lost track how many times it rejected there and dont feel like counting", "time": 1533593230.0, "sentiment": ""}, {"id": 132774840, "text": "$AAPL $210 weekly apple about to break out to new HOD", "time": 1533593026.0, "sentiment": ""}, {"id": 132774583, "text": "$AAPL Techs about to rip higher. dow almost green and no way $AAPL stays red then. nas up 100 pt kind of day.", "time": 1533592941.0, "sentiment": ""}, {"id": 132774126, "text": "$FB $AAPL $CRM $NFLX $TSLA Dow about to go positive in face of this silly tariff DRAMA. Should bring new HODs to all tech stocks.", "time": 1533592813.0, "sentiment": ""}, {"id": 132773995, "text": "$SPY Bears had the entire Open to get some real fear going &amp; all they&#39;ve done is juiced the Market to go higher $FB $AAPL $AMZN $BABA $XLF", "time": 1533592768.0, "sentiment": "Bullish"}, {"id": 132773850, "text": "$AAPL but if you hold long term and got a big profits its ok to hold it and forget it. You can ,maybe , buy some protective puts if nervous", "time": 1533592721.0, "sentiment": ""}, {"id": 132773594, "text": "Top 5 trending stocks on our UM50 list (US MegaTrends) $AAPL $CARG $TNDM $FTNT $ELY", "time": 1533592639.0, "sentiment": ""}, {"id": 132773483, "text": "$AAPL NO, NO, AND NO! Fox Business: &quot;Is Samsung&#39;s Galaxy Note 9 an iPhone killer?&quot; It\u2019s trolling even to ask that question.", "time": 1533592605.0, "sentiment": "Bullish"}, {"id": 132773296, "text": "$CHK Hey hey look at this  $GST booo  $seas yeah  $CLNE what? $msft ;-( $aapl ;-)", "time": 1533592540.0, "sentiment": ""}, {"id": 132773245, "text": "$AAPL CAUSE IM FREEEE FREEEE FALLINGGGGG \nHAHAHAH", "time": 1533592524.0, "sentiment": ""}, {"id": 132773238, "text": "@Technical_Tom we always got suprise on stocks hu? I guess you didnt even know that $AMZN was doing twice better gain than $AAPL this year", "time": 1533592521.0, "sentiment": ""}, {"id": 132773140, "text": "$AAPL a 208 re-break would be 1st clue to a possible 208.40-50 retest", "time": 1533592486.0, "sentiment": ""}, {"id": 132773119, "text": "usdjpy dump friday yet to be realized.. under 111 again watch.. sunscreen on. #banana down.. waxing up.. $SPY #Faang $AAPL#Cost #Hd", "time": 1533592479.0, "sentiment": ""}, {"id": 132773111, "text": "$AAPL lol with no more buybacks this stock is so sad trying to hold the $207 ....no buyers anymorehere comes the drop", "time": 1533592476.0, "sentiment": ""}, {"id": 132773098, "text": "$AAPL \u270a\ud83c\udffd", "time": 1533592474.0, "sentiment": "Bullish"}, {"id": 132773034, "text": "$AAPL 19-Oct-18 200 Puts (tied to stock)  traded 4,400 for a total premium of $1,650,000. http://tinyurl.com/y8q2v7yw", "time": 1533592452.0, "sentiment": ""}, {"id": 132773015, "text": "$AAPL literally handing out lower highs all morning", "time": 1533592448.0, "sentiment": ""}, {"id": 132772572, "text": "$AAPL u need to see over 208.40-50 to attempt to change the trend from this AM so far", "time": 1533592318.0, "sentiment": ""}, {"id": 132772541, "text": "$AAPL Sell! RSI is so high", "time": 1533592307.0, "sentiment": ""}, {"id": 132772534, "text": "Option Block Trades Screener 4 trade Ideas $IWN $JCP $AABA $FB $DXC $TLT $COST $QQQ $RNG $NVDA $AAPL $CHK $$$PFE $YPF https://marketchameleon.com/Screeners/OptionTrades", "time": 1533592304.0, "sentiment": ""}, {"id": 132772264, "text": "$AAPL for &lt; 1 in a million top chart readers. physiognomy of big turn", "time": 1533592219.0, "sentiment": ""}, {"id": 132772237, "text": "@Dianastock Thanks. I&#39;m protected on the down side as well. Silly sh*t will push the market up and $AAPL with it.", "time": 1533592209.0, "sentiment": ""}, {"id": 132772091, "text": "$AAPL Option Sweep AUG 17th 205Calls 688 @ 3.75", "time": 1533592163.0, "sentiment": ""}, {"id": 132772059, "text": "$AAPL that was the dip hope you bought it", "time": 1533592156.0, "sentiment": ""}, {"id": 132771913, "text": "$AAPL $210 weekly call are 99.999999999% guaranteed. Still cheap.", "time": 1533592124.0, "sentiment": ""}, {"id": 132771402, "text": "$FB $AAPL I trust these companies with my private information more than I trust the gov.... They give u the option to turn off settings, etc", "time": 1533591975.0, "sentiment": "Bullish"}, {"id": 132771254, "text": "$AAPL losing his trillion. My strategy is perfect", "time": 1533591932.0, "sentiment": ""}, {"id": 132771178, "text": "$AAPL give me -1% intraday and I&#39;ll be happy", "time": 1533591907.0, "sentiment": ""}, {"id": 132771091, "text": "last week became $AAPL fan-boy.  this week, i guess $FB fan-boy!", "time": 1533591882.0, "sentiment": ""}, {"id": 132770756, "text": "$AAPL $FB $MSFT $CRM Services is the new buzzword for this quarter. Algos will pick it up and drive a stock up. #techservices", "time": 1533591777.0, "sentiment": ""}, {"id": 132770684, "text": "$NFLX $FB $AAPL Things I&#39;ve learned from ST- don&#39;t trust anyone who doesn&#39;t post any sort of chart. They usually just make up numbers.", "time": 1533591758.0, "sentiment": ""}, {"id": 132770582, "text": "$AAPL is toppy short term. This is as simple as that. Only greedy traders hold it . Smart traders wait an entry point below 200", "time": 1533591722.0, "sentiment": ""}, {"id": 132770552, "text": "$FB soo Good Morning Monday.. and Thank you $FB are you the next 4,,, ask $AAPL", "time": 1533591712.0, "sentiment": "Bullish"}, {"id": 132770402, "text": "$AAPL hopefully trade wars don&#39;t affect Apple supply chain", "time": 1533591662.0, "sentiment": "Bearish"}, {"id": 132770105, "text": "$AAPL I decided not to take a \u201crunner\u201d in Apple daytrade &amp; I\u2019m sure I\u2019ll be pissed, but I got MY execution &amp; plan. All that matters for me.", "time": 1533591568.0, "sentiment": ""}, {"id": 132770022, "text": "$AAPL $SPY down down down she goes to 195. Will pick up wine nice cheap shares there", "time": 1533591542.0, "sentiment": ""}, {"id": 132769787, "text": "$AAPL 210 weekly calls CHEAP big money to be made by Friday. Almost guaranteed", "time": 1533591469.0, "sentiment": ""}, {"id": 132769720, "text": "I never took a big position in $AAPL early because going against Apple with the two biggest buyers around is RISKY, but here it is at flat.", "time": 1533591443.0, "sentiment": ""}, {"id": 132769546, "text": "$BRK.B $SPY $AAPL $111 Billion Cash Pile https://markets.businessinsider.com/news/stocks/berkshire-hathaway-stock-price-after-earnings-cash-pile-warren-buffett-investment-speculation-2018-8-1027434500", "time": 1533591396.0, "sentiment": "Bullish"}, {"id": 132769532, "text": "@FaceRipper @TheBroskis I bet on volatility of $AAPL and for any stock I never start a bullish position near ATH . So I wait $190 (no short)", "time": 1533591393.0, "sentiment": ""}, {"id": 132769480, "text": "$AAPL oh look another lower high with no break of 208 that time. shocker...", "time": 1533591381.0, "sentiment": ""}, {"id": 132769240, "text": "$AAPL I am a good BUYER. I know it&#39;s toppy now. So I wait (I don&#39;t short) and will start a bullish position at $190 (please dont insult me)", "time": 1533591305.0, "sentiment": "Bearish"}, {"id": 132769163, "text": "$AAPL it\u2019s a shame accounts can\u2019t be suspended for this kind of thing \ud83e\udd21", "time": 1533591284.0, "sentiment": ""}, {"id": 132769048, "text": "$AAPL today we&#39;ll see 206. Take profit before drop.", "time": 1533591248.0, "sentiment": ""}, {"id": 132768922, "text": "$AAPL take it higher pumpers, i wanna short 220", "time": 1533591205.0, "sentiment": ""}, {"id": 132768812, "text": "Now. You have to refrain from greed as best you can in a daytrade, especially in options. Huge risk depending on size. $AAPL Apple /2", "time": 1533591173.0, "sentiment": ""}, {"id": 132768739, "text": "$AAPL $CRM $FB $TWTR Market doesn&#39;t care about the tariff DRAMA. It&#39;s all BS. We&#39;re going up and$AAPL closing at $210. Weekly calls cheap.", "time": 1533591152.0, "sentiment": ""}, {"id": 132768586, "text": "$AAPL Taking profit here will only cost you.", "time": 1533591104.0, "sentiment": ""}, {"id": 132768510, "text": "Why did I take daytrade? When Apple spiked yet again and turned green to red, My litmus test was solely flat. It hesitated, I moved. $AAPL", "time": 1533591083.0, "sentiment": ""}, {"id": 132768474, "text": "$AAPL someone still trying to keep the party going, but im sticking with the morning trend until i see something tell me different", "time": 1533591073.0, "sentiment": ""}, {"id": 132768192, "text": "$AAPL watch for break below support around 206", "time": 1533590988.0, "sentiment": ""}, {"id": 132768182, "text": "Some profit taking in Apple was to be expected after the bounce off open buy orders. I took the trade but didn\u2019t have to post. $AAPL /1", "time": 1533590985.0, "sentiment": ""}, {"id": 132768040, "text": "$AAPL show me a nasty drop will ya", "time": 1533590936.0, "sentiment": ""}, {"id": 132768019, "text": "$AAPL Buy those small dips.before it gets to 210.", "time": 1533590931.0, "sentiment": ""}, {"id": 132767829, "text": "$AAPL wasnt hitting highs with spy+nasd, but dropping with the drops. nice divergence pointed it out well b4 the drop here", "time": 1533590869.0, "sentiment": ""}, {"id": 132767816, "text": "$AAPL Money rotating into FB", "time": 1533590865.0, "sentiment": ""}, {"id": 132767814, "text": "@bigbigbigdude @CanTraderK Let me know if you need lunch money after shorting $FB $NFLX $AAPL... unconfirmed short position ... of course.", "time": 1533590864.0, "sentiment": ""}, {"id": 132767813, "text": "$SPY $TNA $IWM $FAS $QQQ $IYT Using $MSFT as a pivot, market hasn\u2019t really gone anywhere $AAPL $GOOGL $FB $AMZN $NFLX $NVDA except $XHB pric", "time": 1533590864.0, "sentiment": ""}, {"id": 132767791, "text": "$AAPL $202 or less in sight this week", "time": 1533590858.0, "sentiment": "Bearish"}, {"id": 132767758, "text": "$AAPL everyone is so bullish how can you not be bearish?", "time": 1533590852.0, "sentiment": ""}, {"id": 132767724, "text": "$AAPL looks like she starting to crack", "time": 1533590843.0, "sentiment": ""}, {"id": 132767700, "text": "$AAPL $210 weeklys super cheap and 99.9999999% guaranteed for this friday.", "time": 1533590836.0, "sentiment": ""}, {"id": 132767594, "text": "$AAPL not a fan of this price action, wanted 209 and 210 with conviction. Debating exiting all monthly calls until this shakes out", "time": 1533590801.0, "sentiment": ""}, {"id": 132767512, "text": "$AAPL lower highs...lower lows", "time": 1533590775.0, "sentiment": ""}, {"id": 132767501, "text": "A new intraday low at $207.49 was just reached for $AAPL", "time": 1533590772.0, "sentiment": ""}, {"id": 132767498, "text": "A new daily low at $207.49 was just reached for $AAPL.    #AAPL", "time": 1533590772.0, "sentiment": ""}, {"id": 132767452, "text": "$AAPL moving lower even with $FB helping tech", "time": 1533590757.0, "sentiment": ""}, {"id": 132767450, "text": "$AAPL Lows. \n$GOOGL Under VWAP.", "time": 1533590757.0, "sentiment": ""}, {"id": 132767271, "text": "$AAPL next move about to be made here. either breaks support and keeps this lower high trend going or breaks over 208.40-50", "time": 1533590696.0, "sentiment": ""}, {"id": 132767071, "text": "$AAPL  \nAAPL ALL TIME HIGH! \n$209.03 \nAll Time Highest TODAY intraday \n \nA TRILLION!", "time": 1533590635.0, "sentiment": "Bullish"}, {"id": 132767055, "text": "$aapl is the the only stock immune to tariffs.", "time": 1533590632.0, "sentiment": ""}, {"id": 132766777, "text": "$AAPL $210 weekly calls cheap. almost 99.999999999% guaranteed for this Friday.", "time": 1533590545.0, "sentiment": ""}, {"id": 132765414, "text": "$AAPL this hits $220 by the end of the month.", "time": 1533590167.0, "sentiment": "Bullish"}, {"id": 132765412, "text": "$AAPL Tech heading higher. AAPL will join. 210.00 by EOD.", "time": 1533590166.0, "sentiment": ""}, {"id": 132765272, "text": "$aapl is the only stock with tariff immunity. Going to 225 very soon.", "time": 1533590128.0, "sentiment": ""}, {"id": 132765186, "text": "$AAPL pullback here", "time": 1533590104.0, "sentiment": ""}, {"id": 132765141, "text": "Buffet picks up a nice chunk of shares and $AAPL is struggling. Go figure.", "time": 1533590092.0, "sentiment": ""}, {"id": 132765135, "text": "$AAPL bought puts", "time": 1533590091.0, "sentiment": ""}, {"id": 132765031, "text": "$AAPL 10:30 should bring techs to new HODs then new HODs all day. TECH is back.", "time": 1533590062.0, "sentiment": ""}, {"id": 132764888, "text": "$AAPL indice day highs doing nothing for this as this already ran harder than most past few sessions. hence the divergence", "time": 1533590025.0, "sentiment": ""}, {"id": 132764836, "text": "$SPY $AAPL The rich get richer...", "time": 1533590010.0, "sentiment": "Bullish"}, {"id": 132764317, "text": "$AAPL 210 shortly then moves to 225..still cheap.", "time": 1533589868.0, "sentiment": ""}, {"id": 132764230, "text": "$QQQ $AAPL $AMZN $GOOG $MSFT", "time": 1533589843.0, "sentiment": "Bullish"}, {"id": 132764089, "text": "$AAPL 207.50 207.33 207 206.50-60&#39;s levels im watching. upside 208.40-50 break", "time": 1533589805.0, "sentiment": ""}, {"id": 132763981, "text": "@rtmay1 To be fair I got banned for wearing shorts too short. but i was right last year on the call and i still have $AAPL gains to play", "time": 1533589776.0, "sentiment": ""}, {"id": 132763844, "text": "$AAPL buying here", "time": 1533589742.0, "sentiment": "Bullish"}, {"id": 132763766, "text": "$AAPL cant keep its head above 208 now after multiple 208.30-50 rejections there. Playing this range.", "time": 1533589724.0, "sentiment": ""}, {"id": 132763656, "text": "[MMO] Iran, China, FANG... Oh My! Return To Volatility https://youtu.be/ANFhLiZZV08 $fb $amzn $aapl $nflx long $vix $vxx storm a coming!", "time": 1533589697.0, "sentiment": "Bearish"}, {"id": 132763597, "text": "Just Because It&#39;s August Isn&#39;t a Reason to Check Out of the Markets $AAPL http://dlvr.it/QdzQlD", "time": 1533589683.0, "sentiment": ""}, {"id": 132762786, "text": "$AAPL Only one direction for $AAPL UP. No question about it.", "time": 1533589464.0, "sentiment": ""}, {"id": 132762759, "text": "&quot;The #FAANG flush&quot; The next moves for $FB $AAPL $AMZN $NFLX $GOOGL covered @elroytrader&#39;s regular weekly article. http://www.matrixtrade.com/week-ahead-stocks-aug-06/", "time": 1533589458.0, "sentiment": ""}, {"id": 132762684, "text": "$AMZN $AAPL $AMD $NVDA $MSFT  https://www.stocktwits.com/r/AJTrading\n\nJoin our Day Trading Room!!!!", "time": 1533589437.0, "sentiment": ""}, {"id": 132762625, "text": "@Trading4Living Come on, after gaining +8% in one week, while exploding ATH and 1T$, $AAPL don&#39;t show a resistance, it&#39;s a consolidation.", "time": 1533589423.0, "sentiment": "Bullish"}, {"id": 132762572, "text": "Top Implied #Volatility Decliners $CAH $TSN $NWL $VXX $GPRO $IQ $SPY $XLF $XLP $QQQ $TLT $AAPL $TNA $IWM $BRK.B http://tinyurl.com/yaxs85ln", "time": 1533589412.0, "sentiment": ""}, {"id": 132762385, "text": "$AAPL $225 before $205", "time": 1533589360.0, "sentiment": ""}, {"id": 132762307, "text": "The Container Store $TCS about to be up 100% in a week.  Anyone ever see $FB $AAPL $NFLX or $AMZN double itself in a week? $JCP $SPY $IWM", "time": 1533589339.0, "sentiment": ""}, {"id": 132761493, "text": "$AAPL NASDAQ going green, apple can&#39;t move on it ...\ud83d\udc27", "time": 1533589149.0, "sentiment": "Bearish"}, {"id": 132761448, "text": "this is just chop about to move on $AAPL both sides going no where just going to get burned up today looks like", "time": 1533589133.0, "sentiment": ""}, {"id": 132761443, "text": "$AAPL I don&#39;t think $aapl goes down until wee hit $230ish. After that maybe get a 1% correction Going to 1.5 T before the end of the yr", "time": 1533589132.0, "sentiment": ""}, {"id": 132761432, "text": "$DIS $FB $AAPL $T $CMCSA $GOOGL $AMZN Bundle music+ $HMNY will have a subscriber heart race...", "time": 1533589129.0, "sentiment": ""}, {"id": 132761393, "text": "$AAPL still showing resistance here", "time": 1533589120.0, "sentiment": ""}, {"id": 132761201, "text": "$AAPL im long but i might take profits and buy back in 2 weeks. 2 of my ETFs sold Friday. Pretty sky high right now IMO", "time": 1533589062.0, "sentiment": ""}, {"id": 132760953, "text": "$AAPL showing some interesting resistance up here with spy+nasd nailing day highs and this slowing down some", "time": 1533588993.0, "sentiment": ""}, {"id": 132760504, "text": "$AAPL TSCM making chips again after WannaCry attack. Impact on Apple minimal.", "time": 1533588861.0, "sentiment": "Bullish"}, {"id": 132760234, "text": "Goldman Sachs Says the More Important $1 Trillion Number Investors Should Pay Attention to is Buybacks $SPY $AAPL https://bit.ly/2vHvvVw", "time": 1533588789.0, "sentiment": ""}, {"id": 132760123, "text": "$ETC.X $BTC.X $LTC.X $ETH.X $AMZN $AAPL $BCH.X $DOGE.X $RDD.X $XRP.X ethereal classic is on robinhood exchange today and coinbase tomorrow", "time": 1533588758.0, "sentiment": "Bullish"}, {"id": 132760056, "text": "Might see new all time high today $AAPL", "time": 1533588738.0, "sentiment": "Bullish"}, {"id": 132760036, "text": "Bill Gunderson&#39;s Best Stocks Now Radio Show will be live in 15 min. $UUUU $QQQ $AAPL $BRKB etc. www.gundersoncapital.com/radio-show-archives/", "time": 1533588732.0, "sentiment": ""}, {"id": 132759965, "text": "The right side in #stockmarket is clear and only a good selection of instrument will give us the edge over the market #elliottwave $AAPL", "time": 1533588715.0, "sentiment": ""}, {"id": 132759694, "text": "$AAPL #SetupAlert - Open Aug-10 210 Calls at $1.25 per contract. \nStock at: 208.08  ( Max 2 days)", "time": 1533588641.0, "sentiment": "Bullish"}, {"id": 132759664, "text": "there it is $AAPL", "time": 1533588635.0, "sentiment": ""}, {"id": 132759409, "text": "for some reason dont think theyre going to give more downside here, feels like random upside algo about to come in  $AAPL", "time": 1533588568.0, "sentiment": ""}, {"id": 132759348, "text": "$BRK.B $SQ $BR $FB $BRO $CRM $WM $CB $AAPL $CAT $AMZN GREEN early morning. Nasdaq turning green for a moment", "time": 1533588549.0, "sentiment": "Bullish"}, {"id": 132758895, "text": "$aapl going to $210 today. Techs look relatively strong given the weak market. But can crator anytime.", "time": 1533588440.0, "sentiment": ""}, {"id": 132758752, "text": "$AAPL good spot for a short term pullback after that quick drop off from 209&#39;s", "time": 1533588403.0, "sentiment": ""}, {"id": 132758597, "text": "$AAPL some shout &quot;going down!&quot;, so I\u2019ll shout\u2026", "time": 1533588358.0, "sentiment": "Bullish"}, {"id": 132758453, "text": "$GOOGL $FB $NVDA Lows. \n$AAPL Broke lows and bounced.", "time": 1533588316.0, "sentiment": ""}, {"id": 132758372, "text": "$IIVI reports tomorrow in the AM which will be a good read on optical sector and $AAPL demand for VCSELs", "time": 1533588297.0, "sentiment": "Bullish"}, {"id": 132758193, "text": "$AAPL short 208.4", "time": 1533588246.0, "sentiment": "Bearish"}, {"id": 132757781, "text": "1.50---&gt; 2.10 on LOD to HOD on those $AAPL puts", "time": 1533588140.0, "sentiment": ""}, {"id": 132757778, "text": "$AAPL &amp; $IRDM future  ", "time": 1533588140.0, "sentiment": "Bullish"}, {"id": 132757464, "text": "$SPY Worst thing for Bears is to have a MOO flush of weak-hands like this. Patience &amp; look for sales. Never Panic Sell $AAPL $BABA", "time": 1533588043.0, "sentiment": "Bullish"}, {"id": 132757281, "text": "$AAPL Problems for chipmaker Taiwan Semiconductor Manufacturing Co. could lead to supply chain troubles. https://stocknews.com/news/aapl-apple-inc-aapl-iphone-delay-worries-as-supplier-hit-with/", "time": 1533587990.0, "sentiment": ""}, {"id": 132757134, "text": "$AAPL key reversal day?", "time": 1533587949.0, "sentiment": "Bearish"}, {"id": 132757034, "text": "$AAPL interesting open", "time": 1533587924.0, "sentiment": ""}, {"id": 132757017, "text": "$AAPL what the dip?", "time": 1533587918.0, "sentiment": ""}, {"id": 132756912, "text": "$AAPL the tank job is slowly starting now. Wait til 190-195 range and pick up nice cheap shares", "time": 1533587890.0, "sentiment": ""}, {"id": 132756745, "text": "bingo $AAPL", "time": 1533587839.0, "sentiment": ""}, {"id": 132756719, "text": "$TSLA Highs. \n$AAPL $NFLX $FB Flashed up.", "time": 1533587830.0, "sentiment": ""}, {"id": 132756481, "text": "@Hempwick2018 he ought another 15m shares in the latest qtr. he\u2019s still buying now $AAPL", "time": 1533587760.0, "sentiment": ""}, {"id": 132756458, "text": "back under after big overshoot $AAPL either getting saved here or fading", "time": 1533587755.0, "sentiment": ""}, {"id": 132756307, "text": "$AAPL to the moon jesus lol", "time": 1533587701.0, "sentiment": "Bullish"}, {"id": 132756275, "text": "stronggg $AAPL", "time": 1533587687.0, "sentiment": ""}, {"id": 132756245, "text": "$AAPL #SetupAlert - Open Aug-10 210 Calls at $1.25 per contract. \nStock at: 208.75  ( Max 2 days)", "time": 1533587676.0, "sentiment": "Bullish"}, {"id": 132756238, "text": "$AAPL did to.  Good news!", "time": 1533587674.0, "sentiment": "Bullish"}, {"id": 132756230, "text": "$AAPL #SetupAlert - Open Aug-17 210 Calls at $1.9 per contract. \nStock at: 208.75", "time": 1533587671.0, "sentiment": "Bullish"}, {"id": 132756193, "text": "$AAPL $210", "time": 1533587659.0, "sentiment": "Bullish"}, {"id": 132756124, "text": "208.60 break over look for back under now $AAPL for the short", "time": 1533587639.0, "sentiment": ""}, {"id": 132755995, "text": "Tech Infused Retail Weekly Newsletter #247 $FB $AAPL \n \nhttps://us7.campaign-archive.com/?u=e7d07582070ceaadc8f646144&amp;id=6b1efe9025", "time": 1533587599.0, "sentiment": ""}, {"id": 132755180, "text": "Monday Market Movement - August Vacations Kill the Volume $AAPL $FB #TradeWars #Earnings  -- https://www.philstockworld.com/2018/08/06/monday-market-movement-august-vacations-kill-the-volume/", "time": 1533587314.0, "sentiment": ""}, {"id": 132755173, "text": "$AAPL I believe there is more upside, but time to plan an exit strategy.", "time": 1533587308.0, "sentiment": ""}, {"id": 132755063, "text": "$AAPL $SPY $UGAZ Join the MM Picks Room for early insight. Breakout Stocks and Options Play executed by the top 1%. https://www.stocktwits.com/r/Magic_MM", "time": 1533587269.0, "sentiment": ""}, {"id": 132754621, "text": "$SEAS level to trade with 25.50 &amp; 27.75  Today list $TSLA $AAPL $BIDU $BABA $SQ $NFLX $NVDA $GOOGL $LULU $AMZN $DBX $AMD $SGEN $KSS $KO $PEP", "time": 1533587094.0, "sentiment": ""}, {"id": 132754537, "text": "Breaking Higher? Stocks At A Crossroads $NDX $SPX Also $AAPL $AMZN $DJI https://goo.gl/aD7P36", "time": 1533587065.0, "sentiment": ""}, {"id": 132754183, "text": "@Franktrej it took Berkshire years to be interested in $aapl. They might be waiting for huge profits and dividends.", "time": 1533586915.0, "sentiment": ""}, {"id": 132753781, "text": "$AMZN Sideways light w/ SPY. \n$TSLA Down small/light. \n \n$AAPL ATH.", "time": 1533586768.0, "sentiment": ""}, {"id": 132753577, "text": "$AAPL I believe dianastock would suck 13 for a dozen", "time": 1533586684.0, "sentiment": ""}, {"id": 132753568, "text": "$NQ_F $DAX $YM_F $FB $AAPL $BTC.X $CL_F Good Morning everyone. Keep it simple and trade well. Happy Hunting and wish you all success.", "time": 1533586680.0, "sentiment": "Bullish"}, {"id": 132753408, "text": "$AAPL $SPY $FB $BABA $TSLA $TWTR $NFLX $V $NVDA I like the smell of a bubble bursting in the morning! who is ready for a big haircut?alarm!", "time": 1533586606.0, "sentiment": "Bearish"}]