[{"id": 133245904, "text": "$SPY Ok.... Apple earnings were last week. $AAPL hasnt been innovative in several years. Time to fill those lower gaps at 170 Apple.", "time": 1533838793.0, "sentiment": "Bearish"}, {"id": 133245666, "text": "$AAPL gecko go play somewhere else \ud83d\ude02\ud83d\ude02\ud83d\ude02\ud83d\ude02\ud83d\ude02 you are funny tho because you make NO sense", "time": 1533838586.0, "sentiment": "Bullish"}, {"id": 133245603, "text": "@sethmarcus @MasteringTheTrade earnings aren\u2019t growing. Only EPS because we\u2019ve wasted $5.1T on buybacks. $AAPL is exhibit A.", "time": 1533838541.0, "sentiment": ""}, {"id": 133245379, "text": "$AAPL $SPY $QQQ $AMZN $MSFT $GOOGL Orange Foolius is pushing the US &amp; China into eMAD - Economic Mutually Assured Destruction", "time": 1533838361.0, "sentiment": ""}, {"id": 133245236, "text": "$AAPL &quot;Should Apple be forced to abandon the Lightning connector and switch to USB?&quot; No, stupid tech writer grasping for slow month clicks.", "time": 1533838240.0, "sentiment": "Bullish"}, {"id": 133245061, "text": "$AAPL wrong wrong wrong you stupid tech reviewer. And shame on your editor for not correcting this blatantly false statement:", "time": 1533838083.0, "sentiment": "Bullish"}, {"id": 133244921, "text": "$AAPL $SPY $QQQ $AMZN $MSFT $GOOGL Bill Gates saystrade issues are &#39;scarycould put aburden&#39; onglobal growth&amp;jobs\ud83d\udca1\ud83d\udc3b https://www.google.com/amp/s/www.cnbc.com/amp/2018/08/08/bill-gates-trade-issues-are-scary-and-could-put-a-burden-growth.html", "time": 1533837991.0, "sentiment": ""}, {"id": 133244651, "text": "$AAPL once i block gecko no \ud83d\udc3b", "time": 1533837804.0, "sentiment": ""}, {"id": 133244492, "text": "$AAPL  dont disappoint today open 206 will be great", "time": 1533837706.0, "sentiment": ""}, {"id": 133244440, "text": "$AAPL Apple says iOS Health Records has over 75 backers, up from 12 earlier in the year, uses open standards", "time": 1533837659.0, "sentiment": "Bullish"}, {"id": 133244377, "text": "$TSLA down only 5% from ~15% spike, holding nicely in my opinion, like $AAPL is doing/did. It&#39;s legal for a CEO to tweet news, btfd to 400+", "time": 1533837618.0, "sentiment": "Bullish"}, {"id": 133244009, "text": "$SPY At this point it has to be clear that Gecko172 has mental issue. Its insane. He posts 24hr&#39;s a day about nonsense. Where is ST? $AAPL", "time": 1533837264.0, "sentiment": "Bullish"}, {"id": 133243278, "text": "$AAPL Beares your hilarious! APPL just hit a Trillion Dollars! You snap chat isn&#39;t even worth a dime!", "time": 1533836434.0, "sentiment": "Bullish"}, {"id": 133243125, "text": "$AAPL - Working higher from my buy area", "time": 1533836254.0, "sentiment": ""}, {"id": 133242830, "text": "$AAPL 210 easily", "time": 1533835934.0, "sentiment": ""}, {"id": 133242797, "text": "$AAPL it\u2019s going to be a good day", "time": 1533835879.0, "sentiment": "Bullish"}, {"id": 133242362, "text": "$AAPL Asymco says \u201cSomething at Apple is going off-scale\u201d", "time": 1533835265.0, "sentiment": "Bullish"}, {"id": 133241975, "text": "$SPY Don&#39;t resist you&#39;ll just lose money on puts. Just remember the people who bought puts as soon as $AAPL hit 1 trillion.", "time": 1533834821.0, "sentiment": "Bullish"}, {"id": 133241250, "text": "A new daily high at $207.2 was just reached for $AAPL", "time": 1533833466.0, "sentiment": ""}, {"id": 133241249, "text": "A new daily high at $207.2 was just reached for $AAPL.    #AAPL", "time": 1533833466.0, "sentiment": ""}, {"id": 133241201, "text": "$AAPL will see 215 plus if apple has a stake in financing Tesla .. will Know very soon ..", "time": 1533833298.0, "sentiment": ""}, {"id": 133241128, "text": "$AAPL Could tag 205 near the open today again like ysday.", "time": 1533833091.0, "sentiment": "Bearish"}, {"id": 133241118, "text": "In terms of negatives for $AAPL, there is 1 bearish indicator as of 08-08 https://dividendbot.com?s=AAPL", "time": 1533833048.0, "sentiment": ""}, {"id": 133240976, "text": "$AAPL \nOptions play.\n3 weeks ago I bought calls\nStrike $210\nAug 17th\n0.33 cents per contract. \nOpen interest  about 4k\nNow look at the photo", "time": 1533832629.0, "sentiment": "Bullish"}, {"id": 133240945, "text": "$AAPL hasn\u2019t happened before. Why is this time different?", "time": 1533832551.0, "sentiment": ""}, {"id": 133240930, "text": "$AAPL celebrating that night, I got the most drunk I\u2019ve ever been in my life. Couldn\u2019t really move all the next day!", "time": 1533832504.0, "sentiment": ""}, {"id": 133240876, "text": "$AAPL pre-market crap. Has done it almost every day.", "time": 1533832332.0, "sentiment": ""}, {"id": 133240798, "text": "$AAPL \u201cYearly spending on Machinery, Equipment, Land and Buildings has been revised to $17 billion for the year ending September.\u201d", "time": 1533832011.0, "sentiment": "Bullish"}, {"id": 133240554, "text": "$OLED Two new videos examine every inch of Apple\u2019s unreleased 2018 iPhone designs. https://bgr.com/2018/08/08/iphone-x-release-date-coming-hands-on-video/ $AAPL $SSNLF", "time": 1533831095.0, "sentiment": ""}, {"id": 133240489, "text": "$OLED Apple may look beyond Samsung and LG as Sharp enters OLED screen market. https://www.moneycontrol.com/news/technology/apple-may-look-beyond-samsung-and-lg-as-sharp-enters-oled-screen-market-2823291.html $AAPL $LPL $SSNLF", "time": 1533830879.0, "sentiment": ""}, {"id": 133240359, "text": "$AAPL buy now to collect the dividend...", "time": 1533830498.0, "sentiment": "Bullish"}, {"id": 133239686, "text": "$AAPL Use an Apple Pencil with your iPhone with this dumb hack \nhttps://www.cultofmac.com/568505/use-apple-pencil-with-iphone-dumb-hack/#more-568505", "time": 1533828155.0, "sentiment": ""}, {"id": 133237476, "text": "$AAPL Where is the new mac mini??  https://www.youtube.com/watch?v=g26efAe9vz8", "time": 1533820112.0, "sentiment": "Bearish"}, {"id": 133237426, "text": "$AAPL Every body moving on Trump&#39;s train....even Saudi ??  Arabia Threatens To Recreate 9/11 On Canada??", "time": 1533819929.0, "sentiment": "Bearish"}, {"id": 133237201, "text": "$SPY of course bulls market will end but not while the economy is hot.  Maybe for a short period as a correction $AAPL $FB $GOOGL $MSFT $f", "time": 1533819457.0, "sentiment": "Bullish"}, {"id": 133236541, "text": "$AAPL just now... China\u2019s futures are up BIG !! Trade war ending?", "time": 1533817738.0, "sentiment": "Bullish"}, {"id": 133236284, "text": "@Ryba $AAPL dividend? there is no dividend on $AMZN but hey wait you can be consolated with a 58% gain year to date", "time": 1533817105.0, "sentiment": ""}, {"id": 133236224, "text": "$AAPL will ruminate 207 on next session too (or lower) Its stalled at 207 wall for months", "time": 1533816975.0, "sentiment": ""}, {"id": 133236181, "text": "@Scorpio244 who cares about $TSLA its only 20% year to date and $AMZN is near +60% Amazon beats $TSLA and $AAPL YTD gains combined", "time": 1533816870.0, "sentiment": ""}, {"id": 133235016, "text": "$AAPL $SPY $QQQ $MSFT $AMZN $GOOG $FB $NFLX $VIX $NVDA $ROKU $SNAP $V I only see issues with SNAP and FB .", "time": 1533814593.0, "sentiment": ""}, {"id": 133234913, "text": "$AAPL did it first. Barn burner.", "time": 1533814364.0, "sentiment": ""}, {"id": 133234763, "text": "Thursday\u2019s \ud83d\udc401 $AMZN $AAPL $FB $GOOGL $AMD $BA $BABA $BTC.X $ETH.X $CMG $DBX $DDD $GOOS $AA $AAXN $ADBE $AUPH $CARA $CRM $ENDP $FNKO $HTGM", "time": 1533814115.0, "sentiment": ""}, {"id": 133234502, "text": "Ticking time bomb!  Time to make bacon \ud83e\udd53 of that fat \ud83d\udc16! $AAPL $SPY $QQQ $MSFT $AMZN $GOOG $FB $NFLX $VIX $NVDA $ROKU $SNAP $V \ud83e\udd2e\ud83e\udd11\ud83e\udd24 bible", "time": 1533813756.0, "sentiment": "Bearish"}, {"id": 133234236, "text": "$SPY this fake rally with low volume, with just a handful of stocks $AAPL $FB $NFLX $MSFT $TSLA is not sustainable, ticking time bomb! $QQQ", "time": 1533813349.0, "sentiment": "Bearish"}, {"id": 133233831, "text": "Price Moves vs Expected Moves $AMZN $BAC $FB $WFC $AMD $AAPL $HYG $BABA $VXX $TSLA $USO $SNAP http://tinyurl.com/y7zbwhgq", "time": 1533812757.0, "sentiment": ""}, {"id": 133232741, "text": "$AAPL This company is definitely a winner if you are a long term \u201cInvestor\u201d. But do expect a pull back before another run.", "time": 1533811425.0, "sentiment": ""}, {"id": 133232602, "text": "$AAPL oh the irony", "time": 1533811263.0, "sentiment": ""}, {"id": 133230855, "text": "$AAPL Fixed", "time": 1533809450.0, "sentiment": ""}, {"id": 133230684, "text": "$AAPL truth", "time": 1533809297.0, "sentiment": ""}, {"id": 133230340, "text": "Most Active Options:\n\n$BABA $NFLX $AABA $ROKU $NVDA $CVS $AAPL $TWTR $MU $SNAP $DIS $MSFT $FCAU $TSLA $ESRX $T $WFC $INTC $AMD $FB $AMZN $GE", "time": 1533808958.0, "sentiment": ""}, {"id": 133229796, "text": "$AAPL tomorrow 5% up", "time": 1533808448.0, "sentiment": "Bullish"}, {"id": 133229512, "text": "https://youtu.be/nKZlnpySzeY $AAPL", "time": 1533808179.0, "sentiment": "Bullish"}, {"id": 133229110, "text": "@rebelraze @BullishbyNature Guys if $AAPL buys $TSLA it isn\u2019t \u201cprivatization\u201d. Elon wants to privatize. Hopefully that clears it.", "time": 1533807851.0, "sentiment": "Bullish"}, {"id": 133228506, "text": "VWAP from earnings $AAPL", "time": 1533807399.0, "sentiment": ""}, {"id": 133228350, "text": "$AAPL JHOOK pattern in place bullish run", "time": 1533807274.0, "sentiment": "Bullish"}, {"id": 133228319, "text": "$AAPL buy this great stock \ncheck out PaytoPlayOptions, a room on StockTwits you might like to join: \nhttps://www.stocktwits.com/r/PaytoPlayOptions", "time": 1533807249.0, "sentiment": "Bullish"}, {"id": 133227870, "text": "$TSLA Could be silicon valley buyer? $AAPL Apple car ambitions. $AMZN could use for delivery/logistics. $GOOG Waymo synergies.", "time": 1533806880.0, "sentiment": "Bullish"}, {"id": 133227758, "text": "$AAPL", "time": 1533806786.0, "sentiment": ""}, {"id": 133227716, "text": "$AAPL Interesting... if we lose Congress \u201call of this (President) go away\u201d.", "time": 1533806741.0, "sentiment": ""}, {"id": 133227382, "text": "$AAPL Trump first supporter in Congress and best friend was indicted today for insider trading.", "time": 1533806484.0, "sentiment": ""}, {"id": 133226998, "text": "$AAPL This also reminds me Nixon:", "time": 1533806223.0, "sentiment": ""}, {"id": 133226892, "text": "$AAPL I would like 1 more leg up please.", "time": 1533806146.0, "sentiment": ""}, {"id": 133226865, "text": "$AAPL Reminder for Trump: \nToday 44 years ago this corrupted guy resigned", "time": 1533806126.0, "sentiment": ""}, {"id": 133226599, "text": "$CMI $FMC $EXPD $AAPL $MCD $CVX $TPR $TIF $NKE $LEG $SBUX $EA $KLAC $MA $NVDA $SWKS $MCHP $TXN $XLNX $GLW $AMAT $HPQ $HPE $APD", "time": 1533805889.0, "sentiment": "Bearish"}, {"id": 133226535, "text": "@OptionAddict22 $AAPL Troll with 2 posts only: BLOCKED!!!", "time": 1533805841.0, "sentiment": ""}, {"id": 133226384, "text": "@dada231 @CoolPapa Still holding $AAPL", "time": 1533805740.0, "sentiment": "Bullish"}, {"id": 133226193, "text": "$AAPL Ex-dividend date is Friday and it&#39;ll be a blood bath. Smart money will sell tomorrow and leave the dividend behind.", "time": 1533805600.0, "sentiment": "Bearish"}, {"id": 133224897, "text": "Big Changes With New Communications Services Sector $XLK $XLY $XLC Also $AAPL $AMZN $NFLX $FB $GOOGL https://goo.gl/hFnqcK", "time": 1533804701.0, "sentiment": ""}, {"id": 133224879, "text": "Big Changes With New Communications Services Sector $XLK $XLY $XLC Also $AAPL $AMZN $NFLX $FB $GOOGL https://t.co/DdnbNyM3bX", "time": 1533804691.0, "sentiment": ""}, {"id": 133224479, "text": "$SPY $TNA $IWM $IYT $FAS $QQQ https://www.cnbc.com/2018/08/08/new-york-city-votes-to-cap-uber-and-lyft-vehicles.html Nothing similar for other tech...? $AMZN $FB $NFLX $AAPL $MSFT $GOOGL", "time": 1533804360.0, "sentiment": ""}, {"id": 133224319, "text": "$AAPL buy any red! \ncheck out PaytoPlayOptions, a room on StockTwits you might like to join: \nhttps://www.stocktwits.com/r/PaytoPlayOptions", "time": 1533804279.0, "sentiment": "Bullish"}, {"id": 133223846, "text": "$AAPL I did like the dividend at the 52 week low but I guess I will have to settle for ATH...", "time": 1533803911.0, "sentiment": ""}, {"id": 133223750, "text": "$TSLA $goog or $aapl ? https://www.inverse.com/article/47893-how-elon-musk-may-have-mysteriously-secured-tesla-private-funds", "time": 1533803826.0, "sentiment": ""}, {"id": 133223483, "text": "$TSLA let&#39;s play a game\n- Larry Page: 420!\n- $MSFT $500\n- $AMZN $600\n- $AAPL $1,000\nLarry Page effectively made his competition pay up", "time": 1533803621.0, "sentiment": "Bullish"}, {"id": 133223282, "text": "$AAPL Tokyo. iPhone X. AtomHeartMother.", "time": 1533803481.0, "sentiment": "Bullish"}, {"id": 133221892, "text": "$SPY $AAPL this is amazing haha @scheplick", "time": 1533802462.0, "sentiment": ""}, {"id": 133221453, "text": "$SPY $AAPL lots of great guest speakers at #Stocktoberfest Register soon! @scheplick@howardlindzon @chadtempest #Cramer #Shakira #Ziggy #Bot", "time": 1533802118.0, "sentiment": ""}, {"id": 133221433, "text": "$AAPL Music launches new discovery mix called Friends Mix, updating every Monday. It collates 25 songs that your friends are listening to.", "time": 1533802100.0, "sentiment": ""}, {"id": 133221238, "text": "$VZ partners w/ $AAPL to give \u2018Unlimited\u2019 subscribers 6 months of free Apple Music", "time": 1533801943.0, "sentiment": ""}, {"id": 133218929, "text": "Easiest money to make in this market 1. $AAPL \n2. $BABA \n3. $MA \n4. $MSFT \n5. $CELG", "time": 1533800380.0, "sentiment": "Bullish"}, {"id": 133218624, "text": "@Alchemist99 @jacobadamczyk IDK but I wouldn\u2019t be surprised if $AAPL introduces this to iMessage soon. Not sure why they haven\u2019t already", "time": 1533800189.0, "sentiment": ""}, {"id": 133218120, "text": "Check out this awesome day trading setup (video): http://bit.ly/2AWogik \nHows it compare to yours? \n$SPY $AAPL $NVDA $NFLX $ROKU $YELP $TSLA", "time": 1533799866.0, "sentiment": ""}, {"id": 133217694, "text": "$FCAU $BAC $AABA $AAPL $JCP $INTC $SNAP $FB $YNDX $AMD $CARS $CMCSA $EA $TSLA Highest volume strikes", "time": 1533799575.0, "sentiment": ""}, {"id": 133216996, "text": "$HD $AAPL $GOOGL $TSLA Some of the today&#39;s winners...!", "time": 1533799131.0, "sentiment": ""}, {"id": 133216416, "text": "$TSLA $AAPL $SNAP $FB $FCAU $BABA $AMD $WFC $AMZN $TWTR $DIS $MU $NFLX $INTC $GE $MSFT $AABA $ROKU $ESRX $NVDA $T $CVS Most active options", "time": 1533798751.0, "sentiment": ""}, {"id": 133215931, "text": "https://youtu.be/nKZlnpySzeY $AAPL", "time": 1533798458.0, "sentiment": "Bullish"}, {"id": 133215898, "text": "$AAPL I missed Tesla\u2019s 8-K filing. Can somebody provide a link? Thx! \ud83d\udc80", "time": 1533798441.0, "sentiment": "Bullish"}, {"id": 133215772, "text": "$AAPL that\u2019s freaking awesome!", "time": 1533798354.0, "sentiment": ""}, {"id": 133214947, "text": "$AAPL service revs!!!!", "time": 1533797853.0, "sentiment": "Bullish"}, {"id": 133214668, "text": "$AMAT $AAPL", "time": 1533797679.0, "sentiment": ""}, {"id": 133212067, "text": "$SPY $QQQ $IWM $AAPL $FB $AMZN $GOOG Is it time for a pullback? :) Or do we just keep grinding higher? :)", "time": 1533796116.0, "sentiment": ""}, {"id": 133211599, "text": "Potential Whale Trades for $AAPL (Largest Trade: 0.15% of Volume) https://icebergbot.com?s=AAPL", "time": 1533795842.0, "sentiment": ""}, {"id": 133211118, "text": "@msath Obviously nobody knows yet. Plenty of cash available though. Silicone valley, sovereign wealth funds, etc. Could be $AAPL, who knows.", "time": 1533795574.0, "sentiment": ""}, {"id": 133211027, "text": "$AAPL $PCB gem Friday", "time": 1533795520.0, "sentiment": ""}, {"id": 133210366, "text": "$AAPL $MESA $VCNX $ANYB TOP IPOs tomorrow \ud83d\udc9a\ud83d\udc9a\ud83d\udc9a", "time": 1533795133.0, "sentiment": ""}, {"id": 133210296, "text": "Took profits on $AAPL both up and down.  Just speechless on $TSLA.", "time": 1533795103.0, "sentiment": ""}, {"id": 133210201, "text": "&quot; Are These Reliable Signs That the Stock Market is Topping?&quot; $TSLA $NFLX $AMZN $AAPL $DIS", "time": 1533795050.0, "sentiment": ""}, {"id": 133209809, "text": "Alphabet, Apple and two other stocks to buy as the S&amp;P nears records\n\n$AAPL $GOOG $EOG $MDT \n\nhttps://www.cnbc.com/2018/08/08/alphabet-apple-and-two-other-stocks-to-buy-as-the-sp-nears-records.html", "time": 1533794843.0, "sentiment": ""}, {"id": 133209414, "text": "$AAPL $VZ competing with $T which offer $SPOT", "time": 1533794626.0, "sentiment": ""}, {"id": 133209230, "text": "Alphabet, Apple and two other stocks to buy as the S&amp;P nears records\n\n$GOOGL $GOOG $AAPL $MDT $EOG  \n\nhttps://www.cnbc.com/2018/08/08/alphabet-apple-and-two-other-stocks-to-buy-as-the-sp-nears-records.html", "time": 1533794533.0, "sentiment": ""}, {"id": 133209127, "text": "$AAPL buy the dip", "time": 1533794472.0, "sentiment": ""}, {"id": 133208413, "text": "$TSLA $AAPL $QQQ  gap up tomorrow! I bought calls!!! (reverse psychology, the algo bots are watching)", "time": 1533794064.0, "sentiment": ""}, {"id": 133208012, "text": "$SPY $SPX $DJIA $DIA theoretically, buybacks should be a zero sum game; not a way to double mkt cap in 3 years w/10% less Op income $AAPL", "time": 1533793847.0, "sentiment": ""}, {"id": 133207525, "text": "$AAPL - Whole number pivot breaks are generally quite solid for a quick scalp. Watching this one for tomorrow.", "time": 1533793570.0, "sentiment": ""}, {"id": 133207003, "text": "$AAPL $VZ Apple offers free Music for Verizon Unlimited customers", "time": 1533793290.0, "sentiment": ""}, {"id": 133206717, "text": "$AAPL 40+ years to make their 1st Trillion and now probably only need 3 years or less to make their 2nd Trillion", "time": 1533793131.0, "sentiment": "Bullish"}, {"id": 133206271, "text": "$AAPL Capital capacity &gt; Capacity to innovate\n$TSLA Capital capacity &lt; Capacity to innovate\nDoes A+B=Funding arrangement?? Discuss...", "time": 1533792877.0, "sentiment": ""}, {"id": 133205461, "text": "After Hours Most Active $SPY $ROKU $EEM $HMNY $YELP $QQQ $GE $AMY $VMBS $USO $CI $NVCN $CTL $NWL $NVDA $AAPL $SABR https://marketchameleon.com/Reports/AfterHoursTrading", "time": 1533792426.0, "sentiment": ""}, {"id": 133205227, "text": "$AAPL is going to $240 this year https://www.youtube.com/watch?v=p526TziR89g&amp;feature=share", "time": 1533792290.0, "sentiment": ""}, {"id": 133204715, "text": "$AAPL Beginning August 16, Verizon Unlimited customers can sign up for a special offer of six months of Apple Musi\u2026 https://stocknews.com/news/aapl-beginning-august-16-verizon-unlimited-customers-can-sign-up-for/", "time": 1533792036.0, "sentiment": ""}, {"id": 133204499, "text": "$XLK Looking to break July peak to open 15 min bullish sequence toward $76.28 area #elliottwave $AAPL", "time": 1533791922.0, "sentiment": ""}, {"id": 133204386, "text": "$AAPl Can still find buyers tomorrow around $201 - $199 area before resuming the rally higher #elliottwave $NDX", "time": 1533791870.0, "sentiment": ""}, {"id": 133203508, "text": "@nearpoint they are done for if $aapl offers $10b", "time": 1533791459.0, "sentiment": ""}, {"id": 133203502, "text": "$AAPL the day that Apple was destined to become a behemoth. https://youtu.be/MnrJzXM7a6o", "time": 1533791456.0, "sentiment": "Bullish"}, {"id": 133203409, "text": "$AAPL $198 \ud83d\ude02 that was funny", "time": 1533791413.0, "sentiment": "Bearish"}, {"id": 133202773, "text": "$AAPL AAPL is her next Target !!!", "time": 1533791143.0, "sentiment": "Bearish"}, {"id": 133202659, "text": "$AAPL The woman who just cost Google $5 billion revealed her next target, and it could spell trouble for Apple  https://finance.yahoo.com/news/silicon-valley-apos-greatest-foe-115931044.html", "time": 1533791086.0, "sentiment": "Bearish"}, {"id": 133202539, "text": "$AAPL $TSLA $QQQ Love me some Barbecued Bull", "time": 1533791018.0, "sentiment": "Bearish"}, {"id": 133202438, "text": "$VZ $AAPL $P \nhttp://www.globenewswire.com/news-release/2018/08/08/1549353/0/en/Apple-Music-free-for-six-months-with-Verizon-Unlimited.html", "time": 1533790975.0, "sentiment": ""}, {"id": 133201979, "text": "Setups liked, that we&#39;ll be watching Thursday  \n$ROKU $AMZN $SODA $AAPL $TTWO $TLRD $M $KRE $RYAM $CMG $W $SHOP $TENB $CGC $XLF $XRT $QQQ", "time": 1533790776.0, "sentiment": "Bullish"}, {"id": 133201693, "text": "$SOXL $SOXS $SOXX $SOX $SBUX $KO $T $SHOP $LB $AAPL $AMZN $LUV: check out the video; https://youtu.be/JyGlTT2wimY", "time": 1533790653.0, "sentiment": ""}, {"id": 133200918, "text": "Alphabet, Apple &amp; two other stocks to buy as the S&amp;P nears records @tradingnation @cnbc $GOOGL $GOOG $AAPL $MDT $EOG https://cnb.cx/2vtoPuU", "time": 1533790291.0, "sentiment": ""}, {"id": 133199154, "text": "Here\u2019s what 218 Estimize analysts believe $AAPL will report for Q4 2018 EPS [Reporting 10/30 AMC]\nhttp://www.estimize.com/intro/aapl?chart=historical&amp;metric_name=eps&amp;utm_content=AAPL&amp;utm_medium=eps_update&amp;utm_source=stocktwits", "time": 1533789662.0, "sentiment": ""}, {"id": 133198764, "text": "@Smith_Is_Ugly_Last_Name I am short $AAPL  \ud83c\udf4e\ud83d\udc3b\ud83d\udca1\ud83d\udc40", "time": 1533789499.0, "sentiment": ""}, {"id": 133198647, "text": "@Villatrades mr market at Ceiling Time to Short\nHint: look at $AAPL  \ud83c\udf4e Way overbought \ud83d\udca1\ud83d\udc3b\ud83d\udc40", "time": 1533789452.0, "sentiment": ""}, {"id": 133197600, "text": "The Latest: Warrants for 17 issued in immigration operation $AAPL #AAPL https://www.marketbeat.com/n/3954146/", "time": 1533789060.0, "sentiment": ""}, {"id": 133196721, "text": "$AAPL", "time": 1533788738.0, "sentiment": "Bullish"}, {"id": 133196238, "text": "$SPY Time for Apple to fill those gaps at low 170&#39;s $AAPL", "time": 1533788571.0, "sentiment": "Bearish"}, {"id": 133195535, "text": "first company to 100 trillion?   $AMZN $AAPL $MSFT $BABA $FB $NFLX $GOOGL", "time": 1533788364.0, "sentiment": ""}, {"id": 133194278, "text": "Hot Options Report For End Of Day - Wednesday, August 8 $BAC $JCP $WFC $AAPL $FCAU $AABA https://goo.gl/43bFTf", "time": 1533787997.0, "sentiment": ""}, {"id": 133193835, "text": "Very impressed.The article compares Cook with Bezos Page Z but they are founders. Pichai of $goog is good comparison and he has twice! $aapl", "time": 1533787857.0, "sentiment": ""}, {"id": 133192967, "text": "$AAPL is aapl the angel for $TSLA ?", "time": 1533787610.0, "sentiment": ""}, {"id": 133192020, "text": "Some of todays most active stock options 8.8.18  $AMD $FCAU  $AAPL $BAC $BAC $INTC", "time": 1533787349.0, "sentiment": ""}, {"id": 133190447, "text": "Immigration raids in Nebraska, Minnesota target businesses $AAPL #AAPL https://www.marketbeat.com/n/3954132/", "time": 1533786924.0, "sentiment": ""}, {"id": 133188097, "text": "$DBX Long Dropbox ahead of earnings. Another subscription service that should show strength. $ROKU $NFLX $MTCH $AMZN $AAPL", "time": 1533786302.0, "sentiment": "Bullish"}, {"id": 133187182, "text": "$AAPL lack of liquidity of people trading shares of this is pretty damn scary.  22million volume is terrible and once selling commence", "time": 1533786036.0, "sentiment": ""}, {"id": 133187129, "text": "$ROKU Roku Channel now also offers free movies/tv shows to everyone online with pc/smartphone/tablet. $DIS $AAPL $AMZN $GOOG $QQQ $FOXA", "time": 1533786018.0, "sentiment": ""}, {"id": 133185973, "text": "$AAPL mehhh", "time": 1533785741.0, "sentiment": "Bullish"}, {"id": 133185858, "text": "$AAPL $TSLA  if it&#39;s apple you better believe $MSFT would raise bid. If no other reason than to make cook pay dearly", "time": 1533785709.0, "sentiment": ""}, {"id": 133185558, "text": "$TSLA Tim Cook is grabbing his pocket change to buy it outright and make Elon his pool boy. $AAPL", "time": 1533785631.0, "sentiment": "Bullish"}, {"id": 133185243, "text": "$AAPL $AMZN $FB trust your instincts and never be too sure one way or another. Follow patterns and go against the grain.", "time": 1533785559.0, "sentiment": ""}, {"id": 133184605, "text": "Hot Options Report For End Of Day August 8th - $FCAU, $WFC, $BAC, $AABA, $AAPL, $JCP \nhttp://www.theoptionsinsider.com/hot-options-report-for-end-of-day-august-8th-fcau-wfc-bac-aaba-aapl-jcp/", "time": 1533785426.0, "sentiment": ""}, {"id": 133183762, "text": "$AAPL $220 :)", "time": 1533785231.0, "sentiment": "Bullish"}, {"id": 133183380, "text": "$AAPL ending on a high note, going up from here.", "time": 1533785155.0, "sentiment": "Bullish"}, {"id": 133183166, "text": "$AAPL max pain is 205 for expiry 2018-08-10 Source: http://sweep.ly/maxpain.html", "time": 1533785108.0, "sentiment": ""}, {"id": 133183009, "text": "Amazon Echo, Google Home and Apple HomePod: 7 Key Smart Speaker Takeaways\n\n$GOOG $GOOGL $AAPL $AMZN  \n\nhttps://www.thestreet.com/opinion/7-smart-speaker-takeaways-for-amazon-google-apple-14676477", "time": 1533785075.0, "sentiment": ""}, {"id": 133182689, "text": "5 Companies Making Giant Buybacks\n\n$TROW $AAPL $V $AMGN $PKW  \n\nhttps://investorplace.com/2018/08/5-companies-making-giant-buybacks/?cp=IPIEAM&amp;ct=20180808&amp;cc=eletter&amp;auth=nonbuyer", "time": 1533785005.0, "sentiment": ""}, {"id": 133182538, "text": "U.S. companies\u2019 sales growth is accelerating \u2014 here are the biggest winners\n\n$NFLX $PYPL $NVDA $AAPL $ILMN $MU $AMZN  \n\nhttps://www.marketwatch.com/story/us-companies-sales-growth-is-accelerating-here-are-the-biggest-winners-2018-08-08", "time": 1533784971.0, "sentiment": ""}, {"id": 133182416, "text": "$SPY unloaded my swing positions today.  $AAPL lifted this whole market and now stocks that went up for no reason needs to correct", "time": 1533784939.0, "sentiment": ""}, {"id": 133181628, "text": "$AAPL analysts on Estimize expect 1.26% YoY growth in Gross Margins for Q4, up from -0.3% in previous year [Reporting 10/30 AMC]\nhttp://www.estimize.com/intro/aapl?chart=change-over-time&amp;metric_name=gross_margins&amp;utm_content=AAPL&amp;utm_medium=metric_growth&amp;utm_source=stocktwits", "time": 1533784782.0, "sentiment": ""}]