[{"id": 133320414, "text": "$MU Patience is a virtue if you are in $AAPL, but w/ $MU its what have you done for me today and today is another 1.4% downer.", "time": 1533860915.0, "sentiment": ""}, {"id": 133320325, "text": "$AAPL move to 206.53ish would be healthy but who cares about healthy lets go to 212.50 tomorrow. BOOM", "time": 1533860885.0, "sentiment": ""}, {"id": 133319838, "text": "$AAPL New ALL TIME HIGH we should hear that once a day for the next 30 days.", "time": 1533860728.0, "sentiment": ""}, {"id": 133319829, "text": "@TraderJoetoKnow top tail .75 hit .50 has cof as new sup $AAPL $SPY pushing .75 res $VIX bleed to sup set but banked most to be safe", "time": 1533860724.0, "sentiment": ""}, {"id": 133319425, "text": "$AAPL People should google Samsung Note 9, just got released. Funny how the market thinks competitive advantage can be maintained forever...", "time": 1533860593.0, "sentiment": ""}, {"id": 133319372, "text": "$AAPL even if market goes down  apples buy back will keep the stock in a stable position", "time": 1533860574.0, "sentiment": ""}, {"id": 133319176, "text": "$SPY $QQQ $IWM $AAPL Apple breaking out all time highs load up :)!!!! BULL STAMPEDE", "time": 1533860514.0, "sentiment": "Bullish"}, {"id": 133318922, "text": "$spy $fb is about 20% more expensive than $aapl $msft on 2019 valuations. And $aapl is looking toppy. This bounce is purely fib. aggro short", "time": 1533860444.0, "sentiment": ""}, {"id": 133318834, "text": "$AAPL taking about 5% of my 210 profits and taking a risk on 212.50 for tomorrow. maybe I can get 100-200% on the premium. GL", "time": 1533860417.0, "sentiment": ""}, {"id": 133318555, "text": "$AAPL Don&#39;t worry shorts. Apple can only keep going up forever. :)", "time": 1533860337.0, "sentiment": ""}, {"id": 133318508, "text": "$AAPL was hoping my dividend reinvestment was at a lower price, but I\u2019ll take it", "time": 1533860324.0, "sentiment": ""}, {"id": 133318494, "text": "$AAPL 1.3% Of the second Trillion has been gained, as shares print at 209.69", "time": 1533860320.0, "sentiment": "Bullish"}, {"id": 133318470, "text": "$AAPL $220 Buybacks will take us there no problem", "time": 1533860314.0, "sentiment": "Bullish"}, {"id": 133318304, "text": "$BB Apple &amp; Samsung may have email clients, but they lack features that BlackBerry can offer and are limited to their own devices ONLY $AAPL", "time": 1533860267.0, "sentiment": "Bullish"}, {"id": 133318263, "text": "$AAPL 210 up 325% I&#39;d take profits when we hit 209.83ish.", "time": 1533860256.0, "sentiment": ""}, {"id": 133318216, "text": "@TraderJoetoKnow 210 is tgt on this $AAPL bull fg there getting in to day for div then if they chose can sell fri on open long", "time": 1533860241.0, "sentiment": ""}, {"id": 133318179, "text": "$AAPL C&amp;H breakout", "time": 1533860227.0, "sentiment": "Bullish"}, {"id": 133318026, "text": "$BB Unknown to Goldman, Morgan Stanley &amp; other Analysts from the big banks, they iPhones are using the BlackBerry email Client $AAPL $GOOGL", "time": 1533860181.0, "sentiment": "Bullish"}, {"id": 133317854, "text": "$AAPL Who let the dogs out", "time": 1533860133.0, "sentiment": "Bullish"}, {"id": 133317687, "text": "$AAPL and a new HOD. NEW ALL TIME HIGH in 3.2.1....", "time": 1533860085.0, "sentiment": ""}, {"id": 133317657, "text": "$BB BlackBerry Email Client is on all platforms &amp; BlackBerry Email Client is the best for business and personal use.\n$AAPL $MSFT GOOGL \n\nhttps://t.co/4xFy1Vt8do", "time": 1533860073.0, "sentiment": "Bullish"}, {"id": 133317617, "text": "$ROKU to short or not to short $NFLX $YEXT $AAPL $SAIL $ISR $TSLA $TWTR", "time": 1533860061.0, "sentiment": ""}, {"id": 133317540, "text": "$AAPL everyone and their mother knows apple will be higher this time next week and the pattern will continue. Why not just go long?", "time": 1533860037.0, "sentiment": ""}, {"id": 133317372, "text": "$AAPL There it is!", "time": 1533859992.0, "sentiment": ""}, {"id": 133317360, "text": "$AAPL boommmm hod", "time": 1533859989.0, "sentiment": "Bullish"}, {"id": 133317100, "text": "@TraderJoetoKnow Joe Div X date is 8/10 this has sup and reason on hard push to day it will hold till Fri $AAPL heads up on set", "time": 1533859910.0, "sentiment": ""}, {"id": 133317085, "text": "@skidoome That&#39;s why it keeps moving up. It&#39;s like bitcoin last fall. Rarely do people sell $AAPL. Volume 5 m. less than avg last 3 days", "time": 1533859903.0, "sentiment": ""}, {"id": 133317054, "text": "$AAPL keep in mind tomorrow is the ex-dividend date.  Anticipate a pull back after dividend paid on the 16th.", "time": 1533859895.0, "sentiment": ""}, {"id": 133316977, "text": "$AAPL max pain is 205 for expiry 2018-08-10 Source: http://sweep.ly/maxpain.html", "time": 1533859877.0, "sentiment": ""}, {"id": 133316763, "text": "Another Quiet Session $amzn $viab $yelp $roku $de $aapl $nflx $goog https://bit.ly/2M46oqW", "time": 1533859822.0, "sentiment": ""}, {"id": 133316750, "text": "$tsla needs $aapl CASH COW!", "time": 1533859818.0, "sentiment": ""}, {"id": 133316688, "text": "one more push or hard failure coming here now $AAPL", "time": 1533859803.0, "sentiment": ""}, {"id": 133316679, "text": "$FB $AAPL $AMZN $NFLX $GOOGL whats the next greAt FAANG stock of the next 5-10 years? Perhaps $SQ $MU ?", "time": 1533859800.0, "sentiment": ""}, {"id": 133316650, "text": "$AAPL No sellers", "time": 1533859793.0, "sentiment": "Bullish"}, {"id": 133316632, "text": "$aapl What&#39;s after $aapl $210? $AAPL 217.5 next week silly. :)", "time": 1533859790.0, "sentiment": ""}, {"id": 133316600, "text": "$AAPL this thing is a MONSTER today! $$$$$$$$$$$$$$$$$$$$$$$$$$$$$$$$$$$$$$$", "time": 1533859777.0, "sentiment": "Bullish"}, {"id": 133316126, "text": "$AAPL any hance pf $220 before 8/17?", "time": 1533859629.0, "sentiment": ""}, {"id": 133315948, "text": "$AAPL    undervalued  5-20%", "time": 1533859569.0, "sentiment": ""}, {"id": 133315812, "text": "$AAPL this thing is unreal, grats longs", "time": 1533859527.0, "sentiment": "Bullish"}, {"id": 133315515, "text": "$AAPL I dought apple moves much higher than 1% in any given day without any news. Any news even apple stops sllng phones will take it up 5%", "time": 1533859446.0, "sentiment": ""}, {"id": 133315462, "text": "$AMZN $AAPL just buy calls and make money", "time": 1533859426.0, "sentiment": ""}, {"id": 133315391, "text": "$AAPL probably sell limits on HOD.. just bouncing off HOD, it&#39;ll break. Give it time.", "time": 1533859402.0, "sentiment": "Bullish"}, {"id": 133315372, "text": "$AAPL Added more $$$$$$$$$$$$$$$$$$$$$$$$$$$", "time": 1533859395.0, "sentiment": "Bullish"}, {"id": 133315343, "text": "$AAPL one good push over hod all she needs to go ham to 210", "time": 1533859387.0, "sentiment": ""}, {"id": 133315335, "text": "$AAPL $AMZN $JPM $BRK.B $BRK.A https://www.cnbc.com/2018/08/09/amazon-plans-primary-care-clinics-employees.html This is what happens when C/Os/people get too big/rich/powerful $SPY $TNA $QQQ $FAS", "time": 1533859386.0, "sentiment": ""}, {"id": 133315293, "text": "$QQQ Friday green, next week new highs $SPY $AMZN $MSFT $NVDA $FB $MU $PYPL $TSLA $AAPL", "time": 1533859377.0, "sentiment": "Bullish"}, {"id": 133315074, "text": "$AAPL they selling at the top somebody doesn\u2019t want this to break hod", "time": 1533859309.0, "sentiment": ""}, {"id": 133314944, "text": "$AAPL at daily chart BO", "time": 1533859270.0, "sentiment": ""}, {"id": 133314828, "text": "$AAPL almost broke hod", "time": 1533859239.0, "sentiment": ""}, {"id": 133314772, "text": "$AAPL wasn\u2019t this here this morning? I don\u2019t see what the big deal is", "time": 1533859221.0, "sentiment": ""}, {"id": 133314293, "text": "$AAPL bu bu bu bu but the Chinese tariffs. I love these peoples 8 hr narrative.", "time": 1533859084.0, "sentiment": ""}, {"id": 133314268, "text": "$AAPL new ATH!", "time": 1533859078.0, "sentiment": ""}, {"id": 133314194, "text": "bto $AAPL 210c .45 x  2 (IB account)", "time": 1533859057.0, "sentiment": ""}, {"id": 133314103, "text": "$AAPL $225", "time": 1533859033.0, "sentiment": "Bullish"}, {"id": 133314101, "text": "$FB $AAPL $BABA $MSFT  why pay higher price for stock and $TWTR  cheaper and more profitable do the math", "time": 1533859032.0, "sentiment": ""}, {"id": 133314014, "text": "$AAPL WS making this very easy today! $$$$$$$$$$$$$$$$$$$$$$$$$$$$$", "time": 1533859009.0, "sentiment": "Bullish"}, {"id": 133313775, "text": "$AAPL .50 more cents", "time": 1533858937.0, "sentiment": ""}, {"id": 133313769, "text": "$BB BlackBerry KEY2 - Top 5 Features You Need To Know About https://t.co/9iuq6a7oY5 $AAPL $MSFT $GOOGL", "time": 1533858936.0, "sentiment": "Bullish"}, {"id": 133313496, "text": "$AAPL cracks hod right it\u2019s gonna be lit", "time": 1533858850.0, "sentiment": ""}, {"id": 133313462, "text": "$AAPL people who insist on this trope &quot;what goes up must go down&quot; know nothing about the l-t history of stockmarkets", "time": 1533858841.0, "sentiment": ""}, {"id": 133313418, "text": "$AAPL dividend date tomorrow, will be heavy selling from the open", "time": 1533858827.0, "sentiment": ""}, {"id": 133313356, "text": "$AAPL might be new iPhone news coming http://m.worldstarhiphop.com/apple/video.php?v=wshh372i9SZXUtQ33iJX", "time": 1533858807.0, "sentiment": ""}, {"id": 133313265, "text": "$AAPL lets break .59 then .87 to 210+", "time": 1533858782.0, "sentiment": "Bullish"}, {"id": 133313177, "text": "$AAPL Even with ex-dividend stock price drop of $0.73 cents tomorrow, this may crash thru 211 Friday and 210 later today! BEAST MODE!", "time": 1533858754.0, "sentiment": "Bullish"}, {"id": 133313141, "text": "$SPOT As long as $GOOGL $AMZN $AAPL exist, there is no pricing power in the music streaming industry. It&#39;s a subsidy, money losing area...", "time": 1533858742.0, "sentiment": ""}, {"id": 133312982, "text": "$AAPL $210 pin action for tomorrow.", "time": 1533858696.0, "sentiment": ""}, {"id": 133312978, "text": "$AAPL $AMZN unstoppable!", "time": 1533858695.0, "sentiment": ""}, {"id": 133312348, "text": "$AAPL Going after 5G spectrum makes more sense here $DISH They always want full control. Unless they want to wait for the $S $TMUS mess...", "time": 1533858526.0, "sentiment": ""}, {"id": 133312338, "text": "$ES_F will $AAPL save the world again with ATH today?", "time": 1533858524.0, "sentiment": "Bullish"}, {"id": 133311924, "text": "$BB Now that BlackBerry is a SW company it is securing all platforms with its communications, security capabilities\n\nhttps://t.co/YYtYKvpaiu\n$AAPL $GOOGL $MSFT", "time": 1533858407.0, "sentiment": "Bullish"}, {"id": 133311425, "text": "$AAPL C&amp;H setting up", "time": 1533858274.0, "sentiment": ""}, {"id": 133311412, "text": "The $1 Trillion #Apple and #Asia https://www.gurufocus.com/news/719592/the-1-trillion-apple-and-asia $AAPL $GOOG $GOOGL $AMZN $MSFT $BIDU $BABA $TENCENT $FB", "time": 1533858273.0, "sentiment": "Bullish"}, {"id": 133311389, "text": "We asked AAII members what they thought about $AAPL hitting the $1 trillion mark http://blog.aaii.com/investors-reactions-to-apple-reaching-1-trillion-market-cap-vary-widely/", "time": 1533858265.0, "sentiment": ""}, {"id": 133310740, "text": "$AAPL double top", "time": 1533858078.0, "sentiment": "Bearish"}, {"id": 133310594, "text": "$AAPL what\u2019s $210 prediction option price for tomorrow ?", "time": 1533858037.0, "sentiment": ""}, {"id": 133310211, "text": "$AAPL break out already lol everybody looking at 210 like \ud83d\ude33", "time": 1533857921.0, "sentiment": ""}, {"id": 133310118, "text": "$SPOT $DIS $NFLX $AMZN $AAPL $GOOGL $MSFT Doesn\u2019t matter  what these guys do $CMCSA $T $VZ $TMUS $S $CTL will end up winning, they raise $$$", "time": 1533857896.0, "sentiment": ""}, {"id": 133310059, "text": "Most Active Equity Options And Strikes For Midday August 9th - $FCAU, $WFC, $BAC, $AABA, $AAPL, $JCP \nhttp://www.theoptionsinsider.com/most-active-equity-options-and-strikes-for-midday-august-9th-fcau-wfc-bac-aaba-aapl-jcp/", "time": 1533857883.0, "sentiment": ""}, {"id": 133309910, "text": "$AAPL Apple should stay out of car manufacturing all together; a hardware/software control system for them might be ok.", "time": 1533857844.0, "sentiment": ""}, {"id": 133309469, "text": "$AAPL the only way Apple will buy Tesla will be to pick up some pieces at the bankruptcy sale.", "time": 1533857717.0, "sentiment": "Bullish"}, {"id": 133309415, "text": "The industry average ROE is 8.98%. $AAPL outperforms 86% of its industry peers. https://www.chartmill.com/analyze.php?utm_source=stocktwits&amp;utm_medium=FA&amp;utm_content=PROFITABILITY&amp;utm_campaign=social_tracking#/AAPL?r=fa&amp;key=bb853040-a4ac-41c6-b549-d218d2f21b32", "time": 1533857703.0, "sentiment": ""}, {"id": 133309176, "text": "$AAPL possible future headline. Nasdaq down 250pts $AAPL hits new all time high. :) very possible. #AAPLUNSTOPPABLE", "time": 1533857635.0, "sentiment": ""}, {"id": 133309137, "text": "$AAPL &quot;We\u2019ve been praying Apple gets involved with Tesla. &quot; there is no god. ain&#39;t going to happen", "time": 1533857623.0, "sentiment": "Bullish"}, {"id": 133308966, "text": "@Alex1183 I be holding $ROKU til $AMZN, GOOGL, $AAPL make an offer", "time": 1533857579.0, "sentiment": "Bullish"}, {"id": 133308696, "text": "$AAPL $DJIA $QQQ $SPY $XLK", "time": 1533857504.0, "sentiment": ""}, {"id": 133308293, "text": "$FCAU $XSP $EA $GEL $AAPL $DBD $BAC $SNAP $CBL $AMD $MU $FOXA $YNDX $NWL $FCX $TSLA $AXL $SQ $BMY $ESRX $PEGI Largest PUT OI increases", "time": 1533857390.0, "sentiment": ""}, {"id": 133308255, "text": "$AAPL Macquarie sets PT at $214 https://stocknews.com/news/aapl-macquarie-sets-pt-at-214/", "time": 1533857377.0, "sentiment": ""}, {"id": 133308205, "text": "$AAPL I think this will go down in next few days", "time": 1533857366.0, "sentiment": "Bearish"}, {"id": 133308141, "text": "$spot the $nflx of music. $aapl the $amzn prime video of music", "time": 1533857349.0, "sentiment": "Bullish"}, {"id": 133308122, "text": "$SPY $QQQ $FB $AMZN $NFLX $GOOGL $AAPL gentle march higher as shorts are trapped", "time": 1533857344.0, "sentiment": ""}, {"id": 133307699, "text": "$AAPL wish I didn\u2019t miss apple last week then .03 lottos after earnings \ud83d\ude29\ud83d\ude29\ud83d\ude29", "time": 1533857223.0, "sentiment": ""}, {"id": 133307671, "text": "$SPY $DIA $QQQ $FB $AAPL $AMZN $NFLX $GOOGL Any real investor bot FAANG after the melt up? The WORLD would like to know who you are.", "time": 1533857213.0, "sentiment": "Bearish"}, {"id": 133307588, "text": "$BABA $TSLA $AAPL $AMZN $GOOG $NFLX $FB $BIDU realtime alerts on money makers daily. Free market insight weekly.\nhttps://volatileoptions.com/landing-page/", "time": 1533857186.0, "sentiment": ""}, {"id": 133307257, "text": "$AAPL ..... and Apple buybacks for this quarter are only just getting going.", "time": 1533857083.0, "sentiment": ""}, {"id": 133306829, "text": "$AAPL something is up man apple bullish since the bell \ud83d\udece still hrs of trading left.. epic Friday ?", "time": 1533856961.0, "sentiment": ""}, {"id": 133306717, "text": "$AAPL so how do you guys feel about bears?", "time": 1533856934.0, "sentiment": "Bearish"}, {"id": 133306630, "text": "$AAPL that\u2019s insane.  Let move WS let go MM", "time": 1533856906.0, "sentiment": ""}, {"id": 133306550, "text": "$AAPL interesting action.", "time": 1533856883.0, "sentiment": ""}, {"id": 133306491, "text": "BLOCK TRADE: $AAPL 800,000 shares @ $209.41 [12:18:45]", "time": 1533856867.0, "sentiment": ""}, {"id": 133306478, "text": "$AAPL we have 39k and 30k oi in $210 call.  Let go before I go to lunch", "time": 1533856864.0, "sentiment": ""}, {"id": 133306225, "text": "$AAPL $DJIA $QQQ $SPY", "time": 1533856797.0, "sentiment": ""}, {"id": 133306174, "text": "$AAPL next leg after 209.82 breaks", "time": 1533856784.0, "sentiment": ""}, {"id": 133306039, "text": "Apple given $214.00 PT by Macquarie. buy rating. http://www.marketbeat.com/r/1069104 $AAPL", "time": 1533856749.0, "sentiment": ""}, {"id": 133305954, "text": "$AAPL BLOCK TRADE [12:18:45] @ $209.41 for 800,000 shares.  $DJIA $QQQ $SPY $XLK", "time": 1533856726.0, "sentiment": ""}, {"id": 133305853, "text": "$AAPL let break $209.60 bb", "time": 1533856700.0, "sentiment": ""}, {"id": 133305819, "text": "$AAPL need little help from the $DJIA to push", "time": 1533856691.0, "sentiment": ""}, {"id": 133305726, "text": "$AAPL warrens added few more mills in the 200s for a reason, I don\u2019t follow no one with stock except warren", "time": 1533856665.0, "sentiment": "Bullish"}, {"id": 133305500, "text": "$AAPL $210.  Bang bang", "time": 1533856607.0, "sentiment": "Bullish"}, {"id": 133305499, "text": "$AAPL saw this setup today bought $210 call at .18", "time": 1533856607.0, "sentiment": ""}, {"id": 133305240, "text": "$AAPL we have tons of cash$ we have lot of back up. $ from buffets let go.  Take all $ from put pos.", "time": 1533856533.0, "sentiment": ""}, {"id": 133305199, "text": "$AAPL Nice and steady is WS strategy now! $$$$$$$$$$$$$$$$$$$$$$$$$$$$$", "time": 1533856522.0, "sentiment": "Bullish"}, {"id": 133305151, "text": "$AAPL \ud83d\udcb5\ud83d\udcb5\ud83d\udcb5\ud83d\ude80\ud83d\ude80\ud83d\ude80 don\u2019t miss the train or you will be late \ud83d\ude00\ud83d\ude00\ud83d\ude00\ud83d\ude00", "time": 1533856511.0, "sentiment": "Bullish"}, {"id": 133304994, "text": "$AAPL all-time high", "time": 1533856460.0, "sentiment": ""}, {"id": 133304945, "text": "$AAPL to prove MM and WS right.  Let make it to $210", "time": 1533856441.0, "sentiment": ""}, {"id": 133304932, "text": "$AAPL I think if it hits 210 by 12:30 and holds she will hit 212 tomorrow imo", "time": 1533856438.0, "sentiment": ""}, {"id": 133304869, "text": "$AAPL India news left the building $$$$$$$$$$$$$$$$$$$$$$$$$$$$$$$$$$$", "time": 1533856420.0, "sentiment": "Bullish"}, {"id": 133304720, "text": "$AAPL just nonstop", "time": 1533856382.0, "sentiment": ""}, {"id": 133304640, "text": "@Secret_Stocks I&#39;m bullish $AAPL, but I do believe it will pullback to the $190&#39;s soon, before any new run up above $210.  Just being real..", "time": 1533856357.0, "sentiment": "Bearish"}, {"id": 133304621, "text": "$AAPL very happy to have apple my largest position over the last several years. Love that dividend payment\ud83d\udcb0", "time": 1533856348.0, "sentiment": "Bullish"}, {"id": 133304565, "text": "$AAPL Dips = easy money! $$$$$$$$$$$$$$$$$$$$$$$$$$$", "time": 1533856332.0, "sentiment": "Bullish"}, {"id": 133304473, "text": "$aapl pattern post earning: month 1 grind UP, month 2 low volatility and movement, month 3 down 4-5%. YOY ALWAYS POSITIVE.", "time": 1533856308.0, "sentiment": ""}, {"id": 133304362, "text": "$AAPL been bullish all day lol crazy", "time": 1533856279.0, "sentiment": ""}, {"id": 133303931, "text": "$AAPL yes bullish at f.", "time": 1533856163.0, "sentiment": ""}, {"id": 133303890, "text": "$AAPL why the recent gap down in three major indices minutes ago?", "time": 1533856151.0, "sentiment": ""}, {"id": 133303816, "text": "$AAPL See how easy it is to move up 1% but down .5% is next to impossible. That&#39;s bullish as f.", "time": 1533856130.0, "sentiment": ""}, {"id": 133303810, "text": "$AAPL $210 call volume is now at 35k", "time": 1533856130.0, "sentiment": ""}, {"id": 133303611, "text": "$AAPL with the RSI above 70 much more room to go higher at this point in time\ud83d\udcb0", "time": 1533856081.0, "sentiment": "Bullish"}, {"id": 133303407, "text": "$WATT Samsung has a dual Qi charger and with $AAPL coming out with a new one best hope is \u201819 https://9to5mac.com/2018/08/07/logitech-powered-wireless-charging-stand/", "time": 1533856024.0, "sentiment": "Bullish"}, {"id": 133303379, "text": "$AAPL what? We are at all time high breaking record high every other days.  Wth u r saying?", "time": 1533856017.0, "sentiment": ""}, {"id": 133303366, "text": "$AAPL 210-199 for the next few weeks", "time": 1533856013.0, "sentiment": ""}, {"id": 133303284, "text": "$AMZN No Amazons allowed in the Trillionaire&#39;s Club $AAPL", "time": 1533855985.0, "sentiment": ""}, {"id": 133303225, "text": "$AAPL WS is set on pumping today...no other way around it! $$$$$$$$$$$$$$$$$$$$$$$$$$$", "time": 1533855971.0, "sentiment": "Bullish"}, {"id": 133303055, "text": "Samsung finally joins the crowded smart-speaker game w/ the Bixby powered #GalaxyHome - $AMZN $GOOGL $GOOG $SONOS $ROKU $AAPL $YNDX $BIDU", "time": 1533855915.0, "sentiment": ""}, {"id": 133302833, "text": "@Techs10x10days @FinestTrader I think you can\u2019t trade $AAPL with indicators. You need a curious mix of fundamental &amp; mkt sentiment analysis", "time": 1533855850.0, "sentiment": ""}, {"id": 133302776, "text": "$AAPL Dow goes green then maybe apple above 209.50", "time": 1533855833.0, "sentiment": ""}, {"id": 133302657, "text": "$AAPL  Trump knows if Trade dispute is resolved he wins huge. Pro long trade war he will be out of the White House", "time": 1533855802.0, "sentiment": "Bullish"}, {"id": 133302432, "text": "$SPY The Earnings are way too good for this Market to fail. Bears dont get that? Wow $BABA $AAPL $AMZN $FB $GOGO", "time": 1533855741.0, "sentiment": "Bullish"}, {"id": 133302327, "text": "$AAPL I believe today we gonna see 210", "time": 1533855712.0, "sentiment": "Bullish"}, {"id": 133302046, "text": "$AAPL Chinese leader ship is getting rare backlash from trade dispute. The pressure is on\ud83d\udc4d\ud83c\udffb could be resolved by the years end", "time": 1533855638.0, "sentiment": "Bullish"}, {"id": 133301930, "text": "$AAPL is in the nose bleed section. Look out below!!!", "time": 1533855605.0, "sentiment": "Bearish"}, {"id": 133301891, "text": "$AAPL $amzn $SQ no", "time": 1533855598.0, "sentiment": ""}, {"id": 133301801, "text": "$AAPL I saw MM adding 3000 $210 calls", "time": 1533855567.0, "sentiment": ""}, {"id": 133301669, "text": "$AAPL max pain is 205 for expiry 2018-08-10 Source: http://sweep.ly/maxpain.html", "time": 1533855523.0, "sentiment": ""}, {"id": 133301460, "text": "$SPY When every stock moves together you know its just an Algo. Feels a little like Bear desperation before a breakout :o) $BABA  $AAPL $FB", "time": 1533855460.0, "sentiment": "Bullish"}, {"id": 133301457, "text": "I love how they always put feature $HMNY with $AAPL $AMD $ROKU and $SNAP", "time": 1533855460.0, "sentiment": ""}, {"id": 133301294, "text": "$AAPL $GOOG $MSFT $V $MA Higher prices :)", "time": 1533855416.0, "sentiment": "Bullish"}, {"id": 133301176, "text": "Apple says iOS Health Records has over 75 backers, uses open standards $AAPL @apple http://bit.ly/2vTcjnR", "time": 1533855382.0, "sentiment": ""}, {"id": 133301083, "text": "$SPY $AAPL $GE $AMZN I sense a repeat of 1929 coming.. market crash, free lunch, dust storms, Herbert Hoover, etc.", "time": 1533855354.0, "sentiment": ""}, {"id": 133301059, "text": "Baidu\u2019s DuerOS AI assistant is now installed on 100 million devices $BIDU $AMZN $GOOGL $AAPL $MSFT http://bit.ly/2vRr8Y8", "time": 1533855344.0, "sentiment": ""}, {"id": 133301053, "text": "$EROS gonna go up 50% on short covering if made $1B distribution deal with $NFLX or $AAPL", "time": 1533855341.0, "sentiment": ""}]