[{"id": 133351553, "text": "$AAPl if they drop it below 206.50 in the next 4 minutes you have my attention. Else just a buying opportunity.", "time": 1533869746.0, "sentiment": ""}, {"id": 133351500, "text": "$AAPL 210 calls hahahah", "time": 1533869727.0, "sentiment": "Bearish"}, {"id": 133351429, "text": "$AAPL hahahah oh bulls", "time": 1533869711.0, "sentiment": "Bearish"}, {"id": 133351297, "text": "$AAPL Huge buying opportunity and setup for 217.5 next week weekly", "time": 1533869675.0, "sentiment": ""}, {"id": 133351196, "text": "Watch nasdaq down 1pt at close. JUST so the streak starts over tomorrow. then we rally again. $AAPL $FB $CRM", "time": 1533869650.0, "sentiment": ""}, {"id": 133350965, "text": "$AAPL 210+ tomorrow would be a gift", "time": 1533869597.0, "sentiment": "Bullish"}, {"id": 133350865, "text": "$AAPL tomorrow will drop by 0.73 a share to account for the ex-dividend date. Should overcome that to end the day green above 210!", "time": 1533869571.0, "sentiment": "Bullish"}, {"id": 133350648, "text": "$AAPL yup\ud83e\udd37\ud83c\udffc\u200d\u2642\ufe0f", "time": 1533869512.0, "sentiment": ""}, {"id": 133350584, "text": "$AAPL crashing now", "time": 1533869498.0, "sentiment": ""}, {"id": 133350473, "text": "$aapl okay so they don&#39;t want nasdaq to close up 8 days in a row so it may drop 1 pt today. Then streak starts over. Players i tell you play", "time": 1533869473.0, "sentiment": ""}, {"id": 133350386, "text": "$AAPL HUGE bull deep in the money call buyer with the Jan 2019 110 and 100 strike calls $STUDY", "time": 1533869447.0, "sentiment": "Bullish"}, {"id": 133350313, "text": "$AAPL 6m PT: $240", "time": 1533869433.0, "sentiment": "Bullish"}, {"id": 133350133, "text": "$AAPL Ciao bella", "time": 1533869384.0, "sentiment": ""}, {"id": 133350009, "text": "$aapl Wouldn&#39;t be surprised if we drop $0.10 before the close tomorrow. That&#39;s considered a big drop in $AAPL", "time": 1533869347.0, "sentiment": ""}, {"id": 133349699, "text": "$FB $AMZN $AAPL $NFLX $GOOG $GOOGL New Article https://seekingalpha.com/article/4197002-faang-earnings-review-trades", "time": 1533869266.0, "sentiment": ""}, {"id": 133349631, "text": "$AAPL 212.50 weekly C are 300-500% at tomorrows open. Then 210s at 500%+ then.", "time": 1533869243.0, "sentiment": ""}, {"id": 133349275, "text": "$SPY thanks #COST for major wave.. #Faang still lots of waves to ride.. $VIX likely ferocious move after $AAPL dividend dump", "time": 1533869145.0, "sentiment": ""}, {"id": 133349239, "text": "$AAPL damn look at apple crashing at the end of the day like they said... oh wait... that&#39;s not happening. Poor shorts :)", "time": 1533869136.0, "sentiment": ""}, {"id": 133348975, "text": "$AAPL $30 Billion off of yesterdays lows. That&#39;s like $Roku and $SPOT damn that&#39;s big. Another 30-40 Billion tomorrow.", "time": 1533869069.0, "sentiment": ""}, {"id": 133348257, "text": "$AAPL 212 tomorrow", "time": 1533868878.0, "sentiment": "Bullish"}, {"id": 133348044, "text": "$aapl new ATH in 3.2.1. .......Really shorts 0.1% is considered a great day in apple shorts world. Take it.", "time": 1533868814.0, "sentiment": ""}, {"id": 133347922, "text": "$AAPL short 209.60", "time": 1533868780.0, "sentiment": "Bearish"}, {"id": 133347919, "text": "$AAPL BTFD Its going to $212 Tomorrow", "time": 1533868780.0, "sentiment": "Bullish"}, {"id": 133347419, "text": "$AAPL Look at them trying to steal our dividend money ;)", "time": 1533868645.0, "sentiment": "Bullish"}, {"id": 133347373, "text": "$aapl should start lending to the US Government to help payoff out 22 Trillion in debt You know last 10 yrs of mrkt gains is all debt right?", "time": 1533868629.0, "sentiment": ""}, {"id": 133347265, "text": "Fund secured! $SPY $QQQ $AAPL $FB $AMZN $UVXY $VIX Perhabs people are returning from vactions :&#39;v", "time": 1533868597.0, "sentiment": "Bearish"}, {"id": 133347134, "text": "$AAPL spy just turned", "time": 1533868560.0, "sentiment": ""}, {"id": 133346939, "text": "$AAPL whatever we drop off the high we get double at the open tomorrow. No worries. Rock solid.", "time": 1533868511.0, "sentiment": ""}, {"id": 133346802, "text": "$AAPL bye bye bull gains", "time": 1533868464.0, "sentiment": "Bearish"}, {"id": 133346682, "text": "$AAPL won&#39;t pull back until 230", "time": 1533868431.0, "sentiment": ""}, {"id": 133346600, "text": "$aapl can buy $Roku with today&#39;s gains and still have 60% left over. LOL. The power of a TRILLION. Soon to be bigger than the us gov.", "time": 1533868409.0, "sentiment": ""}, {"id": 133346326, "text": "$AAPL Apple Pay \uf8ff just keeps growing! - https://www.macrumors.com/2018/08/09/apple-pay-250-million-users-estimated", "time": 1533868326.0, "sentiment": "Bullish"}, {"id": 133346276, "text": "@ManoNera Sure. Don&#39;t go all in. About a 98% chance i&#39;m right. Any $aapl news and bets off.", "time": 1533868314.0, "sentiment": ""}, {"id": 133346196, "text": "Ever traded $AAPL and made 40% in less than a half hour. Learn for free. \nhttps://volatileoptions.com/landing-page/", "time": 1533868294.0, "sentiment": ""}, {"id": 133345524, "text": "2mrw will be fun. 400-500% at open on the 212.50C. Then 100-300 on the 210P. all in the first 30 minutes. Then flatline rest of day. $AAPL", "time": 1533868112.0, "sentiment": ""}, {"id": 133345146, "text": "$AAPL All time high push into close? :)", "time": 1533868006.0, "sentiment": "Bullish"}, {"id": 133344738, "text": "$AAPL Don\u2019t turn off the ATM machine. Stay long.", "time": 1533867898.0, "sentiment": "Bullish"}, {"id": 133344476, "text": "$AAPL 30 years from now people are going to be saying man if only I could have bought Apple when it was a $1T now it\u2019s $50T!", "time": 1533867816.0, "sentiment": ""}, {"id": 133344394, "text": "$AAPL Shorts it took China threatening tariffs on AAPL to move it down 1%. Low volume high returns daily. 10x 10days in $AAPL calls.", "time": 1533867795.0, "sentiment": ""}, {"id": 133344334, "text": "$AAPL what&#39;s gonna happen to option tomorrow since it&#39;s dividend day, if u bought today", "time": 1533867779.0, "sentiment": ""}, {"id": 133344186, "text": "$AAPL called this\n..\n\n210p will be 0 tomorrow. 211.5 coming", "time": 1533867733.0, "sentiment": "Bullish"}, {"id": 133343824, "text": "@ReggieNoble market is being held up by this and $AAPL. They fall and all the dominoes go too. Thanks for the info!", "time": 1533867635.0, "sentiment": ""}, {"id": 133343783, "text": "$AAPL just glad my biggest holding has been away from the WS lime light and just making new highs daily. We are 45 days away from keynote", "time": 1533867623.0, "sentiment": "Bullish"}, {"id": 133343729, "text": "$AAPL NEW ATH in 3.2.1........", "time": 1533867607.0, "sentiment": ""}, {"id": 133343576, "text": "$AAPL In it&#39;s own universe with over 700k calls traded , MM targeting AUG 17 205 calls , now ITM for divy exercise tonight.", "time": 1533867562.0, "sentiment": ""}, {"id": 133342987, "text": "$aapl is only up 40% ytd. So $400 Billion. Another 400 is about the $270-$290 range and 80% &#39;18 returns . Not great but acceptable.", "time": 1533867398.0, "sentiment": ""}, {"id": 133342502, "text": "$AAPL Not liking the double top. Looks like a big pullback is coming next week based on the year chart.", "time": 1533867268.0, "sentiment": ""}, {"id": 133341220, "text": "$aapl 212.50C weekly are going to pay 300-500% at the open tomorrow.", "time": 1533866906.0, "sentiment": ""}, {"id": 133341218, "text": "$AAPL 65k calls 210 ..13k @ 212", "time": 1533866906.0, "sentiment": ""}, {"id": 133341129, "text": "$SPY $AAPL $AMZN $MSFT fund secured :,v", "time": 1533866885.0, "sentiment": "Bearish"}, {"id": 133340705, "text": "$aapl has become the new savings account. What better than 50% yearly returns dividends and zero risk. Moving everything to $aapl.", "time": 1533866762.0, "sentiment": ""}, {"id": 133340690, "text": "Apple After $1 Trillion: How Far Can It Go? $AAPL https://t.co/YRjovi0We1", "time": 1533866760.0, "sentiment": ""}, {"id": 133340512, "text": "$AMZN $AAPL $MSFT $GOOG $NFLX up nicely yet $SPY is completely flat. What does that mean about the rest of the market...? It&#39;s down.", "time": 1533866708.0, "sentiment": "Bearish"}, {"id": 133339974, "text": "@Prophet18 I\u2019m super bullish but I agree. More likely 210 tomorrow and 205 next Friday due to OPEX. $AAPL likes to keep the range tight.", "time": 1533866542.0, "sentiment": "Bullish"}, {"id": 133339905, "text": "$AAPL I am worried of what happens after dividends are paid. When is payment date? It says 8/16 as per nasdaq?", "time": 1533866526.0, "sentiment": "Bullish"}, {"id": 133339672, "text": "$aapl shorts cover NASDAQ biggest winning streak of 2018 soon to be ever.", "time": 1533866455.0, "sentiment": ""}, {"id": 133339619, "text": "$AAPL tired of seeing apple 225 next week lol .. impossible", "time": 1533866439.0, "sentiment": ""}, {"id": 133339382, "text": "Need a documentary series. $aapl the 1st Trillion, 2nd Trillion 3rd Trillion should be released every year leading to 2024", "time": 1533866368.0, "sentiment": ""}, {"id": 133339358, "text": "$AAPL bears stepping in at the top", "time": 1533866360.0, "sentiment": ""}, {"id": 133339285, "text": "$BB BlackBerry Evolve and Evolve X with Dolby Atmos Audio, wireless charger, face unlock, 4000mAh battery $AAPL $MSFT $GOOGL", "time": 1533866338.0, "sentiment": "Bullish"}, {"id": 133339036, "text": "$SPY $SPX $DJIA $AAPL $QQQ $FB $MU $AMAT bulls will rue the day when the SPX retraces to 2000 and I build a kingdom from their crushed souls", "time": 1533866253.0, "sentiment": "Bearish"}, {"id": 133338989, "text": "$AAPL what kind of BS moves are these last 3 days?...wicked move at open and then totally flat rest of the day.  Pure BS", "time": 1533866238.0, "sentiment": ""}, {"id": 133338911, "text": "$AAPL  should see 220 next week...", "time": 1533866212.0, "sentiment": "Bullish"}, {"id": 133338725, "text": "$TSLA Tesla board endorses CEO Elon Musk&#39;s stunning plan to consider going private https://www.google.com/amp/s/amp.usatoday.com/amp/933234002 $AAPL $AMZN $AMD $BABA $BTC.X", "time": 1533866154.0, "sentiment": "Bullish"}, {"id": 133338613, "text": "$SPY  Stocks look very bearish except $AAPL $AMZN AND $GOOGL. Why we are flat?", "time": 1533866119.0, "sentiment": ""}, {"id": 133338562, "text": "$SPY $QQQ $AAPL $AMZN Let&#39;s go, keep pumping, higher and higher. Bull rush into the close...", "time": 1533866105.0, "sentiment": "Bullish"}, {"id": 133338005, "text": "$AAPL 8 mins till power hr", "time": 1533865940.0, "sentiment": ""}, {"id": 133337882, "text": "$SPY The new/old model is the $AAPL model called outsourcing for $CROX. $AAPL sits on billions so it definitely works. $CROX on!", "time": 1533865911.0, "sentiment": ""}, {"id": 133337861, "text": "Spotify Stock Jumps On Partnership With Samsung http://ow.ly/Pz6F30lliXs $SPOT $AAPL", "time": 1533865905.0, "sentiment": ""}, {"id": 133337820, "text": "$AAPL ex-div tomorrow 0.73 https://youtu.be/k0bKoHsvkbo", "time": 1533865896.0, "sentiment": ""}, {"id": 133337612, "text": "$AAPL probably gonna low volume drop into close here", "time": 1533865844.0, "sentiment": ""}, {"id": 133337604, "text": "$AAPL apple do you love me are you riding", "time": 1533865842.0, "sentiment": ""}, {"id": 133337494, "text": "$AAPL aug 10 207.5 calls are trading at almost zero premium", "time": 1533865816.0, "sentiment": ""}, {"id": 133337099, "text": "$AAPL when will dumb bears learn?  This is the wrong stock to try shorting, even in the short term.", "time": 1533865708.0, "sentiment": ""}, {"id": 133336872, "text": "$AAPL \ud83e\udd1f\ud83e\udd1f push this to 215$$$$$&amp;", "time": 1533865636.0, "sentiment": "Bullish"}, {"id": 133336684, "text": "$HMNY Back to making money with $AAPL .. I can not believe I bough a little here.", "time": 1533865582.0, "sentiment": "Bearish"}, {"id": 133336647, "text": "$AMZN and $AAPL soon!!!", "time": 1533865572.0, "sentiment": "Bearish"}, {"id": 133336523, "text": "@Gopherdat yes but too risky .. make my $$$ with $AAPL", "time": 1533865536.0, "sentiment": ""}, {"id": 133335882, "text": "$AAPL take profits or you will be crying tomorrow", "time": 1533865349.0, "sentiment": "Bearish"}, {"id": 133335640, "text": "@Kenito20 @CBSR I see huge lots of call selling in tech! Especially $AAPL,", "time": 1533865280.0, "sentiment": ""}, {"id": 133335568, "text": "$AAPL rug pull rug pull rug pull", "time": 1533865261.0, "sentiment": "Bearish"}, {"id": 133335116, "text": "@kachmunee $AAPL goes higher.", "time": 1533865147.0, "sentiment": ""}, {"id": 133334897, "text": "$AAPL cant imagine @3.30 pm fml", "time": 1533865090.0, "sentiment": ""}, {"id": 133334170, "text": "$AAPL what usually happens on exdivided day for Apple?", "time": 1533864899.0, "sentiment": "Bullish"}, {"id": 133333838, "text": "$AAPL breaking out.. load the MF boat!", "time": 1533864810.0, "sentiment": ""}, {"id": 133333429, "text": "$AAPL is a selloff most likely expected due to dividend", "time": 1533864698.0, "sentiment": ""}, {"id": 133333412, "text": "$VUZI Hey any of you $amzn $goog $msft or $aapl guys into momentum trading and super squeezing shorts? \nNOW IS THE TIME", "time": 1533864694.0, "sentiment": "Bullish"}, {"id": 133333295, "text": "$AAPL that 60 min looks fabulous.....", "time": 1533864665.0, "sentiment": ""}, {"id": 133333094, "text": " The more $TSLA drops the more $AAPL up high make everybody feel some big funds are rotating the money that make sense for profiable company", "time": 1533864616.0, "sentiment": ""}, {"id": 133333075, "text": "@Master_Yoda I don;t understand the passion with $AAPL and $TSLA. I don&#39;t care for either of their products", "time": 1533864612.0, "sentiment": ""}, {"id": 133331665, "text": "$SSNLF $AAPL $S $VZ most do not switch between iOS and Android. There\u2019s no &quot;taking on&quot;. False narrative from bored tech writers.", "time": 1533864211.0, "sentiment": ""}, {"id": 133331631, "text": "$AAPL china gonna screw us all.", "time": 1533864199.0, "sentiment": ""}, {"id": 133331580, "text": "$aapl @thecode wtf is this trader expecting in one day? any ideas?", "time": 1533864184.0, "sentiment": ""}, {"id": 133331076, "text": "$AAPL It has been 48 hours since Elon Musk&#39;s tweet, and Tesla has still not filed any disclosures with the SEC.", "time": 1533864050.0, "sentiment": "Bullish"}, {"id": 133330925, "text": "$AAPL They are going to smoke these 210&#39;s calls. They are selling the s hh tt out of them with no premium...", "time": 1533864014.0, "sentiment": ""}, {"id": 133330587, "text": "$AAPL imagine the rally when the fake trade war ends. Its a conspiracy between trump and china to move the markets up 10%. Only my opinion.", "time": 1533863915.0, "sentiment": ""}, {"id": 133330537, "text": "$AAPL they are squeezing the 210 short calls traders on Div X day as predicted, now i am long  those put ratio spreads i pointed out .", "time": 1533863904.0, "sentiment": ""}, {"id": 133330262, "text": "$AAPL Chart is just beautiful. One of my ultra long term holds. Just letting it continue to work...", "time": 1533863823.0, "sentiment": "Bullish"}, {"id": 133330243, "text": "$AAPL Strong", "time": 1533863818.0, "sentiment": "Bullish"}, {"id": 133330147, "text": "$aapl all you need is 5-15 minutes after the market open to make all your money in $AAP for the day.", "time": 1533863787.0, "sentiment": ""}, {"id": 133330105, "text": "$AAPL anyone see those 8,000 puts and calls traded at the 225 8/10 strike? are those real?", "time": 1533863776.0, "sentiment": ""}, {"id": 133329872, "text": "Strength in Growth Names Is Giving the Market a More Upbeat Feel $AAPL http://dlvr.it/QfMKbw", "time": 1533863707.0, "sentiment": ""}, {"id": 133329756, "text": "$SPY So the economy is two companies. $AMZN and $AAPL. Everyone else in a recession.", "time": 1533863678.0, "sentiment": ""}, {"id": 133329506, "text": "$AAPL Yet another ATH in 3.2.1........", "time": 1533863610.0, "sentiment": ""}, {"id": 133329400, "text": "Samsung launches Galaxy Note 9, Watch, and wireless pad to take on Apple http://bit.ly/2KBnKpz $SSNLF $AAPL $S $VZ", "time": 1533863578.0, "sentiment": ""}, {"id": 133329145, "text": "$AAPL $FB just like the last 7 days. ALL TECHS CLOSING AT HODs", "time": 1533863506.0, "sentiment": ""}, {"id": 133328970, "text": "@Robertx $AAPL the road to $300 has zero risk vs $tsla", "time": 1533863456.0, "sentiment": ""}, {"id": 133328623, "text": "$AAPL go baby!", "time": 1533863378.0, "sentiment": "Bullish"}, {"id": 133328295, "text": "@yiweizhang Ironically, it probably would be better for them to just lose money into infinity so they never have to be judged as $AAPL might", "time": 1533863286.0, "sentiment": ""}, {"id": 133328288, "text": "$AAPL $250 :)", "time": 1533863285.0, "sentiment": "Bullish"}, {"id": 133327913, "text": "$SPY Fidelity says thank you to Elon\u2019s tweet that is able to roll the money from $TSLA top to $AAPL for safety play with all 401K investors", "time": 1533863174.0, "sentiment": ""}, {"id": 133327763, "text": "@joselineflores12 u thick af btw \ud83d\ude0d $AAPL", "time": 1533863130.0, "sentiment": ""}, {"id": 133327716, "text": "$AAPL we will get to 215 tmr", "time": 1533863116.0, "sentiment": "Bullish"}, {"id": 133327227, "text": "$AAPL still kicking my self haha", "time": 1533862980.0, "sentiment": ""}, {"id": 133326528, "text": "$AAPL max pain is 205 for expiry 2018-08-10 Source: http://sweep.ly/maxpain.html", "time": 1533862796.0, "sentiment": ""}, {"id": 133326484, "text": "$SPY Just amazed a massive $AAPL $AMZN pump can&#39;t break this range", "time": 1533862782.0, "sentiment": ""}, {"id": 133326218, "text": "8.09.18 Elliott Wave Updates for Big Tech: $AAPL $CRM EA FFIV   https://wavegenius.com/8-09-18-elliott-wave-updates-for-big-tech-aapl-crm-e", "time": 1533862700.0, "sentiment": ""}, {"id": 133326082, "text": "Anyone else considering the aug10 212.5C for a quick 300-500% on $AAPL", "time": 1533862659.0, "sentiment": ""}, {"id": 133325886, "text": ":) TOMORROW will be day 9 of nasdaq gains. $AAPL 212.50 options cheap and NAS up 100 pts", "time": 1533862612.0, "sentiment": ""}, {"id": 133325824, "text": "$BB In 2018 Macbook comes with a physical keyboard (PKB), only BlackBerry can offer a PKB on a phone. Funny comments are sour grapes $AAPL", "time": 1533862596.0, "sentiment": "Bullish"}, {"id": 133325654, "text": "$AAPL own no products just stock!", "time": 1533862549.0, "sentiment": "Bullish"}, {"id": 133325562, "text": "$APPL... Cake like this:  $AAPL SP ~24% YTD. Ice cream like this:$AAPL divs 08/13/18 = 0.73 &amp; 1.36 YTD.", "time": 1533862520.0, "sentiment": ""}, {"id": 133325484, "text": "$AAPL dividend date tomorrow?", "time": 1533862496.0, "sentiment": ""}, {"id": 133324824, "text": "$BB $AAPL puts for day trade.", "time": 1533862301.0, "sentiment": ""}, {"id": 133324692, "text": "$AAPL 270 yr end is only a 33% gain. In the investment world of today those are BAD returns. but will to take it for ZERO risk.", "time": 1533862263.0, "sentiment": ""}, {"id": 133324511, "text": "$QQQ $TQQQ $AMZN $AAPL $MSFT Mandatory Blu Origin rocket gif", "time": 1533862213.0, "sentiment": "Bullish"}, {"id": 133324330, "text": "$AAPL $SPY  PERMANENT BULL MARKET", "time": 1533862152.0, "sentiment": "Bullish"}, {"id": 133324010, "text": "$aapl do I think it&#39;s going straight to 270 before the end of the yr. Of course not we&#39;ll get a down day or few but only $1-$2", "time": 1533862062.0, "sentiment": ""}, {"id": 133323998, "text": "$BB its ok to trade this both ways w/ right entries - but to compare this to $AAPL tells you suck as trader and an investor - unforgiven", "time": 1533862059.0, "sentiment": ""}, {"id": 133323697, "text": "$AAPL Blah blah blah...just another day with a new 52 week high. Haters gonna hate.", "time": 1533861961.0, "sentiment": "Bullish"}, {"id": 133323638, "text": "@reddevils @shant1 True, but the future we can be sure unless the world ends that the mrktt will be higher than its 2day $AAPL 270-300 yrend", "time": 1533861946.0, "sentiment": ""}, {"id": 133323636, "text": "@REALALOY What innovation?  Releasing a new handset every 10 years?  $BB $AAPL", "time": 1533861945.0, "sentiment": ""}, {"id": 133323623, "text": "$AAPL lol... 38k 190 Aug monthly Calls traded. 8k traded at 13:37 no less! Someone has a sense of humor. Try and tell me this isn&#39;t a game.", "time": 1533861940.0, "sentiment": ""}, {"id": 133322944, "text": "@hinduhamma @toxzl2 $AMD  vs $INTC  like $AAPL vs $MSFT few years back when you were all kids.", "time": 1533861731.0, "sentiment": "Bullish"}, {"id": 133322714, "text": "$BB Apple maybe a 1 Trillion dollar company but lacks the innovation of BlackBerry $AAPL", "time": 1533861660.0, "sentiment": "Bullish"}, {"id": 133322551, "text": "$BB Apple doesn&#39;t hv the best email Client, doesn&#39;t hv rights for a physical keyboard, isn&#39;t secure, no device management capabilities $AAPL", "time": 1533861606.0, "sentiment": "Bullish"}, {"id": 133322449, "text": "@The_Don_Texas sell it buy $aapl and you&#39;ll have recouped by next friday.", "time": 1533861575.0, "sentiment": ""}, {"id": 133322392, "text": "$eem $qrvo $tsla $amd $mu $avgo $qcom $swks $nvda $aapl", "time": 1533861555.0, "sentiment": ""}, {"id": 133322086, "text": "@superbigdaddy @trevorcorey @Thankfulness @nastynate1 Still short $AAPL #Wait4it lol dont worry be happy! Thanks for the share!", "time": 1533861464.0, "sentiment": ""}, {"id": 133322048, "text": "$AAPL Loaded 210 calls here. 38 cents is a no brainer.", "time": 1533861452.0, "sentiment": "Bullish"}, {"id": 133321775, "text": "@reddevils @shant1 Not in the markets. In APPLE and its a figure of speech. If I had to make a life saving bet it would be $AAPL 100%.", "time": 1533861360.0, "sentiment": ""}, {"id": 133321438, "text": "is it bad I want to switch from an iPhone X to a BlackBerry Key2 $BB $AAPL", "time": 1533861255.0, "sentiment": ""}, {"id": 133321374, "text": "$AAPl going for the 212.50 and a 300% return for tomorrow. then the 217.5 and a 500-800% return next Friday. Easy as that.", "time": 1533861236.0, "sentiment": ""}, {"id": 133320921, "text": "$AAPL will GRIND to yet another ATH today. grind baby grind.", "time": 1533861078.0, "sentiment": ""}, {"id": 133320905, "text": "$AAPL 210 on the 2pm push??????????", "time": 1533861072.0, "sentiment": ""}, {"id": 133320819, "text": "$AAPL estimates distribution - here\u2019s what 219 Estimize analysts are expecting $AAPL to report for Q4 [Reporting 10/30 AMC]\nhttp://www.estimize.com/intro/aapl?chart=scatter-plot&amp;metric_name=eps&amp;utm_content=AAPL&amp;utm_medium=distribution&amp;utm_source=stocktwits", "time": 1533861040.0, "sentiment": ""}, {"id": 133320728, "text": "$AAPL may include Face ID in all 2018 iPhones. https://investorplace.com/2018/08/all-apple-2018-iphones-may-include-face-id/", "time": 1533861017.0, "sentiment": ""}, {"id": 133320625, "text": "Sell $MU $DIS $TWTR and buy $AAPL much better zero risk returns.", "time": 1533860986.0, "sentiment": ""}, {"id": 133320551, "text": "$AAPL 205", "time": 1533860958.0, "sentiment": "Bearish"}, {"id": 133320534, "text": "@TraderJoetoKnow I am done on this been a good day on $AAPL still learning to get this comp pattern as it is dif ? then past builds new ?", "time": 1533860953.0, "sentiment": ""}]