[{"id": 133443808, "text": "$aapl Green by 10:30", "time": 1533932675.0, "sentiment": ""}, {"id": 133443789, "text": "LARGEST OI CHANGES IN THE RIFF-RAFF NAMES: $FB $AAPL $BABA", "time": 1533932671.0, "sentiment": ""}, {"id": 133443666, "text": "$AAPL 207.5c for today might be dicey but worth it. watch support.. good luck all", "time": 1533932636.0, "sentiment": "Bullish"}, {"id": 133443447, "text": "$TSLA Pop yday AH, faded 17pts to PM LOD, at VWAP. \n$AMZN Down 27.5pts off yday ATH. \n \n$NFLX $NVDA $AAPL $FB $GOOGL $BABA Down w/ SPY.", "time": 1533932561.0, "sentiment": ""}, {"id": 133442914, "text": "$AAPL $QQQ $AMZN $SPY many investors have forgotten there is real risk in the markets and that it can and will go down", "time": 1533932415.0, "sentiment": "Bearish"}, {"id": 133442752, "text": "$AAPL Great opportunity to buy the dip. MMs are trying to keep AAPL flat for a couple weeks to consolidate for the next leg up. IMO.", "time": 1533932377.0, "sentiment": ""}, {"id": 133442695, "text": "Looking at $ROKU and $AAPL on the vertical put spreads. The ones mentioned need checking.", "time": 1533932362.0, "sentiment": ""}, {"id": 133442591, "text": "$AAPL opportunity to buy some calls at open.", "time": 1533932336.0, "sentiment": ""}, {"id": 133442390, "text": "$AAPL max pain is 210 for expiry 2018-08-10 Source: http://sweep.ly/maxpain.html", "time": 1533932286.0, "sentiment": ""}, {"id": 133442387, "text": "$AAPL down the exact price of the dividend in PM, nothing to get excited about", "time": 1533932286.0, "sentiment": "Bullish"}, {"id": 133442350, "text": "$NQ_F $DAX $YM_F $FB $AAPL $BTC.X $CL_F  selling pressure is strong in indexes.Crude oil consolidation and Bitcoin weak at 6.5K", "time": 1533932277.0, "sentiment": ""}, {"id": 133441803, "text": "$BB BlackBerry KEY2 vs Pixel 2 watching YouTube video and typing an email. KEY2 on top\n$AAPL $MSFT $GOOGL $AMZN $IBM $ORCL $CRM $TSLA $SNAP", "time": 1533932131.0, "sentiment": "Bullish"}, {"id": 133441470, "text": "$TSLA Don&#39;t forget an $AAPL a day keeps the bears at bay And who knows? You might get lucky...", "time": 1533932050.0, "sentiment": "Bullish"}, {"id": 133441322, "text": "Sharing note $BIDU $DBX $OSTK &amp; today watchlist $AAPL $BABA $SQ $NFLX $NVDA $GOOGL $LULU $AMZN $SGEN $TSLA $SHAK $MU Good luck traders!", "time": 1533932015.0, "sentiment": ""}, {"id": 133441286, "text": "MORNING MOVERS:\n\n$NYMT\n$ARLZ\n$DBX\n$AWX\n$HAIR\n$NEO\n$GEMP\n$AAPL\n$TSLA\n\nLet\u2019s have a great green Friday!", "time": 1533932004.0, "sentiment": ""}, {"id": 133441282, "text": "Looks like a sleepy day. Start your weekend and get away from the market for a few days! $spy $aapl $tsla", "time": 1533932003.0, "sentiment": ""}, {"id": 133441223, "text": "$AAPL Markets are going to resemble a bloodbath today. Negative catalysts are everywhere. Don&#39;t cover until Monday.", "time": 1533931988.0, "sentiment": "Bearish"}, {"id": 133441038, "text": "Not bullish at all...especially if you add the news about Russia...Just saying... $SPY $TUR $QQQ $IWM $UVXY $AAPL", "time": 1533931933.0, "sentiment": "Bearish"}, {"id": 133440761, "text": "$AAPL 207.46 and 206.04 support levels for today. RSI at about 70 if we open 207.40ish. Rock solid. Maybe go down .5% but up 1% monday.", "time": 1533931854.0, "sentiment": ""}, {"id": 133439865, "text": "$TSLA The HUGE news would be $AAPL taking Tesla private. Doug Field, left Tesla. Back at Apple working on &quot;car project&quot;.", "time": 1533931629.0, "sentiment": "Bullish"}, {"id": 133439715, "text": "8/10 52-Week Hi Watch List: $UUP $EXC $CF $CTL $AAPL $VFC $AZN $NKE $MTCH $TWLO $CMG $FDC $I $DDD $MDT $TGT $MOS $M $ROST $UAL $ROKU $UNH", "time": 1533931584.0, "sentiment": ""}, {"id": 133439278, "text": "$AAPL Short term view in my opinion. Late month pull back into September . Limted crown top upide until then.", "time": 1533931455.0, "sentiment": ""}, {"id": 133439064, "text": "$aapl Nothings going to happen in Turkey or tariff wars. Turkey is going to use US military bases in Turkey as chip as Trump threatens more", "time": 1533931396.0, "sentiment": ""}, {"id": 133438957, "text": "$AAPL Think and trade in probabilities. I believe that 205-200 is eminent.", "time": 1533931364.0, "sentiment": "Bearish"}, {"id": 133438864, "text": "$FB $EA $VIPS $MU $SN $KOS $BAC $GE $ITUB $AAPL $GPS $PEGI $KR $VIPS $Z $BABA $CMCSA $AAPL $OCLR $VZ $JPM Largest PUT OI increases", "time": 1533931341.0, "sentiment": ""}, {"id": 133438834, "text": "$AAPL ", "time": 1533931332.0, "sentiment": "Bullish"}, {"id": 133438668, "text": "@REALALOY 5% margin equates to \u201cbrother can you spare me a dime\u201d $AAPL", "time": 1533931280.0, "sentiment": ""}, {"id": 133438531, "text": "$FB $BAC $HAL $ECA $MU $NXPI $FCX $EA $ITUB $ENDP $GM $SYMC $BABA $F $GILD $RRC $TAHO $SEAS $BABA $WIN $AAPL Largest CALL OI increases", "time": 1533931242.0, "sentiment": ""}, {"id": 133438458, "text": "$AAPL $FB $GOOG shame on you for your ridiculous post - does your father know you\u2019re on his computer", "time": 1533931218.0, "sentiment": ""}, {"id": 133438189, "text": "$AAPL $FB $GOOG are anti-american companies. Shame on anyone who owns this dog crap.", "time": 1533931133.0, "sentiment": "Bearish"}, {"id": 133438156, "text": "@kris2001 - Nice move on $AAPL", "time": 1533931123.0, "sentiment": "Bullish"}, {"id": 133437977, "text": "$AAPL the money machine... https://twitter.com/sautterlas65/status/1025643725236649984?s=12", "time": 1533931072.0, "sentiment": ""}, {"id": 133437961, "text": "$AAPL prediction for today&#39;s?", "time": 1533931068.0, "sentiment": ""}, {"id": 133437903, "text": "$AAPL bull flag on daily...https://youtu.be/k0bKoHsvkbo", "time": 1533931050.0, "sentiment": ""}, {"id": 133437863, "text": "$AAPL Drew this chart before the earnings spike and follw through. Approaching short term upsdie reistance seen in blue. Should pull", "time": 1533931039.0, "sentiment": ""}, {"id": 133437713, "text": "$AAPL would love it!!", "time": 1533930992.0, "sentiment": ""}, {"id": 133437590, "text": "$AAPL strike date?", "time": 1533930952.0, "sentiment": ""}, {"id": 133437365, "text": "$AAPL shhhhhh counting my cash!!!", "time": 1533930884.0, "sentiment": ""}, {"id": 133437342, "text": "$AAPL Come on 210 and beyond \ud83d\ude80", "time": 1533930877.0, "sentiment": ""}, {"id": 133437269, "text": "$AAPL trump is pushing it with Turkey. Their president is a nut case who is cornered and now attack us.", "time": 1533930852.0, "sentiment": ""}, {"id": 133436810, "text": "$AAPL just in time news for market drop", "time": 1533930714.0, "sentiment": ""}, {"id": 133436723, "text": "$AAPL more tariffs", "time": 1533930685.0, "sentiment": ""}, {"id": 133436655, "text": "$AAPL $QQQ $AMZN $SPY 10% correction is starting", "time": 1533930668.0, "sentiment": "Bearish"}, {"id": 133435810, "text": "$TSLA ...I REALLY want $AAPL  to buy $TSLA   !!", "time": 1533930392.0, "sentiment": "Bullish"}, {"id": 133435747, "text": "@Andico Sounds like a great reason for $AAPL and $GOOGL to chip in.", "time": 1533930367.0, "sentiment": "Bullish"}, {"id": 133435418, "text": "$BB What BlackBerry Messenger(BBM) become in just 2 yrs?\n\nWeChat\n\n$AAPL $MSFT $GOOGL $AMZN $IBM $ORCL $CRM $TSLA $SNAP \n\nNow on Google Cloud", "time": 1533930251.0, "sentiment": "Bullish"}, {"id": 133435387, "text": "$NDX $QQQ $AMZN $AAPL \nThe Nasdaq-100 The index just posted an eight-day winning streak, its longest since October! https://business.nasdaq.com/trade/US-Options/NDX-Options.html", "time": 1533930241.0, "sentiment": ""}, {"id": 133435373, "text": "$AAPL everyone on this board seems to have forgotten that today is ex-div day so SP adjusted accordingly, and PM doesn\u2019t matter. Silly bears", "time": 1533930237.0, "sentiment": "Bullish"}, {"id": 133434621, "text": "Looking at the yearly performance, $AAPL did better than 81% of all other stocks. https://www.chartmill.com/analyze.php?utm_source=stocktwits&amp;utm_medium=TA&amp;utm_content=TA&amp;utm_campaign=social_tracking#/AAPL?key=bb853040-a4ac-41c6-b549-d218d2f21b32", "time": 1533930002.0, "sentiment": ""}, {"id": 133434322, "text": "$AAPL The only thing j see today is negative sentiment.", "time": 1533929910.0, "sentiment": "Bearish"}, {"id": 133434219, "text": "@theghosttrader2 lol. I knew u guys would come out  But if you&#39;re in $aapl you have ZERO to worry about. Rolling 10 is ALWAYS positive.", "time": 1533929880.0, "sentiment": ""}, {"id": 133434211, "text": "$AAPL hope aapl dont buyback today", "time": 1533929878.0, "sentiment": ""}, {"id": 133434204, "text": "$AAPL Bad news:", "time": 1533929875.0, "sentiment": "Bearish"}, {"id": 133433592, "text": "$AMD $FB $NFLX $GOOG $AMZN $AAPL Please sir may we have some more?  17 million short AMD.  Goldman Sachs upgrade\n\nS Q U E E Z E. P L E A S E", "time": 1533929704.0, "sentiment": ""}, {"id": 133432859, "text": "RT As expected, we reached the highs. What we should do next: http://crackedmarket.com/2018/08/what-to-expect-now-that-we-reached-the-highs/ $SPY $SPX $ES_F $QQQ $IWM $AAPL $AMZN $FB $NFLX $BTC.X", "time": 1533929445.0, "sentiment": ""}, {"id": 133432579, "text": "$AAPL &quot;Mission Impossible&quot; abort. Windows ruins everything. Get a Mac.", "time": 1533929320.0, "sentiment": "Bullish"}, {"id": 133432551, "text": "$AAPL Long term Bullish short term Bearish.", "time": 1533929301.0, "sentiment": "Bullish"}, {"id": 133432183, "text": "$AAPL Wow! I&#39;m so stoked that I bought 210 puts at 2.50!", "time": 1533929103.0, "sentiment": "Bearish"}, {"id": 133432091, "text": "Apple&#39;s New Sub-$650 iPhone X Could Launch Its Biggest Supercycle $AAPL #iPhone #upgrade #AAPL #iPhoneX #iPhone9 #ai https://seekingalpha.com/article/4196981", "time": 1533929056.0, "sentiment": ""}, {"id": 133432031, "text": "$AAPL Going to be an ugly day today $$$$$$$$$$$$$$$$$$$$$$$$$", "time": 1533929031.0, "sentiment": ""}, {"id": 133431542, "text": "$AAPL what happened to Greece \ud83d\ude02", "time": 1533928775.0, "sentiment": ""}, {"id": 133431498, "text": "$AAPL latest Apple Pay stats: A billion transactions, 250 million users, 85% outside the U.S.", "time": 1533928756.0, "sentiment": "Bullish"}, {"id": 133431410, "text": "$AAPL Turkey?? Really???? $$$$$$$$$$$$$$$$$", "time": 1533928712.0, "sentiment": "Bullish"}, {"id": 133431368, "text": "$AAPL &quot;iPhone X outperforms Samsung\u2019s brand new 6.4-inch Galaxy Note 9&quot; and guess what? NEW iPhones dropping in 6 weeks. \ud83d\udd25\ud83d\udd25\ud83d\udd25", "time": 1533928694.0, "sentiment": "Bullish"}, {"id": 133430824, "text": "$AAPL Apple is getting a new show from the stars of &#39;It&#39;s Always Sunny in Philadelphia&#39;", "time": 1533928401.0, "sentiment": "Bullish"}, {"id": 133430504, "text": "$AAPL Set an order at 204.5 to cover.", "time": 1533928218.0, "sentiment": "Bearish"}, {"id": 133430492, "text": "$AAPL a perfect fit", "time": 1533928212.0, "sentiment": "Bullish"}, {"id": 133430052, "text": "he abandoned a sinking ship: Doug Field, former SVP of engineering at Tesla, returns to $AAPL to work in Bob Mansfield&#39;s project Titan group", "time": 1533927967.0, "sentiment": "Bullish"}, {"id": 133429958, "text": "$SPY $AAPL $AMD $NVDA $AMAT $FB $NFLX $AMZN $GOOGL $QQQ $LRCX stayed up all night sucking bulls\u2019 blood from a straw made out of their tears", "time": 1533927929.0, "sentiment": "Bearish"}, {"id": 133429687, "text": "$AAPL delusional bears. $215 on its way, mark my words", "time": 1533927777.0, "sentiment": "Bullish"}, {"id": 133429617, "text": "$AAPL targeting 204 today", "time": 1533927741.0, "sentiment": "Bearish"}, {"id": 133429467, "text": "$BB Huawei beats Apple....without any presence in the US. $AAPL $MSFT $GOOGL $AMZN $IBM $ORCL $CRM $TSLA", "time": 1533927645.0, "sentiment": "Bullish"}, {"id": 133429308, "text": "Today&#39;s Strong Stocks \n$AAPL $ADBE $ALGN $AMZN $ANET $ANTM $AZO $BDX $BIIB $BRK.B $CMG $COST $GOOGL $GWW $HUM $ILMN $ISRG $SHW $UNH #trading", "time": 1533927552.0, "sentiment": "Bullish"}, {"id": 133429183, "text": "$AMZN $AAPL $MSFT $NFLX $TSLA Heaviest short bets against these stocks, Tesla cash burn same as Netflix, but what are cases for others...?", "time": 1533927467.0, "sentiment": ""}, {"id": 133429128, "text": "$AAPL last day for 8 10 weekly  good luck on everyone&#39;s lotto picks", "time": 1533927428.0, "sentiment": ""}, {"id": 133428738, "text": "$AAPL hey 210 right ??", "time": 1533927126.0, "sentiment": "Bearish"}, {"id": 133428123, "text": "Black swan event in play via Turkey $SPY $HSBC $BBVA $EURL $DB $TKC $TUR $ISR $TWTR $FB $AAPL $ROKU $VSAR $TSLA $AMZN", "time": 1533926679.0, "sentiment": ""}, {"id": 133427977, "text": "The Turkish Lira, More on Tesla: Market Recon $TSLA $SPOT $NFLX $FB $TWTR $AAPL $UNCRY $BNPQY $BBVA $RUTH $AIT $ERF https://realmoney.thestreet.com/articles/08/10/2018/heres-what-collapsing-turkish-lira-means-us-market-recon?_ga=2.110497283.728253895.1533508339-20533965.1521547079", "time": 1533926550.0, "sentiment": ""}, {"id": 133427789, "text": "some Media drama $FOXA Downgraded w $DIS marriage bid. #Single $CBS Upgraded. $CMCSA #SKY $SPY $AAPL #SAMSUNG $NFLX https://www.benzinga.com/analyst-ratings/analyst-color/18/08/12174948/rbc-downgrades-old-fox-waits-for-new-fox-and-potentiall", "time": 1533926402.0, "sentiment": ""}, {"id": 133427604, "text": "$AAPL Can see 7 swings correction lower toward $204.4 - $201 area before resuming higher again #elliottwave", "time": 1533926214.0, "sentiment": ""}, {"id": 133427437, "text": "$AAPL We waited 4000 years for this", "time": 1533926076.0, "sentiment": ""}, {"id": 133427087, "text": "$AAPL A former key employee has returned back to the fold after a stint at Tesla. https://stocknews.com/news/aapl-apple-inc-aapl-car-plans-come-back-into-focus-on/", "time": 1533925807.0, "sentiment": ""}, {"id": 133425868, "text": "$MSFT $QQQ $AAPL $INTC $CAT $MU $AMD $BA  Seriosly now, let&#39;s talk turkey about Turkey.  I mean, like, what&#39;s the scoop?", "time": 1533924713.0, "sentiment": ""}, {"id": 133425372, "text": "@Nottechnical I also said it will ruminate  207 for months  I think $AAPL  will drop to 190 at some point when traders are fed up of 207", "time": 1533924267.0, "sentiment": ""}, {"id": 133425174, "text": "$AAPL Back to 207 hum? I told you guys. With Apple its comet rise 3 days followed by ruminating for months. This cartoon is not a joke", "time": 1533924104.0, "sentiment": ""}, {"id": 133425137, "text": "$AAPL I have 700 shares shorts for the pull back to 200", "time": 1533924063.0, "sentiment": "Bearish"}, {"id": 133425124, "text": "$TSLA $AAPL buyout", "time": 1533924045.0, "sentiment": "Bullish"}, {"id": 133425089, "text": "$AAPL Another crazy dictator (CNBC)", "time": 1533924003.0, "sentiment": ""}, {"id": 133424999, "text": "$AAPL My short 207.5 calls got assigned. Now get this thing down.", "time": 1533923911.0, "sentiment": "Bearish"}, {"id": 133424970, "text": "$AAPL Will be nice if this tanks to 204 at the open, now that divi drama is done.", "time": 1533923883.0, "sentiment": "Bearish"}, {"id": 133424802, "text": "$AAPL apple CARS", "time": 1533923700.0, "sentiment": "Bullish"}, {"id": 133424694, "text": "$BB BlackBerry KEY2 an Icon R6eborn $AAPL $MSFT $GOOGL $AMZN $IBM $ORCL $CRM", "time": 1533923538.0, "sentiment": "Bullish"}, {"id": 133424671, "text": "$GOGO I would rather have $AAPL  subsidize all ios usage on planes versus $T and $VZ.  Nice reason to buy iOS for business travelers.", "time": 1533923500.0, "sentiment": ""}, {"id": 133424647, "text": "$EBAY $BABA $BIDU $MU $AAPL $AMZN $RACE $MCHP gonna be a one ugly day", "time": 1533923466.0, "sentiment": "Bearish"}, {"id": 133424443, "text": "$AAPL where is the Tech 10X10 with his guaranteed $210? We are still here \ud83d\ude34", "time": 1533923197.0, "sentiment": ""}, {"id": 133424411, "text": "$AAPL people are going to be rush selling at open. Let\u2019s make this money put holders \ud83d\udcb5\ud83d\udd7a\ud83c\udffb", "time": 1533923152.0, "sentiment": ""}, {"id": 133423899, "text": "$AAPL it&#39;s going for 200.", "time": 1533922410.0, "sentiment": "Bearish"}, {"id": 133423699, "text": "$AAPL Move down to 205-206 region could be possible in the morning.", "time": 1533922028.0, "sentiment": "Bearish"}, {"id": 133423390, "text": "$TSLA $AAPL nope. He abandoned a listing ship. Apple may buy some IP after it hits the rocks.", "time": 1533921553.0, "sentiment": ""}, {"id": 133423206, "text": "new #Samsung #GalaxyNote9 will have #SPOTIFY App ready for free music to compete w $AAPL $SPY https://www.bloomberg.com/news/videos/2018-08-10/first-impressions-of-samsung-s-new-galaxy-note-9-video", "time": 1533921275.0, "sentiment": ""}, {"id": 133422821, "text": "$AAPL 200", "time": 1533920723.0, "sentiment": "Bearish"}, {"id": 133422711, "text": "iPhone X outperforms Samsung&#39;s brand new 6.4-inch Galaxy Note 9\n$AAPL $SSNLF $GOOG $QQQ $MSFT #AAPL #iPhone #iOS #IT https://9to5mac.com/2018/08/09/samsung-galaxy-note-9-vs-iphone-x/", "time": 1533920488.0, "sentiment": ""}, {"id": 133422664, "text": "$AAPL", "time": 1533920382.0, "sentiment": ""}, {"id": 133422541, "text": "$SPOT  deal w #Samsung  competes w $AAPL as it relies more on music, services  $SPY https://finance.yahoo.com/video/spotify-teams-samsung-help-fight-221849064.html", "time": 1533920063.0, "sentiment": ""}, {"id": 133421650, "text": "$NVDA $AAPL $TWTR $TSLA i bought puts when the market was greedy, I must get paid", "time": 1533917356.0, "sentiment": "Bearish"}, {"id": 133421642, "text": "Turkey - Trillion - Tesla \n - there&#39;s the TRIFECTA for the $SPX TOP  \n$SPY $QQQ $TSLA $AAPL", "time": 1533917342.0, "sentiment": "Bearish"}, {"id": 133421502, "text": "Potential Whale Trades for $AAPL (Largest Trade: 0.29% of Volume) https://icebergbot.com?s=AAPL", "time": 1533916802.0, "sentiment": ""}, {"id": 133421468, "text": "$AMZN $AAPL if goes down takes the market with it", "time": 1533916662.0, "sentiment": ""}, {"id": 133421316, "text": "$AAPL u drop below 200 ooohoo", "time": 1533916162.0, "sentiment": ""}, {"id": 133421307, "text": "$AAPL MASGA! Make American Space Great Again", "time": 1533916142.0, "sentiment": ""}, {"id": 133420774, "text": "$AAPL", "time": 1533914352.0, "sentiment": ""}, {"id": 133420171, "text": "$MU They say the same sh%t about $AAPL but $AAPL just keeps on proving them wrong. It&#39;s just manipulation.", "time": 1533912441.0, "sentiment": ""}, {"id": 133420160, "text": "$AAPL $ 210.00", "time": 1533912390.0, "sentiment": "Bullish"}, {"id": 133420151, "text": "$AAPL 205 today", "time": 1533912354.0, "sentiment": "Bearish"}, {"id": 133420068, "text": "Hey @Dianastock your 190 call for $AAPL before tomorrow is looking really strong \ud83d\ude09", "time": 1533911987.0, "sentiment": ""}, {"id": 133420057, "text": "$AAPL is currently making a new 52 week high. https://www.chartmill.com/analyze.php?utm_source=stocktwits&amp;utm_medium=TA&amp;utm_content=TA&amp;utm_campaign=social_tracking#/AAPL?key=bb853040-a4ac-41c6-b549-d218d2f21b32", "time": 1533911943.0, "sentiment": ""}, {"id": 133420004, "text": "$AAPL Max pain is officially nuked for the forthcoming weeks and target 210 EOD, fasten you seatbelt!!!!http://www.opricot.com/ticker/aapl/optiongraphs", "time": 1533911708.0, "sentiment": "Bullish"}, {"id": 133419917, "text": "$CENX loading the shit out of this bottom $spy $qqq $aapl $brzu $baba give me cheapies hereeee", "time": 1533911378.0, "sentiment": "Bullish"}, {"id": 133419908, "text": "@howardlindzon I am speculating $AAPL taking a stake in privatization of Tesla.", "time": 1533911312.0, "sentiment": ""}, {"id": 133419877, "text": "$TSLA I am speculating former lead engineer at Tesla went back to $AAPL because Apple will take significant stake in Tesla privatization.", "time": 1533911181.0, "sentiment": ""}, {"id": 133419296, "text": "$SPY $QQQ $AMZN $AAPL I would appreciate this going down for my new put order. Just a few bucks in the morning. :) Help my friend twinkeeout", "time": 1533908809.0, "sentiment": ""}, {"id": 133419132, "text": "$SPY $QQQ $AMZN $AAPL moron", "time": 1533908230.0, "sentiment": ""}, {"id": 133419115, "text": "$SPY $QQQ $AAPL   Black Friday...tomorrow...nobody sees it coming....remember this post... I&#39;m sure you will...", "time": 1533908178.0, "sentiment": ""}, {"id": 133418203, "text": "$DBX $AAPL $AMZN $GOOG $BABA $FB $SPY keep listen this moron and you will loose more than money, hahahahaha bad trade sure kid \ud83e\uddd2", "time": 1533905770.0, "sentiment": ""}, {"id": 133418006, "text": "@sonicmerlin I almost lost it today when $AMZN hit all time high and $AAPL didn\u2019t  move, but I recommend to study behavioral finance,", "time": 1533905336.0, "sentiment": ""}, {"id": 133417941, "text": "@sonicmerlin yeah I bought puts of $AMZN $AAPL $MSFT and $UVXY calls, I\u2019m very confident about my current positions, hope you do well too", "time": 1533905202.0, "sentiment": "Bearish"}, {"id": 133417841, "text": "$SPY $QQQ $AMZN $AAPL  300 to 400 point drop in the market tomorrow", "time": 1533905002.0, "sentiment": "Bearish"}, {"id": 133417745, "text": "Doug Field Returns to Apple After Leaving Tesla - Daring Fireball $aapl $tsla  https://daringfireball.net/2018/08/doug_field_returns_to_apple", "time": 1533904766.0, "sentiment": ""}, {"id": 133417739, "text": "Hey smart cookie \ud83c\udf6a bull when you were cheering because the market rally with 0 reason I was building my stash $SPY $QQQ $AAPL $FB", "time": 1533904737.0, "sentiment": "Bearish"}, {"id": 133417627, "text": "$AAPL (Apple Inc) overbought? 14-day RSI of 77 http://bit.ly/1E3FqiU #AAPL", "time": 1533904508.0, "sentiment": ""}, {"id": 133417536, "text": "$AAPL market will have a crash before end of the month", "time": 1533904317.0, "sentiment": "Bearish"}, {"id": 133417522, "text": "$AAPL $AMZN $GOOG $QQQ $SPY major market correction coming", "time": 1533904286.0, "sentiment": "Bearish"}, {"id": 133417332, "text": "$SPY Black Friday a day to remember after $AMZN hit $1915 rise with 0 reason, and $AAPL climbing every day, 15% haircut \ud83d\udc87\u200d\u2642\ufe0f $QQQ", "time": 1533903887.0, "sentiment": "Bearish"}, {"id": 133417324, "text": "Bitcoin is dead https://t.co/R0kXnpPuRd $CRSP $EDIT $AAPL $DIS $NFLX $BTC.X $DIA $HLF $TSLA #trading #investing #stockmarket #money #gains", "time": 1533903865.0, "sentiment": ""}, {"id": 133417323, "text": "Time to get back in CRSP? https://t.co/R0kXnq75IL $CRSP $EDIT $AAPL $DIS $NFLX $BTC.X $DIA $HLF $TSLA #trading #investing #stockmarket #mon", "time": 1533903864.0, "sentiment": ""}, {"id": 133417274, "text": "$SPY :v dr burry was right when everyone laugh \ud83d\ude06 I was on the right moment shorting every single fat pig \ud83d\udc16 $AAPL $AMZN $FB $QQQ $MSFT \ud83e\udd2e", "time": 1533903782.0, "sentiment": "Bearish"}, {"id": 133417008, "text": "How did you trading go in July? https://t.co/R0kXnpPuRd $CRSP $EDIT $AAPL $DIS $NFLX $BTC.X $DIA $HLF $TSLA #trading #investing #stockmarke", "time": 1533903243.0, "sentiment": ""}, {"id": 133416692, "text": "$TSLA Air Force annual budget = $156.3B; $SpaceX is Musk crown jewel, &amp; President Trump will not allow foreign investment in $SpaceX. $AAPL!", "time": 1533902698.0, "sentiment": ""}, {"id": 133416581, "text": "@bctwigs @AppleFan2015 &amp; 6+ touch disease and 7+ cellular antennae and MagSafe Adapter etc. etc. etc. etc. $AAPL paid. Look at it now. $HMNY", "time": 1533902500.0, "sentiment": "Bullish"}, {"id": 133415941, "text": "$AAPL Max pain works in a slow market. It never works in fast  market. Ppl that rely on it in fast market losing money most of the time.", "time": 1533901420.0, "sentiment": ""}, {"id": 133415660, "text": "$AAPL Apple is really lucky to have to compete with companies like Magic Leap.", "time": 1533901018.0, "sentiment": ""}, {"id": 133415589, "text": "$AAPL What the hell is this ugly thing: Magic Leap One Mixed Reality Headset. Looks like pilot glasses from 1940&#39;s.", "time": 1533900904.0, "sentiment": ""}, {"id": 133415456, "text": "$AAPL Goes over $1400 split adjusted &amp; the bears still show up with their doom &amp; gloom. What a joke!", "time": 1533900736.0, "sentiment": "Bullish"}, {"id": 133415113, "text": "$AAPL https://iphone.appleinsider.com/articles/18/08/10/doug-field-returns-to-apples-project-titan-after-stint-at-tesla", "time": 1533900297.0, "sentiment": ""}, {"id": 133414840, "text": "$null https://youtu.be/O4aphy8_JfQ must watch ..market meltdown $TVIX $VIX $SNAP $FB $AAPL $YELP $BABA", "time": 1533899977.0, "sentiment": "Bearish"}, {"id": 133414692, "text": "As expected, we reached the highs. What we should do next: http://crackedmarket.com/2018/08/what-to-expect-now-that-we-reached-the-highs/ $SPY $SPX $ES_F $QQQ $IWM $AAPL $AMZN $FB $NFLX $BTC.X", "time": 1533899788.0, "sentiment": ""}, {"id": 133414527, "text": "$AAPL But until then you r building castles in the sky while we are now since 2009 building castles on earth. \nAnother troll with 3 posts.", "time": 1533899623.0, "sentiment": ""}, {"id": 133414216, "text": "Price Moves vs Expected Moves $ROKU $VXX $AAPL $AMZN $BABA $EEM $BAC $AABA $FB $EWZ $MU $TSLA http://tinyurl.com/y7zbwhgq", "time": 1533899237.0, "sentiment": ""}, {"id": 133413986, "text": "Friday\u2019s \ud83d\udc40 1 $AMZN $AAPL $AMD $GOOGL $FB $MSFT $INTC $MA $MELI $ADBE $AMRS $AWX $BABA $CARV $DBX $DPZ $IDRA $KORS $LEDS $BTC.X $ETH.X $DBX", "time": 1533898996.0, "sentiment": ""}, {"id": 133413807, "text": "A trillion-dollar top or picking up where we left off? TVO knows. https://wp.me/p6hbsG-1Qw $SPY $SPX $QQQ $DJIA $IWM $AAPL $STUDY #TVO MB", "time": 1533898778.0, "sentiment": ""}]