[{"id": 133540596, "text": "$AAPL It&#39;s encouraging to see Apple remain above $1T. Faster September keynote comes, the better.", "time": 1533964718.0, "sentiment": "Bullish"}, {"id": 133540573, "text": "$QQQ $AAPL $AMZN mean reversion? Never!!", "time": 1533964698.0, "sentiment": ""}, {"id": 133540482, "text": "$AAPL max pain is 210 for expiry 2018-08-10 Source: http://sweep.ly/maxpain.html", "time": 1533964636.0, "sentiment": ""}, {"id": 133539485, "text": "$HUYA $IQ $UXIN $PDD $DBX $AAPL $AMZN $GOOGL $YELP $BABA $ROKU $LULU $WMT $CAT $ARLO $LOCO $TSLA $SONO $JD $NVDA $AMD $TTWO $BIDU $FB $IBM", "time": 1533963966.0, "sentiment": ""}, {"id": 133539271, "text": "$AABA $AAPL $GE $FB $TRCO $GE $BABA $AAPL $HBI $BAC $FB $F $ZNGA $FOXA $VIPS $COL $OSTK $EA Highest volume strikes", "time": 1533963801.0, "sentiment": ""}, {"id": 133538418, "text": "$AAPL $BAC $BABA $TSLA $FB $MU $GE $AMD $AMZN $C $ROKU $NFLX $AABA $INTC $MSFT $EA $F $JPM $TWTR $OSTK $DBX $NVDA $VIPS Most active options", "time": 1533963253.0, "sentiment": ""}, {"id": 133536962, "text": "$AAPL decent day considering ex div and trump", "time": 1533962474.0, "sentiment": ""}, {"id": 133536251, "text": "$MU $AMD $INTC Now I wait till $AAPL drops to 190s, post this screenshot and pretend I sold, &amp; call myself a quant trader. Is that the way?", "time": 1533962012.0, "sentiment": ""}, {"id": 133534139, "text": "$FB $AAPL $AMZN $NVDA $NFLX $GOOGL I don\u2019t believe this is accurate - valuations at tech bubble were much higher", "time": 1533960724.0, "sentiment": ""}, {"id": 133533838, "text": "$AAPL Bear trap engaged. Prepare for the gap up Monday lol", "time": 1533960571.0, "sentiment": "Bullish"}, {"id": 133533699, "text": "$AAPL I have seen the future...", "time": 1533960499.0, "sentiment": "Bullish"}, {"id": 133533201, "text": "Hot Options Report For End Of Day - Friday, August 10 $BAC $GE $TRCO $AAPL $FB $AABA https://t.co/Dp1asMlLCa", "time": 1533960270.0, "sentiment": ""}, {"id": 133531978, "text": "$AAPL &quot;Millions of Android Devices Are Vulnerable Right Out of the Box&quot;  WIRED https://apple.news/ASI7u4JpeQxycwjKYWqMVNg", "time": 1533959680.0, "sentiment": "Bullish"}, {"id": 133530684, "text": "$NVDA $AAPL $MU $AMD $DBX $FB $AMZN  I concur", "time": 1533959067.0, "sentiment": ""}, {"id": 133530547, "text": "$AAPL no real bids after hours so holders stretch the ask way out so ai fills the spread, good signs here. \ud83d\udc3b short term \ud83d\udc02 after drop.", "time": 1533958996.0, "sentiment": ""}, {"id": 133530178, "text": "$AAPL I got a reminder set for next Friday. We\u2019ll see who eats claim chowder.", "time": 1533958835.0, "sentiment": ""}, {"id": 133530004, "text": "$AAPL to answer the graphic: NO! The smallest Galaxy Watch is bigger than the largest Apple Watch. The larger is huge. Nothing for women.", "time": 1533958754.0, "sentiment": ""}, {"id": 133529008, "text": "$TSLA Elon\u2019s next tweet \u201cWe now have multiple strategic offers above $425\u201d $goog $AAPL", "time": 1533958315.0, "sentiment": "Bullish"}, {"id": 133528759, "text": "@Mr_Kite The equivalent buyout premium for $AMZN would be $2225, or valuing $AMZN far beyond $AAPL.", "time": 1533958204.0, "sentiment": ""}, {"id": 133528679, "text": "Some of todays most active stock options 8.10.18 $AAPL $BABA $FB $TSLA $GE $HBI $TRCO $AMD $F", "time": 1533958169.0, "sentiment": ""}, {"id": 133528569, "text": "BOT DIAGONAL $AAPL 100 (Weeklys) 24 AUG 18/17 AUG 18 215/210 CALL @-.49", "time": 1533958116.0, "sentiment": ""}, {"id": 133528323, "text": "$AAPL OMG! THE HORROR! Apple closed the week UP yet again! RUN FOR THE HILLS &lt;/sarcasm&gt; #Still1T", "time": 1533958020.0, "sentiment": "Bullish"}, {"id": 133528222, "text": "Hot Options Report For End Of Day August 10th - $AABA, $AAPL, $BAC, $GE, $FB, $TRCO \nhttp://www.theoptionsinsider.com/hot-options-report-for-end-of-day-august-10th-aaba-aapl-bac-ge-fb-trco/", "time": 1533957979.0, "sentiment": ""}, {"id": 133528069, "text": "@joncooper1 &quot;other places to&quot; you mean the elephant in the room $AAPL", "time": 1533957925.0, "sentiment": ""}, {"id": 133527942, "text": "$SPY $FB $AAPL $AMZN $AMD $MSFT $INTC $VIX $UVXY $NFLX $TLT dr burry predicts again! :c great week guys ! Awesome profits from pigs!", "time": 1533957864.0, "sentiment": ""}, {"id": 133527212, "text": "@Mr_Kite or $AAPL might be thinking of acquiring $TSLA and working together. \ud83d\ude0e\ud83d\ude31", "time": 1533957606.0, "sentiment": "Bullish"}, {"id": 133526782, "text": "$AAPL CLOSES WITHIN PREVIOUS DAY&#39;S RANGE: https://techniquant.com/reports/stock-aapl-daily-technical-analysis-report-for-2018-08-10/", "time": 1533957437.0, "sentiment": ""}, {"id": 133526665, "text": "$BB DHS-backed researchers spot serious vulnerabilities built into phones used by all major U.S. carriers https://t.co/cW6V3bYcYe\n\n$AAPL $T $TMUS $S $VZ $GOOGL", "time": 1533957389.0, "sentiment": "Bullish"}, {"id": 133526610, "text": "$AAPL BULLISH $220 next week!", "time": 1533957371.0, "sentiment": "Bullish"}, {"id": 133525322, "text": "$AAPL I\u2019ve never in my life seen Apple act this strong and barely be able to go down.  $2 from ath. Lol", "time": 1533956922.0, "sentiment": ""}, {"id": 133523346, "text": "$SPY $AAPL ugly Monday gap down on tap...I cant make it any more easier", "time": 1533956335.0, "sentiment": "Bearish"}, {"id": 133522730, "text": "$aapl 208.10ish close. That&#39;s where we spend most of the day. Monday 211 close.", "time": 1533956164.0, "sentiment": ""}, {"id": 133522297, "text": "$AAPL Rally time. Setup for Mondays monster move up when we learn Turkey is okay and still buying iphones.", "time": 1533956034.0, "sentiment": ""}, {"id": 133522240, "text": "$AAPL $TSLA : Former Chief Tesla Vehicle Engineer Doug Field Returns to Apple.\nhttps://www.bloomberg.com/news/articles/2018-08-10/former-chief-tesla-vehicle-engineer-doug-field-returns-to-apple?utm_source=google&amp;utm_medium=bd&amp;utm_campaign=Tech&amp;cmpId=GP.Tech", "time": 1533956014.0, "sentiment": ""}, {"id": 133522140, "text": "$AAPL max pain is 210 for expiry 2018-08-10 Source: http://sweep.ly/maxpain.html", "time": 1533955984.0, "sentiment": ""}, {"id": 133522040, "text": "$AAPL do something", "time": 1533955950.0, "sentiment": ""}, {"id": 133521958, "text": "$AAPL holy sells", "time": 1533955925.0, "sentiment": ""}, {"id": 133521751, "text": "Apple is &#39;the most underappreciated stock in the world,&#39; analyst says $AAPL https://www.cnbc.com/2018/08/10/apple-is-the-most-underappreciated-stock-in-the-world-analyst-says.html", "time": 1533955853.0, "sentiment": ""}, {"id": 133521428, "text": "$SPY well they couldn\u2019t let $aapl end the week below 1 T market cap after all.  That\u2019d be bad news for headlines", "time": 1533955750.0, "sentiment": ""}, {"id": 133521159, "text": "So that&#39;s the plan. Put europe in a recession so people move to US markets and 20% rally into Nov elctns. Perfect. $AAPL 217aug17c $AMZN $FB", "time": 1533955665.0, "sentiment": ""}, {"id": 133520461, "text": "$AAPL ex div 8/10/18", "time": 1533955451.0, "sentiment": "Bullish"}, {"id": 133519958, "text": "Turkey global systemic risk means a 500pt rally monday and $AAPL at 211", "time": 1533955291.0, "sentiment": ""}, {"id": 133519661, "text": "$AAPL expecting a Sharp drop last 15 mins or so", "time": 1533955195.0, "sentiment": "Bearish"}, {"id": 133519516, "text": "$AAPL looks like people just wanna hold over the weekend", "time": 1533955149.0, "sentiment": ""}, {"id": 133519485, "text": "$AAPL 207.5 pin.", "time": 1533955138.0, "sentiment": ""}, {"id": 133519358, "text": "Today&#39;s lesson same as every day: Buying a 1% 1 day dip in $AAPL you can be 100% sure you will be GREEN within 3 days or less. GUARANTEED", "time": 1533955093.0, "sentiment": ""}, {"id": 133519285, "text": "$AAPL bought the dip - heading home now :)", "time": 1533955067.0, "sentiment": "Bearish"}, {"id": 133519266, "text": "$TSLA almost $70 of upside to the buyout, unless $aapl comes in higher", "time": 1533955061.0, "sentiment": "Bullish"}, {"id": 133519155, "text": "$AAPL way ahead in the smartwatch game", "time": 1533955025.0, "sentiment": ""}, {"id": 133518854, "text": "$AMZN get ready for another breakout bois. $GOOG $SPY $DJIA $DIS $AAPL $TTD", "time": 1533954928.0, "sentiment": "Bullish"}, {"id": 133517977, "text": "Only worry about geopolitical issues IF it bring tech stocks down. Then we may have a potential issue. Else all FAKE NEWS $AAPL $AMZN $FB", "time": 1533954670.0, "sentiment": ""}, {"id": 133517728, "text": "Told you pastor released, sanctions eased and 500pt rally on Monday. $AAPL all this is just FAKE NEWS unless it brings the markets down.", "time": 1533954596.0, "sentiment": ""}, {"id": 133517196, "text": "$AAPL Lol holding all puts see ya next week no biggie", "time": 1533954446.0, "sentiment": "Bearish"}, {"id": 133516970, "text": "$TSLA is $AAPL going to buy $TSLA???", "time": 1533954389.0, "sentiment": ""}, {"id": 133516726, "text": "$AAPL You can NEVER lose buying the dips in $AAPL. NEVER EVER NEVER. Time to go GREEN.", "time": 1533954313.0, "sentiment": ""}, {"id": 133516665, "text": "$AAPL buyyyyyy", "time": 1533954296.0, "sentiment": "Bullish"}, {"id": 133516414, "text": "Oh boy this rally is going to be painful for the short and puts. $AAPL Thank you AAPL. Take me to 207.64+ close.", "time": 1533954221.0, "sentiment": ""}, {"id": 133515887, "text": "$aapl perfect. enough time to go green. BOOM. As always BUY THE TECH DIPS ALWAYS.", "time": 1533954083.0, "sentiment": ""}, {"id": 133515788, "text": "$AAPL RSI probably dropped like 2. I\u2019m buying more puts for more weeks out later. No way this is staying here. It\u2019s all gone", "time": 1533954057.0, "sentiment": ""}, {"id": 133515662, "text": "$AAPL Paying already.", "time": 1533954025.0, "sentiment": "Bullish"}, {"id": 133515609, "text": "$AAPL okay so down 1 today up 2 Monday. I&#39;ll take that all year. $217.5 aug17c", "time": 1533954007.0, "sentiment": ""}, {"id": 133515576, "text": "$AAPL  sold my puts earlier for a gain for 207.5 and a small loss on the $205, but I mitigated it with the gain for $207 with extra", "time": 1533953997.0, "sentiment": ""}, {"id": 133515431, "text": "$AAPL Day trade saves the day! *phew* almost lost all my gains today. Good prediction! Puts re-entry in couple min...", "time": 1533953954.0, "sentiment": "Bearish"}, {"id": 133515277, "text": "$aapl 207.5c pin ha big boys playing games again 210 next week fawkers", "time": 1533953911.0, "sentiment": "Bullish"}, {"id": 133515112, "text": "$AMZN EOD RALLY LETS GO PEOPLE $AAPL $SPY $QQQ $FB", "time": 1533953862.0, "sentiment": "Bullish"}, {"id": 133514892, "text": "$AAPL better hedge that 207 PT! RSI droppin fast. Gravity is puling us back (ichimoku cloud test)", "time": 1533953798.0, "sentiment": ""}, {"id": 133514694, "text": "$SPY $TNA $FAS $IYT $IWM $QQQ https://www.cnbc.com/2018/08/10/--us-budget-deficit-increases-21percent-on-track-for-biggest-gap-in-six-yea.html &amp; Republicans want permanent tax cuts for some $AAPL $FB $AMZN $GOOGL $MSFT $NFLX", "time": 1533953734.0, "sentiment": ""}, {"id": 133514496, "text": "$AAPL Puts option ReEntry @ around 3:30 with cheaper premium", "time": 1533953674.0, "sentiment": "Bearish"}, {"id": 133514380, "text": "$AAPL Apple: \u2018Barometer\u2019 of Suppliers Points a Record July Performance, Top Analyst Maintains Buy on the Stock https://www.smarteranalyst.com/analyst-insights/top-analysts/apple-aapl-barometer-suppliers-points-record-july-performance-top-analyst-maintains-buy-stock", "time": 1533953633.0, "sentiment": ""}, {"id": 133514343, "text": "@Haxbox 205 puts after ER! $AAPL RSI super high this week around 80s now droppn back to norm. price will go under 200 then possibly gap down", "time": 1533953624.0, "sentiment": "Bearish"}, {"id": 133513779, "text": "$AAPL alright, bull trap played out. No for the bear trap lol", "time": 1533953462.0, "sentiment": ""}, {"id": 133513421, "text": "$AAPL Looks like we get a nice spike at the close. back to the 208.10 area. GL-", "time": 1533953351.0, "sentiment": ""}, {"id": 133513049, "text": "$PEN $AAPL $CVS $DFS $TMUS $MSFT $ADT $T $HUYA $JD $BILI $AMAT $INTL Don&#39;t think there would be a better time to buy!", "time": 1533953245.0, "sentiment": "Bullish"}, {"id": 133513036, "text": "$AAPL $SPY $QQQ $EEM feels like one of those Fridays...If i&#39;m right we will see a final dump into the close...", "time": 1533953242.0, "sentiment": "Bearish"}, {"id": 133512439, "text": "Remember these days? $GPRO Oct 07, 2014 (open) 92.35 (high) 98.47 (low) 91.22, $AAPL Oct 07, 2014 (open) 99.43 (high) 100.12 (low) 98.73", "time": 1533953047.0, "sentiment": ""}, {"id": 133511642, "text": "$AAPL $AMZN $QQQ $SPY This sell off is not a one day event", "time": 1533952799.0, "sentiment": "Bearish"}, {"id": 133511300, "text": "$AAPL reaches 52-week high: https://finance.yahoo.com/news/apple-aapl-soars-52-week-130001656.html", "time": 1533952690.0, "sentiment": ""}, {"id": 133511178, "text": "$AAPL get this to close above 208", "time": 1533952649.0, "sentiment": ""}, {"id": 133511114, "text": "$AAPL Might squeeze into close, out on double bottom.", "time": 1533952628.0, "sentiment": "Bullish"}, {"id": 133511077, "text": "$AAPL KEEP BUYING YA DUMB BULLSSSSSSSS DON&#39;T STOP THE PUMP TO 208!", "time": 1533952616.0, "sentiment": "Bullish"}, {"id": 133510825, "text": "$aapl yesterday market up like 20pts and AAPL up 1.5% today market down like 250 pts and apple down .5%. hmmmmmmm", "time": 1533952530.0, "sentiment": ""}, {"id": 133510319, "text": "$SPY So lets remember how this all works $AAPL $BABA $AMZN $GOOG $QQQ $XLF $TSLA", "time": 1533952363.0, "sentiment": "Bullish"}, {"id": 133510264, "text": "$AAPL 202.50 puts in", "time": 1533952341.0, "sentiment": ""}, {"id": 133510161, "text": "S&amp;P 500 Fails To Reach New Record $SPX $NDX $AMZN $XLE $AAPL $UUP $TNX https://goo.gl/h8Bm3F", "time": 1533952300.0, "sentiment": ""}, {"id": 133509964, "text": "@AncientMystic A market crash never happens when all are expecting one anyway.  The market does the complete opposite $AAPL", "time": 1533952234.0, "sentiment": ""}, {"id": 133509840, "text": "$AAPL 207.5 200% already. lets go baby.", "time": 1533952190.0, "sentiment": ""}, {"id": 133509721, "text": "$AAPL okay back to the 208ish support level. Would be nice", "time": 1533952150.0, "sentiment": ""}, {"id": 133509225, "text": "$AAPL Show me the money on my 207.5c or 205p.", "time": 1533951977.0, "sentiment": ""}, {"id": 133509109, "text": "$AAPL back to 208! so I can enter puts again...", "time": 1533951940.0, "sentiment": "Bullish"}, {"id": 133508681, "text": "$AAPL big w or big breakdown?", "time": 1533951815.0, "sentiment": ""}, {"id": 133508636, "text": "$AAPL closing time selling will intensify. 205ish", "time": 1533951799.0, "sentiment": "Bearish"}, {"id": 133508538, "text": "See how $AAPL is holding on to 207.06 tril level as sup big key level here mark this on your chart if you trading this", "time": 1533951765.0, "sentiment": ""}, {"id": 133508446, "text": "$AAPL Guess where Apple will be next monday? Yes right", "time": 1533951741.0, "sentiment": ""}, {"id": 133508405, "text": "$AAPL still all cash $AMZN lets see the real dip", "time": 1533951729.0, "sentiment": ""}, {"id": 133508368, "text": "$AQMS VERY DOABLE. DERISK IMO. CC WAS GOOD. $IQ $FB $CDXC $AAPL $GOOGL $WATT  \nhttps://seekingalpha.com/instablog/47840320-gsppvntr/5198005-aqms-said-need", "time": 1533951717.0, "sentiment": "Bullish"}, {"id": 133508330, "text": "$AAPL BlackBoxStocks Rock the house! @blackbox2 @MariaC82 @teresa66 @TekMuNNee", "time": 1533951707.0, "sentiment": ""}, {"id": 133508183, "text": "$AAPL remember NEVER more than a 1% drop in a single day. Even with significant geopolitical uncertainty. BEAST.", "time": 1533951665.0, "sentiment": ""}, {"id": 133507954, "text": "$AAPL Getting awfully close to some open air.... Sure hope retail can save it.", "time": 1533951588.0, "sentiment": "Bearish"}, {"id": 133507825, "text": "$AAPL more proof market is no longer about investing and economic fundamentals but short term gambling", "time": 1533951550.0, "sentiment": ""}, {"id": 133507606, "text": "$NFLX $AMZN $AAPL $FB this is all so stupid. In a few days we all forget last garbage uttered by his highness and the stocks go up.", "time": 1533951479.0, "sentiment": ""}, {"id": 133507575, "text": "$AAPL rest of market panic sell off because of Turkey?!  WS bunch of gutless POS crack heads", "time": 1533951469.0, "sentiment": ""}, {"id": 133507337, "text": "$AAPL this will drop AH today", "time": 1533951401.0, "sentiment": "Bearish"}, {"id": 133507184, "text": "$AAPL WTF the world markets are in correction territory or recession territory and we&#39;re setting new ATHs. LOVE IT&gt;", "time": 1533951353.0, "sentiment": ""}, {"id": 133506895, "text": "$SPY and to think these 2 are barely sold off ...$aapl $Amzn", "time": 1533951265.0, "sentiment": ""}, {"id": 133506776, "text": "$AAPL Hopped in partial position 210c for a weekend swing", "time": 1533951217.0, "sentiment": "Bullish"}, {"id": 133506717, "text": "$AAPl guess what folks. Not even at our Average daily volume.", "time": 1533951201.0, "sentiment": ""}, {"id": 133506691, "text": "$AAPL 10:29 a.m. I was alerted by The Dark Pool app ($50 per month) bearish below $208. If you need guidance with your trading, get it.", "time": 1533951192.0, "sentiment": "Bearish"}, {"id": 133506620, "text": "$AAPL Apple only 3rd. \n \nhttp://fortune.com/2018/08/01/huawei-apple-samsung-smartphone-sales-iphone/", "time": 1533951171.0, "sentiment": ""}, {"id": 133506334, "text": "$AAPL so ironic that im shorting from a iPhone 10", "time": 1533951086.0, "sentiment": "Bearish"}, {"id": 133506324, "text": "$AAPL $TWTR Panic Seller Never Works. Stay Long &amp; Prosper Mi Amigos \ud83d\ude80\u263a\ufe0f", "time": 1533951082.0, "sentiment": "Bullish"}, {"id": 133506318, "text": "$aapl right at 1% they NEVER take it lower for long.", "time": 1533951080.0, "sentiment": ""}, {"id": 133506126, "text": "206.04 is the test. Let&#39;s see if we get there. $AAPL", "time": 1533951019.0, "sentiment": ""}, {"id": 133505737, "text": "$SPY $QQQ $IWM $AAPL $FB $GOOG $AMZN $V $MA  Look at the volume coming in at the lows someone is intentionally walking this lower :)", "time": 1533950902.0, "sentiment": ""}, {"id": 133505681, "text": "Does anyone thing we are at a point of irrational exuberance? During the 99 bubble analyst found a reason for higher and higher $AAPL $CRM", "time": 1533950883.0, "sentiment": ""}, {"id": 133505659, "text": "$AAPL The Iphone bubble burst hast only just begun...", "time": 1533950876.0, "sentiment": ""}, {"id": 133505604, "text": "Now to be clear I am done on $AAPL just working the $SPY", "time": 1533950860.0, "sentiment": ""}, {"id": 133505287, "text": "$AAPL Shorts piled in...nice squeeze up ahead! $$$$$$$$$$$$$$$$$$$$$$$$$$$$$$$", "time": 1533950764.0, "sentiment": "Bullish"}, {"id": 133505113, "text": "Ok new bear fg $SPY same on $AAPL we look  to give to new sup 20dma is still are TGT 283 failed to retake so short again", "time": 1533950705.0, "sentiment": ""}, {"id": 133505063, "text": "$AAPL Textbook distribution.", "time": 1533950688.0, "sentiment": "Bearish"}, {"id": 133504916, "text": "$SPY $QQQ $AAPL $AMZN $TSLA $IWM   To the depths!", "time": 1533950638.0, "sentiment": "Bearish"}, {"id": 133504584, "text": "$AAPL 205 PIN since it was not allowed to 210", "time": 1533950527.0, "sentiment": ""}, {"id": 133504482, "text": "$AAPL Do you think Market might crash soon? https://www.cnbc.com/2018/08/07/equity-markets-show-a-horrible-concoction-given-growing-risks-analy.html", "time": 1533950489.0, "sentiment": ""}, {"id": 133503705, "text": "$AAPL Still there right?", "time": 1533950250.0, "sentiment": ""}, {"id": 133503615, "text": "$SPY $QQQ $FB $AAPL $AMZN $AMD $BABA $MSFT $TSLA $NFLX $DIS $V $VIX $UVXY. Pigs always become bacon! Att: Dr Michael Burry", "time": 1533950224.0, "sentiment": "Bearish"}, {"id": 133503538, "text": "@TraderJoetoKnow It is not out of no were it is a team working as to flow on market $AAPL is 1 choice on game $SPY is next as you can see", "time": 1533950195.0, "sentiment": ""}, {"id": 133503248, "text": "@TraderJoetoKnow $AAPL and $SPY had blocks hit right at levels o rev stop gve this is PPT working to control flow been tracking this hard", "time": 1533950100.0, "sentiment": ""}, {"id": 133503131, "text": "$AAPL  some may be unable to tune in", "time": 1533950064.0, "sentiment": ""}, {"id": 133503071, "text": "$AAPL having issues with radio listeners", "time": 1533950042.0, "sentiment": ""}, {"id": 133503029, "text": "$AAPL so, will this drop by a $1 come Monday because of ex div?", "time": 1533950029.0, "sentiment": ""}, {"id": 133502619, "text": "Big US Stocks&#39; Q2&#39;18 Fundamentals $IVV $VOO $SPX $AAPL $AMZN $MSFT $NFLX $FB $GOOGL $GLD $SPY https://t.co/GOAJqIAxOs", "time": 1533949904.0, "sentiment": ""}, {"id": 133502199, "text": "@TraderJoetoKnow No I am fine 282.75 hard push by banked it as a big block came across wire 283 to re this $AAPL was just to  the T on sup", "time": 1533949763.0, "sentiment": ""}, {"id": 133502132, "text": "$AAPL algos on queue at 1% drop. Buy hard algorithm.", "time": 1533949746.0, "sentiment": ""}, {"id": 133501836, "text": "$AAPL Options action - 55% calls / 45% puts, some sell side activity", "time": 1533949672.0, "sentiment": ""}, {"id": 133501759, "text": "$AAPL smug apple can&#39;t stand being under 207", "time": 1533949649.0, "sentiment": ""}, {"id": 133501558, "text": "$AAPL $vix has gone through the roof....", "time": 1533949581.0, "sentiment": ""}, {"id": 133501330, "text": "$AAPL lotto 207.5s", "time": 1533949504.0, "sentiment": ""}, {"id": 133501326, "text": "$AAPL They&#39;re even selling this little bounce. Wow, this is terrible.", "time": 1533949502.0, "sentiment": "Bearish"}, {"id": 133501282, "text": "$SPY $AMZN $AAPL $GOOGL $BA $CAT @wisdomcube  \n out of business? \ud83d\ude02\ud83d\ude02\ud83d\ude02\n\ud83d\uded1 talking nonsense", "time": 1533949488.0, "sentiment": ""}, {"id": 133501240, "text": "$AAPL And then turkey goes.. don\u2019t pay attention to our failing monetary system. All we need is love!", "time": 1533949477.0, "sentiment": "Bearish"}, {"id": 133500853, "text": "Got this bad boy pinned I&#39;m making paper no matter what it wants to do. $AAPL", "time": 1533949346.0, "sentiment": ""}, {"id": 133500572, "text": "$AAPL say bye to that trillion", "time": 1533949264.0, "sentiment": "Bearish"}, {"id": 133500481, "text": "$TUR $AMD $TSLA $AAPL $MU oh noes!!!!!!!!!!", "time": 1533949230.0, "sentiment": ""}, {"id": 133500404, "text": "$AAPL got my 207.50C and 205P lets see were you take me baby. Show me the money.", "time": 1533949206.0, "sentiment": ""}, {"id": 133500342, "text": "$AAPL seems odd buying on a Friday with shit blowing up all over the world.", "time": 1533949184.0, "sentiment": ""}, {"id": 133500262, "text": "$AAPL Wait for this to reverse before you buy more", "time": 1533949160.0, "sentiment": "Bearish"}, {"id": 133500229, "text": "$AAPL whole market is bleeding", "time": 1533949152.0, "sentiment": ""}, {"id": 133500198, "text": "$AAPL I leave you guys and stop pumping for 10 minutes and this is how you repay me. :) lol. 207.50 lottery tickets in hand.", "time": 1533949143.0, "sentiment": ""}, {"id": 133500008, "text": "already happening but you laught at me, well let me tell you something,smartcookies buy at top, but smart money is selling, $SPY $QQQ $AAPL", "time": 1533949078.0, "sentiment": "Bearish"}, {"id": 133499743, "text": "@TraderJoetoKnow $AAPL ROLLNG AS I said it would on Fri $SPY on the way to 20dma 282.16 bingo", "time": 1533948990.0, "sentiment": ""}, {"id": 133499313, "text": "$AAPL awesome, bought at &#39;the dip&#39;! now to the sky, then to the moon @@@@@@@@", "time": 1533948853.0, "sentiment": "Bearish"}]