[{"id": 133834107, "text": "@trips888 Sonos also has Siri. $SONO is bound to bounce in September with $AAPL news", "time": 1534285201.0, "sentiment": "Bullish"}, {"id": 133832755, "text": "@calvingrinder With a forward P/E of 20, that would put $AAPL around $280 today.", "time": 1534284833.0, "sentiment": ""}, {"id": 133832438, "text": "$AAPL at a minimum!", "time": 1534284751.0, "sentiment": ""}, {"id": 133831942, "text": "$AAPL Turkey boycott? Who cares?! Who needs Turkey when you got India.", "time": 1534284610.0, "sentiment": ""}, {"id": 133831856, "text": "$AAPL lost support. I see a red close today.", "time": 1534284587.0, "sentiment": ""}, {"id": 133831427, "text": "@TrollBot10Trillion the message lost in translation.Lemmings think $MU $AAPL $TWTR are now losers so let me sell which is emotion not facts", "time": 1534284478.0, "sentiment": ""}, {"id": 133829412, "text": "$AAPL out for a small loss", "time": 1534284030.0, "sentiment": ""}, {"id": 133829391, "text": "$AAPL Doesn&#39;t know where to go, but if it falls it will drag market with it", "time": 1534284028.0, "sentiment": ""}, {"id": 133829300, "text": "$NVDA $AAPL  Nvidia to be back on Mac PC!!?", "time": 1534284012.0, "sentiment": "Bullish"}, {"id": 133828865, "text": "@twitSocial @TrollBot10Trillion fund Losses from other holdings need to be covered by sales of winners $AAPL $MU and $TWTR", "time": 1534283897.0, "sentiment": ""}, {"id": 133828822, "text": "@superbigdaddy Just show us one broker confirmation that&#39;s all pretty simple bro just one.... $BABA $TSLA $AAPL", "time": 1534283885.0, "sentiment": ""}, {"id": 133828612, "text": "$AAPL Hot", "time": 1534283838.0, "sentiment": "Bullish"}, {"id": 133828181, "text": "$AAPL 210 res is the key to ATH", "time": 1534283723.0, "sentiment": "Bullish"}, {"id": 133826921, "text": "$AAPL is currently showing a bull flag pattern! A bull flag pattern is a pull back after a strong rise up. https://www.chartmill.com/analyze.php?utm_source=stocktwits&amp;utm_medium=TA&amp;utm_content=TA&amp;utm_campaign=social_tracking#/AAPL?key=bb853040-a4ac-41c6-b549-d218d2f21b32", "time": 1534283402.0, "sentiment": ""}, {"id": 133826464, "text": "$AAPL it will be at ATH today", "time": 1534283278.0, "sentiment": "Bullish"}, {"id": 133826393, "text": "$AAPL looking like a bearish V unfortunately and it double topped.", "time": 1534283260.0, "sentiment": ""}, {"id": 133825878, "text": "52-Week High Alert: Trading today&#39;s movement in APPLE $AAPL https://wp.me/p5bLGB-8uJj", "time": 1534283131.0, "sentiment": ""}, {"id": 133825352, "text": "$AAPL yesterday puts. Today calls. Out already. See you guys tomorrow \ud83d\udc4b", "time": 1534282987.0, "sentiment": ""}, {"id": 133824874, "text": "@THEgreypilgrim selling out of $AAPL  was another bad call. The $MU  and $TWTR sells look OK now, but will bite him in a month.", "time": 1534282862.0, "sentiment": "Bullish"}, {"id": 133824692, "text": "$AAPL $COMP $SPX suggesting we resume the uptrend and an all clear sign for the mrkts today. But I think we test the 209.17 and fail later", "time": 1534282817.0, "sentiment": ""}, {"id": 133824489, "text": "$AAPL", "time": 1534282767.0, "sentiment": "Bullish"}, {"id": 133824414, "text": "$FB Here&#39;s a Reality Check on FAANG Stock Profits https://finance.yahoo.com/m/264f6cbd-5223-3fac-ae1d-6a5394d3dbbc/ss_here&#39;s-a-reality-check-on.html $AAPL", "time": 1534282752.0, "sentiment": ""}, {"id": 133823929, "text": "$AAPL Nice dip today. Letting her work.", "time": 1534282636.0, "sentiment": "Bullish"}, {"id": 133823861, "text": "$AAPL Calls looking dangerous again. Long term bullish but short term bearish.", "time": 1534282618.0, "sentiment": ""}, {"id": 133823817, "text": "$AAPL 1 red candle in 10 trading days", "time": 1534282607.0, "sentiment": ""}, {"id": 133823421, "text": "$AAPL $SPY pullbacks are unacceptable", "time": 1534282509.0, "sentiment": ""}, {"id": 133823235, "text": "$AAPL Keep moving sideways.", "time": 1534282464.0, "sentiment": "Bearish"}, {"id": 133822456, "text": "$AAPL \n\nThis needs to trade at a 20x Multiple!", "time": 1534282266.0, "sentiment": "Bullish"}, {"id": 133821157, "text": "7 Public Stocks That Should Become Private Companies $TSLA $ZNGA $AAPL  \nhttps://investorplace.com/2018/08/7-public-stocks-that-should-become-private-companies/", "time": 1534281932.0, "sentiment": ""}, {"id": 133821086, "text": "$AAPL $GOOGL $MSFT $NVDA If these rolled over for an extended period of time, going to be a lot of pains for a lot of people...", "time": 1534281915.0, "sentiment": ""}, {"id": 133820760, "text": "$aapl watch $COMP 7841 if we can stay above that and $AAPL above 209.17 we should be okay to resume uptrend", "time": 1534281820.0, "sentiment": ""}, {"id": 133820452, "text": "Look Out, Apple -- Amazon&#39;s Now Closing In on a $1 Trillion Market Cap\n\n$AAPL $AMZN\n\nhttps://www.thestreet.com/technology/amazon-closes-in-on-1-trillion-market-cap-14681915", "time": 1534281745.0, "sentiment": ""}, {"id": 133820182, "text": "$AAPL When the president of Turkey wants to ban Apple you now realize the power of Apple!", "time": 1534281677.0, "sentiment": "Bullish"}, {"id": 133820156, "text": "$AAPL took a trading S Apple $209.25 avg", "time": 1534281669.0, "sentiment": ""}, {"id": 133819788, "text": "$AAPl In a global economy can we ignore the world for much longer without impact to our economy?", "time": 1534281583.0, "sentiment": ""}, {"id": 133819724, "text": "$AAPL cnbc (warren buffett) is trying hard to sell bad news about apple because the old man wants to buy more at a discount...amusing....", "time": 1534281568.0, "sentiment": ""}, {"id": 133819462, "text": "$AAPL hahaha einhorn donkinggggggggg!!!!!", "time": 1534281498.0, "sentiment": "Bullish"}, {"id": 133819448, "text": "Here&#39;s a Reality Check on FAANG Stock Profits\n\n$FB $AMZN $AAPL $GOOG \n\nhttps://www.thestreet.com/technology/reality-check-on-faang-stock-corporate-earnings-14681888", "time": 1534281495.0, "sentiment": ""}, {"id": 133819302, "text": "$AMZN $AAPL $MU By Trump\u2019s logic, Shorting to be banned soon", "time": 1534281463.0, "sentiment": ""}, {"id": 133819300, "text": "$TWTR Einhorn prob sold his 77% of $AAPL and 36% of TWTR on the back half of APR at the lows when there was selling pressure.", "time": 1534281462.0, "sentiment": ""}, {"id": 133819169, "text": "$AAPL Einhorn vs Buffet. I think I will take Buffett.", "time": 1534281426.0, "sentiment": "Bullish"}, {"id": 133818965, "text": "$AAPL for everyone wondering if Buffett is going to sell apple, here&#39;s a good article to read: https://seekingalpha.com/article/4198707-big-story-buybacks-buffett-using-apple-reshape-berkshire-portfolio", "time": 1534281372.0, "sentiment": ""}, {"id": 133818809, "text": "$AAPL weak bears lmao", "time": 1534281333.0, "sentiment": ""}, {"id": 133818784, "text": "$AAPL Channel bounce.  Next stop, Valhalla.", "time": 1534281325.0, "sentiment": "Bullish"}, {"id": 133818460, "text": "$AAPL pre 10:30 push is key. if we move over 209.17 then we are probably okay. If not then greater prob. hitting 207.40", "time": 1534281250.0, "sentiment": ""}, {"id": 133818022, "text": "$AAPL erdogan want no iphone&#39;s in turkey Haha\ud83d\ude0e\ud83d\ude0e\ud83d\ude0e", "time": 1534281145.0, "sentiment": "Bearish"}, {"id": 133817923, "text": "$AMZN continues to outpace $AAPL $FB $NFLX $MSFT", "time": 1534281121.0, "sentiment": ""}, {"id": 133817249, "text": "$aapl target is 200", "time": 1534280968.0, "sentiment": "Bearish"}, {"id": 133817013, "text": "We talked about the leading stocks $AAPL $AMZN &amp; how they can get affected by deeper correction against July &amp; June lows #elliottwave", "time": 1534280902.0, "sentiment": ""}, {"id": 133816604, "text": "$AAPL Remember 80% the money you need to make in trading apple for the day is made before 1030.", "time": 1534280812.0, "sentiment": ""}, {"id": 133816292, "text": "$AAPL Finally pull back is starting", "time": 1534280743.0, "sentiment": "Bearish"}, {"id": 133816045, "text": "$AAPL If 207.40 fails 205.92 next. Don&#39;t think we get lower than that today.", "time": 1534280691.0, "sentiment": ""}, {"id": 133815942, "text": "$IQ Everyone panic selling bc it&#39;s a &quot;Chinese stock&quot; go ahead, watch how fast thing reverses. $AAPL $GOOG $TSLA $NFLX", "time": 1534280669.0, "sentiment": "Bullish"}, {"id": 133815766, "text": "$TSLA $AAPL $AMZN $FB $NFLX Learn how to trade options for free, from people who actually trade options. ==&gt; https://www.tastytrade.com/tt/shows/step-up-to-options?referralCode=Z22VVZ9PCE", "time": 1534280630.0, "sentiment": ""}, {"id": 133815214, "text": "$AAPL 209.17 a battleground. next stop would be 207.40 Let&#39;s see who wins.", "time": 1534280502.0, "sentiment": ""}, {"id": 133815054, "text": "Apple: Here&#39;s What Three Experts Say About Risk $AAPL https://t.co/NpKDHn6zW3", "time": 1534280464.0, "sentiment": ""}, {"id": 133814714, "text": "$AAPL pt $190", "time": 1534280386.0, "sentiment": "Bearish"}, {"id": 133814471, "text": "NOT just $baba $aaba  Its ALL tech. this is utter insanity. $twtr $aapl $fb", "time": 1534280327.0, "sentiment": ""}, {"id": 133814135, "text": "$AAPL need more selling for these puts to be worth anything :/", "time": 1534280244.0, "sentiment": ""}, {"id": 133813993, "text": "$AAPL Most techs still green but a little weak. Let&#39;s see how this plays out but may need a breather soon. 5% nasdaq correction would be hea", "time": 1534280208.0, "sentiment": ""}, {"id": 133813838, "text": "$AAPL $TWTR That was fun &amp; quicky shorts &amp; bears trap, Lol \ud83d\ude80\u263a\ufe0f", "time": 1534280170.0, "sentiment": "Bullish"}, {"id": 133812927, "text": "$FCX $AAPL $AMZN $NFLX $QQQ $COMP he will trigger a world-wide depression.", "time": 1534279958.0, "sentiment": ""}, {"id": 133812783, "text": "$AAPL has moved 0.07% on 08-14. Check out the movement and peers at  https://dividendbot.com?s=AAPL", "time": 1534279925.0, "sentiment": ""}, {"id": 133812780, "text": "$BABA Trade war continues longer - More opportuniry for china stocks and danger for $AAPL", "time": 1534279925.0, "sentiment": "Bullish"}, {"id": 133812537, "text": "$aapl up trend broken sp1 207.40", "time": 1534279866.0, "sentiment": ""}, {"id": 133812278, "text": "$BABA this is now destroying ALL of tech $fb $aapl $twtr except fro the one stock that needs to be destroyed $amzn", "time": 1534279806.0, "sentiment": ""}, {"id": 133812250, "text": "$BABA $BIDU $IQ $WB $FXI $EEM ?s now are how many have them + $NFLX $AMZN $AAPL $GOOGL $FB $MSFT and how long are they willing to hold...?", "time": 1534279801.0, "sentiment": ""}, {"id": 133812056, "text": "Bill Gunderson&#39;s Best Stocks Now Radio Show will be live in 15 min. www.gundersoncapital.com/radio-show-archives/  \n$HD, $AAPL, $TSLA etc.", "time": 1534279755.0, "sentiment": ""}, {"id": 133811853, "text": "$AAPL  No more talk about our $1 Trillion   Darling? Awwe, worn out that headline already. Time to move on to the next shiny thing \ud83d\udc4d $SPY", "time": 1534279704.0, "sentiment": ""}, {"id": 133811374, "text": "$AAPL STRONG SELL!!! 80 million people in Turkey is boycotting APPLE!  China and others might follow too!!!", "time": 1534279597.0, "sentiment": "Bearish"}, {"id": 133810768, "text": "$AAPL all retail right now lol", "time": 1534279446.0, "sentiment": ""}, {"id": 133810597, "text": "#Update(13)  $AAPL Aug-17 210 Calls Up +58%.  0.89 to 1.41 per contract since alerted on Aug 09. \n\n3 daystoexpire", "time": 1534279399.0, "sentiment": "Bullish"}, {"id": 133810577, "text": "$AAPL #SetupAlert - Open Aug-17 210 Calls at $1.41 per contract. \nStock at: 209.44  ( Max 2 days)", "time": 1534279394.0, "sentiment": "Bullish"}, {"id": 133810081, "text": "Market Update at 9:40 am:  https://www.top3sectorportfolio.com/single-post/2017/09/25/MARKET-UPDATE  $SPY $AAPL $QQQ", "time": 1534279260.0, "sentiment": ""}, {"id": 133809110, "text": "$AAPL fade fade fade", "time": 1534279011.0, "sentiment": ""}, {"id": 133808848, "text": "$AAPL sold at 210 !", "time": 1534278938.0, "sentiment": ""}, {"id": 133808632, "text": "$AAPL adding first significant short, this looks toppy", "time": 1534278877.0, "sentiment": "Bearish"}, {"id": 133808480, "text": "$AAPL watch for the hard fade down to 209.17, 207.40, or 205.92 before 10:30. Not sure yet where we go from there.", "time": 1534278835.0, "sentiment": ""}, {"id": 133808402, "text": "US Stocks Bear the Brunt as Trump Unleashes Econom... $FCX $AAPL $AMZN $NFLX $QQQ $COMP-INDEX https://marketrealist.com/2018/08/us-stocks-bear-the-brunt-as-trump-unleashes-economic-war", "time": 1534278815.0, "sentiment": ""}, {"id": 133808101, "text": "$AAPL supplier and apple disconnect.. i think one of them is wrong, i dont know which one", "time": 1534278730.0, "sentiment": ""}, {"id": 133807676, "text": "$AAPL #AAPL\nhttps://tr.tradingview.com/chart/AAPL/EhA45Ls3/\n$RSX $TLT $EWI $TUR $EWY $XLE $TRCO $SBGI $SSNLF $CCJ $UUU", "time": 1534278619.0, "sentiment": "Bullish"}, {"id": 133807621, "text": "$AAPL - #AAPL\nhttps://tr.tradingview.com/chart/AAPL/EhA45Ls3/\n$RSX $TLT $EWI $TUR $EWY $XLE $TRCO $SBGI $SSNLF $CCJ", "time": 1534278612.0, "sentiment": "Bullish"}, {"id": 133807556, "text": "$AAPL - #AAPL - https://tr.tradingview.com/chart/AAPL/EhA45Ls3/", "time": 1534278593.0, "sentiment": "Bullish"}, {"id": 133806485, "text": "$AMZN $aapl 2 stocks are holding up the entire market. How long can they stand alone? $spy $qqq", "time": 1534278349.0, "sentiment": ""}, {"id": 133806437, "text": "$AAPL must have bought the Green-light shares for 493,000 share count on direct purchase", "time": 1534278329.0, "sentiment": ""}, {"id": 133806243, "text": "$AAPL next test is $220. Can it reach there this week or next week?", "time": 1534278266.0, "sentiment": ""}, {"id": 133806187, "text": "$AAPL moon power go", "time": 1534278250.0, "sentiment": "Bullish"}, {"id": 133805575, "text": "$NQ_F $DAX $YM_F $FB $AAPL $BTC.X $CL_F ACT AS IF you are already a successful and profitable trader. Feel it to be true NOW.enjoy the hunt.", "time": 1534278093.0, "sentiment": ""}, {"id": 133804994, "text": "$AAPL come on pumpers give us 220 quick", "time": 1534277941.0, "sentiment": "Bullish"}, {"id": 133804962, "text": "$AAPL too many bulls forgetting how easy this gives back.", "time": 1534277931.0, "sentiment": ""}, {"id": 133804610, "text": "$NQ_F $DAX $YM_F $FB $AAPL $BTC.X $CL_F  energies and indexes strong-Bitcoin  getting close to breakdown below 6K", "time": 1534277821.0, "sentiment": ""}, {"id": 133803957, "text": "$AAPL \nS ok me big big options play is going on.\nAug 2017 calls.  $210 strike.\n32k open interest. \n\n4 weeks ago 4k\n2 weeks ago 10k\nBullish", "time": 1534277639.0, "sentiment": "Bullish"}, {"id": 133803768, "text": "Einhorn&#39;s Greenlight Capital slashes stakes in Apple, Twitter and Micron $AAPL $TWTR $MU https://cnb.cx/2MpA2WP", "time": 1534277589.0, "sentiment": ""}, {"id": 133803580, "text": "Sharing note &amp; today watchlist: $VIPS $SWCH $SGEN $BIDU $CAT $SGEN $PTGX $AAPL $BABA $SQ $NFLX $NVDA $GOOGL $LULU $AMZN $TSLA $SHAK $DBX GL!", "time": 1534277536.0, "sentiment": ""}, {"id": 133802619, "text": "$AAPL break 211 it&#39;s off too 220 boys n girls", "time": 1534277241.0, "sentiment": "Bullish"}, {"id": 133802530, "text": "$AAPL unfortunately we may get a hard fade down to 209.17, 207.40, or 205.92 before 10:30. Not sure yet where we go from there.", "time": 1534277218.0, "sentiment": ""}, {"id": 133802511, "text": "Look Out, Apple -- Amazon&#39;s Now Closing In on a $1 Trillion Market Cap $AAPL $AMZN $GOOGL $FB $MSFT http://bit.ly/2B50OiZ", "time": 1534277212.0, "sentiment": ""}, {"id": 133802454, "text": "The latest pre-open #analysis of #news, #data driving the #market https://www.briefing.com/investor/our-view/page-one/ #PageOne  $SP_F $ND_F $DJ_F $HD $AAPL $AAP", "time": 1534277194.0, "sentiment": ""}, {"id": 133802415, "text": "$AAPL Whew! Don&#39;t regret taking another bite of some more Apple yesterday. This gem has a good 30-40 points to go before Xmas ;-)", "time": 1534277184.0, "sentiment": "Bullish"}, {"id": 133802064, "text": "$AAPL $AMZN $SPY $QQQ Open green close    Red", "time": 1534277082.0, "sentiment": "Bearish"}, {"id": 133801287, "text": "8/14 52-Week Hi Watch List: $CTL $UUP $CSX $DUST $MRK $TMUS $TTD $AMD $AAPL $CMG $ESRX $MTCH $UNH $SQ $LULU $FAST $WDAY $LLY $TTWO $EXC", "time": 1534276845.0, "sentiment": ""}, {"id": 133801251, "text": "$AAPL EXACTLY professional guessers no different then magic 8 ballers", "time": 1534276833.0, "sentiment": ""}, {"id": 133800774, "text": "Long Watches: $AMZN, $AAP, $HD, $NVDA, $TPR, $SQ, $AAPL, $ESRX, $TWTR! Short Watches: $YY, $SWCH, $VIPS, $IQ, $ARRY!", "time": 1534276680.0, "sentiment": ""}, {"id": 133800759, "text": "US Stocks Bear the Brunt as Trump Unleashes Econom... $FCX $AAPL $AMZN $NFLX $QQQ https://marketrealist.com/2018/08/us-stocks-bear-the-brunt-as-trump-unleashes-economic-war", "time": 1534276677.0, "sentiment": ""}, {"id": 133800367, "text": "$AAPL CFRA Research lowered its rating on the tech giant after its team did some poking around. https://stocknews.com/news/aapl-forensic-accounting-team-has-concerns-about-apple-inc-aapl/", "time": 1534276562.0, "sentiment": ""}, {"id": 133800339, "text": "$AAPL Turkey boycott.AAPL has a global target on its back as a quick way to hurt the US. Other countries will follow unfortunately $spy $qqq", "time": 1534276550.0, "sentiment": ""}, {"id": 133800252, "text": "@trade_nut I prefer $AMZN it got more gain this year than $AAPL and $TSLA together. I dont care about the trillion I care about my account", "time": 1534276523.0, "sentiment": ""}, {"id": 133799835, "text": "$AAPL you might see the cow at 207 today ...", "time": 1534276393.0, "sentiment": "Bearish"}, {"id": 133799555, "text": "Analyst Predictions for $AAPL \n \nhttps://www.investorsobserver.com/pr-user-choice-lp/?stocksymbol=AAPL&amp;prnumber=81420180", "time": 1534276312.0, "sentiment": ""}, {"id": 133798822, "text": "10 Most Loved Stocks in ETFs $AAPL, $MSFT, $AMZN, $GOOGL, $JPM, $XOM, $FB, $JNJ, $BRK.A", "time": 1534276019.0, "sentiment": ""}, {"id": 133798040, "text": "$AAPL 200 coming", "time": 1534275642.0, "sentiment": ""}, {"id": 133797871, "text": "$aapl these big opens tend to fade quickly. However since this one is on no news it may hold.", "time": 1534275560.0, "sentiment": ""}, {"id": 133797761, "text": "*GREENLIGHT REDUCED $MU, $AER, $AAPL, $MYL, $VOYA IN 2Q: 13F", "time": 1534275513.0, "sentiment": ""}, {"id": 133797675, "text": "$AAPL David Einhorn&#39;s Greenlight Capital reduced its stake in Apple by 486,000 shares or 77 percent. Losers.", "time": 1534275469.0, "sentiment": "Bullish"}, {"id": 133797558, "text": "Jim Cramer Weighs In On Greensky, Norwegian Cruise, Universal Display And More\n\n$MTW $AAPL $NCLH $OLED $GSKY $CCL $TR  \n\nhttps://m.benzinga.com/article/12197102", "time": 1534275407.0, "sentiment": ""}, {"id": 133797402, "text": "$AAPL China iPhone ban is next. Turkey just did it: https://www.google.com/amp/s/www.bloomberg.com/amp/news/articles/2018-08-14/erdogan-vows-to-boycott-u-s-electronic-goods-amid-pastor-spat", "time": 1534275335.0, "sentiment": "Bearish"}, {"id": 133797278, "text": "$Aapl $amzn $nflx $crm these big opens tend to fail quickly", "time": 1534275269.0, "sentiment": ""}, {"id": 133797082, "text": "$AAPL If someone in Turkey had bought Bitcoin at beginning of the year instead of holding their money in Lira... they&#39;d have lost even more", "time": 1534275187.0, "sentiment": "Bullish"}, {"id": 133796842, "text": "$aapl I think we get an inverted yield cover before the end of the month. Enjoy these gains. May need to start exercising caution.", "time": 1534275073.0, "sentiment": ""}, {"id": 133796714, "text": "Strong Stocks with IV &amp; IV/ATR ratio $AMZN $GOOGL $AZO $ISRG $CMG $SHW $ALGN $GWW $BIIB $ILMN $HUM $ANET $UNH $ANTM $ADBE $BDX $COST $AAPL", "time": 1534275002.0, "sentiment": "Bullish"}, {"id": 133796663, "text": "$AAPL $AMZN he admits he missed it said he would never bet against amazon", "time": 1534274980.0, "sentiment": ""}, {"id": 133796587, "text": "Strong Stocks Heat map yesterday close $AMZN $GOOGL $AZO $ISRG $CMG $SHW $ALGN $GWW $BIIB $ILMN $HUM $ANET $UNH $ANTM $ADBE $BDX $COST $AAPL", "time": 1534274926.0, "sentiment": "Bullish"}, {"id": 133796554, "text": "$AAPL", "time": 1534274905.0, "sentiment": ""}, {"id": 133796494, "text": "$aapl MO is underperform when rest of market is moving up 2-5%.", "time": 1534274864.0, "sentiment": ""}, {"id": 133796381, "text": "$AAPL lets not forget R&amp;D spend is HUGE right now. At some point Tim  is going to hit us with a big &quot;one last thing&quot; product announcement", "time": 1534274794.0, "sentiment": ""}, {"id": 133796374, "text": "LARGEST CHANGES IN OPEN INTEREST: $AAPL $AABA $NLSN $MGM $GE $AKS $MU $CWH $PAGS $SYMC $RLGY $F $PM $BAC\n\nhttps://wallstjesus.com/private-twitter/#", "time": 1534274790.0, "sentiment": ""}, {"id": 133796165, "text": "$AAPL just feels like a purple patch for Apple - Sep launch, ongoing buybacks, easy comps for Q418 ER, buildup to big holiday season.", "time": 1534274680.0, "sentiment": ""}, {"id": 133796141, "text": "Market Morning: EM Rout Halts, Erdogan Threatens Apple, Bayer Gets Rounded Up https://t.co/Y5XZQq5Xb3 $HD $AAPL $GOOGL $BAYRY $EEM $TRY", "time": 1534274667.0, "sentiment": ""}, {"id": 133796106, "text": "$AAPL there is a reason the smartest investor in the world owns 5% of $AAPL and no $AMZN.", "time": 1534274647.0, "sentiment": ""}, {"id": 133795870, "text": "$AAPL let&#39;s hope this year Apple is able to rollout ALL their new phones (maybe 3 models) in Sept. Probably look for Sept 21st launch date.", "time": 1534274498.0, "sentiment": ""}, {"id": 133795741, "text": "$AAPL on usual patterns we will see invitations to the Apple September launch sent out around August 28th.", "time": 1534274415.0, "sentiment": ""}, {"id": 133795673, "text": "***REMINDER***    TODAY &amp; TOMORROW (AUG 14/15)  MAIN 13F WIL BE PUBLISH    $AMZN $TEVA $AAPL $AMD $NVDA $CRM", "time": 1534274382.0, "sentiment": ""}, {"id": 133795595, "text": "@Franktrej  compare the total earnings and cash flow of $AAPL and $AMZN, for one quarter, for the past year, for the past 3, 5, 10 years.", "time": 1534274339.0, "sentiment": ""}, {"id": 133795379, "text": "$AAPL we only have 4 weeks until the Iphone 9 launch. At the same time we will also get upgrades to iPad, Macs and the Apple Watch.", "time": 1534274217.0, "sentiment": ""}, {"id": 133795346, "text": "Strong Stocks Aug 14 $AMZN $GOOGL $AZO $ISRG $CMG $SHW $ALGN $GWW $BIIB $ILMN $HUM $ANET $UNH $ANTM $ADBE $BDX $COST $BRK-B $AAPL $SPY", "time": 1534274192.0, "sentiment": "Bullish"}, {"id": 133795177, "text": "$AMD places to be today $TSLA (maybe). $NVDA \nWatch\n$AAPL\n$MSFT\n$MU", "time": 1534274089.0, "sentiment": "Bullish"}, {"id": 133795048, "text": "$AAPL we\u2019ll go red today as the media blows the Turkish iPhone ban threat all out of proportion.", "time": 1534274021.0, "sentiment": "Bullish"}, {"id": 133794909, "text": "$AAPL &quot;Apple breaks $210, puts a dozen analysts underwater&quot; Good. I hope they (metaphorically) drown. Sleep with the \ud83d\udc20", "time": 1534273937.0, "sentiment": "Bullish"}, {"id": 133794660, "text": "$SPY $AAPL $QQQ   \nErdogan Escalates Row With U.S., Calls for Boycott of iPhones https://www.bloomberg.com/news/articles/2018-08-14/erdogan-vows-to-boycott-u-s-electronic-goods-amid-pastor-spat #stocks #markets #turkey $USDTRY", "time": 1534273777.0, "sentiment": "Bearish"}, {"id": 133794607, "text": "Amazon Closes In on $1 Trillion Market Cap $AAPL http://dlvr.it/QfrKR0", "time": 1534273749.0, "sentiment": ""}, {"id": 133794481, "text": "How Startups Are Using The Internet To Optimize Growth $AAPL $AMZN $EBAY $GOOG $MSFT https://goo.gl/raFN48", "time": 1534273674.0, "sentiment": ""}, {"id": 133794299, "text": "$AAPL\u2019s future hasn\u2019t even begun yet and this company is already untouchable. Bring on AR and VR. Buy buy buy", "time": 1534273579.0, "sentiment": ""}, {"id": 133794082, "text": "$AAPL When is this gonna go down so I can buy it...?", "time": 1534273466.0, "sentiment": "Bullish"}, {"id": 133793634, "text": "Shorts have sure felt some pain in $AAPL. If shorted on the first, their YTD return is around -22.65% as of 08-13 https://www.shortpainbot.com?s=AAPL", "time": 1534273202.0, "sentiment": ""}, {"id": 133792801, "text": "$AAPL that review reads like a Samsung commercial. I wonder how big a check Samsung cut Bloomberg for it?", "time": 1534272640.0, "sentiment": ""}, {"id": 133792758, "text": "$AMZN $AAPL Of course $AMZN market cap will grow faster than $AAPL.  $AAPL keeps buying back and retiring shares. $AMZN keeps issuing.", "time": 1534272601.0, "sentiment": ""}, {"id": 133792582, "text": "$AAPL &quot;When it comes to RAM, Samsung offers at least 6 gigabytes, double iPhone X.&quot; forced to because Android is incredibly RAM inefficient", "time": 1534272461.0, "sentiment": "Bullish"}, {"id": 133792514, "text": "Hold On To Cash And Be Ready To Trade The Downside $BA $SPX $KLAC Also $GOOG $AAPL $SPY https://goo.gl/3gu4W2", "time": 1534272414.0, "sentiment": ""}, {"id": 133792415, "text": "$AAPL additionally, new Note 9 should be reviewed against the new iPhone that\u2019s only 4 weeks away, not the year old X", "time": 1534272333.0, "sentiment": ""}, {"id": 133792299, "text": "$AAPL false narrative from Bloomberg: &quot;iPhone X Versus Samsung&#39;s Note 9: Battle of the $1,000 Phones&quot; there is no &quot;battle&quot;", "time": 1534272233.0, "sentiment": "Bullish"}]