[{"id": 133883693, "text": "$AAPL Come to Daddie. Now, puts are ready.", "time": 1534300597.0, "sentiment": ""}, {"id": 133883501, "text": "$AAPL This market is just unstoppable....$$$$$$$$$$$$$$$$$$$", "time": 1534300549.0, "sentiment": "Bullish"}, {"id": 133883356, "text": "$AAPL Why don\u2019t they just buy FIT?", "time": 1534300504.0, "sentiment": ""}, {"id": 133882667, "text": "$SPY $AAPL $NVDA $QQQ power FOMO into the close or power Fade?", "time": 1534300304.0, "sentiment": ""}, {"id": 133882568, "text": "$AAPL $SPY who asked for innovations and there are in development at Apple https://www.cnbc.com/2018/08/14/apple-looks-to-develop-chip-for-processing-health-data.html", "time": 1534300270.0, "sentiment": "Bullish"}, {"id": 133882562, "text": "$AAPL If they solve glucose monitoring on the watch.. this is easily 300+", "time": 1534300268.0, "sentiment": ""}, {"id": 133882466, "text": "$AAPL Look at FBAK....10:1 forward split", "time": 1534300238.0, "sentiment": ""}, {"id": 133880262, "text": "$AAPL Einhorn&#39;s Greenlight Capital slashes stakes in Apple, Twitter and Micron https://www.cnbc.com/2018/08/14/einhorns-greenlight-capital-slashes-stakes-in-apple-twitter-and-micr.html", "time": 1534299583.0, "sentiment": "Bearish"}, {"id": 133879695, "text": "$AAPL yep, held it 7 mos ago. Wish I never sold #hold", "time": 1534299414.0, "sentiment": ""}, {"id": 133879513, "text": "BLOCK TRADE: $AAPL 1,000,000 shares @ $209.70 [15:10:49]", "time": 1534299354.0, "sentiment": ""}, {"id": 133879506, "text": "$aapl does it hold 209.17 into the close. My guess is it does not. Even with this strong market.", "time": 1534299350.0, "sentiment": ""}, {"id": 133879461, "text": "$AAPL anyone here went from day trading this to going long? I\u2019m up 10%, I feel comfortable where it\u2019s at", "time": 1534299339.0, "sentiment": ""}, {"id": 133879144, "text": "$AAPL no cow today ;-) but who knows for tomorrow?", "time": 1534299235.0, "sentiment": ""}, {"id": 133879116, "text": "Out $AAPL calls at 2.80 from 2.61. Good day between $TWTR and $AAPL calls. All alerted FREE!\nhttps://volatileoptions.com/landing-page", "time": 1534299226.0, "sentiment": ""}, {"id": 133878524, "text": "$AAPL BLOCK TRADE [15:10:49] @ $209.7 for 1,000,000 shares.  $DJIA $QQQ $SPY $XLK", "time": 1534299050.0, "sentiment": ""}, {"id": 133878127, "text": "$AAPL waiting for the break out!", "time": 1534298924.0, "sentiment": ""}, {"id": 133878105, "text": "@cdthumser @Trading4Living This new Team like we saw YTD $AAPL working with the PPT on open to save the 20dma from being tested early $SPY", "time": 1534298914.0, "sentiment": ""}, {"id": 133878071, "text": "$INTC $QQQ $AMD $AAPL $AVGO $MU $SPY INTC Fib Lines 100% 53.18 from 07/26/18 -0% 46.43 07/30/18 161.8% to 42.00 Pivot Low 02/9th 18\ud83d\udca1\ud83d\udc40\ud83d\udc3b", "time": 1534298902.0, "sentiment": ""}, {"id": 133877205, "text": "The Most Searched Questions About Jeff Bezos\n\n$GOOG $GOOGL $AAPL $AMZN  \n\nhttps://m.benzinga.com/article/12157237", "time": 1534298639.0, "sentiment": ""}, {"id": 133876949, "text": "$FIT you got to grab those cheap $5 puts in case $AAPL came knocking with their watches", "time": 1534298554.0, "sentiment": ""}, {"id": 133876817, "text": "$AAPL keeps going up", "time": 1534298514.0, "sentiment": "Bullish"}, {"id": 133876115, "text": "$AAPL Summer snoozer day like the old days!!", "time": 1534298298.0, "sentiment": "Bullish"}, {"id": 133874822, "text": "$NVDA $aapl $hpq $amd $txn look at this stupid @JimInvestor guy. how can you be a bear one day off crypto crash and bull next day from trend", "time": 1534297891.0, "sentiment": ""}, {"id": 133874289, "text": "$AAPL Introducing Motorola P30 Pro: Can you say &quot;ripoff&quot;? I knew you could.", "time": 1534297705.0, "sentiment": "Bullish"}, {"id": 133874246, "text": "$AAPL wake me up when Apple lays off 50% of staff and sells the spaceship.", "time": 1534297693.0, "sentiment": ""}, {"id": 133873828, "text": "$AAPL Einhorn. LOL. Just another punter in a huge group who bailed on AAPL demonstrably early. Grab a coffee with Icahn, fool.", "time": 1534297568.0, "sentiment": ""}, {"id": 133873509, "text": "$AAPL $BRK.B $BRK.A 13D after the bell. It will be interesting to see how many additional shares they have purchased in Apple", "time": 1534297465.0, "sentiment": "Bullish"}, {"id": 133873494, "text": "$AVGO will be 220$ tomorrow by the time everybody reads this  $AAPL Watch has a custom-sensing (ASIC) from Broadcom $AMD.  Finally", "time": 1534297458.0, "sentiment": ""}, {"id": 133873197, "text": "$AAPL $AMZN $FB $NFLX $SPY $SQ $SPX $TVIX $DOW $DIA $GOOG  \nApple looks to develop a chip for processing health data \nhttps://www.cnbc.com/2018/08/14/apple-looks-to-develop-chip-for-processing-health-data.html", "time": 1534297362.0, "sentiment": ""}, {"id": 133873123, "text": "$AAPL Turkey&#39;s ban on iphone could pose a bigger problem...if successful, others will follow! $$$$$$$$$$$$$$$$$$$$$", "time": 1534297339.0, "sentiment": "Bullish"}, {"id": 133873051, "text": "$AAPL Is this why $AVGO is down that they might be designed out by Apple?", "time": 1534297321.0, "sentiment": ""}, {"id": 133872963, "text": "$AAPL  Einhorn sold long before...it&#39;s of no relevance.", "time": 1534297288.0, "sentiment": "Bullish"}, {"id": 133872766, "text": "$AAPL https://seekingalpha.com/news/3382649-cnbc-apple-working-health-data-processing-chip?source=desktop_notifications", "time": 1534297223.0, "sentiment": "Bullish"}, {"id": 133872729, "text": "$AAPL analysts on Estimize expect 1.26% YoY growth in Gross Margins for Q4, up from -0.3% in previous year [Reporting 10/30 AMC]\nhttp://www.estimize.com/intro/aapl?chart=change-over-time&amp;metric_name=gross_margins&amp;utm_content=AAPL&amp;utm_medium=metric_growth&amp;utm_source=stocktwits", "time": 1534297213.0, "sentiment": ""}, {"id": 133872726, "text": "$AAPL analysts on Estimize expect -1.84% YoY growth in Mac Sales for Q4, down from 10.23% in previous year [Reporting 10/30 AMC]\nhttp://www.estimize.com/intro/aapl?chart=change-over-time&amp;metric_name=mac_unit_sales&amp;utm_content=AAPL&amp;utm_medium=metric_growth&amp;utm_source=stocktwits", "time": 1534297213.0, "sentiment": ""}, {"id": 133872724, "text": "$AAPL analysts on Estimize expect 3.76% YoY growth in iPhone Sales for Q4, up from 2.56% in previous year [Reporting 10/30 AMC]\nhttp://www.estimize.com/intro/aapl?chart=change-over-time&amp;metric_name=iphone_unit_sales&amp;utm_content=AAPL&amp;utm_medium=metric_growth&amp;utm_source=stocktwits", "time": 1534297213.0, "sentiment": ""}, {"id": 133872721, "text": "$AAPL analysts on Estimize expect 0.14% YoY growth in iPad Sales for Q4, down from 11.39% in previous year [Reporting 10/30 AMC]\nhttp://www.estimize.com/intro/aapl?chart=change-over-time&amp;metric_name=ipad_unit_sales&amp;utm_content=AAPL&amp;utm_medium=metric_growth&amp;utm_source=stocktwits", "time": 1534297212.0, "sentiment": ""}, {"id": 133872663, "text": "$AAPL easy money...unstoppable uptrend! BUY! $$$$$$$$$$$$$$$$$$$$$", "time": 1534297192.0, "sentiment": "Bullish"}, {"id": 133872569, "text": "$AAPL https://www.bnnbloomberg.ca/erdogan-to-boycott-iphones-as-turkey-s-feud-with-u-s-escalates-1.1123181 hahahaahah", "time": 1534297159.0, "sentiment": ""}, {"id": 133872544, "text": "$AAPL Stay filthy rich.", "time": 1534297153.0, "sentiment": "Bullish"}, {"id": 133872241, "text": "CNBC: Apple working on health data processing chip $AAPL $AVGO @cnbc @apple http://bit.ly/2Mf2ag1", "time": 1534297063.0, "sentiment": ""}, {"id": 133871466, "text": "our life is in the Walton&#39;s hands $WMT will they deliver like tech legend Tim Cook $AAPL maybe they will, maybe they don&#39;t have it", "time": 1534296837.0, "sentiment": "Bearish"}, {"id": 133870803, "text": "@Maddog68 better ways for $AAPL to make money.", "time": 1534296625.0, "sentiment": ""}, {"id": 133870363, "text": "$AAPL Tuesday #Apple Rumors: 2018 iPhone May Support Apple Pencil https://investorplace.com/2018/08/2018-iphone-may-support-apple-pencil/", "time": 1534296489.0, "sentiment": ""}, {"id": 133870189, "text": "$AAPL $AMZN $SPY price feels so weak up here yet the market refuses to drop.", "time": 1534296436.0, "sentiment": ""}, {"id": 133870085, "text": "$AAPL what for a bubble manipulation", "time": 1534296402.0, "sentiment": "Bearish"}, {"id": 133869954, "text": "$AAPL Pay your damn taxes, buncha bums. Oh, that&#39;s right, ERs are embarrassing as is. $200 bldgs. Lol. (No mrkt pos, just ragging on hacks.)", "time": 1534296363.0, "sentiment": ""}, {"id": 133869855, "text": "Looking for a comprehensive backtesting tool/software to further test some straggles. Any suggestions? $QQQ $SPY $AAPL $STUDY $TSLA $NFLX", "time": 1534296332.0, "sentiment": ""}, {"id": 133868846, "text": "$AAPL WOW...Bullishness is off the charts! LOAD UP! $$$$$$$$$$$$$$$$$$$$$$$$$$$$$$$$$", "time": 1534296023.0, "sentiment": "Bullish"}, {"id": 133868794, "text": "@superbigdaddy @nastynate1 @garcia450 @trevorcorey I have a nice position short in $AAPL not too worried no more than 10% of my portfolio.", "time": 1534296004.0, "sentiment": ""}, {"id": 133868669, "text": "$AAPL Einhorn most likely the only stock he was making money on...dummy. the daily on this chart is phenomenal.. gonna break again soon.", "time": 1534295966.0, "sentiment": ""}, {"id": 133867923, "text": "@superbigdaddy @nastynate1 @garcia450 @trevorcorey $AAPL still in the trade yes upside down but not a big deal. lmao#BrokerConfirmation", "time": 1534295751.0, "sentiment": ""}, {"id": 133867460, "text": "I guess this means something... lmao $AAPL let&#39;s see that broker confirmation. The one contract man with a plan. #Toact", "time": 1534295605.0, "sentiment": ""}, {"id": 133867332, "text": "$aapl I don&#39;t think 209.17 breaks unless $COMP and $SPX fail at pivot. Comp at 7840 and SPX at 2828.", "time": 1534295566.0, "sentiment": ""}, {"id": 133867227, "text": "The Most Searched Questions About Jeff Bezos https://benzinga.com/z/12157237 $AAPL $AMZN $GOOG $GOOGL", "time": 1534295533.0, "sentiment": ""}, {"id": 133865179, "text": "Makes sense, if I sold $AAPL  on 8/9, then 2 trading days later is 8/13 (the buyer gets recorded as the owner on the record date.", "time": 1534294879.0, "sentiment": ""}, {"id": 133865177, "text": "$AAPL&#39;s 2018 OLED iPhones may support its Pencil stylus. https://investorplace.com/2018/08/2018-iphone-may-support-apple-pencil/", "time": 1534294878.0, "sentiment": ""}, {"id": 133865071, "text": "$OLED coiling, coiling, coiling. $124 tomorrow! Upgrades coming today and tomorrow morning! \n$AAPL", "time": 1534294853.0, "sentiment": "Bullish"}, {"id": 133864757, "text": "$GE $NLSN $PM $MGM $ZNGA $WMB $BAC $CWH $MU $GM $AAPL $EDU $F $ATVI $AMD $BABA $AAPL $FDC $LEAF $CX $INTC $NXPI Largest CALL OI increases", "time": 1534294760.0, "sentiment": ""}, {"id": 133864563, "text": "$AAPL watch the stock rise for the rest of the day", "time": 1534294695.0, "sentiment": ""}, {"id": 133864522, "text": "$AAPL this is what we needed to break through $210 for good!!!", "time": 1534294683.0, "sentiment": "Bullish"}, {"id": 133864451, "text": "$AAPL making your own chips is pretty amazing... just go buy nvdia with all that cash!!!!", "time": 1534294653.0, "sentiment": "Bullish"}, {"id": 133864352, "text": "$AAPL I love breaking news!!! Makes it sound so dramatic and sexy!!!!!", "time": 1534294622.0, "sentiment": "Bullish"}, {"id": 133864284, "text": "$AAPL", "time": 1534294601.0, "sentiment": ""}, {"id": 133863995, "text": "$AAPL Developing health chips - this is a new field that will explode in the near future", "time": 1534294506.0, "sentiment": ""}, {"id": 133863712, "text": "@erodd always exemptions, Trump hotel in Saudi Arabia my friend. Also explains why cook is smooching too often in the white house $AAPL", "time": 1534294404.0, "sentiment": "Bullish"}, {"id": 133863703, "text": "$AAPL $TWTR To Bears &amp; Shorts \ud83d\ude80\u263a\ufe0f", "time": 1534294399.0, "sentiment": "Bullish"}, {"id": 133863347, "text": "$AAPL $FIT \nhttps://www.cnbc.com/2018/08/14/apple-looks-to-develop-chip-for-processing-health-data.html", "time": 1534294261.0, "sentiment": ""}, {"id": 133862908, "text": "$AAPL Honestly, still a good buy here.", "time": 1534294115.0, "sentiment": ""}, {"id": 133862657, "text": "$AAPL If somebody could kick this thing in the head and wake it TFU, that&#39;d be swell.", "time": 1534294045.0, "sentiment": ""}, {"id": 133862577, "text": "$AAPL takes three days to settle trade. if you buy the stock on the Ex Div date you are the reg. owner on Record Date. Unless that changed?", "time": 1534294011.0, "sentiment": ""}, {"id": 133862424, "text": "$AAPL Hourly looks like a bull flag wants to breakout to 211 by tomorrow. Shorts better cover before close lol", "time": 1534293962.0, "sentiment": "Bullish"}, {"id": 133862035, "text": "$AAPL haha 16k shares was that last red candle. gotta be kidding me.. .", "time": 1534293840.0, "sentiment": ""}, {"id": 133861500, "text": "$AAPL If you sell before the Ex Div date, the buyer you sold to gets the dividend.  NOT the same as  Record Date.", "time": 1534293659.0, "sentiment": ""}, {"id": 133861142, "text": "$AAPL Boat is reloaded with Jan 200\u201ds!!!", "time": 1534293539.0, "sentiment": "Bullish"}, {"id": 133861049, "text": "Bezos doesn&#39;t care if $AAPL got to $1Trillion first, he&#39;s gonna have $AMZN be the first to record a Weekly +100 RSI 5 &amp; 14", "time": 1534293500.0, "sentiment": ""}, {"id": 133860835, "text": "$AMZN $BABA $JD $FB $AAPL $NVDA $AMD $SNAP", "time": 1534293438.0, "sentiment": "Bullish"}, {"id": 133860708, "text": "@techpatriot $AAPL Einhorn bought market crash FUD.", "time": 1534293400.0, "sentiment": "Bullish"}, {"id": 133860536, "text": "$MU $AAPL $TWTR\nGreenlight sold all 3 in June\nEinhorn\u201dRight now the market is telling us we are wrong, wrong, wrong about nearly everything\u201d", "time": 1534293347.0, "sentiment": "Bullish"}, {"id": 133860228, "text": "@MoneyTimes why are you trying to buy Chinese crap like $HUYA? Buy $AAPL $MSFT $BA or even simpler $SPY and hold longterm.", "time": 1534293260.0, "sentiment": ""}, {"id": 133858928, "text": "$AAPL grinding here is allowing the technicals to adjust to the newly inflated price. All macds moving up", "time": 1534292881.0, "sentiment": "Bullish"}, {"id": 133858635, "text": "@Bigbullish  remember when Apple was stuck in the 90-95 area?  We all blamed Tim Cook.  $AAPL $AVGO", "time": 1534292793.0, "sentiment": ""}, {"id": 133858551, "text": "@calvingrinder $AAPL But, but, fewer shares = higher earnings per share = lower P/E ratio? (If earnings per share are up and price same)", "time": 1534292769.0, "sentiment": ""}, {"id": 133858009, "text": "$BA Is Turkey gonna boycott $AAPL and Boeing products? Lol", "time": 1534292609.0, "sentiment": ""}, {"id": 133857450, "text": "@hamiltonius http://investor.apple.com/dividends.cfm $AAPL Ex Div (record date) is 13th, dividend pays the 16th - price adjusted then, usually means a dip", "time": 1534292428.0, "sentiment": ""}, {"id": 133856623, "text": "$AAPL Looks like a quick swing up here....likely closes lower than this but hey who knows https://www.tradingview.com/x/CN9zrBOL/", "time": 1534292165.0, "sentiment": "Bullish"}, {"id": 133855977, "text": "Block Alert: $AAPL 750k @ $209.55", "time": 1534291971.0, "sentiment": ""}, {"id": 133855194, "text": "@PR61 easy - stocks I don&#39;t own/took profit, like $AMZN $MSFT $SQ $AAPL.", "time": 1534291737.0, "sentiment": ""}, {"id": 133855056, "text": "Buy 4 Terrific Dow Stocks on the Dip\n\n$MSFT $AAPL $INTC $DJIA $UNH  \n\nhttps://www.zacks.com/stock/news/317779/buy-4-terrific-dow-stocks-on-the-dip", "time": 1534291693.0, "sentiment": ""}, {"id": 133855050, "text": "$aapl the 209.17 is holding up well. But not sure if it holds when the market sells off. Nothing about today&#39;s gains feels secure.", "time": 1534291691.0, "sentiment": ""}, {"id": 133855001, "text": "@beefy_trader Negative news+ China soft economic data! \n$AAPL/$TWTR/$MU all took a hit @ open. On Einhorn news headlines.", "time": 1534291676.0, "sentiment": ""}, {"id": 133854735, "text": "$AAPL in Apple 8/31 210 calls at $2.61\nhttps://volatileoptions.com/landing-page/", "time": 1534291600.0, "sentiment": ""}, {"id": 133854683, "text": "7 Public Stocks That Should Become Private Companies\n\n$FCAU $AAPL $TSLA $ZNGA $NXPI $ORCL $DAL\n\n https://investorplace.com/2018/08/7-public-stocks-that-should-become-private-companies/", "time": 1534291582.0, "sentiment": ""}, {"id": 133854403, "text": "$AAPL The New Republic: \u201cApple\u2019s Stock Market Scam.\u201d shorter: buy backs distorting share price, and AAPL P/E is &quot;unnaturally high&quot;", "time": 1534291488.0, "sentiment": "Bullish"}, {"id": 133854017, "text": "$AAPL $MU $TWTR Is Einhorn a sadist? Slashing his position in these stocks?!?", "time": 1534291353.0, "sentiment": ""}, {"id": 133853824, "text": "$BB Can you satisfy the security &amp; safety-certification requirements of a vehicle with Android &amp; Linux? https://t.co/7HIy0qOa3n\nautomotive safety security  $AAPL", "time": 1534291291.0, "sentiment": "Bullish"}, {"id": 133853536, "text": "$AMD IF $AAPL buys you out?", "time": 1534291196.0, "sentiment": "Bullish"}, {"id": 133853291, "text": "Einhorn Sells Most Of Apple Stake Before Q3 Rally $AAPL Also $GPS $DG $AZO $DDS $FIVE $BHF $MYL $DSW https://goo.gl/Fq1NCE", "time": 1534291119.0, "sentiment": ""}, {"id": 133852414, "text": "$CMG @ $500 tells you everything you need to know about this market $SPY $QQQ $IWM $AAPL $AMZN $TSLA", "time": 1534290815.0, "sentiment": "Bearish"}, {"id": 133851959, "text": "$AAPL all you can do is laugh at this stupid price action.", "time": 1534290663.0, "sentiment": ""}, {"id": 133851683, "text": "BLOCK TRADE: $AAPL 750,000 shares @ $209.55 [12:48:12]", "time": 1534290575.0, "sentiment": ""}, {"id": 133851419, "text": "$AAPL BLOCK TRADE [12:48:12] @ $209.55 for 750,000 shares.  $DJIA $QQQ $SPY $XLK", "time": 1534290492.0, "sentiment": ""}, {"id": 133851281, "text": "$TSLA Burning the premiums both sides so fast, nice job MMs. Gamblers save your money to buy the real true absolute profitable company $AAPL", "time": 1534290441.0, "sentiment": ""}, {"id": 133850271, "text": "$AAPL Apple&#39;s P/E &quot;problem&quot; is the result of extremely poor forecasting by Wall Street.", "time": 1534290144.0, "sentiment": "Bullish"}, {"id": 133849761, "text": "Most Active Equity Options And Strikes For Midday August 14th - $GE, $BAC, $STZ, $AAPL, $AMD \nhttp://www.theoptionsinsider.com/most-active-equity-options-and-strikes-for-midday-august-14th-ge-bac-stz-aapl-amd/", "time": 1534289987.0, "sentiment": ""}, {"id": 133849672, "text": "$AAPL PED&#39;s full list of Apple price targets, as accurate and up-to-date* as he can make it.", "time": 1534289958.0, "sentiment": "Bullish"}, {"id": 133849517, "text": "$AAPL max pain is 205 for expiry 2018-08-17 Source: http://sweep.ly/maxpain.html", "time": 1534289909.0, "sentiment": ""}, {"id": 133849470, "text": "Glad I got in on $AAPL at $167.13. Only up from here!", "time": 1534289894.0, "sentiment": "Bullish"}, {"id": 133849170, "text": "$AAPL who wanna buy 210?", "time": 1534289806.0, "sentiment": "Bearish"}, {"id": 133848438, "text": "$AAPL https://seekingalpha.com/news/3382578", "time": 1534289556.0, "sentiment": ""}, {"id": 133848124, "text": "$aapl no reason for COMP to be up 60 pts. But AAPL always underperforms on these strong up days.", "time": 1534289444.0, "sentiment": ""}, {"id": 133847881, "text": "Jana Partners disclosed in regulatory filing its holdings as of June 30, 2018. $FB $BABA $MSFT $WFC $GOOGL $PF $EA $A $AAPL $ZBH $HDS $TIF", "time": 1534289361.0, "sentiment": ""}, {"id": 133847338, "text": "$AAPL in light of their services revs i expect a multiple of upgardes in the next few weeks.", "time": 1534289183.0, "sentiment": ""}, {"id": 133847298, "text": "$AAPL no sellers bro good for the stock", "time": 1534289171.0, "sentiment": ""}, {"id": 133847194, "text": "$AAPL David Einhorn&#39;s Greenlight Capital reduced its stake in Apple (AAPL +0.1%) by 486,00 shares during Q2 to 142,100. What an idiot!!!!", "time": 1534289133.0, "sentiment": "Bullish"}, {"id": 133846885, "text": "Long $CVS $PEN $MSFT $DFS $AAPL $T $HUYA $JD $BILI $VLO $ADT $BAC $AMAT $INTL $UBS $UMC", "time": 1534289030.0, "sentiment": "Bullish"}, {"id": 133846546, "text": "$spy $dia $qqq both $aapl $amzn looking heavy, carrying the market since last week. how $amzn is valued it will probably fall hardest. #IMO", "time": 1534288928.0, "sentiment": "Bearish"}, {"id": 133846379, "text": "$AAPL Ex Div was 8/10/2018, so any dip was already priced in last Friday", "time": 1534288876.0, "sentiment": ""}, {"id": 133845612, "text": "Apple Holds Gains; Raise Stop Protection $AAPL http://dlvr.it/Qfsh8m", "time": 1534288627.0, "sentiment": ""}, {"id": 133845331, "text": "$NVDA $NFLX $AAPL $FB $GOOGL Bounced w/ SPY.", "time": 1534288539.0, "sentiment": ""}, {"id": 133844404, "text": "$MU $AAPL its clear that EINHORN sold out becuse his fund is almost bankrupt! since stubborn SHORT on $TSLA $ATHN back fired", "time": 1534288233.0, "sentiment": "Bullish"}, {"id": 133844028, "text": "Buy 4 Terrific Dow Stocks on the Dip $DJIA http://bit.ly/2w7xeDN $AAPL $MSFT $UNH $INTC", "time": 1534288117.0, "sentiment": ""}, {"id": 133843152, "text": "7 Public Stocks That Should Become Private Companies http://bit.ly/2vDrUbR $TSLA $NXPI $ORCL $ZNGA $AAPL $DAL $FCAU", "time": 1534287853.0, "sentiment": ""}, {"id": 133843126, "text": "$AAPL could apple be bringing in 100 billion in service revenue a year by 2020?", "time": 1534287847.0, "sentiment": ""}, {"id": 133842914, "text": "$MU I feel like the &quot;I could&#39;ve had a V8&quot; commercial. I could&#39;ve had $AAPL", "time": 1534287779.0, "sentiment": ""}, {"id": 133842707, "text": "$AAPL anyone holding $210 1/19 calls? Thinking about picking some up", "time": 1534287706.0, "sentiment": "Bullish"}, {"id": 133842362, "text": "@superbigdaddy of course you dont have a trade confirmation... $AAPL but really I had calls see the picture of my phone.... lmao #PictureBoy", "time": 1534287605.0, "sentiment": ""}, {"id": 133841900, "text": "$AAPL lol this price action is just a joke.", "time": 1534287457.0, "sentiment": ""}, {"id": 133841895, "text": "@superbigdaddy Still in that trade as well $AAPL waiting for your trade confirmations from etrade #Crickets #BigBabyDaddy one confirmation", "time": 1534287455.0, "sentiment": ""}, {"id": 133841121, "text": "$AAPL $APD get in for 170 calls, going 168 eod.", "time": 1534287216.0, "sentiment": "Bullish"}, {"id": 133841003, "text": "$AAPL going up", "time": 1534287189.0, "sentiment": "Bullish"}, {"id": 133840215, "text": "$AAPL $CVGW Apples and Avocados in 2018", "time": 1534286965.0, "sentiment": "Bullish"}, {"id": 133840090, "text": "Einhorn&#39;s Greenlight Capital cuts Apple stake by 77% $AAPL $TWTR $MU $GLRE http://bit.ly/2MLXJFK", "time": 1534286930.0, "sentiment": ""}, {"id": 133839180, "text": "$AAPL 1 mo away from new phones, plus likely product refreshes for wearables, Macs, HomePods, iOS and MacOS as well. Buy the dividend dip.", "time": 1534286692.0, "sentiment": "Bullish"}, {"id": 133838794, "text": "$AAPL Boycott iphones in Turkey? LOL", "time": 1534286597.0, "sentiment": ""}, {"id": 133838785, "text": "$AAPL so much manipulation. Wish algo trading was illegal.", "time": 1534286594.0, "sentiment": ""}, {"id": 133838634, "text": "$AAPL $AMD $AMZN $SPY if you\u2019re not buying dips, you\u2019re probably losing money. Please kill this greedy market", "time": 1534286548.0, "sentiment": ""}, {"id": 133838616, "text": "@superbigdaddy Still no trade confirmations?? Etrade does email you when you trade correct?? #ummmummm #Wait4it #Crickets $TSLA $AAPL #Toact", "time": 1534286545.0, "sentiment": ""}, {"id": 133838480, "text": "https://www.stocktwits.com/r/losangelestraders $FB $AAPL $AMZN $NFLX $GOOG $GOOGL $SQ $NVDA $TWTR $AMD $TSLA $SNAP $MU $OLED $DIS $BABA $HD", "time": 1534286505.0, "sentiment": ""}, {"id": 133838400, "text": "$F $AAPL needs to buy Ford. Start making a new all american high tech auto.", "time": 1534286482.0, "sentiment": "Bullish"}, {"id": 133837898, "text": "$AAPL $BRK.B $QQQ $MSFT $GOOG $GOOGL $AMZN $SSNLF $BRK.A $IT @AppleReporter @EquityClock #tech @Trading_Tech @Techbuds @LeadingEdgeCharts", "time": 1534286325.0, "sentiment": "Bullish"}, {"id": 133837533, "text": "@superbigdaddy I&#39;ll have those pictures soon enough #BigBabyDaddy lmao Still waiting on your trade confirmations. #Crickets $TSLA $RH $AAPL", "time": 1534286210.0, "sentiment": ""}, {"id": 133837054, "text": "$IDRA is heading MUCH higher. This IS the time to accumulate equal to $1 pre R/S. Major discount compared to what\u2019s to come! $IBB $QQQ $AAPL", "time": 1534286065.0, "sentiment": "Bullish"}, {"id": 133836900, "text": "$AAPL Einhorn&#39;s Greenlight Capital cuts Apple stake by 77% in recent filings https://stocknews.com/news/aapl-einhorns-greenlight-capital-cuts-apple-stake-by-77-in-recent/", "time": 1534286018.0, "sentiment": ""}, {"id": 133836344, "text": "Here\u2019s what 222 Estimize analysts believe $AAPL will report for Q4 2018 EPS [Reporting 10/30 AMC]\nhttp://www.estimize.com/intro/aapl?chart=historical&amp;metric_name=eps&amp;utm_content=AAPL&amp;utm_medium=eps_update&amp;utm_source=stocktwits", "time": 1534285850.0, "sentiment": ""}, {"id": 133835970, "text": "$AAPL erdogan is an idiot", "time": 1534285743.0, "sentiment": ""}, {"id": 133835697, "text": "$AVGO $SMH $INTC $AAPL $AMD $QQQ $SPY $DIA short AVGO at $209.77 PT descended to 198.00 - 200.00 \ud83d\udc3b\ud83d\udca1\ud83d\udc40", "time": 1534285660.0, "sentiment": ""}, {"id": 133835312, "text": "$AAPL ironically, the call to ban iPhone in Turkey will cause black market to rush to buy up iPhones to sell later", "time": 1534285547.0, "sentiment": ""}, {"id": 133834785, "text": "@JimInvestor I remember your screenshot posts spreading negativity on $aapl since it was in $140\u2019s", "time": 1534285391.0, "sentiment": "Bullish"}, {"id": 133834316, "text": "@Techs10x10days what happened to your $AAPL at \u201c217.5 guaranteed this week, easily 300-500%\u201d lol. I am bullish but you, sir, are ridiculous.", "time": 1534285257.0, "sentiment": "Bullish"}]