[{"id": 134194988, "text": "$AAPL People can talk overvalued all they want but this even at $1T has a P/E under 20.  1/4 of their value is straight cash.", "time": 1534469076.0, "sentiment": ""}, {"id": 134194876, "text": "$QQQ $AAPL apple is fair valued compared to the greater part of the tech indexes, bye", "time": 1534469040.0, "sentiment": ""}, {"id": 134194783, "text": "$AAPL there is not a safer stock to be in right now.", "time": 1534469004.0, "sentiment": "Bullish"}, {"id": 134194462, "text": "$FB Very few Buy Program until after commodities close. Sellers selling into a void = Large dips. Lets see what 2:30 brings $BABA $AAPL", "time": 1534468899.0, "sentiment": "Bullish"}, {"id": 134194372, "text": "Find  history of company earnings for a specific stock $NVDA $TEVA $WMT $AMAT $AAPL $TSLA $TWTR $AMAT $PETQ $GBT https://marketchameleon.com/Calendar/Earnings", "time": 1534468869.0, "sentiment": ""}, {"id": 134194230, "text": "$QQQ losing momentum, could be time for a big haircut in the tech sector, becareful valuations are out hands, \ud83d\ude44 $AAPL", "time": 1534468824.0, "sentiment": "Bearish"}, {"id": 134194221, "text": "$AAPL short squeeze.. $215 by close", "time": 1534468820.0, "sentiment": "Bullish"}, {"id": 134194200, "text": "$QQQ kinda funny if this closes red today.  $AAPL will soon not be able to hold up this market and easiest short term short I&#39;ve ever seen", "time": 1534468811.0, "sentiment": "Bearish"}, {"id": 134194125, "text": "$SPY spy is bouncing while $qqq fades, as $aapl is the main stock holding it up.  $amzn helping", "time": 1534468781.0, "sentiment": ""}, {"id": 134193793, "text": "$spy $qqq there is a huge beatdown going on today, but being masked by $aapl", "time": 1534468675.0, "sentiment": ""}, {"id": 134193652, "text": "$AAPL solo carrying the market lol", "time": 1534468627.0, "sentiment": ""}, {"id": 134193587, "text": "$AAPL applecare to spend 1T on broken expensive iphones!", "time": 1534468606.0, "sentiment": ""}, {"id": 134193311, "text": "$aapl $v $dpz look at the sheep hiding in these still, when these get hit, it will be an avalanche of idiots losing hand over fist", "time": 1534468520.0, "sentiment": ""}, {"id": 134193296, "text": "@Cocococo @sinv For me stocks are for trading. $AAPL", "time": 1534468516.0, "sentiment": ""}, {"id": 134193283, "text": "$AAPL i imagine its company buybacks keeping this up, thereby keeping the market up", "time": 1534468513.0, "sentiment": ""}, {"id": 134193239, "text": "@Cocococo @StockBookie I am with you. I have too much apple I ended up buying $WMT in the 80s. I would rather add $WMT even here vs $AAPL", "time": 1534468500.0, "sentiment": ""}, {"id": 134193092, "text": "@sinv @Cocococo Take the profits on $AAPL imo Good luck and cash on hand always good!", "time": 1534468453.0, "sentiment": ""}, {"id": 134193038, "text": "$aapl this cow dung holding up the entire tech sector, not shorting tech until this breaks..it smells so bad $spy $QQQ", "time": 1534468434.0, "sentiment": ""}, {"id": 134192867, "text": "@200pips what do you think of $AAPL , serious question?", "time": 1534468367.0, "sentiment": ""}, {"id": 134192736, "text": "$AAPL $AMZN $MSFT $GOOG $NVDA $SPY $QQQ $VXX $UVXY", "time": 1534468316.0, "sentiment": ""}, {"id": 134192511, "text": "$AAPL Another new high *yawn*", "time": 1534468245.0, "sentiment": "Bullish"}, {"id": 134192500, "text": "$AAPL strong damn day; yesterday was an \ud83d\udc41 opener.", "time": 1534468242.0, "sentiment": ""}, {"id": 134192443, "text": "$AAPL why the hell would you &quot;rotate out of tech&quot; if it\u2019s on a tear?", "time": 1534468227.0, "sentiment": "Bullish"}, {"id": 134192308, "text": "$AAPL look at the money hiding out in this now and leaking from names like $nflx $fb $tsla", "time": 1534468187.0, "sentiment": ""}, {"id": 134192264, "text": "$AAPL 215$ eod!!!", "time": 1534468171.0, "sentiment": "Bullish"}, {"id": 134192250, "text": "$AAPL sooner or later, value had to come into play. Still cheap, market knows it. Will just get cheaper through growth and capital return.", "time": 1534468163.0, "sentiment": ""}, {"id": 134192166, "text": "$AAPL ATH !!   BTD mrkt . Buy good ER stks on dips ..  $SPY $QQQ $IWM $DIA $XHE $XRT $SOXX $XLV $XRT $IBB $XBI ..", "time": 1534468136.0, "sentiment": ""}, {"id": 134191932, "text": "Search   \nNew Stock 52-Week Highs &amp; Lows 4 trade Ideas $AAPL $MRK $LLY $NEE $AET $ADP $ESRX $INFY $HUM $EXC $SYY $WM https://marketchameleon.com/Reports/Equity52WeekHighsAndLows", "time": 1534468059.0, "sentiment": ""}, {"id": 134191655, "text": "$BA 250 $AAPL 220 $AMZN 2000. C\u2019mon buyers, hit your targets. Rich market. Rich players. $SPY", "time": 1534467966.0, "sentiment": ""}, {"id": 134191647, "text": "$AAPL Buffett buying", "time": 1534467964.0, "sentiment": "Bullish"}, {"id": 134191581, "text": "$AAPL Total beAsT", "time": 1534467941.0, "sentiment": "Bullish"}, {"id": 134191276, "text": "$AAPL \ud83c\udf4f\ud83c\udf4f\ud83c\udf4f", "time": 1534467835.0, "sentiment": "Bullish"}, {"id": 134190999, "text": "$AAPL overbought territory, I cant imagine when $AAPL decide to unleash the craken, then will be like Armageddon in crack \ud83d\udc79\ud83e\udd11", "time": 1534467737.0, "sentiment": "Bearish"}, {"id": 134190974, "text": "$AAPL $SPY just buy more stawks. Never ever stop. Bid it higher", "time": 1534467728.0, "sentiment": ""}, {"id": 134190545, "text": "$BABA When everything in the Sector falls together you know its just the same Algo pattern by the same Qunats. Not working $FB $AMZN $AAPL", "time": 1534467574.0, "sentiment": "Bullish"}, {"id": 134190440, "text": "Thursday\u2019s Vital Data: Micron Technology, Macy\u2019s and Netflix\n\n$BABA $NFLX $AAPL $TSLA $BAC $MU $JD $FB $M $AMZN \n\n https://finance.yahoo.com/news/thursday-vital-data-micron-technology-132652544.html", "time": 1534467531.0, "sentiment": ""}, {"id": 134190384, "text": "@Cocococo @sinv Needs to be green to save the markets $AAPL the time will come it always does! Dont forget to take profits! #MarketTrade", "time": 1534467516.0, "sentiment": ""}, {"id": 134190110, "text": "$AAPL maybe $1T ceiling was actually holding this thing DOWN", "time": 1534467422.0, "sentiment": "Bullish"}, {"id": 134189627, "text": "$BB Security Summit DevZone London and New York https://t.co/eZNHUPRk1U \n\nLook at the Macbooks in the BlackBerry Security space..... $AAPL $MSFT $GOOGL $AMZN $IBM", "time": 1534467240.0, "sentiment": "Bullish"}, {"id": 134189275, "text": "$AAPL think it\u2019s good time to short @ 210", "time": 1534467102.0, "sentiment": ""}, {"id": 134189071, "text": "$SPY here\u2019s the monthly chart of $aapl.  I\u2019m just slightly skeptical of these monthly gains holding", "time": 1534467026.0, "sentiment": ""}, {"id": 134188784, "text": "$AAPL files stolen by 16-year-old hacker. https://investorplace.com/2018/08/16-year-old-hacks-apple-and-steals-files/", "time": 1534466926.0, "sentiment": ""}, {"id": 134188507, "text": "$AAPL Dec. Puts, I can wait.", "time": 1534466816.0, "sentiment": ""}, {"id": 134188247, "text": "$AAPL Different day, same haters. I think all the bears are just people who missed the buy signal. They own zero shares, wishing they did.", "time": 1534466716.0, "sentiment": "Bullish"}, {"id": 134187558, "text": "$AAPL exp. Fri., buy Puts before", "time": 1534466443.0, "sentiment": ""}, {"id": 134187398, "text": "$AAPL puts time yet for opex Friday? Or best to buy PUTS at open tmrw?", "time": 1534466390.0, "sentiment": "Bearish"}, {"id": 134187028, "text": "Will podcasts kill the radio star?? $CBS $ETM $SIRI - $SPOT $GOOG $AAPL $P", "time": 1534466277.0, "sentiment": ""}, {"id": 134186472, "text": "$AAPL Bought Jun2020 $300 calls back in Mar for $2.8.. up close to 100% This can bloom beautifully!", "time": 1534466129.0, "sentiment": "Bullish"}, {"id": 134185446, "text": "$AAPL analysts on Estimize are expecting 14.04% YoY revenue growth for Q4, down from 17.30% in Q3 [Reporting 10/30 AMC]\nhttp://www.estimize.com/intro/aapl?chart=historical&amp;metric_name=revenue&amp;utm_content=AAPL&amp;utm_medium=revenue_growth&amp;utm_source=stocktwits", "time": 1534465853.0, "sentiment": ""}, {"id": 134184874, "text": "$AAPL $AVP $BABA $FCX $GMLP $MU $SGYP $TXMD $TWLO  \nseeing trump and his cabinet i&#39;m surprised every time my house lights come on", "time": 1534465699.0, "sentiment": ""}, {"id": 134184840, "text": "@liammm @Lexcorp331  $spy $qqq $amzn $aapl  yup but hey every moron that has $1 putting it all in the mrkt at ATH&#39;s LMAO", "time": 1534465687.0, "sentiment": ""}, {"id": 134184598, "text": "$BABA $SPY $qqq $AAPL $NFLX $AMD I&#39;ll just leave this right here", "time": 1534465627.0, "sentiment": ""}, {"id": 134184371, "text": "$AAPL Low volume today", "time": 1534465554.0, "sentiment": ""}, {"id": 134184182, "text": "$AAPL looks like this coming Fall will be major iPhone buying cycle. Many friends &amp; relatives are itching for new set of iPhones! Go AAPL!!!", "time": 1534465501.0, "sentiment": "Bullish"}, {"id": 134184059, "text": "Once king of the Hill $BB sputtering &amp; $AAPL wsnts 2 trillion $", "time": 1534465465.0, "sentiment": ""}, {"id": 134183913, "text": "$AAPL Pullback to support $207 ish", "time": 1534465424.0, "sentiment": ""}, {"id": 134183834, "text": "#BellwetherStocks - running on $AAPL, $AMZN, $NVDA as the other seven keep falling longer term.  \n#SellingStocksShort #MarketTiming", "time": 1534465399.0, "sentiment": "Bearish"}, {"id": 134183345, "text": "$AAPL Bull attack", "time": 1534465250.0, "sentiment": "Bullish"}, {"id": 134183150, "text": "$AAPL Just doubled on my short.", "time": 1534465182.0, "sentiment": ""}, {"id": 134183101, "text": "$FB Lows bloody. \n$NFLX $GOOGL Lows. \n \n$NVDA Over VWAP. \n$AAPL Highs w/ SPY.", "time": 1534465167.0, "sentiment": ""}, {"id": 134182853, "text": "$AAPL  $KO  EPS past 5Y -11.00%", "time": 1534465086.0, "sentiment": ""}, {"id": 134182714, "text": "$GOGO $AAPL $AMZN $VRAY $TWTR $FB   Gogo fully leveraged here. Good luck", "time": 1534465037.0, "sentiment": ""}, {"id": 134182565, "text": "$GOGO $AAPL $AMZN $VRAY $TWTR $FB \n\nShake and bake baby. Let do it.     Gogo is on fire here. Easy money from shorts pocket to mine.", "time": 1534464995.0, "sentiment": "Bullish"}, {"id": 134182498, "text": "The article you are looking for is &quot;How to exit a bad short&quot;. I think you misspelled it.  $aapl", "time": 1534464973.0, "sentiment": ""}, {"id": 134182496, "text": "$AAPL Buffet loses money too, $KO", "time": 1534464972.0, "sentiment": ""}, {"id": 134182353, "text": "So Buffet added to is stakes in $AAPL &amp; $TEVA yd .. today Apple is up 4$ since and TEVA got an FDA approval .. you think he knows something?", "time": 1534464917.0, "sentiment": "Bullish"}, {"id": 134181963, "text": "$LGF.A $LGF.B signs deal w/ Jenny Bicks to develop new TV series. $AAPL $GOOG wake up &amp; buy them, you need content.", "time": 1534464771.0, "sentiment": ""}, {"id": 134181886, "text": "@Tradereversal Will $AAPL dip down to around $200 with Sept. weakness?", "time": 1534464746.0, "sentiment": ""}, {"id": 134181775, "text": "$AAPL   \nApple Is Struggling To Stop A &#39;Skeleton Key&#39; Hack On Home Wi-Fi \nhttps://www.forbes.com/sites/thomasbrewster/.../skeleton-key-exploits-apple-mfi-trust/", "time": 1534464712.0, "sentiment": ""}, {"id": 134181554, "text": "$AAPL   \nApple Hacked by Biggest Teen Fan: Report - Gizmodo \nhttps://gizmodo.com/apple-hacked-by-biggest-teen-fan-1828387084", "time": 1534464649.0, "sentiment": ""}, {"id": 134181303, "text": "$AAPL I take it Swing tech is pissed because he shorted and is losing his shorts lol", "time": 1534464565.0, "sentiment": "Bullish"}, {"id": 134181121, "text": "$QQQ thanks $AAPL for Qs", "time": 1534464502.0, "sentiment": ""}, {"id": 134181116, "text": "$AAPL   \nMelbourne teen hacked into Apple&#39;s secure computer network \nBy Erin Pearson \n16 August 2018 \u2014 5:17pm  \nhttps://www.theage.com.au/national/victoria/melbourne-teen-hacked-into-apple-s-secure-computer-network-court-told-20180816-p4zxwu.html", "time": 1534464500.0, "sentiment": ""}, {"id": 134180993, "text": "$SPY Kudlow &amp; Trump could have just been adults &amp; not dump on China the day they said they&#39;d talk. They still have cards to pay $AAPL $BABA", "time": 1534464458.0, "sentiment": "Bullish"}, {"id": 134180608, "text": "$AAPL  The court heard the access \u201cworked flawlessly\u201d until the teen was caught.", "time": 1534464313.0, "sentiment": ""}, {"id": 134180581, "text": "$AMZN Lots of people get scared to lose so the sell too early. Be Right &amp; Sit Tight $AAPL $CSCO $BABA", "time": 1534464304.0, "sentiment": "Bullish"}, {"id": 134180413, "text": "$AAPL Expanding above resistance. This is very good. Secular  bull driven.", "time": 1534464240.0, "sentiment": ""}, {"id": 134180258, "text": "$AAPL  Hear this guy haha", "time": 1534464191.0, "sentiment": ""}, {"id": 134180246, "text": "$AAPL   \nThe AFP found the software had been installed on the teen\u2019s laptop. \nAnalysis found he successfully accessed \u201cauthorised keys.\u201d", "time": 1534464188.0, "sentiment": ""}, {"id": 134180181, "text": "$AAPL I don&#39;t need to own other stocks.", "time": 1534464165.0, "sentiment": ""}, {"id": 134180079, "text": "$spy $qqq $amzn $aapl yeahmoron Kudlow giving his opinion just like on his show with now factual evidence thats how they make decisions LMAO", "time": 1534464130.0, "sentiment": ""}, {"id": 134180053, "text": "$AAPL 17-Jan-20 200 Puts Traded 1,000 Times for $1.5 Million in Premium. http://tinyurl.com/y8hljrsn", "time": 1534464122.0, "sentiment": ""}, {"id": 134179715, "text": "$AAPL  The major international investigation was sparked when Apple contacted the FBI, who passed the allegations on to the AFP.", "time": 1534464012.0, "sentiment": ""}, {"id": 134179600, "text": "$AAPL Pump before the dump", "time": 1534463979.0, "sentiment": ""}, {"id": 134179433, "text": "$AAPL  \u201cA mobile phone and hard drive were also seized and the IP address ... matched the intrusions into the organisation.", "time": 1534463925.0, "sentiment": ""}, {"id": 134179394, "text": "$SPY Kudlow is pumping the Mrkt now. Wow, Bears might need to get out for the day :o) $AAPL $FB $BABA $AMZN $QQQ $JPM $WFC $TSLA $GOOG $M", "time": 1534463914.0, "sentiment": "Bullish"}, {"id": 134179311, "text": "$AAPL red tomorrow", "time": 1534463891.0, "sentiment": "Bearish"}, {"id": 134179291, "text": "$AAPL  \u201cTwo Apple laptops were seized and the serial numbers matched the serial numbers of the devices which accessed the internal systems,\u201d", "time": 1534463886.0, "sentiment": ""}, {"id": 134179057, "text": "$AAPL  The Crown prosecutor also acknowledged that Apple was \u201cvery sensitive about publicity\u201d.", "time": 1534463807.0, "sentiment": ""}, {"id": 134178992, "text": "$AAPL is still to fully execute the MONSTER $100 BILLIONS BUYBACKS! It only used a small portion of it so far!!! 250+ in less than a year!!!", "time": 1534463787.0, "sentiment": "Bullish"}, {"id": 134178773, "text": "$AAPL  The Children\u2019s Court heard on Thursday that he had downloaded 90gb of secure files and accessed customer accounts.", "time": 1534463722.0, "sentiment": "Bearish"}, {"id": 134178713, "text": "Again! $AAPL", "time": 1534463703.0, "sentiment": ""}, {"id": 134178613, "text": "$AAPL  A Melbourne private schoolboy who repeatedly broke into Apple\u2019s secure computer systems is facing criminal charges.", "time": 1534463671.0, "sentiment": ""}, {"id": 134178361, "text": "$AAPL is gaining very positive sentiments! So much success in Services!!! 220+ in couple of weeks!!! Bullish to the max!!!", "time": 1534463584.0, "sentiment": "Bullish"}, {"id": 134177995, "text": "$AAPL $CMG LOL \ud83d\udc47\ud83d\udc47\ud83d\udc47 moron", "time": 1534463453.0, "sentiment": ""}, {"id": 134177949, "text": "$AAPL   \nMelbourne teen hacked into Apple&#39;s secure computer network, court told", "time": 1534463435.0, "sentiment": "Bearish"}, {"id": 134177774, "text": "$AAPL is leader of FAANG! See you in 250 by end of this year! Very profitable and bullish!!!", "time": 1534463372.0, "sentiment": "Bullish"}, {"id": 134177636, "text": "$AAPL 3 certain things in life: death, taxes, aapl gains", "time": 1534463323.0, "sentiment": "Bullish"}, {"id": 134177401, "text": "$AAPL next stop should be 217.17 then expect a turn", "time": 1534463245.0, "sentiment": "Bearish"}, {"id": 134177132, "text": "$AAPL So glad I sold $MU s***t stock last week &amp; used cash to buy AAPL. I&#39;ll make back my $MU losses from AAPL in no time. TY Tim Cook. xoxo", "time": 1534463151.0, "sentiment": "Bullish"}, {"id": 134177046, "text": "$INTC $AMD $MU $NVDA $SMH $QQQ $SPY  $AAPL $DIA Finally Intraday low broken 47.32 boom to the Downside and just getting started.\ud83d\udc3b\ud83d\udca1", "time": 1534463123.0, "sentiment": ""}, {"id": 134176467, "text": "$AAPL 210 pin as round  as can get $SPY", "time": 1534462906.0, "sentiment": ""}, {"id": 134176439, "text": "Most Active Equity Options And Strikes For Midday August 16th \u2013 $AAPL, $JCP, $MU, $BAC, $IBM \nhttp://www.theoptionsinsider.com/most-active-equity-options-and-strikes-for-midday-august-16th-aapl-jcp-mu-bac-ibm/", "time": 1534462893.0, "sentiment": ""}, {"id": 134176158, "text": "Massive spike in $JD ... interesting !? News!? $TWTR $CWH $SPY $AAPL $NVDA $BABA", "time": 1534462784.0, "sentiment": "Bullish"}, {"id": 134175966, "text": "$AAPL Is still leading the move higher making new all time highs which will support $XLK &amp; $NDX #elliottwave", "time": 1534462724.0, "sentiment": ""}, {"id": 134175857, "text": "CML Pro got this on 2018-07-20, way before earnings: \n \n$AAPL Here. Comes. Apple  \nhttp://bit.ly/_AAPL__  \n-", "time": 1534462683.0, "sentiment": "Bullish"}, {"id": 134175060, "text": "$AAPL will continue up", "time": 1534462418.0, "sentiment": "Bullish"}, {"id": 134174838, "text": "$AAPL one rug pull to rule them all", "time": 1534462344.0, "sentiment": ""}, {"id": 134174823, "text": "$AAPL it\u2019s been a good week. Will continue to rise", "time": 1534462340.0, "sentiment": "Bullish"}, {"id": 134174582, "text": "$BRK.B $AAPL s don\u2019t fall far from the tree", "time": 1534462265.0, "sentiment": "Bullish"}, {"id": 134174233, "text": "FAANG under preforming the overall market $FB $AMZN $AAPL $GOOGL $SPY $QQQ", "time": 1534462157.0, "sentiment": ""}, {"id": 134174121, "text": "$AAPL announcement historically is around Sept 10th.", "time": 1534462121.0, "sentiment": ""}, {"id": 134174088, "text": "$SPY Monthly OPEX expiration is tomorrow, pin to 285/2850 to have all of those puts expire worthless, then rug pull down next week.  $AAPL", "time": 1534462110.0, "sentiment": "Bearish"}, {"id": 134173860, "text": "@JimInvestor $aapl in fact, why not just send your $$$ to Niles if you think he has a clue. He is selling  agenda, he makes $$$ via fees ;)", "time": 1534462038.0, "sentiment": ""}, {"id": 134173453, "text": "@JimInvestor $aapl here is a suggest, if you never click another article and never watch CNBC or similar you will make more $$$. Niles wrong", "time": 1534461898.0, "sentiment": ""}, {"id": 134173307, "text": "@GaryFederer Yeah, turn it all off and just watch the data. $AAPL &quot;BS analysts&quot; is pure agenda to create volatility.", "time": 1534461853.0, "sentiment": ""}, {"id": 134172957, "text": "$SPY  Morning star .Weekly  Ascending triangle b/o intact .  See chart I posted last few days !!  o $303 30  !! $AAPL ATH  leaders leading !", "time": 1534461734.0, "sentiment": ""}, {"id": 134172874, "text": "Unusual option activity https://yhoo.it/2PfedIk $BABA $MU $AAPL $BAC $FB $JD $M $NFLX $AMZN $TSLA", "time": 1534461713.0, "sentiment": ""}, {"id": 134172762, "text": "@writerssss $AAPL ther is no top when they have cash flow this big. Cash flow is never priced into stock price.", "time": 1534461675.0, "sentiment": ""}, {"id": 134172673, "text": "@GaryFederer Hey, I was posting 100,000 reasons why $AAPL was the #1 stock to own since 2013. Who cares about &quot;johnny come lately&quot; Buffet ;)", "time": 1534461642.0, "sentiment": ""}, {"id": 134172663, "text": "$AAPL definitely topped out now. Congrats though. Great stock.", "time": 1534461640.0, "sentiment": ""}, {"id": 134172602, "text": "$AAPL Can it get to $215 by tomorrow? Well, if not next week will be just as fine.", "time": 1534461623.0, "sentiment": "Bullish"}, {"id": 134172450, "text": "$AAPL Set those ask real high and lets bless these bears the right way when cover time comes", "time": 1534461576.0, "sentiment": ""}, {"id": 134171846, "text": "$AAPL Buffett keeps adding", "time": 1534461376.0, "sentiment": ""}, {"id": 134171645, "text": "$AAPL 1 cent ranges...wtf...", "time": 1534461309.0, "sentiment": "Bearish"}, {"id": 134171624, "text": "$AAPL just go to $215 and drop 20% already get it over with", "time": 1534461303.0, "sentiment": "Bearish"}, {"id": 134171521, "text": "$AAPL lady below is dumb and holding a bag play against the trend", "time": 1534461267.0, "sentiment": "Bullish"}, {"id": 134171411, "text": "$AAPL beast mode", "time": 1534461235.0, "sentiment": "Bullish"}, {"id": 134170718, "text": "$AAPL new hood coming", "time": 1534460998.0, "sentiment": "Bullish"}, {"id": 134170532, "text": "$AAPL let see that 220 call for next week cook up some tendies", "time": 1534460932.0, "sentiment": "Bullish"}, {"id": 134170414, "text": "$AAPL this lady below is dumb", "time": 1534460893.0, "sentiment": "Bullish"}, {"id": 134170402, "text": "$AAPL Is that the smell of bear -cooking slowly today???", "time": 1534460888.0, "sentiment": "Bullish"}, {"id": 134169845, "text": "$OSB $AAPL $AB Lesson to noobs like me. Cut your loses quickly, then buy better choices, make back loss, &amp; go forward. It hurts, but works.", "time": 1534460703.0, "sentiment": "Bullish"}, {"id": 134169661, "text": "$AAPL going to $215 by tomorrow!!! Punch your tickets in now!!!", "time": 1534460646.0, "sentiment": "Bullish"}, {"id": 134169467, "text": "$AAPL Great gains. Looking topped out. Calls looking dangerous again.", "time": 1534460583.0, "sentiment": ""}, {"id": 134169374, "text": "$AAPL ROTFLMAO", "time": 1534460554.0, "sentiment": ""}, {"id": 134169287, "text": "$AAPL He\u201ds washing my boat!!", "time": 1534460528.0, "sentiment": ""}, {"id": 134169114, "text": "$AAPL where is the Gecko guy? Lol.", "time": 1534460460.0, "sentiment": "Bullish"}, {"id": 134168977, "text": "$AAPL Where\u2019s a good contrarian when you need one?", "time": 1534460415.0, "sentiment": ""}, {"id": 134168665, "text": "$spy $dia $qqq $aapl looks like its topping. $AMZN being shy to test higher. maybe investor starting to see it overvalued. #waiting", "time": 1534460301.0, "sentiment": "Bearish"}, {"id": 134168566, "text": "$AAPL BEARS-just pay the call", "time": 1534460266.0, "sentiment": "Bullish"}, {"id": 134168563, "text": "TastyTrade way of life. Talk trades. Or just about today\u2019s show! \nhttps://www.stocktwits.com/r/thetastyway  \n \n$SPY $TLT $tsla $aapl $amzn $ewz $fb $nflx $QQQ", "time": 1534460264.0, "sentiment": ""}, {"id": 134168412, "text": "$AAPL who else sitting here trading apple at this hour?? NOOO. It&#39;s time to buy put n protect ur investments.", "time": 1534460207.0, "sentiment": "Bearish"}, {"id": 134168028, "text": "$FB $AAPL $MSFT $WDAY $SPLK $PEGA My Tech and Obviously I love the sector. And still own $MIME &amp; $PANW (my cyber names)", "time": 1534460074.0, "sentiment": "Bullish"}, {"id": 134167986, "text": "$AAPL Big fat paycheck going to Omaha", "time": 1534460059.0, "sentiment": "Bullish"}, {"id": 134167504, "text": "@wmtsux why $aapl bubble? sentiment says higher??", "time": 1534459884.0, "sentiment": ""}, {"id": 134167045, "text": "$AAPL .... any minute now, eh Darren?", "time": 1534459706.0, "sentiment": ""}, {"id": 134166947, "text": "$AAPL hope your long the last 10 years Bill!!", "time": 1534459678.0, "sentiment": ""}, {"id": 134166864, "text": "$AAPL nothing in life is easy", "time": 1534459655.0, "sentiment": ""}, {"id": 134166839, "text": "$AAPL undervalues for YEARS bro", "time": 1534459645.0, "sentiment": ""}]