[{"id": 134117056, "text": "$MU $AAPL Apple buys best quality/huge volume/great price. Apple always shopping for a better deal. If MU could provide it they\u2019d buy there.", "time": 1534433207.0, "sentiment": ""}, {"id": 134117026, "text": "$AAPL we literally get a new ATH every other day this stock is crazy", "time": 1534433082.0, "sentiment": "Bullish"}, {"id": 134116469, "text": "$AMZN $BKNG $MSFT $CMG $NVDA $AAPL $BABA You snooze, you lose.", "time": 1534430926.0, "sentiment": "Bullish"}, {"id": 134115963, "text": "In terms of negatives for $AAPL, there is 1 bearish indicator as of 08-15 https://dividendbot.com?s=AAPL", "time": 1534428967.0, "sentiment": ""}, {"id": 134115889, "text": "$MU Why $AAPL doesn\u2019t buy ram and flash from MU instead of feeding the enemy - Samy? Buy American!", "time": 1534428701.0, "sentiment": ""}, {"id": 134115443, "text": "$SNAP $AAPL $GOOG", "time": 1534426976.0, "sentiment": ""}, {"id": 134115256, "text": "@lyons2112 or whatever their high was. Like I said I\u2019m on the sidelines with $AMD. All I\u2019m saying is they aren\u2019t $AMZN or $AAPL.", "time": 1534426384.0, "sentiment": ""}, {"id": 134114246, "text": "$NVDA \ud83d\udcaf \ud83c\udde8\ud83c\uddf3 and \ud83c\uddfa\ud83c\uddf8 $SPY $QQQ $DIS $MGM $LVS $FB $AAPL $BABA $JPM green $MU", "time": 1534423298.0, "sentiment": ""}, {"id": 134114027, "text": "$NVDA  in SUMMARY *Earnings TOMMOROW Aug 16 AC\n\n $SPY $AAPL $CSCO $AMAT $BABA $TCEHY $CGC $M $MU", "time": 1534422721.0, "sentiment": ""}, {"id": 134113976, "text": "$NVDA $AMD $AAPL $FB $MU  sleep well bulls, i&#39;ll take care of the shorts tonight", "time": 1534422621.0, "sentiment": "Bullish"}, {"id": 134113639, "text": "@Just_me_samy haven\u2019t slept since $AAPL ER", "time": 1534421814.0, "sentiment": ""}, {"id": 134113593, "text": "@joeyblaze that\u2019s my ultra conservative target. If things go well like $AMD $CSCO $AAPL $AMZN ER\u2019s. Share price sees $288-292 by then.", "time": 1534421692.0, "sentiment": ""}, {"id": 134113398, "text": "08-15-2018 Potential Whale Trades for $AAPL (Largest Trade: 0.33% of Volume) https://icebergbot.com?s=AAPL", "time": 1534421281.0, "sentiment": ""}, {"id": 134113232, "text": "$SPY $AAPL $AMZN $GOOG $MSFT all excellent shorts if market closes 282 or lower tomorrow", "time": 1534420935.0, "sentiment": ""}, {"id": 134112917, "text": "$AAPL", "time": 1534420337.0, "sentiment": ""}, {"id": 134112799, "text": "$AAPL Apple&#39;s Growth Story https://www.aboveavalon.com/", "time": 1534420119.0, "sentiment": ""}, {"id": 134112540, "text": "$SPY Its not the trade war or talk that\u2019s going to bring this market down. $AAPL Time for correction?", "time": 1534419625.0, "sentiment": "Bearish"}, {"id": 134112062, "text": "$AAPL coming a month early to deal", "time": 1534418879.0, "sentiment": "Bullish"}, {"id": 134111739, "text": "Price Moves vs Expected Moves $VXX $AAPL $FB $BAC $EFA $BABA $EEM $USO $JD $XOP $MU $M http://tinyurl.com/y7zbwhgq", "time": 1534418378.0, "sentiment": ""}, {"id": 134111719, "text": "$AAPL And today statement from the president dated... 3 week\u2019s ago. Same thing more or less 47 years later.", "time": 1534418351.0, "sentiment": ""}, {"id": 134111417, "text": "$BB BlackBerry Again Recognized as a Leader in the 2018 IDC MarketScape EMM Report - PR Newswire https://t.co/Pq7LCNxyS3 $AAPL $MSFT $GOOGL $AMZN $IBM $ORCL $CRM", "time": 1534417995.0, "sentiment": "Bullish"}, {"id": 134111078, "text": "$AAPL @GoodNewsBull A plan how to \u201cscrew\u201d enemies by John Dean 47 yers ago. Must read for Trump. (Short enough for his comprehension span).", "time": 1534417683.0, "sentiment": ""}, {"id": 134110484, "text": "$AAPL One day you probably will be right after 10:1 split. Chart is wishful thinking. Look at the ES. Gap to fill at 904 on July 14, 2009...", "time": 1534417132.0, "sentiment": ""}, {"id": 134110301, "text": "$AAPL Would not mind seeing a positive note out of China trade talks to explode MKT. Xi is acting stupidly after 20+ yrs of lying &amp; cheating", "time": 1534416942.0, "sentiment": "Bullish"}, {"id": 134110227, "text": "$JD $BABA $WMT $MU $TSLA $GOOG $FB $AAPL $AMZN Green or Red. It doesn\u2019t matter. We make money in both directions!", "time": 1534416868.0, "sentiment": ""}, {"id": 134110113, "text": "@MariaC82 $AAPL Thanks for all you do! \ud83d\udc4d\ud83d\udc4d\ud83d\udc4d\ud83d\udc4d\ud83d\udc4d\u2764\ufe0f\u2764\ufe0f\u2764\ufe0f", "time": 1534416765.0, "sentiment": "Bullish"}, {"id": 134110107, "text": "@andros28 Lira is down 40%. They could never afford iPhone in good times. Now they cannot even afford food. Turkey has 0 influence on $AAPL", "time": 1534416761.0, "sentiment": ""}, {"id": 134109788, "text": "$SPY Just like most of the Traitor in Chief&#39;s fanboys :o) $BABA $AAPL $AMZN", "time": 1534416486.0, "sentiment": "Bullish"}, {"id": 134109730, "text": "@NessieDaBull They do that with many stocks. $fb $AAPL", "time": 1534416446.0, "sentiment": ""}, {"id": 134109492, "text": "$AAPL so is this a buy? Will it jump in the morning?", "time": 1534416239.0, "sentiment": ""}, {"id": 134108658, "text": "$AAPL $NVDA $WB https://www.google.com/amp/s/www.yahoo.com/amphtml/finance/news/china-send-group-u-first-014557970.html", "time": 1534415310.0, "sentiment": ""}, {"id": 134108628, "text": "Thursday\u2019s Watch 1 $AAPL $AMZN $AMD $FB $GOOGL $BABA $BIDU $BA $AMAT $CMG $CGC $CRON $CSCO $IDRA $INTC $JD $JCP $BTC.X $ETH.X $ADBE $BOXL", "time": 1534415262.0, "sentiment": ""}, {"id": 134108513, "text": "$WB $NVDA $AAPL China-U.S. to Resume https://www.bloomberg.com/news/articles/2018-08-16/china-to-send-group-to-u-s-for-first-trade-talks-since-june", "time": 1534415127.0, "sentiment": ""}, {"id": 134108402, "text": "I started an Entertainment stock room for those interested...... $NFLX $ROKU $DIS $WWE $AAPL $MSFT $SNE $EA $ATVI  \nhttps://stocktwits.com/r/Entertainment", "time": 1534414999.0, "sentiment": ""}, {"id": 134108103, "text": "$AAPL https://iphone.appleinsider.com/articles/18/08/15/watch-apple-parks-massive-motorized-cafeteria-doors-open-in-this-video", "time": 1534414664.0, "sentiment": ""}, {"id": 134108015, "text": "$AAPL $NVDA $WB Yuan Snaps Drop on Trade Dispute https://www.bloomberg.com/news/articles/2018-08-16/china-s-yuan-snaps-six-day-drop-on-signs-trade-dispute-may-ease", "time": 1534414562.0, "sentiment": ""}, {"id": 134107794, "text": "$AAPL Yep!", "time": 1534414318.0, "sentiment": ""}, {"id": 134107793, "text": "Room focused on intelligent and civil discussion that respects technicals and fundamentals. $TSLA $AAPL https://www.stocktwits.com/r/technofundamentalist", "time": 1534414317.0, "sentiment": ""}, {"id": 134107770, "text": "@brent3 $AAPL Seriously !!! Thank God you only have 5 followers, Lol \ud83d\ude02", "time": 1534414286.0, "sentiment": "Bullish"}, {"id": 134107456, "text": "$SPY Remember when Mnuchin came back from Beijing with bunk and ... OMG WB bought some $AAPL at friggin&#39; Jan/Feb lows!! (Fart noise)", "time": 1534413973.0, "sentiment": ""}, {"id": 134107255, "text": "$AAPL and another one from @GoodNewsBull", "time": 1534413779.0, "sentiment": ""}, {"id": 134107055, "text": "$SPY :o) So What do Bears have left? If $WMT beats its over $BABA $AAPL $TSLA $JD $TENCENT $HD $QQQ $GOOG $AMZN $FB $XLF $C $JPM", "time": 1534413593.0, "sentiment": "Bullish"}, {"id": 134107012, "text": "$AAPL Another gem that @GoodNewsBull posted today:", "time": 1534413557.0, "sentiment": ""}, {"id": 134106813, "text": "$AAPL A quote about CNBC that @GoodNewsBull posted earlier.", "time": 1534413353.0, "sentiment": ""}, {"id": 134106642, "text": "$SPY &quot;Biz Ch&quot; trying to no break Trade News. This is how you know there&#39;s so very large money thats shorting the Mrkt $AAPL $BABA $FB $AMZN", "time": 1534413180.0, "sentiment": "Bullish"}, {"id": 134106542, "text": "$AAPL  Read it 5 times to fully grasp it.", "time": 1534413076.0, "sentiment": ""}, {"id": 134105947, "text": "$AAPL $NVDA $WB https://www.cnbc.com/2018/08/16/asia-markets-tencent-turkish-lira-chinese-yuan-and-stocks-in-focus.html", "time": 1534412517.0, "sentiment": ""}, {"id": 134105639, "text": "$SPY Pro&#39;s dont sell into Weakness they Buy it, Only people who sold today were following the group, thats never a good idea $AAPL $AMZN $GS", "time": 1534412240.0, "sentiment": "Bullish"}, {"id": 134105394, "text": "$SPY Bears listened to this guy who told them to go Short EOD. He Told them it was guaranteed. He looks sketchy to me $AAPL $BABA $TSLA $FB", "time": 1534412022.0, "sentiment": "Bullish"}, {"id": 134105059, "text": "$SPY There was no reason to Sell or Short today so now Bears have fallen &amp;... :o) $AAPL $BABA  $FB $GOOG $ATVI $AMZN $FB $AMD $TSLA $AMZN", "time": 1534411756.0, "sentiment": "Bullish"}, {"id": 134104163, "text": "$AAPL What will Apple close at tomorrow?\nFriday?", "time": 1534410998.0, "sentiment": "Bullish"}, {"id": 134104158, "text": "$SPY Breaking Video of Bears trying to sleep tonight. Shorting the US is never a good idea. $XLF $AAPL $BABA $TSLA $FB $AMZN $GOOG $M $QQQ", "time": 1534410994.0, "sentiment": "Bullish"}, {"id": 134104002, "text": "$FXI $EEM $BABA $BIDU https://www.bloomberg.com/news/articles/2018-08-15/china-startups-struggle-to-escape-alibaba-and-tencent-s-shadows $AAPL $GOOGL $FB $AMZN Apple accused of pressure game rivals in Japan https://finance.yahoo.com/news/apple-accused-pressuring-game-rivals-015510725.html", "time": 1534410866.0, "sentiment": ""}, {"id": 134103586, "text": "$AAPL Same here, my biggest tech holding, following Buffett lead..\n\nMy ST buy alert at 130 last year up $80/share\n\nEnjoy your Gains", "time": 1534410618.0, "sentiment": "Bullish"}, {"id": 134102875, "text": "$AAPL  ... a fun MUST READ if you own even one share or are considering as it\u2019s just so ... grounding (?) .... https://www.wired.com/1997/06/apple-3/", "time": 1534410086.0, "sentiment": "Bullish"}, {"id": 134102743, "text": "$SPY ES_F boom shakalakakakaka ... \ud83d\ude80\ud83d\udd25 \ud83d\udca5 king $AAPL gave clues today ..", "time": 1534409994.0, "sentiment": ""}, {"id": 134102588, "text": "$BABA $AAPL China trade talks back on track!  You can thank Tim Cook of Apple for brokering it !! \uf8ff \ud83d\udc4d\ud83d\udc4d", "time": 1534409867.0, "sentiment": "Bullish"}, {"id": 134102312, "text": "https://youtu.be/O1fOCIMuXCo \n$TSLA $MU $ROKU $NFLX $AAPL $ADSK $MSFT $COST $UVXY $BZUN", "time": 1534409675.0, "sentiment": ""}, {"id": 134102194, "text": "$AAPL $INPX This is the Iphone tech of the future!", "time": 1534409605.0, "sentiment": ""}, {"id": 134101935, "text": "$AAPL buyers check out the tech of INPX.  A deal could be in the works!", "time": 1534409451.0, "sentiment": ""}, {"id": 134101753, "text": "The Bear&#39;s May Be Making Their Last Stand At Breaking The Stock Market also $aapl https://mottcapitalmanagement.com/the-bears-may-be-making-their-last-stand-at-breaking-the-stock-market/", "time": 1534409343.0, "sentiment": ""}, {"id": 134101544, "text": "$SPY $AAPL $AMZN $AMD $DIS China talks to US, futures spike.", "time": 1534409231.0, "sentiment": "Bullish"}, {"id": 134101289, "text": "$AAPL bullish on more support stepping up to this stock", "time": 1534409053.0, "sentiment": "Bullish"}, {"id": 134101191, "text": "$AAPL $BABA $AMD $NFLX $MU said this was coming a day or so ago.  The elite in China are losing to much money", "time": 1534408985.0, "sentiment": ""}, {"id": 134101067, "text": "$AAPL \nA must watch for Apple Lovers\n\nhttps://www.cnbc.com/video/2018/08/15/tech-is-getting-wrecked-but-these-are-the-three-tech-stocks-to-buy-on-the-dip-technician.html", "time": 1534408897.0, "sentiment": "Bullish"}, {"id": 134101035, "text": "$AAPL $BABA $AMD $NFLX $MU Pay our Calls!", "time": 1534408875.0, "sentiment": "Bullish"}, {"id": 134100682, "text": "$AAPL $MSFT $GOOGL $BA $BABA $SPY $DJIA We goin up tomorrow brahs .....", "time": 1534408644.0, "sentiment": "Bullish"}, {"id": 134099054, "text": "$AAPL next 220", "time": 1534407531.0, "sentiment": "Bullish"}, {"id": 134098850, "text": "$AAPL this bubble still alive", "time": 1534407364.0, "sentiment": "Bearish"}, {"id": 134098626, "text": "$TSLA Musk on ER CC: \u201cI may be delusional, but see a clear path to having market cap similar to $AAPL  Headline \u201cMusk: I may be delusional\u201d", "time": 1534407186.0, "sentiment": "Bullish"}, {"id": 134098342, "text": "$AMZN $AAPL $BABA $SPY Want Steady Returns in Options? Our Performance Today. \nCome Join and Reach your Goals!!!https://bit.ly/2P80oey", "time": 1534406985.0, "sentiment": ""}, {"id": 134098267, "text": "$AAPL $AMZN $NVDA \nhttps://www.cnbc.com/video/2018/08/15/tech-is-getting-wrecked-but-these-are-the-three-tech-stocks-to-buy-on-the-dip-technician.html", "time": 1534406914.0, "sentiment": ""}, {"id": 134096776, "text": "$AAPL Would have bought more today if I wasn&#39;t busy buying GS. My 2 of 3 favorite positions. My third favorite position? Not financial ;-) ", "time": 1534405845.0, "sentiment": "Bullish"}, {"id": 134096450, "text": "Soros fund is also new buyer of these interesting stocks: $SPOT $FB $HUBS $OKTA $GOOS $AAPL $EXR in Q2. https://hedgemind.com/hedge-fund-portfolios/George-Soros", "time": 1534405631.0, "sentiment": ""}, {"id": 134096393, "text": "$T only this and $AAPL greens in a sea of red  , and not 1% red , a lot of 3-4% downs stocks !!", "time": 1534405580.0, "sentiment": ""}, {"id": 134096342, "text": "$AAPL \ud83c\udf4e \ud83d\udcaa\ud83c\udffd", "time": 1534405547.0, "sentiment": ""}, {"id": 134094167, "text": "$BRK.A Buffett 2nd largest holder $AAPL is a caution if profit taking.a massive #IceCream#Sandwich#Island#Reversal risk under tenkansen $SPY", "time": 1534403930.0, "sentiment": ""}, {"id": 134093908, "text": "$ROKU $AAPL $MSFT  $SQ $TWLO some good dips.", "time": 1534403722.0, "sentiment": "Bullish"}, {"id": 134093392, "text": "$BABA hahaha go ahead and short this at these levels. Only way is up $SPY $qqq $AAPL $NFLX $AMD", "time": 1534403299.0, "sentiment": "Bullish"}, {"id": 134092718, "text": "$AMD volatility is here to stay for awhile, bulls and calves $ES_F $SPY $DIA $QQQ $BTC.X $BTC_F $FB $AAPL $AMZN $GOOG $TSLA #TimeForRound2!", "time": 1534402816.0, "sentiment": "Bearish"}, {"id": 134092153, "text": "$AAPL Bought 25 oct 175puts avg cost $.58 for $1450 total today. I believe they will be specifically targeted for tariff backlash. We&#39;ll see", "time": 1534402417.0, "sentiment": "Bearish"}, {"id": 134092114, "text": "$AAPL 1day before dividend payable date", "time": 1534402386.0, "sentiment": ""}, {"id": 134091370, "text": "$SPY Look for our Traitor in chief to tweet some positive China news soon. He needs a bigger distraction now $BABA $JD $BIDU $TENCENT $AAPL", "time": 1534401819.0, "sentiment": "Bullish"}, {"id": 134091166, "text": "$AAPL worked perfectly \ud83d\udc4c", "time": 1534401660.0, "sentiment": ""}, {"id": 134090972, "text": "$AAPL Beautiful close ;)", "time": 1534401516.0, "sentiment": "Bullish"}, {"id": 134090608, "text": "$AAPL CSCO may provide some boost but NVDA power gap to 270+ will push AAPL to 213+ Friday. Making big moves into India too.", "time": 1534401284.0, "sentiment": "Bullish"}, {"id": 134090192, "text": "Amazon Stock Positioned To Follow Apple As Next To Hit $1 Trillion Cap\n\n$AAPL $AMZN \n\nhttps://www.investors.com/news/technology/amazon-stock-trillion-dollar-valuation/", "time": 1534400967.0, "sentiment": ""}, {"id": 134089868, "text": "Most Active Options\n\n$BABA $NFLX $NVDA $AAPL $CSCO $BAC $GM $TWTR $NXPI $MU $M $MSFT $TSLA $SBUX $INTC $JCP $AMD $JD $FCX $FB $GE $AMZN $WMT", "time": 1534400740.0, "sentiment": ""}, {"id": 134089589, "text": "Nice to see them enforce their rules and suspend Alex Jones $FB $TWTR $AAPL. He no longer has a platform for his divisiveness.", "time": 1534400550.0, "sentiment": ""}, {"id": 134088706, "text": "Warren Buffet&#39;s Berkshire Portfolio is Now 24% Apple: 13F\n\n$AAPL $BRK.B $BRK.A \n\nhttps://www.investopedia.com/news/warren-buffets-berkshire-portfolio-now-24-apple-13f/", "time": 1534400094.0, "sentiment": ""}, {"id": 134088649, "text": "Apple Could Reach $2 Trillion Market Cap With AR Glasses, Car $AAPL @apple @investors http://bit.ly/2PeQloj", "time": 1534400041.0, "sentiment": ""}, {"id": 134088633, "text": "$AAPL All this premature celebrating over an overbought stock.smh. We definitely know who the noobs are.", "time": 1534400032.0, "sentiment": ""}, {"id": 134088620, "text": "$AAPL China tech has been getting hammered along with commodities (copper) while this is all time highs....one way to go", "time": 1534400026.0, "sentiment": "Bearish"}, {"id": 134088374, "text": "$AAPL please comeback had sold at 209.xx but got my cgc gains so want back in.", "time": 1534399859.0, "sentiment": ""}, {"id": 134088059, "text": "Jim Cramer: There is Too Much Life Support to Declare the Bull Market Dead $AAPL http://dlvr.it/Qg1f08", "time": 1534399685.0, "sentiment": ""}, {"id": 134087749, "text": "The Bear&#39;s May Be Making Their Last Stand At Breaking The Stock Market https://wp.me/p6NqCb-4vU $spy $xlf $ms $amzn $xly $nflx $mu $aapl $xbi", "time": 1534399480.0, "sentiment": ""}, {"id": 134087155, "text": "$TSLA $MSFT $FB $AAPL $AMZN $NFLX\nTesla whistleblower tweets details about allegedly flawed cars, scrapped parts - https://www.cnbc.com/2018/08/15/tesla-whistleblower-tweets-details-about-flawed-cars-scrapped-parts.html", "time": 1534399059.0, "sentiment": ""}, {"id": 134086899, "text": "Macquarie Sticks to Their Buy Rating for Apple (AAPL) $AAPL http://www.analystratings.com/articles/macquarie-sticks-to-their-buy-rating-for-apple-aapl/", "time": 1534398884.0, "sentiment": ""}, {"id": 134086814, "text": "$NVDA $AMD $AAPL $FB $MU  time to rip some shorts tomorrow ", "time": 1534398828.0, "sentiment": "Bullish"}, {"id": 134086412, "text": "$AAPL Almost hit ATH on huge down day for markets.  I bet it goes down tomorrow on big green day", "time": 1534398553.0, "sentiment": ""}, {"id": 134086214, "text": "$AAPL damn it never dips to buy some more.... Probably 230 by november.", "time": 1534398438.0, "sentiment": ""}, {"id": 134085601, "text": "$BAC $BABA $AAPL $SBUX $M $WFC $GE $GM $FB $M $JCP $FCX $AMD $TGT Highest volume strikes", "time": 1534398075.0, "sentiment": ""}, {"id": 134085503, "text": "$BABA Annual net income: $BABA = $61 Billion, $AAPL = $50 Billion,$AMZN = $3 Billion. Yet, BABA market cap is less than half of either.", "time": 1534398017.0, "sentiment": "Bullish"}, {"id": 134085422, "text": "$TSLA better than $AAPL", "time": 1534397974.0, "sentiment": "Bullish"}, {"id": 134085188, "text": "$AAPL we got rhe 210 close... Nice", "time": 1534397840.0, "sentiment": "Bullish"}, {"id": 134084749, "text": "$AAPL ATH close", "time": 1534397556.0, "sentiment": ""}, {"id": 134084444, "text": "$BABA $MU $BAC $AAPL $FB $M $JD $NFLX $TSLA $AMD $GE $SBUX $MSFT $FCX $NVDA $AMZN $GM $NXPI $CSCO $INTC $JCP $TWTR $WMT Most active options", "time": 1534397385.0, "sentiment": ""}, {"id": 134084304, "text": "$TSLA why put the money in the company that you don&#39;t have any good sleep? if you buy $AAPL solid company then sleep well on the growth", "time": 1534397310.0, "sentiment": ""}, {"id": 134084244, "text": "$HIMX https://www.investors.com/news/technology/click/apple-2-trillion-market-cap-ar-glasses-car/?refcode=TechReport-08152018-4-DA-2:08:2018:3Q:NewsLetter:Email:TechReport-08152018:na:na:na:na:15:14:4:DA:2 $AAPL", "time": 1534397281.0, "sentiment": ""}, {"id": 134084003, "text": "Top 5 ST momentum stocks of the S&amp;P 100: $LLY $QCOM $AAPL $PFE $MRK \nBottom 5: $XOM $FB $NFLX $F $BKNG https://bit.ly/2L1gJ1C $ES_F $SPX $SPY", "time": 1534397152.0, "sentiment": ""}, {"id": 134083907, "text": "$SPY dips -0.62% &amp; Short are actually happy? Smart Money buying the sale while Bears freaking out about Turkey. Unbelievable $AAPL $FB $BABA", "time": 1534397094.0, "sentiment": "Bullish"}, {"id": 134083876, "text": "$AAPL I came in to see how badly apple tanked today because the bears said it was going to crash. Gosh another up day? Shock", "time": 1534397077.0, "sentiment": ""}, {"id": 134083346, "text": "$AAPL It\u2019s nice to see a sea of red and one \ud83c\udf4f", "time": 1534396761.0, "sentiment": ""}, {"id": 134082663, "text": "Price Returns vs Expected Daily Move $MO $PM $PG $KO $PEP $AAPL $F $GM $TTM $TSLA $UAA $STZ http://tinyurl.com/y7zbwhgq", "time": 1534396363.0, "sentiment": ""}, {"id": 134081023, "text": "Today&#39;s top selling on strength is..?   $AAPL is winner again. $400 million. $PEP $IYR $KO  $DIS #QCOM $SPY", "time": 1534395416.0, "sentiment": ""}, {"id": 134081018, "text": "$AAPL was only held because index and ETF were down if not it would be up 2 % today expect good day tomorrow", "time": 1534395414.0, "sentiment": "Bullish"}, {"id": 134080773, "text": "last Thursday of interest. $AAPL top selling on strength. $250 million. $DIS $INTC $NFLX $SPY #GOOG", "time": 1534395300.0, "sentiment": ""}, {"id": 134080389, "text": "$AAPL $cmg", "time": 1534395112.0, "sentiment": ""}, {"id": 134080264, "text": "$AAPL lol Apple so strong that markets sell off and Apple goes higher", "time": 1534395046.0, "sentiment": ""}, {"id": 134080101, "text": "$TRXC $AAPL $CMG Has to mean something that these were the only green stocks in a down market that I could find today", "time": 1534394966.0, "sentiment": ""}, {"id": 134079822, "text": "Setups liked, that we&#39;ll be watching Thursday. $CSCO $CGC $TLRY $AAPL $SONO $IQ $SUPN $YY $JBLU $MNK $IBM", "time": 1534394821.0, "sentiment": "Bullish"}, {"id": 134079548, "text": "$BB Byton Electric SUV https://t.co/QXV15us2B9 \n\nPartnered with BlackBerry to bring the next generation fully autonomous &amp; connected car $AAPL $INTC $NVDA $MBLY", "time": 1534394721.0, "sentiment": "Bullish"}, {"id": 134078971, "text": "$AAPL ANOTHER good day", "time": 1534394421.0, "sentiment": "Bullish"}, {"id": 134078925, "text": "$AAPL when this song was released we were at the club buying drinks-a share of AAPL was the same price of each drink https://youtu.be/Oai1V7kaFBk", "time": 1534394400.0, "sentiment": "Bullish"}, {"id": 134078494, "text": "$AMZN $AAPL $SPY hey yall, just made this little program that allows you to backtest stop losses and limit sells under certain cond&#39;ns. lmk", "time": 1534394171.0, "sentiment": ""}, {"id": 134078223, "text": "$AAPL So CNBC&#39;s Carter Worth just not going to show his face? Its been almost 3 weeks since his &quot;Sell/Short&quot; call at $188. Yikes $QQQ $SPY", "time": 1534394024.0, "sentiment": "Bullish"}, {"id": 134077443, "text": "Some of todays most active stock options 8.15.18  $BAC $BABA $AAPL  $FCX $AMD $SBUX", "time": 1534393647.0, "sentiment": ""}, {"id": 134077281, "text": "$AAPL $FB $SPY $GLD $USO If only this was with REAL cash! Bought $1,000 in Puts for each last night.Exited all before 9am today.Just DEMO!\ud83d\ude14", "time": 1534393574.0, "sentiment": ""}, {"id": 134076271, "text": "$AAPL really hurting after todays bear market!", "time": 1534393105.0, "sentiment": ""}, {"id": 134076003, "text": "$spx $nvda $aapl $ndx \nGapping up. $SPX futures looking good. Expect green close tomorrow. Friday will be interesting. Market still in chnnl", "time": 1534392992.0, "sentiment": "Bullish"}, {"id": 134075952, "text": "$SPY $QQQ $IWM $AAPL $FB $GOOG $AMZN $MSFT Yesterday they pumped the markets and today they slammed them after the puts were roasted. Dirty!", "time": 1534392965.0, "sentiment": ""}, {"id": 134075845, "text": "Estimize revenue expectations are 1.67% lower than that of Wall Street for $AAPL Q4 [Reporting 10/30 AMC]\nhttp://www.estimize.com/intro/aapl?chart=change-over-time&amp;metric_name=revenue&amp;utm_content=AAPL&amp;utm_medium=revenue_difference&amp;utm_source=stocktwits", "time": 1534392926.0, "sentiment": ""}, {"id": 134075343, "text": "$AAPL One more thing... &quot;Funding Secured&quot; for any kind of business (264B Cash and 1T Cap) $SPY", "time": 1534392691.0, "sentiment": "Bullish"}, {"id": 134074625, "text": "$AAPL Wednesday Apple Rumors: Apple Car Project May Still Be Alive.\nhttps://finance.yahoo.com/news/wednesday-apple-rumors-apple-car-182501496.html", "time": 1534392383.0, "sentiment": ""}, {"id": 134073883, "text": "$AAPL New phones, new watches with health chip and possible new cars 2019. There are too many catalysts for upside, P/E = Cheap Stock $SPY", "time": 1534392066.0, "sentiment": "Bullish"}, {"id": 134073132, "text": "$XLK Reached 100% area $72.4 - $72.1 from where it&#39;s bouncing higher #elliottwave $NDX $AAPL", "time": 1534391725.0, "sentiment": ""}, {"id": 134073046, "text": "$AAPL damn apple head like a beast", "time": 1534391685.0, "sentiment": ""}, {"id": 134073045, "text": "$HMNY $AAPL Q: What do these 2 companies have in common? A: One has a trillion dollar market cap and the other has a trillion share float!", "time": 1534391685.0, "sentiment": ""}, {"id": 134072809, "text": "$AAPL Safe harbor.", "time": 1534391582.0, "sentiment": ""}, {"id": 134072325, "text": "$AAPL To all those who said $AAPL was toppy...phfft.", "time": 1534391370.0, "sentiment": ""}, {"id": 134071535, "text": "$AAPL will B nxt one 2 follow path of FB &amp; NFLX major declines ...on watch \ud83d\udc40", "time": 1534391075.0, "sentiment": "Bearish"}, {"id": 134071475, "text": "$AAPL aapl. apl", "time": 1534391052.0, "sentiment": ""}, {"id": 134071405, "text": "Up Moves: \n+0.9% $XLRE \n+0.8% $XLU \n+0.6% $TLT \n+0.5% $FXY \n+0.4% $JETS $XLP \n+0.3% $AAPL \n+0.2% $IEF $LQD $TIP", "time": 1534391021.0, "sentiment": ""}, {"id": 134070756, "text": "Two Largest QQQ Components Compromised? $AAPL $AMZN $NDX $QQQ https://goo.gl/XBSzyL", "time": 1534390729.0, "sentiment": ""}, {"id": 134070304, "text": "$AAPL  thanks for propping up my portfolio and the market.", "time": 1534390556.0, "sentiment": ""}, {"id": 134070166, "text": "youtube.com/watch?v=gjaP4sv... how and why you should use finviz $AAPL $AMZN $GOOGL $FB $AVGO $UAA $SPY $JNJ $HUYA $MU $M $QQQ $BTC.X $BAC", "time": 1534390490.0, "sentiment": "Bullish"}, {"id": 134070012, "text": "@BlenderBoy yes I remember that drop well.  $AAPL surprisinglu closed up.", "time": 1534390427.0, "sentiment": ""}, {"id": 134069523, "text": "$AAPL I have cash waiting to load after a good 15-20% correction. Will it come? Who knows! but I am ready. Waiting.", "time": 1534390244.0, "sentiment": ""}, {"id": 134069456, "text": "$AAPL going against the grain to targets possibly", "time": 1534390220.0, "sentiment": ""}, {"id": 134069328, "text": "$AAPL new record hight pt on aapl 320", "time": 1534390163.0, "sentiment": ""}]