[{"id": 134229482, "text": "$SPY Does anyone else think it&#39;s crazy that $AAPL was up 48bps yesterday while everything was down? Then up 146bps today?", "time": 1534479628.0, "sentiment": ""}, {"id": 134229240, "text": "@goatballz @Garka \n\nA winner? If I had put my money in $AMZN or $AAPL, I\u2019d have doubled by now. Done with small, shitty companies. See ya.", "time": 1534479527.0, "sentiment": ""}, {"id": 134229203, "text": "$AAPL short term trading mid term trading or long term trading this is the best stock out there if one better let me know", "time": 1534479509.0, "sentiment": "Bullish"}, {"id": 134228402, "text": "@Robinabank yeah, im seeing a tired $QQQ tech market, probably tomorrow $AAPL unleash the craken", "time": 1534479205.0, "sentiment": "Bearish"}, {"id": 134228359, "text": "I just published \u201cHow Elon Musk Shapes Investor Sentiment and Conversation\u201d. Mentions vs other CEOs https://blog.stocktwits.com/how-elon-musk-shapes-investor-sentiment-and-conversation-8c25ba90df91 $TSLA $FB $AAPL", "time": 1534479190.0, "sentiment": ""}, {"id": 134227927, "text": "$AAPL weekly broke important resistance. If resistance becomes support, monitor next T 218.50 #aapl #stockstowatch", "time": 1534479032.0, "sentiment": ""}, {"id": 134227515, "text": "Baby! drop it like is hot! $NVDA $QQQ $AAPL $SPY", "time": 1534478876.0, "sentiment": "Bearish"}, {"id": 134227469, "text": "$SOXL Only Legendary company left in semis is $AAPL !!  Wish I followed Buffett \ud83d\udc46\ud83c\udffc", "time": 1534478855.0, "sentiment": ""}, {"id": 134226913, "text": "$AMAT \n\nI feel so bad for my fellow bulls but honestly... Adding to my $AMZN $AAPL $IQ $BABA positions now. Done with this circus.", "time": 1534478661.0, "sentiment": ""}, {"id": 134226695, "text": "$nvda $aapl crypto was so hot, not anymore, so NVDA drops it to save face on earnings, once hot will be not as well", "time": 1534478578.0, "sentiment": ""}, {"id": 134226517, "text": "Lg Cap All-Time High list = 44 stocks. Seriously beginning to wonder if $AAPL belongs in the Consumer Staples sector.", "time": 1534478532.0, "sentiment": ""}, {"id": 134225996, "text": "Up Moves: \n+1.5% $KRE $XLP \n+1.4% $AAPL $FM $DBB \n+1.3% $DBA $XLF \n+1.2% XLI \n+1.1% $XLU \n+1% $XLV $FXI \n+0.9% $EWI $IWM $USO $XBI $SPY", "time": 1534478348.0, "sentiment": ""}, {"id": 134225947, "text": "$SPX +0.8% \nChina &amp; U.S. to talk trade (again) \n$WMT +9% on bte earnings \n$JCP -25% on wte earnings \nStaples, Financials &amp; $AAPL lead", "time": 1534478332.0, "sentiment": ""}, {"id": 134225868, "text": "$NVDA $AMAT $AAPL $SPY      $AMAT had a beat, Beat. What are you smoking?", "time": 1534478303.0, "sentiment": ""}, {"id": 134225844, "text": "$AAPL this is the buffet effect\ud83d\udc4f\ud83d\udc4f", "time": 1534478292.0, "sentiment": ""}, {"id": 134225832, "text": "$AMAT \n\n100% OUT. Management not helping us out. I\u2019ll take my money elsewhere for now. $AMZN $FB $AAPL $IQ $BABA", "time": 1534478288.0, "sentiment": ""}, {"id": 134225758, "text": "$SPY $AAPL cooling off... long term bullish but tomorrow will be hard with $NVDA and $AMAT miss. When the tech goes down, market will follow", "time": 1534478265.0, "sentiment": "Bearish"}, {"id": 134225318, "text": "$AAPL max pain is 207.5 for expiry 2018-08-17 Source: http://sweep.ly/maxpain.html", "time": 1534478092.0, "sentiment": ""}, {"id": 134224869, "text": "$AAPL Suppose I get to find out tomorrow how much this company cares about Nvidia", "time": 1534477938.0, "sentiment": "Bullish"}, {"id": 134224662, "text": " $AMZN $SPY $AAPL $GOOS $TD.CA  $WMT $NVDA $TEVA $NUGT https://wealthsimple.com/trade?r=7cVZb No-fee Canadian trading app (so excited I just have to spam:)", "time": 1534477866.0, "sentiment": "Bullish"}, {"id": 134224533, "text": "@Nottechnical @ManagerofRisk Anybody who says $AAPL is overpriced is pretty delusional.", "time": 1534477815.0, "sentiment": ""}, {"id": 134224397, "text": "Careful buying the dip, $NVDA stay away from tech, first $FB then $NFLX now $NVDA , just wait for the biggest pig fail $AAPL fireworks :&#39;v", "time": 1534477769.0, "sentiment": "Bearish"}, {"id": 134224349, "text": "@The_Joker bitcoin against the proverty $AAPL and $AMZN huge bubble stocks", "time": 1534477752.0, "sentiment": "Bullish"}, {"id": 134224288, "text": "$NVDA $ADBE $CRM $AMZN $NFLX $AMD $GOOGL $FB $AAPL Apple does not belong in that group.", "time": 1534477728.0, "sentiment": ""}, {"id": 134223573, "text": "@ManagerofRisk have to disagree with you on $AAPL", "time": 1534477494.0, "sentiment": ""}, {"id": 134223480, "text": "$NVDA All of these are so pathetically overpriced: $ADBE $CRM $AMZN $NFLX $AMD $GOOGL $FB $AAPL", "time": 1534477464.0, "sentiment": ""}, {"id": 134223190, "text": "Here\u2019s what 20 Estimize analysts believe $AAPL will report for Q4 iPhone Sales on 10/30 AMC.\nhttp://www.estimize.com/intro/aapl?chart=historical&amp;metric_name=iphone_unit_sales&amp;utm_content=AAPL&amp;utm_medium=metric_update&amp;utm_source=stocktwits", "time": 1534477366.0, "sentiment": ""}, {"id": 134222681, "text": "Here\u2019s what 12 Estimize analysts believe $AAPL will report for Q4 Mac Sales on 10/30 AMC.\nhttp://www.estimize.com/intro/aapl?chart=historical&amp;metric_name=mac_unit_sales&amp;utm_content=AAPL&amp;utm_medium=metric_update&amp;utm_source=stocktwits", "time": 1534477187.0, "sentiment": ""}, {"id": 134222675, "text": "Here\u2019s what 9 Estimize analysts believe $AAPL will report for Q4 iPad Sales on 10/30 AMC.\nhttp://www.estimize.com/intro/aapl?chart=historical&amp;metric_name=ipad_unit_sales&amp;utm_content=AAPL&amp;utm_medium=metric_update&amp;utm_source=stocktwits", "time": 1534477187.0, "sentiment": ""}, {"id": 134222673, "text": "Here\u2019s what 14 Estimize analysts believe $AAPL will report for Q4 Gross Margins on 10/30 AMC.\nhttp://www.estimize.com/intro/aapl?chart=historical&amp;metric_name=gross_margins&amp;utm_content=AAPL&amp;utm_medium=metric_update&amp;utm_source=stocktwits", "time": 1534477187.0, "sentiment": ""}, {"id": 134222398, "text": "$AAPL follow the buffet?", "time": 1534477114.0, "sentiment": ""}, {"id": 134222283, "text": "$NVDA Endless video gaming $NFLX Binge watching $AAPL $AMZN $GOOGL $FB Creating a lazy society with free stuff, but rather spend $ on games", "time": 1534477077.0, "sentiment": ""}, {"id": 134222238, "text": "Hot Options Report For End Of Day August 16th \u2013 $AAPL, $JCP, $BABA, $T, $CLF, $JD \nhttp://www.theoptionsinsider.com/hot-options-report-for-end-of-day-august-16th-aapl-jcp-baba-t-clf-jd/", "time": 1534477062.0, "sentiment": ""}, {"id": 134222234, "text": "ORDER FLOW SENTIMENT IN ACTIVE NAMES: $AAPL $BABA $MU $FB $JD $CSCO $NFLX $AMZN $ROKU $NVDA $TSLA $TEVA $MSFT $BIDU $TWTR $M $IBM $SQ $JPM", "time": 1534477061.0, "sentiment": ""}, {"id": 134221530, "text": "Looks like $AAPL has to rally tomorrow with $NVDA down! Bring out #Buffett", "time": 1534476845.0, "sentiment": ""}, {"id": 134220878, "text": "$NVDA $TSLA doesn\u2019t make chips. They will likely have $AMD (one of their partners do a custom job). It\u2019s what AMD was known for. $AAPL too", "time": 1534476656.0, "sentiment": ""}, {"id": 134220709, "text": "$nvda $amat if this smelling back of dung nvda doesnt hold 230 its LIGHTS OUT LONGS $spy $qqq $aapl", "time": 1534476615.0, "sentiment": ""}, {"id": 134220541, "text": "\ud83d\udd25 TODAY&#39;S ACTIVE LINES: $AAPL $AMZN $BABA $AMD $NFLX $JD $BIDU $FB $TSLA $BA", "time": 1534476557.0, "sentiment": ""}, {"id": 134219443, "text": "$AAPL Anyone else use fidelity?....When do they add the dividend money into the account? \nI figured it would go in at market close.", "time": 1534476264.0, "sentiment": "Bullish"}, {"id": 134219280, "text": "Option Block Trades Screener $UVXY $QQQ $SPY $VALE $ATVI $AAP $MU $HIMX $T $AAPL $TEVA https://marketchameleon.com/Screeners/OptionTrades", "time": 1534476224.0, "sentiment": ""}, {"id": 134218701, "text": "After Hours  Most Active $#XLE $XOP $MSFT $ADM $CA $GDX $KRE $GDXJ $CAH $HD $AAPL $SPY $ALL $INTC $KO $SBUX $BAC https://marketchameleon.com/Reports/AfterHoursTrading", "time": 1534476084.0, "sentiment": ""}, {"id": 134217731, "text": "$AAPL DOMINATED BY BULLS LIFTING THE MARKET HIGHER THROUGHOUT THE DAY: https://techniquant.com/reports/stock-aapl-daily-technical-analysis-report-for-2018-08-16/", "time": 1534475833.0, "sentiment": ""}, {"id": 134217729, "text": "$BB $FB $AAPL All Friends", "time": 1534475832.0, "sentiment": "Bullish"}, {"id": 134217334, "text": "$AAPL Less then a month ago this was below 190! Bears have had some fun ! Lol", "time": 1534475739.0, "sentiment": "Bullish"}, {"id": 134217173, "text": "$MU Sold this piece of ***** last week (THANK GOD), for a 30K loss. But already making it back w/ $AAPL + $OSB. I suggest others do likewise", "time": 1534475692.0, "sentiment": ""}, {"id": 134216920, "text": "TA for $SPY is linked below. Also do technical analysis &quot;how to&quot; videos if anyone is interested. $AAPL $BABA $TWTR  \nhttps://youtu.be/2A3SzL1SiXw", "time": 1534475622.0, "sentiment": ""}, {"id": 134216726, "text": "Intel hidden agenda is to backstab its own customers and steal their PC hardware business. No wonder $AAPL  is dumping Intel and going $AMD", "time": 1534475577.0, "sentiment": "Bullish"}, {"id": 134216596, "text": "$NVDA You mean the same &quot;Big Money&quot; That sold/shorted $AAPL into er because it was Soooo obvious there to? :o) They&#39;re not that bright :o)", "time": 1534475543.0, "sentiment": "Bullish"}, {"id": 134216236, "text": "@scottagordon Yes, I was looking @ $GOV. Nice (and interesting) position. I had to choose w/ limited funds &amp; opted for a $AAPL $OSB combo.", "time": 1534475450.0, "sentiment": "Bullish"}, {"id": 134216088, "text": "$FB I predicted this long ago 1st to $1T = $AAPL , first to $2 Trillion market cap will be $AMZN &amp; 1st to $3 Trillion = $FB ", "time": 1534475411.0, "sentiment": ""}, {"id": 134216000, "text": "Intel is now a competitor to $AAPL  $HPE $DELL -- NUCs are selling 10&#39;s millions systems\n \n&quot;Intel adds two new NUCs..&quot;  With $AMD GPUs..\n\nhttps://www.dvhardware.net/article69368.html", "time": 1534475393.0, "sentiment": "Bullish"}, {"id": 134215364, "text": "Jon Najarian Sees Unusual Options Activity In JD.Com And Dicks Sporting Goods https://benzinga.com/z/12220702 $AAPL $DKS $JD", "time": 1534475246.0, "sentiment": ""}, {"id": 134215180, "text": "$AAPL  it&#39;s not much but dam it&#39;s not bad", "time": 1534475201.0, "sentiment": ""}, {"id": 134215067, "text": "$AAPL one way or another, tomorrow is gonna be wild", "time": 1534475173.0, "sentiment": "Bullish"}, {"id": 134214847, "text": "$AAPL check this out- WAAY overbought-RSI 70+ for 14+ periods. \nhttps://scan.alpaca.ai/symbol/AAPL/", "time": 1534475120.0, "sentiment": ""}, {"id": 134214535, "text": "$AAPL shorts got fake news..lmao. teen stealing data in austria...  desperate to stop run.", "time": 1534475048.0, "sentiment": "Bullish"}, {"id": 134214240, "text": "$AMZN We just have so many scheduled MOC orders now based on the month, not the data. Thats a Buying Opportunity when we dip $BABA $AAPL $FB", "time": 1534474985.0, "sentiment": "Bullish"}, {"id": 134213523, "text": "$AAPL what comes up must come down", "time": 1534474829.0, "sentiment": "Bearish"}, {"id": 134213504, "text": "$AAPL w00t! sweet recovery. \ud83e\udd11", "time": 1534474824.0, "sentiment": "Bullish"}, {"id": 134213217, "text": "$AAPL Hilarious If it was a glorious bear trap lol", "time": 1534474751.0, "sentiment": "Bullish"}, {"id": 134212559, "text": "$AAPL you can&#39;t hide out in this pig any longer. sell sell sell", "time": 1534474562.0, "sentiment": "Bearish"}, {"id": 134212400, "text": "$AAPL See yah at $207", "time": 1534474522.0, "sentiment": ""}, {"id": 134212340, "text": "@cbstve yes me 2 $AAPL is good", "time": 1534474505.0, "sentiment": ""}, {"id": 134212113, "text": "instantly smoked $AAPL we all knew coming but timing it another deal", "time": 1534474444.0, "sentiment": ""}, {"id": 134212092, "text": "Join my chatroom on StockTwits, smartest room on ST https://www.stocktwits.com/r/robinghoodgrowth $BAC $AAPL $AMZN $BRKB $MKL $NTES $SECO $ELP $FB $TWTR $SNAP", "time": 1534474438.0, "sentiment": ""}, {"id": 134211620, "text": "$AAPL Well that looks fun", "time": 1534474308.0, "sentiment": ""}, {"id": 134211448, "text": "$AAPL heads up. DE.  ER tomorrow. Somebody bought over a million dollars in 135.00 September 21 calls", "time": 1534474258.0, "sentiment": ""}, {"id": 134211432, "text": "$AAPL cash out for Friday lol", "time": 1534474254.0, "sentiment": "Bearish"}, {"id": 134211402, "text": "$spy $dia $qqq $aapl $amzn FIFO theory? =))", "time": 1534474247.0, "sentiment": "Bearish"}, {"id": 134211301, "text": "$AAPL $WFC $BAC $KHC $KO $AXP happy Buffett portfolio day!! You&#39;re supposed to buy before the billionaire buys, not after!!!! Now he sells..", "time": 1534474216.0, "sentiment": "Bearish"}, {"id": 134211192, "text": "$AAPL is it just mine or does the open interest for Put 207.5, 210, 212.5 are zero? help need. thakns", "time": 1534474184.0, "sentiment": ""}, {"id": 134210924, "text": "$AAPL New iPhones, Mac Mini, iMac all expected before Xmas. I\u2019m not a moron who camps out for this, although it\u2019ll be nice for my $AAPL.", "time": 1534474112.0, "sentiment": "Bullish"}, {"id": 134210721, "text": "Even Isac Newton was caught in the southsea bubble, $QQQ $SPY $AAPL $baba $FB :&#39;v so yeah 1 Trillion and 30 Billion Mkt Cap, Run Forest Run!", "time": 1534474057.0, "sentiment": "Bearish"}, {"id": 134210399, "text": "$AAPL is it buybacks propping this?", "time": 1534473963.0, "sentiment": ""}, {"id": 134210214, "text": "@sonicmerlin all money jumping in the next pump $aapl", "time": 1534473912.0, "sentiment": ""}, {"id": 134209870, "text": "$AAPL Reaching short term target at $214 but further upside is expected to be seen toward $223 area #elliottwave", "time": 1534473814.0, "sentiment": ""}, {"id": 134209846, "text": "$SPY $QQQ $AAPL But, can Buffett spare s&#39;more money crumbs from his sidelined mountain of cash!?", "time": 1534473808.0, "sentiment": ""}, {"id": 134209841, "text": "@thefloater24 he\u2019s not a big tech guy. Shoot $AAPL was an unusual buy for him I doubt he\u2019s even \ud83d\udc40 at semis", "time": 1534473806.0, "sentiment": ""}, {"id": 134209742, "text": "$WMT and $AAPL keeping the market afloat today... looks like the crisis has been averted everyone!!! $SPY $DJIA", "time": 1534473775.0, "sentiment": "Bearish"}, {"id": 134209654, "text": "$AAPL Found buyers after waves pullback into blue box before rallying to new all time highs #elliottwave $NQ_F $XLK", "time": 1534473748.0, "sentiment": ""}, {"id": 134209440, "text": "$AAPL going up.", "time": 1534473681.0, "sentiment": "Bullish"}, {"id": 134209010, "text": "Join us at 3:30 CST for group fib classes! #TechProTrading $NVDA $WMT $SQ $DIS $MMM $NFLX $AMD $AAPL $RVP $MARA $DPW $", "time": 1534473556.0, "sentiment": ""}, {"id": 134208838, "text": "BLOCK TRADE: $AAPL 500,000 shares @ $213.70 [15:38:22]", "time": 1534473506.0, "sentiment": ""}, {"id": 134208824, "text": "$AAPL BLOCK TRADE [15:38:22] @ $213.7 for 500,000 shares.  $DJIA $QQQ $SPY $XLK", "time": 1534473503.0, "sentiment": ""}, {"id": 134208645, "text": "$AAPL $220 soon", "time": 1534473438.0, "sentiment": "Bullish"}, {"id": 134208193, "text": "$AAPL Knock Knock $214 Gonna Knocking over $220 next week. God dang nice strong closing. Bull rock today. \ud83d\udc02\ud83d\udc02\ud83d\udc02", "time": 1534473288.0, "sentiment": "Bullish"}, {"id": 134208107, "text": "$AAPL The gift that keeps on giving, rolling short put spreads 3 times a week now to collect my sushi money.", "time": 1534473263.0, "sentiment": ""}, {"id": 134208095, "text": "$AAPL Doesn&#39;t care about friends. New ATHs continues. \n$GOOGL Interesting spot on daily. Not following SPY.", "time": 1534473260.0, "sentiment": ""}, {"id": 134207451, "text": "$AAPL gets inflows by being in DOW, but lifts up whole Nasdaq. Even if all other FANG &amp; techs are well behind todays performance...", "time": 1534473064.0, "sentiment": ""}, {"id": 134207352, "text": "$AAPL Out of the way, or get trampled!!", "time": 1534473035.0, "sentiment": "Bullish"}, {"id": 134207159, "text": "$AAPL cmon 214", "time": 1534472977.0, "sentiment": ""}, {"id": 134207056, "text": "$AMZN Buy Programs have been coming in at 3:40. Nothing Bearish today so lets see if we get Buyers coming in $BABA $FB $AAPL $GOOG $TSLA", "time": 1534472944.0, "sentiment": "Bullish"}, {"id": 134206992, "text": "$AAPL ath again", "time": 1534472919.0, "sentiment": ""}, {"id": 134206883, "text": "$spy $qqq $amzn $aapl hey cnbc gets some real facts, what progress? getting together for deputy level talks LOL, after we ask for it LMAO", "time": 1534472879.0, "sentiment": ""}, {"id": 134206626, "text": "$spy $qqq $amzn $aapl sounds to me like we blinked &amp; now moron Kudlow is trash talking China, yeah thats going to work..LMAO", "time": 1534472787.0, "sentiment": ""}, {"id": 134206486, "text": "$spy $qqq $amzn $aapl so let me get this strgt,we ask for a meeting but china is desperate LMAO. Stupid Kudlow * his nonsense", "time": 1534472742.0, "sentiment": ""}, {"id": 134206161, "text": "$AAPL Sold all my calls yesterday...story of my life.  Guess I will wait for a dip to get back in.", "time": 1534472636.0, "sentiment": "Bullish"}, {"id": 134206105, "text": "$AAPL $spy $qqq $amzn CNBC working OT trying to paint pretty picture \ud83e\udd37\ud83c\udffb\u200d\u2642\ufe0f\n\n\ud83d\udcc9\ud83d\udcc9\ud83d\udcc9\n\nU know what that means ...", "time": 1534472618.0, "sentiment": "Bearish"}, {"id": 134205996, "text": "$AAPL not giving up a single penny here wow", "time": 1534472580.0, "sentiment": ""}, {"id": 134205124, "text": "$AAPL sold 1/2 my position today and bought $MA. still love Apple, but I see opportunities elsewhere.", "time": 1534472310.0, "sentiment": ""}, {"id": 134204913, "text": "$FB Move your money to $AAPL.  \nIf you sold FB above $200 you did well.I  don\u2019t think it\u2019ll ever go back to those levels. Good luck to all.", "time": 1534472253.0, "sentiment": ""}, {"id": 134204734, "text": "$AAPL please touch 215 right before close so I can do what I gotta do", "time": 1534472197.0, "sentiment": ""}, {"id": 134204556, "text": "$AAPL sheesh Buffet no stopping this shix", "time": 1534472142.0, "sentiment": ""}, {"id": 134204407, "text": "$AAPL TF International Securities analyst Ming-Chi Kuo outlines the possibilities in a report. https://stocknews.com/news/aapl-how-apple-inc-aapl-can-get-to-a-2t-valuation/", "time": 1534472103.0, "sentiment": ""}, {"id": 134204392, "text": "$AAPL source please", "time": 1534472096.0, "sentiment": ""}, {"id": 134204144, "text": "@cz101mc Uh, $AAPL is up huge today, $GOOGL is about flat.", "time": 1534472021.0, "sentiment": ""}, {"id": 134203847, "text": "$WATT If this is real feasible revolutionary technology... Wouldn&#39;t $AAPL be the 1st one to adopt?", "time": 1534471915.0, "sentiment": "Bearish"}, {"id": 134203260, "text": "@Alain40 do it. are you some wolf of wall street. You&#39;re actually entertaining af. What else you got? We get bought by $AAPL or $GOOGL \ud83d\ude02", "time": 1534471723.0, "sentiment": ""}, {"id": 134202658, "text": "does anyone else do the betas for iPhone X? $AAPL", "time": 1534471538.0, "sentiment": ""}, {"id": 134202465, "text": "$AAPL due for a small correction back to 210 next week", "time": 1534471473.0, "sentiment": "Bearish"}, {"id": 134202266, "text": "$AAPL drip drip drip, thanks for the dividend buddy!", "time": 1534471410.0, "sentiment": "Bullish"}, {"id": 134201995, "text": "$AAPL   \nApple&#39;s mainframe hacked by a high school kid and downloaded ... \nhttps://www.techgenyz.com/2018/08/17/apples-mainframe-hacked-school-kid/", "time": 1534471317.0, "sentiment": ""}, {"id": 134201706, "text": "$AAPL Unusual move up today", "time": 1534471225.0, "sentiment": ""}, {"id": 134201658, "text": "Software within the $AAPL iOS operating system crashes for 40,000,000+ users of iOS devices at least once every single day. #FTC", "time": 1534471214.0, "sentiment": ""}, {"id": 134201353, "text": "$JD $TWTR $CWH $SPY $AAPL $NVDA $BABA damn pony tail pump.. wish I knew bc I would\u2019ve sold then.. every pump he does craps out", "time": 1534471115.0, "sentiment": ""}, {"id": 134201148, "text": "$AAPL Who\u2019s in for the long haul? I\u2019m riding my shares and reinvest dividends for 5 years. Then party, lighting my cigars with $100 bills\ud83e\udd23", "time": 1534471045.0, "sentiment": "Bullish"}, {"id": 134201112, "text": "$AMZN If that was a Short raid on the Tech Sector then it was pretty silly since it can only give it fuel to got to ATH&#39;s $BABA $AAPL $FB", "time": 1534471033.0, "sentiment": "Bullish"}, {"id": 134200718, "text": "$AAPL chop b4 the drop \ud83d\udcc9", "time": 1534470917.0, "sentiment": "Bearish"}, {"id": 134200598, "text": "$SPY about to drop I think along with $AAPL", "time": 1534470876.0, "sentiment": ""}, {"id": 134199729, "text": "$AAPL up up up", "time": 1534470596.0, "sentiment": "Bullish"}, {"id": 134199637, "text": "$AAPL aapl will close above the days high", "time": 1534470565.0, "sentiment": "Bullish"}, {"id": 134199283, "text": "$AAPL All retards piling into Apple at nose bleed prices.  Should work out.", "time": 1534470444.0, "sentiment": ""}, {"id": 134199280, "text": "@TJD0341 Of course not. But $AAPL is testing new waters here. Any support above $200 is a huge win for longs. A little movement is fine.", "time": 1534470444.0, "sentiment": ""}, {"id": 134199225, "text": "$AAPL max pain is 207.5 for expiry 2018-08-17 Source: http://sweep.ly/maxpain.html", "time": 1534470421.0, "sentiment": ""}, {"id": 134198962, "text": "$AAPL BEARS gonna get kill next week for good. Thery&#39;re getting murder by Bull at moment. Chop Chop Bears", "time": 1534470334.0, "sentiment": "Bullish"}, {"id": 134198534, "text": "$AMZN Cant let these things scare you or shake out because Thats the idea so always know what you own. WS is nasty $FB $AAPL $BABA $AMZN", "time": 1534470186.0, "sentiment": "Bullish"}, {"id": 134198525, "text": "$AAPL shut the bears up close at 214", "time": 1534470184.0, "sentiment": "Bullish"}, {"id": 134198091, "text": "$AAPL bound to make new highs in the fall but this thing has got to pull back. RSI is like 80. Who is bidding $214? Puts to protect long", "time": 1534470037.0, "sentiment": "Bearish"}, {"id": 134198028, "text": "$AMZN Felt like a scheduled large sell of the Tech Sector. Just gives us a dip to add $AAPL $BABA $FB $QQQ $SPY $TSLA", "time": 1534470016.0, "sentiment": "Bullish"}, {"id": 134197952, "text": "@MrSeph I made money in $AAPL and $TSLA both great results but the sector perse is overbought my friend, don\u2019t buy tips, and sell low", "time": 1534469987.0, "sentiment": ""}, {"id": 134197779, "text": "$AAPL and slowly we go down\ud83d\ude02\ud83d\ude02", "time": 1534469925.0, "sentiment": "Bullish"}, {"id": 134197585, "text": "$FB Everyone just saw that &amp; it wasn&#39;t stock Specific it was the Sector. Maybe a Bear raid but that was disgusting $BABA $AAPL $AMZN $GOOG", "time": 1534469861.0, "sentiment": "Bullish"}, {"id": 134197501, "text": "$NFLX $FB $GOOGL $BABA Lows. \n$NVDA VWAP. \n$AAPL Maintained highs.", "time": 1534469833.0, "sentiment": ""}, {"id": 134197307, "text": "$AMZN So all Bids got Pulled &amp; we fell like that? Wow, someone&#39;s Fat Finger $FB $AAPL $BABA", "time": 1534469762.0, "sentiment": "Bullish"}, {"id": 134197251, "text": "$FB W/S Pump $AAPL and dump FANG . What a game. I&#39;m staying long and", "time": 1534469745.0, "sentiment": "Bullish"}, {"id": 134196731, "text": "$AAPL $AMZN $SPY this market is so rich, I call it Bull Gates", "time": 1534469585.0, "sentiment": "Bearish"}, {"id": 134196644, "text": "$AAPL did someone throw a wrench in the algo fake buying machine ? \ud83e\udd23\ud83d\udcc9", "time": 1534469561.0, "sentiment": "Bearish"}, {"id": 134196480, "text": "$SPY now it\u2019s really just $aapl holding up the Nasdaq", "time": 1534469516.0, "sentiment": ""}, {"id": 134196348, "text": "$AAPL I&#39;m not sure why I can&#39;t &#39;like&#39; my own posts.  BS.", "time": 1534469474.0, "sentiment": "Bearish"}, {"id": 134196156, "text": "$spy $qqq $amzn $aapl old man Kudlow pop just about done...what a scam, this clown needs to go retire", "time": 1534469423.0, "sentiment": ""}, {"id": 134196108, "text": "$AAPL I sold at 190 and bought $FB at 202. Why am in the market, I have better odds hitting the lottery", "time": 1534469410.0, "sentiment": ""}, {"id": 134195999, "text": "$spy $qqq for a green day this is fking bearish. all money concentrated in $aapl and FANG just nailing low after low", "time": 1534469379.0, "sentiment": ""}, {"id": 134195940, "text": "$AAPL Has room to hit $225 as tariff fears ease thanks to China talks", "time": 1534469363.0, "sentiment": "Bullish"}, {"id": 134195859, "text": "$AAPL the collapse of this mkt will be epic when it happens", "time": 1534469338.0, "sentiment": "Bearish"}, {"id": 134195738, "text": "$AAPL just sold a bunch of calls to some sucker", "time": 1534469302.0, "sentiment": "Bearish"}, {"id": 134195735, "text": "$SPY so much wealth created if buyers just forget that $aapl is worth over 1T, should pullback a bit here, hitting resist on fib and monthly", "time": 1534469302.0, "sentiment": ""}, {"id": 134195642, "text": "$AAPL too many pumpers on here...will likely correct hard soon", "time": 1534469275.0, "sentiment": "Bearish"}, {"id": 134195392, "text": "$aapl literally have every1 hiding in there as other names hit day lows this hits day highs", "time": 1534469195.0, "sentiment": ""}, {"id": 134195217, "text": "$SPY ok I think $fb needs a break from the smackdown, $aapl should sub in here", "time": 1534469145.0, "sentiment": ""}, {"id": 134195179, "text": "$AAPL is one of most dependable and major money maker! I\u2019ll stick with it till $2 Trillion by 2021!!! Very bullish long term!!!", "time": 1534469130.0, "sentiment": "Bullish"}]