[{"id": 134326669, "text": "$AAPL is killing it!! Go AAPL! Thanks to AAPL employees and its leaders!!! Good job CEO  Tim!!", "time": 1534549195.0, "sentiment": "Bullish"}, {"id": 134326638, "text": "$AAPL going to rocket after lunch", "time": 1534549180.0, "sentiment": ""}, {"id": 134326614, "text": "if I was Buffet would I be slowly selling my billions worth of $AAPL stock at 1.4 trillion market cap?", "time": 1534549172.0, "sentiment": ""}, {"id": 134326567, "text": "$AAPL just like that they close it under weekly R2 lmao. I\u2019m going to laugh hahaha", "time": 1534549152.0, "sentiment": ""}, {"id": 134326440, "text": "$AAPL PLEASE DONT GO DOWN, I WANNA SELL AT 225", "time": 1534549105.0, "sentiment": "Bullish"}, {"id": 134326265, "text": "$AAPL look at this b*tch RIP", "time": 1534549048.0, "sentiment": ""}, {"id": 134326235, "text": "$AAPL WSFolks are beginning to valuate AAPL correctly! It should be 300+ by now! Has great fundamentals, very innovative, great future!!!", "time": 1534549040.0, "sentiment": "Bullish"}, {"id": 134326216, "text": "Most Active Equity Options And Strikes For Midday August 17th - $AAPL, $AU, $BABA, $FB \nhttp://www.theoptionsinsider.com/most-active-equity-options-and-strikes-for-midday-august-17th-aapl-au-baba-fb/", "time": 1534549033.0, "sentiment": ""}, {"id": 134326206, "text": "$AAPL you guys realize smart money is selling here.", "time": 1534549030.0, "sentiment": ""}, {"id": 134326202, "text": "$AAPL I&#39;m long for years and years to come. Just gonna ket it sit there and pay for my retirement.", "time": 1534549029.0, "sentiment": "Bullish"}, {"id": 134326129, "text": "$AAPL everybody should buy Apple before the bubble bursts!!!!  Hurry up!!!", "time": 1534548996.0, "sentiment": ""}, {"id": 134326069, "text": "$AAPL 215 or 212.50?", "time": 1534548972.0, "sentiment": ""}, {"id": 134326028, "text": "@Gordon_Gekko_2015 Exactly. It was an clear wall.... As soon as it hit the trillion mark, I did what I had to &amp; jumped in for at 207. $AAPL", "time": 1534548962.0, "sentiment": "Bullish"}, {"id": 134326021, "text": "$AAPL I&#39;M A GREEDY PIG AND DESERVE TO LOSE. GIMME 225", "time": 1534548960.0, "sentiment": "Bullish"}, {"id": 134325891, "text": "$AAPL Sold my LT position today. It was a nice run &amp; I\u2019ll look to re-enter again someday .....", "time": 1534548915.0, "sentiment": "Bullish"}, {"id": 134325763, "text": "$AAPL GIVE US 225 YOU DAMN STOCK", "time": 1534548866.0, "sentiment": "Bullish"}, {"id": 134325755, "text": "$AAPL If this hovers around $216.50 the rest of the day, I am perfectly fine with this. Have a good weekend.. it&#39;s done.", "time": 1534548861.0, "sentiment": "Bullish"}, {"id": 134325728, "text": "$AAPL 1 trillion valuation was the wall. Wow. Now it\u2019s flying", "time": 1534548855.0, "sentiment": "Bullish"}, {"id": 134325707, "text": "@hypnomagician Speaking of cruises..... $AAPL just bought me one for December. I think I&#39;ll go to the Caribbean for 2wks. Thank u Tim Cook.", "time": 1534548848.0, "sentiment": "Bullish"}, {"id": 134325652, "text": "$AAPL o m g. Congratulations longs beast mode", "time": 1534548820.0, "sentiment": "Bullish"}, {"id": 134325490, "text": "$AAPL this is so unfair!! why did you take my gramma&#39;s money away? she went all-in at 217.62 thinking 225 was GUARANTEED TODAY", "time": 1534548757.0, "sentiment": ""}, {"id": 134325474, "text": "$NVDA $aapl is the anomaly.Tech has had its run.Probably done", "time": 1534548752.0, "sentiment": ""}, {"id": 134325461, "text": "@luvngspnful @00jeson @PerSE @Frenzy @reez007 @AlexanderHandleton @Stockcat01 @Boyle Trump Zero Man=never thought about Buffett/Obama $AAPL", "time": 1534548746.0, "sentiment": ""}, {"id": 134325419, "text": "$AAPL Did Russia announce retaliatory sanctions against USA for sanctioning Russia recently?  Feels like it could be coming this weekend!", "time": 1534548729.0, "sentiment": "Bullish"}, {"id": 134325377, "text": "$AAPL where do all these fake billions come from", "time": 1534548711.0, "sentiment": "Bearish"}, {"id": 134325346, "text": "$AAPL I always think bout how many people continuously miss this boat with is a cruise baby get on enjoy the ride", "time": 1534548701.0, "sentiment": ""}, {"id": 134325325, "text": "$AAPL", "time": 1534548695.0, "sentiment": ""}, {"id": 134325121, "text": "$QQQ is saved by $AAPL", "time": 1534548605.0, "sentiment": ""}, {"id": 134325084, "text": "$AAPL P/E currently 19.34  Microsoft P/E currently 27.74", "time": 1534548588.0, "sentiment": "Bullish"}, {"id": 134325083, "text": "$AAPL again!", "time": 1534548588.0, "sentiment": ""}, {"id": 134324995, "text": "8.17.18 Game Plan/Trade Update - Up $8000 on $AAPL   https://wavegenius.com/8-17-18-game-plan-trade-update-up-8000-on-aapl/", "time": 1534548558.0, "sentiment": ""}, {"id": 134324944, "text": "$AAPL Turkey, China, Russia...I&#39;m sure I left someone out..is just fueling the market! $$$$$$$$$$$", "time": 1534548536.0, "sentiment": "Bullish"}, {"id": 134324866, "text": "$AAPL the last tech stock standing is the biggest", "time": 1534548503.0, "sentiment": ""}, {"id": 134324710, "text": "$TSLA - to get where they are today, $AAPL had to push Steve Jobs out for a bit. Maybe Tesla should do the same with Musk", "time": 1534548461.0, "sentiment": ""}, {"id": 134324666, "text": "https://www.stocktwits.com/r/losangelestraders $FB $AAPL $AMZN $NFLX $GOOG $GOOGL $SQ $TWTR $SNAP $CSCO $NVDA $AMD $OLED $ROKU $NKE $TSLA", "time": 1534548447.0, "sentiment": ""}, {"id": 134324660, "text": "$AAPL @217 gonna flip my Jan 200&#39;s and take wife to Mickey D&#39;s window seat tonight!! DQ for blizzard after!!", "time": 1534548445.0, "sentiment": "Bullish"}, {"id": 134324601, "text": "$AAPL WS takes 20min lunch? lol $$$$$$$$$$$$$$$$$$$", "time": 1534548420.0, "sentiment": "Bullish"}, {"id": 134324583, "text": "$CGC the $aapl of $WEED.CA industry hold it long term big 2019 trend", "time": 1534548412.0, "sentiment": "Bullish"}, {"id": 134324562, "text": "$AAPL if they come with next iPhone with 100 new emoji INNOVATION, then going all in PUTs.", "time": 1534548402.0, "sentiment": "Bearish"}, {"id": 134324512, "text": "I will say this new patterns on most stocks ETF is some thing to see if you been trading for a time $SPY $DIA $QQQ $AAPL just a step move?", "time": 1534548384.0, "sentiment": ""}, {"id": 134324495, "text": "$AAPL lunch slump \ud83d\ude02", "time": 1534548377.0, "sentiment": "Bullish"}, {"id": 134324444, "text": "$AAPL is way undervalued stock! It should be 300+ by now! $100 BILLIONS BUYBACKS, incrementally growing SERVICES, huge CASH, new iPhones!!!", "time": 1534548358.0, "sentiment": "Bullish"}, {"id": 134324402, "text": "$AAPL imagine what happens when (that\u2019s WHEN not IF) Apple pivots from buybacks to dividends. \ud83e\udd11\ud83e\udd11\ud83e\udd11", "time": 1534548341.0, "sentiment": "Bullish"}, {"id": 134324370, "text": "$AAPL alrighty then i do believe it is time to start betting on some short term downside", "time": 1534548327.0, "sentiment": "Bearish"}, {"id": 134324342, "text": "$AAPL Lol... I love how it goes down 30 cents and the bears all come out... can&#39;t block fast enough.", "time": 1534548316.0, "sentiment": ""}, {"id": 134324289, "text": "$AAPL ive been waiting a nice drop, maybe round 205 or less to get in...ST bear, LT bull", "time": 1534548294.0, "sentiment": ""}, {"id": 134324273, "text": "$AAPL nobody cares about numbers. This is an emotional market and people invest in what they love", "time": 1534548284.0, "sentiment": ""}, {"id": 134324230, "text": "well boys &amp; girls welcome to the comp market we push to price up or down then reprogram hft for next move set back $SPY $AAPL total control", "time": 1534548268.0, "sentiment": ""}, {"id": 134324195, "text": "$AAPL they missed iPhone and mac numbers", "time": 1534548251.0, "sentiment": "Bearish"}, {"id": 134324152, "text": "$AAPL pt 210-213", "time": 1534548230.0, "sentiment": "Bearish"}, {"id": 134324146, "text": "Given the price action on 08-17, not too sure bears too jovial on $AAPL  https://www.shortpainbot.com?s=AAPL", "time": 1534548229.0, "sentiment": ""}, {"id": 134324132, "text": "$AAPL sell now. It&#39;s top", "time": 1534548224.0, "sentiment": ""}, {"id": 134324052, "text": "$AAPL oh my goodness an actual downtick.  Get out while you can.", "time": 1534548192.0, "sentiment": "Bearish"}, {"id": 134323994, "text": "$AAPL put option goes down with the price never seen that before scam", "time": 1534548169.0, "sentiment": ""}, {"id": 134323890, "text": "$AAPL looks like 220+ is coming in a little early! Go AAPL! Most reliable and money maker! Thanks CEO Cook &amp; W Buffett!!!", "time": 1534548120.0, "sentiment": "Bullish"}, {"id": 134323883, "text": "$AAPL should tumble just as fast as the climb", "time": 1534548119.0, "sentiment": "Bearish"}, {"id": 134323839, "text": "$AAPL rich get richer", "time": 1534548102.0, "sentiment": "Bullish"}, {"id": 134323722, "text": "$SPY $UPRO $AAPL Dow rises 85 points as Apple hits all-time high. S&amp;P will hit ATH\u2019s shortly. \ud83d\udcb0\u2705\ud83d\udc4d https://www.cnbc.com/2018/08/17/us-markets-china-us-trade-developments-earnings-data-on-the-agenda.html", "time": 1534548059.0, "sentiment": ""}, {"id": 134323698, "text": "First time in forever I&#39;ve thought about shorting $AAPL 216.60", "time": 1534548049.0, "sentiment": ""}, {"id": 134323581, "text": "$AAPL Monday shall tell a new story good luck bullies!", "time": 1534548004.0, "sentiment": "Bearish"}, {"id": 134323566, "text": "$AAPL Buffet is such a YOUNG PROMISING TECHNOLOGY LEADER ! Follow him here and buy more !", "time": 1534547999.0, "sentiment": "Bullish"}, {"id": 134323534, "text": "$AAPL 215 pin?", "time": 1534547983.0, "sentiment": ""}, {"id": 134323379, "text": "$BB BlackBerry STEM Camp taught students the amazing things that can be done with engineering and science. https://t.co/34doVffFGg\n\n$AAPL $MSFT", "time": 1534547922.0, "sentiment": "Bullish"}, {"id": 134323355, "text": "$AAPL I don\u2019t feel bad for Musk. I do feel bad for Tesla employees.", "time": 1534547916.0, "sentiment": "Bullish"}, {"id": 134323272, "text": "$AAPL can this reach 270 by end of year?", "time": 1534547886.0, "sentiment": "Bullish"}, {"id": 134323234, "text": "$AAPL TRILLION DOLLAR CO CAN&#39;T EVEN DELIVER GROUP FACETIME HAHAHAHAHAHA.. buy more !", "time": 1534547870.0, "sentiment": "Bullish"}, {"id": 134323187, "text": "$AAPL I got straight up scammed on this put option", "time": 1534547854.0, "sentiment": ""}, {"id": 134323168, "text": "$AAPL Companies that MAKE money are rewarded.  It&#39;s about time this stock makes a solid move on a red tape.", "time": 1534547849.0, "sentiment": "Bullish"}, {"id": 134323162, "text": "$AAPL unless a black swan event occurs it will not drop below $1T. That is now a floor. Additionally Apple buying back shares.", "time": 1534547847.0, "sentiment": ""}, {"id": 134323116, "text": "$AAPL why did I sell after earnings -_-, let me back in!", "time": 1534547829.0, "sentiment": "Bullish"}, {"id": 134323008, "text": "@CentralBanks the only reason $AAPL  is up is because billionaires and their companies believe in it, lol, sounds like a great investment", "time": 1534547791.0, "sentiment": "Bullish"}, {"id": 134322990, "text": "$AAPL to the moon \ud83d\ude80\ud83d\ude80\ud83d\ude80\ud83d\ude80", "time": 1534547781.0, "sentiment": "Bullish"}, {"id": 134322779, "text": "$AAPL MY TARGETS MET! Closing alot of positions here! not saying it can&#39;t go higher just not liking the R/R here! GIVE IT TIME!!!!!!", "time": 1534547713.0, "sentiment": ""}, {"id": 134322776, "text": "@luvngspnful @00jeson @PerSE @Frenzy @reez007 @AlexanderHandleton @Stockcat01 @Boyle Today said Globalist Buffett $AAPL Holding markets $SPY", "time": 1534547713.0, "sentiment": ""}, {"id": 134322655, "text": "@luvngspnful @00jeson @PerSE @Frenzy @reez007 @AlexanderHandleton @Stockcat01 @Boyle Buffett  going into Cash Once Sells $AAPL Done $SPY", "time": 1534547665.0, "sentiment": ""}, {"id": 134322646, "text": "$AAPL Holding on this one higher highs new product announcements ya no innovation more buy backs \ud83e\udd11 Buffett \ud83d\udcb0", "time": 1534547661.0, "sentiment": "Bullish"}, {"id": 134322552, "text": "$AAPL setup screen from a Mac. Who else does this except Apple?", "time": 1534547627.0, "sentiment": "Bullish"}, {"id": 134322529, "text": "$AAPL congratulations.", "time": 1534547619.0, "sentiment": ""}, {"id": 134322486, "text": "4 Mega-Cap Stocks to Buy As They\u2019re Thrust Into the Spotlight http://bit.ly/2Mvm9GO $AAPL $MRK $PG $VZ", "time": 1534547605.0, "sentiment": ""}, {"id": 134322463, "text": "$AAPL what&#39;s the reason for today&#39;s increase?", "time": 1534547595.0, "sentiment": ""}, {"id": 134322430, "text": "$AAPL this stock is stupid strong. Glad I got some weekly calls. Made 600 on 215 calls.", "time": 1534547586.0, "sentiment": ""}, {"id": 134322338, "text": "$AAPL no way. Payback for all the times it dropped 5% in one day for no good reason.", "time": 1534547552.0, "sentiment": ""}, {"id": 134321968, "text": "@luvngspnful @00jeson @PerSE @Frenzy @reez007 @AlexanderHandleton @Stockcat01 @Boyle 28% of $SPY UP this YEar is from $AAPL LOL WOW $VIX", "time": 1534547427.0, "sentiment": ""}, {"id": 134321862, "text": "$AAPL tommorow when the market is closed? Put the bong down dude.", "time": 1534547392.0, "sentiment": ""}, {"id": 134321855, "text": "$AAPL wow this thing is growing too fast for its own good", "time": 1534547390.0, "sentiment": ""}, {"id": 134321805, "text": "$AAPL anybody know what the 2% gain amounts to dollar today ????", "time": 1534547376.0, "sentiment": "Bullish"}, {"id": 134321742, "text": "$AAPL breaking out after we hit 220$ tomorrow", "time": 1534547352.0, "sentiment": "Bullish"}, {"id": 134321727, "text": "$AAPL how can you hate this company??", "time": 1534547347.0, "sentiment": "Bullish"}, {"id": 134321708, "text": "@SunsOutGunnsOut if $AAPL could get it without all of the liability and whatever is actually in those books, yes it&#39;d be cool. $TSLA", "time": 1534547342.0, "sentiment": "Bearish"}, {"id": 134321673, "text": "$AAPL &quot;I hate what you like!&quot; or in other words... &quot;I wasn&#39;t smart enough to go long even when Buffet is buying more....&quot;", "time": 1534547328.0, "sentiment": "Bullish"}, {"id": 134321568, "text": "$BRK.B no way this is not going up over the next few months. Look at $AAPL and $GS performance sine ER.", "time": 1534547284.0, "sentiment": "Bullish"}, {"id": 134321517, "text": "$AAPL GONNA SUCK THE WORLD IN ....and then  &quot;pop&quot;", "time": 1534547266.0, "sentiment": ""}, {"id": 134321461, "text": "$AAPL damm only got 1 put at 17.5 was hoping for a 18 and 220 buy in ehk looks like 17.67 is top", "time": 1534547246.0, "sentiment": "Bearish"}, {"id": 134321422, "text": "$AAPL To all the people TRYING to knock this stock .. Why dont you like making money?", "time": 1534547232.0, "sentiment": ""}, {"id": 134321301, "text": "$AAPL there it is folks \ud83e\udd37\ud83c\udffc\u200d\u2642\ufe0f", "time": 1534547193.0, "sentiment": ""}, {"id": 134321216, "text": "$AAPL OPEX pin on 215 today? Would screw alot of bulls/bears lol", "time": 1534547165.0, "sentiment": ""}, {"id": 134321161, "text": "$AAPL broke down. easy short to 134 ?", "time": 1534547152.0, "sentiment": "Bearish"}, {"id": 134321155, "text": "$AAPL any news?", "time": 1534547150.0, "sentiment": "Bullish"}, {"id": 134321070, "text": "$AAPL  Own it &amp; trade it!", "time": 1534547124.0, "sentiment": ""}, {"id": 134321047, "text": "$AAPL appl carrying the market on its back\ud83d\udc4d\ud83c\udffd", "time": 1534547116.0, "sentiment": "Bullish"}, {"id": 134321039, "text": "$AAPL Just think this was 160 in May!!!", "time": 1534547113.0, "sentiment": "Bullish"}, {"id": 134320998, "text": "$AAPL wtf", "time": 1534547102.0, "sentiment": ""}, {"id": 134320912, "text": "$AAPL \ud83c\udfcb\ud83c\udffd\u200d\u2642\ufe0f carry the market", "time": 1534547075.0, "sentiment": "Bullish"}, {"id": 134320880, "text": "$AVGO  people have finally figured out that $AAPL success does not necessarily flow down to its suppliers", "time": 1534547068.0, "sentiment": ""}, {"id": 134320871, "text": "$QQQ $AAPL this trillion dollar ripoff operation needs a good reality check", "time": 1534547065.0, "sentiment": ""}, {"id": 134320838, "text": "$AAPL long in the room post EPS @marketsmith 60min - just keeps going - better than anticipated \n@IBDinvestors  \n@InvestorsBusinessdaily", "time": 1534547052.0, "sentiment": "Bullish"}, {"id": 134320826, "text": "$BABA I am requesting $AAPL stock pattern after our earnings.", "time": 1534547046.0, "sentiment": "Bullish"}, {"id": 134320814, "text": "$BABA Morning dip I missed it! I was too mesmerized with $AAPL &#39;s impressive move!", "time": 1534547044.0, "sentiment": "Bullish"}, {"id": 134320804, "text": "$AAPL 50 calls @200 not a bad week!!", "time": 1534547041.0, "sentiment": "Bullish"}, {"id": 134320713, "text": "$AAPL hey my grandmother went all-in at 217.62, please don&#39;t steal her money !!", "time": 1534547010.0, "sentiment": ""}, {"id": 134320614, "text": "$AAPL \ud83c\udf4e \ud83c\udf4f \ud83e\udd64 squeeze", "time": 1534546977.0, "sentiment": "Bullish"}, {"id": 134320444, "text": "$AAPL  oh yeahhh", "time": 1534546930.0, "sentiment": ""}, {"id": 134320414, "text": "$AAPL 80 RSI!", "time": 1534546922.0, "sentiment": ""}, {"id": 134320376, "text": "$AAPL Engage!!!", "time": 1534546907.0, "sentiment": "Bullish"}, {"id": 134320366, "text": "$AAPL trade options the best thing ever why didn\u2019t I try this a long time ago lol Bullish", "time": 1534546905.0, "sentiment": ""}, {"id": 134320308, "text": "$AAPL This is the safety and growth play. Took ya long enough", "time": 1534546887.0, "sentiment": ""}, {"id": 134320300, "text": "$AAPL who mad the GREEN APPLE mad?", "time": 1534546885.0, "sentiment": "Bullish"}, {"id": 134320289, "text": "@flamingferrari made a few bucks today. can&#39;t trust this bounce in $AMZN may come down again. may be once the FOMO in $AAPL done", "time": 1534546882.0, "sentiment": ""}, {"id": 134320271, "text": "$SNAP will buy more with my Apple calls cash. Thanks $AAPL", "time": 1534546877.0, "sentiment": "Bullish"}, {"id": 134320244, "text": "$AAPL poor bears. If you only listened to the wolf \ud83e\udd14", "time": 1534546869.0, "sentiment": ""}, {"id": 134320224, "text": "$AAPL All I wanted today was to be thankful for the dividends.. but this? this is a full on lottery here", "time": 1534546864.0, "sentiment": ""}, {"id": 134320193, "text": "$AAPL surprised and shocked \ud83d\ude33. $220!coming next week", "time": 1534546856.0, "sentiment": ""}, {"id": 134320192, "text": "$AAPL Shorts getting killed on this! Might get to $220 before we get a pull back to $200", "time": 1534546855.0, "sentiment": "Bearish"}, {"id": 134320162, "text": "$AAPL To juicy not to buy a few puts here hope we hit 220 so i can add big", "time": 1534546844.0, "sentiment": "Bearish"}, {"id": 134320039, "text": "$AAPL don&#39;t sell nobodys stopping this b***", "time": 1534546808.0, "sentiment": "Bullish"}, {"id": 134320034, "text": "$AAPL Let&#39;s go Buffet, you made me some money!", "time": 1534546807.0, "sentiment": ""}, {"id": 134319991, "text": "$AAPL buyback coupled with loyal holders and reasonable valuation, this is what you get", "time": 1534546797.0, "sentiment": ""}, {"id": 134319975, "text": "$AAPL Bears and shorts be all....", "time": 1534546793.0, "sentiment": "Bullish"}, {"id": 134319959, "text": "$AAPL looking for 2min volume &gt; 500k", "time": 1534546788.0, "sentiment": ""}, {"id": 134319957, "text": "$AAPL saved my life +1500 in 1 hour", "time": 1534546787.0, "sentiment": ""}, {"id": 134319932, "text": "$AAPL", "time": 1534546781.0, "sentiment": ""}, {"id": 134319892, "text": "$TSLA At what price would the $tsla stock go, if $aapl really bought tesla?", "time": 1534546768.0, "sentiment": "Bullish"}, {"id": 134319873, "text": "$AAPL As a long I am not used to this.. what is going on here.. relax!", "time": 1534546763.0, "sentiment": ""}, {"id": 134319869, "text": "$AAPL just a few points away from that $220 target.", "time": 1534546761.0, "sentiment": ""}, {"id": 134319861, "text": "$AAPL Might have sold a bit too early lol. Oh well", "time": 1534546758.0, "sentiment": ""}, {"id": 134319845, "text": "$AAPL  It makes my Fri...DAY....", "time": 1534546752.0, "sentiment": ""}, {"id": 134319841, "text": "$AAPL The most incredible buying I had ever seen $$$$$$$$$$$$$$$$$$$$$$$$$$$$$$$$$$", "time": 1534546752.0, "sentiment": "Bullish"}, {"id": 134319831, "text": "$SPY $AAPL thank you sir .. may I have another", "time": 1534546749.0, "sentiment": ""}, {"id": 134319808, "text": "$AAPL ok im bullish but damn this btch is in twilightzone... Had to take some off the top", "time": 1534546743.0, "sentiment": ""}, {"id": 134319801, "text": "$AAPL like watching a penny stock get pumped before the dump. stupid", "time": 1534546741.0, "sentiment": ""}, {"id": 134319798, "text": "$AAPL how is this not trending lol", "time": 1534546740.0, "sentiment": "Bullish"}, {"id": 134319792, "text": "$AAPL Central Bankers must be loving this one ;)", "time": 1534546738.0, "sentiment": ""}, {"id": 134319740, "text": "$AAPL  $220 in sight., nothing  can stop this locomotive...............", "time": 1534546718.0, "sentiment": ""}, {"id": 134319736, "text": "$AAPL holy fuggin shiz this thing is a beast, non-stop up, all shorts continue getting absolutely destroyed!", "time": 1534546716.0, "sentiment": ""}, {"id": 134319728, "text": "$AAPL wth!!!", "time": 1534546714.0, "sentiment": ""}, {"id": 134319723, "text": "$AAPL not seeing capitulation volume yet.", "time": 1534546712.0, "sentiment": ""}, {"id": 134319710, "text": "$AAPL omg what could stop this behemoth", "time": 1534546709.0, "sentiment": ""}, {"id": 134319658, "text": "$AAPL buyout at $420", "time": 1534546697.0, "sentiment": ""}, {"id": 134319647, "text": "$AAPL \ud83d\udd25\ud83d\udd25wow", "time": 1534546695.0, "sentiment": ""}, {"id": 134319568, "text": "$AAPL meme status", "time": 1534546674.0, "sentiment": "Bearish"}]