[{"id": 134573244, "text": "$TSLA $AAPL   ,,, \nTesla investor: There couldn&#39;t be a better time for Apple to buy a stake in Tesla https://www.cnbc.com/2018/08/20/tesla-investor-now-is-the-time-for-apple-to-invest-in-tesla.html", "time": 1534843953.0, "sentiment": ""}, {"id": 134573185, "text": "$BB Pretty sure Apple got to know about the hack after the teen started bragging about it on WhatsApp. $AAPL $MSFT $GOOGL $AMZN $IBM $ORCL https://t.co/MdJkZhuxRE", "time": 1534843898.0, "sentiment": "Bullish"}, {"id": 134573138, "text": "$TSLA Musk is Edison of our age, bean counter/ manager Tim Cook didn\u2019t make a move. Good for Saudis  $AAPL #NoVision #NoInnovation #NoBalls", "time": 1534843826.0, "sentiment": "Bullish"}, {"id": 134573110, "text": "$AAPL my iPhone 7 just survived being in my pocket in the ocean with no case for 30 min. No visible evidence of damage 3 days later.", "time": 1534843795.0, "sentiment": "Bullish"}, {"id": 134573105, "text": "$TSLA this Ross Gerber $AAPL stuff is blatant fantasizing, but CNBC switching to bullish speculation in itself should scare bears", "time": 1534843785.0, "sentiment": ""}, {"id": 134573007, "text": "$TSLA $AAPL  &quot;This is [Apple CEO] Tim Cook&#39;s gift of all gifts,&quot; Gerber said on CNBC&#39;s &quot;Squawk Alley.&quot;", "time": 1534843657.0, "sentiment": ""}, {"id": 134572699, "text": "$AAPL going into the weakest time of the yr and typically sells off on news of anticipated sept launch into oct", "time": 1534843300.0, "sentiment": "Bearish"}, {"id": 134572611, "text": "$TSLA $AAPL Tesla needs Apple more than Apple needs Tesla.. $175/share. Take it or leave it.", "time": 1534843235.0, "sentiment": ""}, {"id": 134572481, "text": "$TSLA $AAPL   \nTesla investor: There couldn&#39;t be a better time for Apple to buy a stake in Tesla https://www.cnbc.com/2018/08/20/tesla-investor-now-is-the-time-for-apple-to-invest-in-tesla.html", "time": 1534843105.0, "sentiment": ""}, {"id": 134571783, "text": "$SPY $SPX $TSLA $NFLX $AAPL Golden Rules of Options Trading   #StockMarket #OptionsTrading #trading #Stock", "time": 1534842356.0, "sentiment": ""}, {"id": 134571776, "text": "@simpleplan $tsla is a zero $$ speculation trap. $aapl $$ are better spent on other assets", "time": 1534842350.0, "sentiment": ""}, {"id": 134571702, "text": "@cgraham4689 @twltler sure. They pay it as part of their 2yr phone plan. World wants shiny new toys and $aapl is the best period.", "time": 1534842276.0, "sentiment": ""}, {"id": 134571674, "text": "$AAPL taking names with a close at $215.46, rising 26.31% over the past 6 months http://bit.ly/1E3FqiU #AAPL", "time": 1534842249.0, "sentiment": ""}, {"id": 134571579, "text": "Tesla investor: Now is the time for Apple to invest in Tesla $AAPL $TSLA https://www.cnbc.com/2018/08/20/tesla-investor-now-is-the-time-for-apple-to-invest-in-tesla.html", "time": 1534842150.0, "sentiment": ""}, {"id": 134571286, "text": "$TSLA Tesla Stock Gyrations Reignite Speculation of an Acquisition by Apple https://www.google.com/amp/amp.timeinc.net/fortune/2018/08/20/tesla-stock-plunge-reignites-speculation-acquisition-apple $AAPL", "time": 1534841772.0, "sentiment": "Bullish"}, {"id": 134571133, "text": "@Chuckieboy #winning $MU $LMT $KMI $NOG $Aapl", "time": 1534841607.0, "sentiment": ""}, {"id": 134571125, "text": "$TSLA Tesla is the only clear path for $AAPL to reach $2T. Apple lacks innovations, still riding on Steve Jobs innovations coat-tails.", "time": 1534841597.0, "sentiment": "Bullish"}, {"id": 134571096, "text": "$AAPL stupid downgrade.  iPhone X is too popular so that will hurt Apple next couple of years.  I heard it all.  https://www.cnbc.com/2018/08/20/apple-shares-downgraded-because-the-iphone-x-is-too-popular.html", "time": 1534841565.0, "sentiment": "Bullish"}, {"id": 134570909, "text": "$BABA $goog $aapl $c $bac $t $DIS $iq $bzun $bidu $gpro $CVS $m $NOAH $ba $tsla $x $clf $aks $v $z $zto $unh", "time": 1534841356.0, "sentiment": ""}, {"id": 134570877, "text": "$AMPE $LMT $AAPL $kmi $MU $AMD $NOG THROWING DARTS! Bulls Eye! @DONALD_TRUMP", "time": 1534841319.0, "sentiment": "Bullish"}, {"id": 134570791, "text": "the #FAANG #Bed  missing some #FaangFoam..thanks #FB #NFLX...            snuggle up   $AAPL $GOOGL $AMZN $SPY", "time": 1534841247.0, "sentiment": ""}, {"id": 134570388, "text": "$SPY ATH tomorrow, led by FAANG $FB $AMZN $AAPL $NFLX $GOOGL", "time": 1534840806.0, "sentiment": "Bullish"}, {"id": 134570335, "text": "$BABA futures basically flat for now $goog $aapl $c $bac $t $DIS $iq $bzun $bidu $gpro $CVS $m $NOAH $ba $tsla $x $clf $aks $v $z $zto $unh", "time": 1534840764.0, "sentiment": ""}, {"id": 134570199, "text": "$AAPL  Ridiculous statement...", "time": 1534840623.0, "sentiment": ""}, {"id": 134569818, "text": "@myousef that\u2019s like saying you will see a pullback with $AAPL at some point. Look that the numbers. You sound incompetent", "time": 1534840270.0, "sentiment": "Bullish"}, {"id": 134569450, "text": "$AAPL financing a phone more expensive then their car.", "time": 1534839918.0, "sentiment": ""}, {"id": 134569429, "text": "$AAPL i saw 100s if not 1000s of people upgrade from iphone 7 to iphone 8 and its the exact same phone. People want a new phone every year.", "time": 1534839891.0, "sentiment": "Bullish"}, {"id": 134569364, "text": "$AAPL so i hear twitter are short now.All i have to say is dont fight the trend of a 1trillion$ company.But we need you shorts keep it comin", "time": 1534839829.0, "sentiment": ""}, {"id": 134568864, "text": "$AAPL buy buy buy?", "time": 1534839217.0, "sentiment": "Bullish"}, {"id": 134568332, "text": "$BTC.X $SPY $AAPL $AMZN nothing compared to losses on $HMNY", "time": 1534838612.0, "sentiment": ""}, {"id": 134567889, "text": "$BTC.X  hahahahaha CNBC headline hahahahaha crypto crap. $SPY $AAPL $AMZN", "time": 1534838194.0, "sentiment": "Bearish"}, {"id": 134567504, "text": "$AAPL Strictly guessing here, but it looks like tomorrow could open down, but close up.\nA slight gap down would be ideal, IMO.", "time": 1534837847.0, "sentiment": "Bullish"}, {"id": 134567187, "text": "$QQQ $spy $aapl maybe not tomorrow but soon", "time": 1534837537.0, "sentiment": "Bearish"}, {"id": 134567027, "text": "https://youtu.be/4IQ-da2Qdws \n$TSLA $MU $ROKU $NFLX $AAPL $ADSK $MSFT $COST $UVXY $BZUN", "time": 1534837375.0, "sentiment": ""}, {"id": 134567001, "text": "$AAPL I like green apple", "time": 1534837358.0, "sentiment": "Bullish"}, {"id": 134566499, "text": "$BB iPhone 6, iPhone 7 and iPhone 8 are basically the same phone..... \n\n$AAPL $MSFT $GOOGL $AMZN $BB $FB $SNAP $TSLA $IBM $ORCL", "time": 1534836901.0, "sentiment": "Bullish"}, {"id": 134566494, "text": "$AAPL look for a big jump up at open. Could be the day we break that ath.", "time": 1534836897.0, "sentiment": "Bullish"}, {"id": 134566308, "text": "You can imaging that stock market could crash in his 10 year aniversary, that would be sick man $SPY $AAPL", "time": 1534836742.0, "sentiment": "Bearish"}, {"id": 134565884, "text": "$AAPL got me a lot of cheap 215 calls for friday after a &quot;down day&quot;....u keep selling ill keep buying.  #panicsell please", "time": 1534836322.0, "sentiment": "Bullish"}, {"id": 134565483, "text": "$AAPL one down day....jump ship. Lol", "time": 1534835948.0, "sentiment": ""}, {"id": 134565017, "text": "Apple&#39;s Irrational Price $AAPL https://seekingalpha.com/article/4200732", "time": 1534835549.0, "sentiment": ""}, {"id": 134564852, "text": "Inevitable dollar collapse, $SPY inverted yield curve never ever lies my bull low volume rally my friend,does bond yield gonna crush $AAPL", "time": 1534835396.0, "sentiment": "Bearish"}, {"id": 134564521, "text": "$TSLA $AAPL W/ all respect @Catastrophik  Tim Cook runs the greatest company on the planet. $TSLA is a mess &amp; needs money. Musk is a nut job", "time": 1534835120.0, "sentiment": "Bullish"}, {"id": 134564367, "text": "$AAPL short play to $205 imo \u201cfirst red day\u201d pattern showing hasn\u2019t failed me yet! Price very extended @TrendSpider", "time": 1534834993.0, "sentiment": "Bearish"}, {"id": 134563837, "text": "$SPY $AAPL $AMZN $FB $UVXY $TVIX $BABA $TWTR $IQ $NFLX $SNAP $AMD $MU Ditto! \ud83d\ude03\ud83d\udc4d", "time": 1534834524.0, "sentiment": ""}, {"id": 134563666, "text": "$TSLA $AAPL Tim Cook would be the ideal no 2 for Tesla https://www.bloomberg.com/news/videos/2018-08-20/tim-cook-would-be-ideal-no-2-for-tesla-ross-gerber-says-video a partnership would be nice", "time": 1534834372.0, "sentiment": ""}, {"id": 134563505, "text": "@_Triggerer_ @Menay man your dumb lol. No value in $AAPL lol. They have enough cash on hand to buy $INTC if they wanted to", "time": 1534834231.0, "sentiment": ""}, {"id": 134563338, "text": "$TSLA irrelevant, its all about who owns the future of transport as 100% cars will become electric. $AAPL $AMZN", "time": 1534834058.0, "sentiment": ""}, {"id": 134563314, "text": "@calguy489 @JesseRockwell same with $AAPL, $V and other stocks I\u2019m in. Maybe I will come back to $BRK.B on a substantial drop.", "time": 1534834033.0, "sentiment": ""}, {"id": 134562841, "text": "$AAPL $KO $QCOM $BAC $VIPS $JD $GE $HBI $NVDA $AMD $BABA $AFL $TSLA $NFLX $FB $C $STZ $ETP Highest volume strikes", "time": 1534833633.0, "sentiment": ""}, {"id": 134562779, "text": "Todays bullish and bearish option flow: \n$SPX $BABA $SPY $AMZN $JD $FB $BAC $MU $AAPL $TWTR $BA $IQ $NVDA $AMD $AAPL $QQQ $FB  $TSLA $TEVA", "time": 1534833577.0, "sentiment": ""}, {"id": 134562538, "text": "$AAPL analysts on Estimize expect -1.02% YoY growth in iPad Sales for Q4, down from 11.39% in previous year [Reporting 10/30 AMC]\nhttp://www.estimize.com/intro/aapl?chart=change-over-time&amp;metric_name=ipad_unit_sales&amp;utm_content=AAPL&amp;utm_medium=metric_growth&amp;utm_source=stocktwits", "time": 1534833368.0, "sentiment": ""}, {"id": 134562537, "text": "$AAPL analysts on Estimize expect 3.41% YoY growth in iPhone Sales for Q4, up from 2.56% in previous year [Reporting 10/30 AMC]\nhttp://www.estimize.com/intro/aapl?chart=change-over-time&amp;metric_name=iphone_unit_sales&amp;utm_content=AAPL&amp;utm_medium=metric_growth&amp;utm_source=stocktwits", "time": 1534833367.0, "sentiment": ""}, {"id": 134562535, "text": "$AAPL analysts on Estimize expect 1.24% YoY growth in Gross Margins for Q4, up from -0.3% in previous year [Reporting 10/30 AMC]\nhttp://www.estimize.com/intro/aapl?chart=change-over-time&amp;metric_name=gross_margins&amp;utm_content=AAPL&amp;utm_medium=metric_growth&amp;utm_source=stocktwits", "time": 1534833367.0, "sentiment": ""}, {"id": 134562533, "text": "$AAPL analysts on Estimize expect -1.84% YoY growth in Mac Sales for Q4, down from 10.23% in previous year [Reporting 10/30 AMC]\nhttp://www.estimize.com/intro/aapl?chart=change-over-time&amp;metric_name=mac_unit_sales&amp;utm_content=AAPL&amp;utm_medium=metric_growth&amp;utm_source=stocktwits", "time": 1534833367.0, "sentiment": ""}, {"id": 134562384, "text": "$BABA https://www.bloomberg.com/news/videos/2018-08-16/jd-com-is-in-trouble-but-tencent-will-rebound-china-market-research-s-rein-says-video That Youku acq is really paying off vs $JD $IQ which makes OTT a must $AMZN $AAPL $GOOGL $FB $MSFT $NFLX", "time": 1534833246.0, "sentiment": ""}, {"id": 134562339, "text": "It&#39;s about that time to grab those Sept/Oct $AAPL puts. 200 strike $178 per contract.Plenty of time to be wrong.This will be a multi-bagger!", "time": 1534833212.0, "sentiment": ""}, {"id": 134561633, "text": "$AAPL $TSLA $BABA $FB $NVDA $NFLX $MU $BAC $AMD $QCOM $FLEX $GE $MSFT $WMT $JD $T $TWTR $C $TEVA $INTC $PFE $F $CSCO $IQ Most active options", "time": 1534832704.0, "sentiment": ""}, {"id": 134561385, "text": "$qqq the time has come. Negative divergence on daily and weekly now. $fb $amzn $nflx $googl $aapl $msft $spy", "time": 1534832512.0, "sentiment": "Bearish"}, {"id": 134561261, "text": "$SPY $AAPL You need to find yourself an Applebee\u2019s.", "time": 1534832407.0, "sentiment": ""}, {"id": 134561246, "text": "Price Returns vs Expected Daily Move $SODA $LULU $NKE $HBI $F $COTY $GM $TSLA $KO $MO $STZ $AAPL http://tinyurl.com/y7zbwhgq", "time": 1534832397.0, "sentiment": ""}, {"id": 134560752, "text": "$AAPL $FTR $NFLX $RRC $NVDA $TJX $DAL $TSLA $AFL $HBI $KSS $HIBB $BABA $DXC $SN $GS $PFE $CBRE $GWW $TOL $TEVA $AEP Unusual options activity", "time": 1534831999.0, "sentiment": ""}, {"id": 134560476, "text": "$SPY 283 or 280 \ud83e\udd14\ud83d\udc16\ud83d\udc16\ud83d\udc16\ud83d\udc16\ud83d\udd70\ud83d\udd70\ud83d\udd70\ud83d\udd70\ud83d\udca5\ud83d\udca5\ud83d\udca5\ud83e\udd53\ud83e\udd53\ud83e\udd53\ud83e\udd53\ud83e\udd53\ud83d\udd70\ud83e\udd53\ud83d\udd70 $SPY i really want my bacon \ud83e\udd53 the big $AAPL dump just started \ud83e\udd84\ud83e\udd84\ud83e\udd84\ud83e\udd84\ud83d\udc11\ud83d\udc11\ud83d\udc11\ud83d\udc37\ud83d\udc37", "time": 1534831867.0, "sentiment": "Bearish"}, {"id": 134560314, "text": "$AAPL [bto] 24AUG18 $215 Cs @ 1.96", "time": 1534831727.0, "sentiment": ""}, {"id": 134560216, "text": "$SOXL $SOXS $SOXX $SOX $SBUX $KO $T $SHOP $LB $AAPL $AMZN $LUV: check out the video; https://youtu.be/GXQQuxbelvc", "time": 1534831632.0, "sentiment": ""}, {"id": 134560129, "text": "$CGC was thinking of getting into $TLRY but $CGC looks like it\u2019s gonna be the $AAPL", "time": 1534831557.0, "sentiment": "Bullish"}, {"id": 134559892, "text": "$AAPL my personal opinion this got it\u2019s little breather time to run again", "time": 1534831355.0, "sentiment": "Bullish"}, {"id": 134559245, "text": "$AAPL well if you bought Apple like I did at 128 then bought on the way down to 90 then bought a shitload at 90 then bought otw up last 165.", "time": 1534830834.0, "sentiment": "Bullish"}, {"id": 134559017, "text": "$AAPL A good example how Smart money picks stops from Weak money unsophisticated day traders that are having stops just below the prev low.", "time": 1534830626.0, "sentiment": ""}, {"id": 134558635, "text": "$AAPL Some a******  initiated coverage.\nEveryone sells.I cannot believe people do this. This is $300 a share all day!\n TY for the free $$$", "time": 1534830345.0, "sentiment": "Bullish"}, {"id": 134558328, "text": "@rja_nyc However, that\u2019s only for the pullback. Otherwise I\u2019m long $AAPL, check the rest of my posts.", "time": 1534830106.0, "sentiment": ""}, {"id": 134558296, "text": "@rja_nyc I have puts Aug24th puts on $AAPL When buying naked puts, it\u2019s a \u201cbearish\u201d position, therefore I have a bearish stance.", "time": 1534830080.0, "sentiment": ""}, {"id": 134558267, "text": "$AAPL I have a feeling this mess is going right back to 210 before it turns around.  I\u2019ll try puts this time instead of calls. #yolo", "time": 1534830053.0, "sentiment": "Bullish"}, {"id": 134558194, "text": "Downgrades:\n\n$AAPL $NWSA $KGC $STZ $YOGA $INFY $PK $HT $NXST", "time": 1534829982.0, "sentiment": "Bearish"}, {"id": 134558108, "text": "Unusual Options:\n\n$NFLX $BABA $RRC $AAPL $MEET $AFL $NXPI $IQ $KSS $GS $DXC $PFE $STT $ACLS $TEVA", "time": 1534829928.0, "sentiment": ""}, {"id": 134557965, "text": "$AAPL if you\u2019re pro-buybacks and aren\u2019t investing with next month\u2019s rent, pullbacks and breathers are A-OK.", "time": 1534829826.0, "sentiment": ""}, {"id": 134557860, "text": "$SPY many interesting ichimokuu  charts. soo many far from equilibrium . several already dumping and ugly.. #LifeguardsonDuty $AAPL", "time": 1534829727.0, "sentiment": ""}, {"id": 134557807, "text": "@Lutar $AAPL ROFL. Reminds me of my anxiety-ridden, paranoid, **** in the head ex-GF who got scared cuz her family/friends liked me TOO much", "time": 1534829676.0, "sentiment": "Bullish"}, {"id": 134557664, "text": "@Lutar agreed. It will likely dip a bit, then laucnh time again. I sold some $SIX today as well as $AB and bought $AAPL. Had to.", "time": 1534829568.0, "sentiment": "Bullish"}, {"id": 134557568, "text": "Why Bulls Say Worries About FAANG Stocks Valuations Are Overdone\n\n$FB $AMZN $AAPL\n\nhttps://www.investopedia.com/news/why-bulls-say-worries-about-faang-stocks-valuations-are-overdone/", "time": 1534829492.0, "sentiment": ""}, {"id": 134557426, "text": "$AAPL IMO - maybe a bit more selling but then strong up move.", "time": 1534829373.0, "sentiment": ""}, {"id": 134557308, "text": "$BB Huawei Gets Caught with Deceptive Marketing Again - https://t.co/XtkTXRyFJl\n\n$AAPL $MSFT $GOOGL $AMZN $IBM $ORCL $CRM $TSLA $SNAP $FB \n\nHuawei fake selfie", "time": 1534829277.0, "sentiment": "Bullish"}, {"id": 134557237, "text": "$AAPL This sad excuse for &quot;analyst&quot; is probably very short. but joking aside - it just proves the point that 90% of &quot;analysts&quot; are IDIOTS!", "time": 1534829233.0, "sentiment": ""}, {"id": 134557199, "text": "Apple&#39;s Stock Is Still Making Warren Buffett Smile, For Now\n\n$AAPL \n\nhttps://www.thestreet.com/investing/stocks/apple-stock-is-still-making-warren-buffett-smile-for-now-14687670", "time": 1534829194.0, "sentiment": ""}, {"id": 134557061, "text": "@calguy489 @JesseRockwell you\u2019re right. When $AAPL and $V have been outperforming BRK/B and also happen to pay a dividend.", "time": 1534829084.0, "sentiment": ""}, {"id": 134556960, "text": "Down Moves: \n-1% $AAPL $DBA \n-0.7% $XBI \n-0.6% $EWZ \n-0.3% $XLU \n-0.2% $UUP \n-0.1% $XLK $DBB $EMB", "time": 1534829009.0, "sentiment": ""}, {"id": 134556934, "text": "$AAPL The fact apple does well is proof humanity is dumb.", "time": 1534828989.0, "sentiment": ""}, {"id": 134556651, "text": "$AAPL Let\u2019s see a close below $210 by EOW", "time": 1534828781.0, "sentiment": "Bearish"}, {"id": 134556405, "text": "$AAPL &quot;An analyst downgraded Apple today because the iPhone X is too popular.\u201d Must be popping too much Ambien.", "time": 1534828566.0, "sentiment": "Bullish"}, {"id": 134556171, "text": "Experts say Tesla board may have too many ties to CEO Musk $AAPL #AAPL https://www.marketbeat.com/n/3961360/", "time": 1534828363.0, "sentiment": ""}, {"id": 134556081, "text": "Top 5 LT momentum stocks of the S&amp;P 100: $LLY $PFE $MRK $AAPL $AGN \nBottom 5: $SLB $BKNG $HAL $F $GE https://bit.ly/2MmAWEt $ES_F $SPX $SPY", "time": 1534828287.0, "sentiment": ""}, {"id": 134556005, "text": "Top 5 ST momentum stocks of the S&amp;P 100:$LLY $QCOM $MRK $PFE $AAPL \n \nBottom 5:$INTC $GE $CVX $BKNG $FB https://bit.ly/2MmAWEt $ES_F $SPX $SPY", "time": 1534828224.0, "sentiment": ""}, {"id": 134555648, "text": "$AAPL bullish otherwise clownish.  I&#39;m bullish, long term", "time": 1534827946.0, "sentiment": ""}, {"id": 134555531, "text": "$AAPL Apple actually legitimately loves music and musicians. Organically cultivated reputation since the days of the iTunes Music Store.", "time": 1534827853.0, "sentiment": "Bullish"}, {"id": 134555390, "text": "Most Active Options 8/20/2018\n$AAPL $BABA $TSLA $NVDA $MU $BAC $NFLX $AMD $QCOM $FLEX $GE $MSFT $WMT $JD $t $TEVA $INTC $TWTR $PFF $F $C $IQ", "time": 1534827764.0, "sentiment": ""}, {"id": 134555000, "text": "Unusual Option Activity\n$FTR $RRC $DAL $AFL $HBI $NFLX $BABA $DXC $KSS $CBRE $PFE $GS $IQ $AEP $TEVA $AAPL $ACLS $RRC $STT $NXPI $DAL $MEET", "time": 1534827446.0, "sentiment": ""}, {"id": 134553776, "text": "$AAPL ... innovating their old catalog with tax repatriated money.  LoL.  Can we expect another MASSIVE 3\u00a2 beat, guys?", "time": 1534826473.0, "sentiment": ""}, {"id": 134553413, "text": "@_Triggerer_ time that you actually loose by trashing winners $AMD $AAPL $FB $GOOG $AMZN $NFLX", "time": 1534826215.0, "sentiment": "Bullish"}, {"id": 134553404, "text": "$AAPL Please drop 3$ at the open tommo so I can snag some cheap leaps. Wash rinse repeat", "time": 1534826210.0, "sentiment": "Bullish"}, {"id": 134552995, "text": "$AAPL Bears so funny up 25$ since ER trillion dollar company and there excited over a 2$ drop!! Professional clowns and dummies!!", "time": 1534825940.0, "sentiment": "Bullish"}, {"id": 134552513, "text": "$TSLA $AAPL CNBC professional clowns turn off!! Complete imbeciles!!", "time": 1534825651.0, "sentiment": ""}, {"id": 134552342, "text": "When Bears start to use CNBC as a Ref: point  for Shorting $TSLA make sure you bring up how they said Short $AAPL into ER at $180&#39;s :o)", "time": 1534825556.0, "sentiment": "Bullish"}, {"id": 134552289, "text": "$BABA BUY BUY BUY BABA GONNA SKYROCKET PRE AND AFTER EARNINGS!!!!\n\n$AAPL $NFLX $GOOGL $AMZN  JUMP IN GUYS!!!!!", "time": 1534825532.0, "sentiment": "Bullish"}, {"id": 134551700, "text": "$BABA For those who dont understand Tariffs this is silly yet very true w/ some nice facts $BIDU $JD $AMZN $SPY $AAPL https://www.youtube.com/watch?v=etkd57lPfPU", "time": 1534825148.0, "sentiment": "Bullish"}, {"id": 134551522, "text": "$AAPL nice healthy pullback today\ud83c\udf77", "time": 1534825028.0, "sentiment": ""}, {"id": 134551474, "text": "$SPY USA should make any trade with China.  We should impose an embargo just as we did to Russia $AAPL", "time": 1534824997.0, "sentiment": "Bullish"}, {"id": 134551460, "text": "Hot Options Report For End Of Day - Monday, August 20 $FLEX $AAPL $COM $BAC $KO $VIPS https://goo.gl/RdC4Ws", "time": 1534824984.0, "sentiment": ""}, {"id": 134551104, "text": "$NEP 2nd best investment I made this year, 1st was $AAPL", "time": 1534824785.0, "sentiment": "Bullish"}, {"id": 134550628, "text": "$LULU $AAPL $NKE  Choo, Choo!", "time": 1534824471.0, "sentiment": ""}, {"id": 134549129, "text": "while many deer in headlights over $AAPL drop  (selling a Billion last 3 days) the $USDJPY had a $Tickle dump below cloud. #Carrytrade $SPY", "time": 1534823534.0, "sentiment": ""}, {"id": 134549056, "text": "$SPY $AAPL Still not believing gold", "time": 1534823491.0, "sentiment": ""}, {"id": 134548908, "text": "$AAPL Tricky Dicky. What comes tomorrow?  So, many variations. Most of them have +ive bullish outcomes. Buy right", "time": 1534823399.0, "sentiment": ""}, {"id": 134548786, "text": "$TSLA $AAPL better get moving on a merger before the shares take off tomorrow.", "time": 1534823330.0, "sentiment": "Bullish"}, {"id": 134548462, "text": "You know, why smart money was all defensive? moving  real state and high yield stocks, why gold is rallying&quot;Inverted yield curve $SPY $AAPL", "time": 1534823174.0, "sentiment": "Bearish"}, {"id": 134548432, "text": "$AAPL consolidation day nice way for another leg up easy", "time": 1534823155.0, "sentiment": "Bullish"}, {"id": 134548312, "text": "$AAPL &quot;Remarkable how the narrative went from &#39;iPhone X a dud, they&#39;re gonna cancel it&#39; to &#39;it was so successful almost everyone bought it&#39;&quot;", "time": 1534823104.0, "sentiment": "Bullish"}, {"id": 134548189, "text": "$AAPL Wait for it....comes down like last year early Sept around the first. 200-203. IMO", "time": 1534823037.0, "sentiment": ""}, {"id": 134548157, "text": "$AAPL $210 would fill an earlier gap for a swing trade. Broader market will dictate.", "time": 1534823009.0, "sentiment": "Bullish"}, {"id": 134548043, "text": "Price Moves vs Expected Moves $NFLX $MU $BABA $NVDA $AMD $TSLA $EEM $BAC $HYG $FB $AAPL $VXX http://tinyurl.com/y7zbwhgq", "time": 1534822942.0, "sentiment": ""}, {"id": 134547946, "text": "$AAPL buy $NFLX and $FB", "time": 1534822893.0, "sentiment": "Bullish"}, {"id": 134547837, "text": "$AAPL bought BABA at $165.5 &amp; $172 and NFLX at $312 &amp; $325. BABA. Way over done.", "time": 1534822842.0, "sentiment": ""}, {"id": 134547650, "text": "$AAPL sat at the DMV all day and didn&#39;t get seen. Bought the Friday 215 call. Pic unrelated...or is it?", "time": 1534822739.0, "sentiment": "Bullish"}, {"id": 134547634, "text": "$AAPL I\u2019m out of AAPL as of $217 only because it\u2019s a little overbought. Looking for a good entry point start a fresh position.", "time": 1534822730.0, "sentiment": "Bullish"}, {"id": 134547447, "text": "$AAPL you gotta laugh!!!", "time": 1534822626.0, "sentiment": ""}, {"id": 134547378, "text": "Stocks that have contributed the most to this historic bull market https://cnb.cx/2BuLKLI $AAPL $MSFT $JPM $GE $WFC $AMZN $JNJ $XOM $IBM", "time": 1534822591.0, "sentiment": ""}, {"id": 134547367, "text": "$AAPL that\u2019s 1 dumbshit analyst out of more than 50.", "time": 1534822586.0, "sentiment": ""}, {"id": 134547291, "text": "Some of todays most active stock options 8.20.18 $FLEX $AAPL $KO $VIPS $JD $NVDA $AMD $BABA", "time": 1534822545.0, "sentiment": ""}, {"id": 134547260, "text": "$AAPL soooo What happened? \ud83d\ude09", "time": 1534822534.0, "sentiment": ""}, {"id": 134547177, "text": "$AAPL he basically said sell because the iPhone was too popular.", "time": 1534822496.0, "sentiment": ""}, {"id": 134546957, "text": "Apple Bulls Make Quick, Fast Gains at All-Time High $AAPL http://dlvr.it/QgXYjW", "time": 1534822391.0, "sentiment": ""}, {"id": 134546874, "text": "$AAPL keep buying those overpriced apple products \ud83d\udca9\ud83d\udca9\ud83d\udca9", "time": 1534822355.0, "sentiment": ""}, {"id": 134546790, "text": "$AAPL https://www.cnbc.com/2018/08/20/apple-shares-downgraded-because-the-iphone-x-is-too-popular.html\n \nIphone X is eating into 2019 &amp; 2020 sells new pricepoint is marked at $165", "time": 1534822314.0, "sentiment": "Bearish"}, {"id": 134546733, "text": "Mr. Pierre Ferragu of New Street Research, who today said sell $AAPL because the iPhone is too popular, has a $530 price target on Tesla", "time": 1534822293.0, "sentiment": "Bullish"}, {"id": 134546688, "text": "@AceDecade If we don\u2019t see any serious economic downturn, and $AAPL kills Q3 ER. I could see $240-$250 fairly easily.", "time": 1534822259.0, "sentiment": ""}, {"id": 134546637, "text": "$BABA Tell me why Trump is trying so hard to bash China as things start to get going? That makes no sense $AAPL $QQQ $SPY $FB $AMZN $TSLA", "time": 1534822240.0, "sentiment": "Bullish"}, {"id": 134546500, "text": "New Street Research downgrades Apple to sell - http://cnbc.com/id/105406218\n\n$AAPL", "time": 1534822179.0, "sentiment": ""}, {"id": 134546495, "text": "Fourth-Generation Apple Watch Could Debut In September $AAPL @apple @investors http://bit.ly/2N8gPq4", "time": 1534822176.0, "sentiment": ""}, {"id": 134546330, "text": "$AAPL, I saw forest gump today and saw the apple scene went he Became rich. Was it a sign? Gimme the finger up if u think so", "time": 1534822083.0, "sentiment": "Bullish"}, {"id": 134546298, "text": "$AAPL Pro-focused MAC Mini???? YES PLEASE!!!!", "time": 1534822067.0, "sentiment": "Bullish"}, {"id": 134546228, "text": "Monday Madness: Nvidia&#39;s New Chip, Alibaba&#39;s Ready to Report $NVDA $AAPL $BABA http://bit.ly/2MzPcsT", "time": 1534822034.0, "sentiment": ""}, {"id": 134546160, "text": "$AAPL This will drop to 190s before the next leg up.", "time": 1534822011.0, "sentiment": "Bullish"}, {"id": 134546072, "text": "Hey my bull friend a little bit of knowledge for you $SPY $AAPL enjoy your all time highs :&#39;v", "time": 1534821969.0, "sentiment": "Bearish"}, {"id": 134545840, "text": "$AAPL estimates distribution - here\u2019s what 230 Estimize analysts are expecting $AAPL to report for Q4 [Reporting 10/30 AMC]\nhttp://www.estimize.com/intro/aapl?chart=scatter-plot&amp;metric_name=eps&amp;utm_content=AAPL&amp;utm_medium=distribution&amp;utm_source=stocktwits", "time": 1534821866.0, "sentiment": ""}, {"id": 134545766, "text": "Hey, i little bit of history did you know that the market show an inverted yield curve before crash 2000? $SPY bulls just be careful $AAPL", "time": 1534821837.0, "sentiment": "Bearish"}, {"id": 134545695, "text": "@AceDecade position. $AAPL is on a good trend. Just not sure how they are going to withstand times of domestic downturn I think are coming", "time": 1534821794.0, "sentiment": ""}, {"id": 134545614, "text": "$AAPL so, ah, Elite_Dan, about your prediction this morning...", "time": 1534821753.0, "sentiment": "Bullish"}, {"id": 134545460, "text": "$AAPL Watch Apple get an upgrade tomorrow. No one knows who that firm is.  I\u2019ve never heard of them. Again everyone was bulls on Friday????", "time": 1534821703.0, "sentiment": "Bullish"}, {"id": 134545293, "text": "$AAPL Everyone was super bullish on Friday when it was almost the same price as it is now. What has changed LOL. It\u2019s so ridiculous on here", "time": 1534821653.0, "sentiment": "Bullish"}, {"id": 134545188, "text": "Hot Options Report For End Of Day August 20th \u2013 $FLEX, $AAPL, $QCOM, $BAC, $KO, $VIPS \nhttp://www.theoptionsinsider.com/hot-options-report-for-end-of-day-august-20th-flex-aapl-qcom-bac-ko-vips/", "time": 1534821610.0, "sentiment": ""}, {"id": 134545080, "text": "$AAPL can&#39;t wait to buy more calls in the AM. Let&#39;s get this money guys", "time": 1534821565.0, "sentiment": ""}]