[{"id": 134676053, "text": "$AAPL distribution taking place $qqq", "time": 1534909798.0, "sentiment": "Bearish"}, {"id": 134676000, "text": "$AAPL \ud83d\udcc9\ud83d\udc47\ud83e\udd2e", "time": 1534909777.0, "sentiment": "Bearish"}, {"id": 134675498, "text": "$AAPL Green day tomorrow mark my words", "time": 1534909555.0, "sentiment": "Bullish"}, {"id": 134674399, "text": "$AAPL called it", "time": 1534909075.0, "sentiment": ""}, {"id": 134674067, "text": "Down Moves: \n-3.2% $EWZ \n-0.9% $XLRE \n-0.7% $XLU $XLP \n-0.6% $UUP \n-0.3% $TLT $FXY  \n-0.1% $AAPL $DBA", "time": 1534908923.0, "sentiment": ""}, {"id": 134673871, "text": "$AAPL please $210 tomorrow \ud83c\udf4e", "time": 1534908829.0, "sentiment": ""}, {"id": 134673771, "text": "$AAPL \ud83c\udf4e tomorrow", "time": 1534908788.0, "sentiment": ""}, {"id": 134673551, "text": "If $SPY is red tomorrow which I think it will be then $AAPL is gonna take a hit", "time": 1534908701.0, "sentiment": "Bearish"}, {"id": 134672828, "text": "Hot Options Report For End Of Day August 21st - $EA, $MS, $AAPL, $GE, $QCOM \nhttp://www.theoptionsinsider.com/hot-options-report-for-end-of-day-august-21st-ea-ms-aapl-ge-qcom/", "time": 1534908384.0, "sentiment": ""}, {"id": 134672822, "text": "$AAPL dayyumm.... https://www.macrumors.com/2018/08/21/fortnite-could-launch-apple-tv/", "time": 1534908383.0, "sentiment": ""}, {"id": 134672785, "text": "S&amp;P 500 reaches all-time high, ties record for longest bull market - http://cnbc.com/id/105291795\n\n$msft $aapl $roku $cgc $WEED.CA $JWN $aapl $TOL $FN", "time": 1534908369.0, "sentiment": ""}, {"id": 134672628, "text": "$AAPL will be red tomorrow \ud83d\udcc9\ud83e\udd2e", "time": 1534908300.0, "sentiment": "Bearish"}, {"id": 134672342, "text": "Apple $AAPL PT Raised to $250 at BofA/Merrill Lynch", "time": 1534908176.0, "sentiment": ""}, {"id": 134672312, "text": "$AAPL $TSLA ok grandpa", "time": 1534908168.0, "sentiment": ""}, {"id": 134672153, "text": "$AAPL analysts on Estimize are expecting 31.93% YoY EPS growth for Q4, down from 40.12% in Q3 [Reporting 10/30 AMC]\nhttp://www.estimize.com/intro/aapl?chart=historical&amp;metric_name=eps&amp;utm_content=AAPL&amp;utm_medium=eps_growth&amp;utm_source=stocktwits", "time": 1534908104.0, "sentiment": ""}, {"id": 134671895, "text": "2 Popular Apple Put Options https://www.schaeffersresearch.com/content/news/2018/08/21/2-popular-apple-put-options $AAPL", "time": 1534908013.0, "sentiment": ""}, {"id": 134671467, "text": "$AAPL CLOSES LOWER FOR THE 2ND DAY IN A ROW: https://techniquant.com/reports/stock-aapl-daily-technical-analysis-report-for-2018-08-21/", "time": 1534907863.0, "sentiment": ""}, {"id": 134671380, "text": "$AMZN $AAPL $NFLX $CGC $FB $SPY $QQQ a decade of propping up growth stocks by WS took it&#39;s tall on safe investments https://www.marketwatch.com/story/chicago-mulls-sale-of-debt-to-fill-pension-funding-hole-heres-why-its-a-bad-idea-2018-08-21", "time": 1534907841.0, "sentiment": "Bearish"}, {"id": 134671227, "text": "While you scream the All time high watching CNBC and cramer, I was waiting for crush the biggest bubble in US History $SPY $QQQ $AAPL $BABA", "time": 1534907803.0, "sentiment": "Bearish"}, {"id": 134671089, "text": "ETFs In Focus On GICS Changes: Top Tech &amp; FANG $XLC $XLK $VGT Also $GOOGL $FB $NFLX $AAPL $MSFT https://goo.gl/ziiBRU", "time": 1534907761.0, "sentiment": ""}, {"id": 134670988, "text": "$FB $AMZN $AAPL Yes, I\u2019m still short all of these. \ud83d\udc4a\ud83c\udffb", "time": 1534907730.0, "sentiment": "Bearish"}, {"id": 134670853, "text": "@PerSE @reez007 @AlexanderHandleton @Boyle @Stockcat01 @luvngspnful @00jeson @Frenzy @BlackOp  $AAPL Should =&gt;Lead= FANG Down $SPY $VIX", "time": 1534907682.0, "sentiment": "Bearish"}, {"id": 134670681, "text": "@PerSE @reez007 @AlexanderHandleton @Boyle @Stockcat01 @luvngspnful @00jeson @Frenzy @BlackOp $AAPL overbought At;est $10 hit FANG $SPY $VIX", "time": 1534907627.0, "sentiment": "Bearish"}, {"id": 134670316, "text": "The top 10 movies on the iTunes Store $AAPL #AAPL https://www.marketbeat.com/n/3962104/", "time": 1534907530.0, "sentiment": ""}, {"id": 134670033, "text": "$AAPL $SPY  Denial phase for Bulls lol. This dude is 24/7 spuwing on Apple. You must be retarded to follow this instagram boy. Shit trader.", "time": 1534907439.0, "sentiment": ""}, {"id": 134670012, "text": "$AAPL keep going on sale I will keep buying you", "time": 1534907433.0, "sentiment": ""}, {"id": 134669510, "text": "$AAPL tommorow could get ugly. Couldn&#39;t form a reversal today. $213 almost guaranteed", "time": 1534907280.0, "sentiment": "Bearish"}, {"id": 134669496, "text": "$SPY happy ten year bull anniversary \ud83e\udd84\ud83e\udd84\ud83e\udd84\ud83e\udd84\ud83e\udd84\ud83e\udd84\ud83e\udd84\ud83e\udd84\ud83d\udc37\ud83d\udc37\ud83d\udc37\ud83d\udc37\ud83d\udc37\ud83d\udca5\ud83d\udca5\ud83d\udca5\ud83d\udca5\ud83d\udca5\ud83d\udca5\ud83d\udd70BOOM $AAPL $FB $BABA", "time": 1534907276.0, "sentiment": "Bearish"}, {"id": 134668344, "text": "$AAPL $BDX $ANTM $COST Trade Tracker Report for Aug 21, 2018 $QQQ $SPX $IWM #success #trading #options #stock #investing", "time": 1534906949.0, "sentiment": "Bullish"}, {"id": 134667658, "text": "$AAPL Gonna close even,,,, burn theta day is all!!", "time": 1534906766.0, "sentiment": ""}, {"id": 134667232, "text": "$SPY Denial phase begins, they would try to justify all time highs as indicator to the market to go higher, they listen to cramer and $AAPL", "time": 1534906630.0, "sentiment": "Bearish"}, {"id": 134667123, "text": "Option Block Trades Screener  4 trade Ideas $PSTG $SPY $AMTD $AMD $SKY $SVXY $CPB $IWN $PBR $AMLP $AAPL $CSCO $PBR https://marketchameleon.com/Screeners/OptionTrades", "time": 1534906595.0, "sentiment": ""}, {"id": 134666710, "text": "$AAPL Come on FILL!!!", "time": 1534906460.0, "sentiment": ""}, {"id": 134666569, "text": "$QQQ $AAPL $SPY  Omg this guy is such a tool. He was wrong many times already. Just another emotion trader.", "time": 1534906424.0, "sentiment": ""}, {"id": 134666566, "text": "As a said before last stage of euphoria reach today, $SPY $QQQ $AAPL now correction begins, :&#39;v", "time": 1534906424.0, "sentiment": "Bearish"}, {"id": 134666364, "text": "$AMZN $BABA $TSLA $AAPL $FB $QQQ good chance he will continue to mess it and many other things up. ie burn that coal. Good for the air...", "time": 1534906362.0, "sentiment": ""}, {"id": 134666243, "text": "Hey those who call me rookie smart money selling $SPY $QQQ dumb money buying $SPY all time high lesson learn? $AAPL", "time": 1534906325.0, "sentiment": "Bearish"}, {"id": 134666221, "text": "$AAPL see you at 213 today", "time": 1534906320.0, "sentiment": ""}, {"id": 134665996, "text": "$AAPL yup", "time": 1534906255.0, "sentiment": ""}, {"id": 134665943, "text": "$AAPL Keep dropping so Apple can buyback cheaper!", "time": 1534906237.0, "sentiment": "Bullish"}, {"id": 134665554, "text": "$AAPL Will take 214.00 for the close", "time": 1534906107.0, "sentiment": ""}, {"id": 134665491, "text": "$AAPL Cohen spilling beans at 4pm et", "time": 1534906085.0, "sentiment": ""}, {"id": 134665438, "text": "$AAPL \n\nare you going up or are you going down? \n\nMAKE UP YO DAMM MIND!!!", "time": 1534906067.0, "sentiment": "Bullish"}, {"id": 134665350, "text": "$BRK.B $BRK.A now red.   i had a feeling you would dump it Berkshire... careful $AAPL $SPY", "time": 1534906039.0, "sentiment": ""}, {"id": 134664869, "text": "Big bullish unusual option activity detected: $AAPL, $AMD, $BABA, $SGMS, $MU - big bearish: $NLSN, $QCOM, $BABA, $TSLA, $FEZ", "time": 1534905875.0, "sentiment": ""}, {"id": 134664638, "text": "$WMT no plans to accept $AAPL pay: https://www.macrumors.com/2018/08/21/walmart-no-plans-to-accept-apple-pay/", "time": 1534905791.0, "sentiment": ""}, {"id": 134664515, "text": "$AAPL A nice dump before close, what you say WS? $$$$$$$$$$$$$$$$$$$$$$$$$$$", "time": 1534905747.0, "sentiment": "Bullish"}, {"id": 134664443, "text": "$SPY $googl $aapl $qqq $amzn looks like we&#39;ll sell into closing", "time": 1534905719.0, "sentiment": ""}, {"id": 134664392, "text": "$AAPL I want those Feb 200&#39;s for 23$ Alex!!!", "time": 1534905699.0, "sentiment": "Bullish"}, {"id": 134664139, "text": "$AAPL I guess I&#39;ll hold since its trying to get past 217", "time": 1534905606.0, "sentiment": ""}, {"id": 134664129, "text": "$AAPL puts on puts", "time": 1534905604.0, "sentiment": "Bearish"}, {"id": 134663938, "text": "$SPY $TNA $IWM $IYT $QQQ $FAS https://www.bloomberg.com/news/articles/2018-08-21/shacking-up-with-mom-and-dad?utm_content=business&amp;utm_source=twitter&amp;cmpid=socialflow-twitter-business&amp;utm_medium=social&amp;utm_campaign=socialflow-organic The stock market is ATH $AAPL $GOOGL $FB $AMZN $NFLX $MSFT $SPOT Blowout earnings $WMT", "time": 1534905527.0, "sentiment": ""}, {"id": 134663773, "text": "$AAPL why the dump? Looked away since I&#39;m at work and came back to a nose dive.", "time": 1534905460.0, "sentiment": ""}, {"id": 134663716, "text": "@SheriDew I\u2019d guess you ask yourself the same thing about $AMZN , $AAPL etc. stop investing in $DISH and buy $NFLX  the future", "time": 1534905440.0, "sentiment": "Bullish"}, {"id": 134663512, "text": "$AAPL See green EOD?", "time": 1534905369.0, "sentiment": "Bullish"}, {"id": 134662405, "text": "$TSLA take your profits bulls, tomorrow will be the different day. SEC investigation is on so anything can happen. Good chance to buy $AAPL", "time": 1534904932.0, "sentiment": ""}, {"id": 134662267, "text": "$SPY took a bit of profits from $tsla earlier in the day, now $AMD 50% cash now, looking at $msft $aapl if pullback \nstill holding$aapl puts", "time": 1534904880.0, "sentiment": ""}, {"id": 134662217, "text": "$AAPL no it\u2019s not - Apple and Buffett, just for starters.", "time": 1534904859.0, "sentiment": ""}, {"id": 134661767, "text": "$AAPL crushed it on 215 calls this am and 215 puts this afternoon \ud83d\ude02", "time": 1534904675.0, "sentiment": ""}, {"id": 134661556, "text": "$AAPL FED meeting trmw is an easy one for the market...there will be no interest raised! $$$$$$$$$$$$$$$$$", "time": 1534904597.0, "sentiment": "Bullish"}, {"id": 134661398, "text": "$AAPL if market is green 2 days in a row and Apple is red 2 days in a row that\u2019s sayin something", "time": 1534904535.0, "sentiment": "Bearish"}, {"id": 134661325, "text": "$AAPL It is a mystery who is buying this stock at this very highs.", "time": 1534904504.0, "sentiment": ""}, {"id": 134661180, "text": "$aapl we got those puts at the right time on apple, now riding with stop at break even.", "time": 1534904456.0, "sentiment": ""}, {"id": 134661100, "text": "Apple Services Revenue: Not All Fun And Games https://benzinga.com/z/12237576 $AAPL", "time": 1534904421.0, "sentiment": ""}, {"id": 134660905, "text": "$AAPL The tech giant has reportedly purged as many as 25,000 apps during a recent crackdown. https://stocknews.com/news/aapl-apple-inc-aapl-taking-a-harder-line-with-china-apps/", "time": 1534904333.0, "sentiment": ""}, {"id": 134660868, "text": "Despite the ATH from $SPY today the whole damn market traded sideways lol. $SQ $PLNT $AAPL $CGC $CRON $AMZN $PFE $TEVA $NFLX", "time": 1534904320.0, "sentiment": ""}, {"id": 134660854, "text": "$AAPL A whole lot of BS that has nothing do with the Market is buying opp! $$$$$$$$$$$$$$$$$$$$$$$$$$$$$", "time": 1534904315.0, "sentiment": "Bullish"}, {"id": 134660833, "text": "$NFLX going  back down.   Short Calls here.   $AAPL perturbed the Flix trying to bypass Apple Renew App.  Not nice.  $VZ  will be the winner", "time": 1534904306.0, "sentiment": ""}, {"id": 134660695, "text": "$AAPL not a good sign when rally have leaders lagging $AMZN $GOOG", "time": 1534904254.0, "sentiment": ""}, {"id": 134660687, "text": "$AAPL i feel like most people are thinking short term pullback long term to the moon", "time": 1534904248.0, "sentiment": "Bearish"}, {"id": 134660492, "text": "$TSLA In the age of Global Warming; what is the value of Tesla that owns the EV space and is the Number 1 GREEN brand in the world. $AAPL", "time": 1534904172.0, "sentiment": "Bullish"}, {"id": 134660432, "text": "$AAPL \ud83d\ude44", "time": 1534904148.0, "sentiment": "Bullish"}, {"id": 134660029, "text": "$AAPL What will be a new entry point? I want more!!!!", "time": 1534903995.0, "sentiment": "Bullish"}, {"id": 134659564, "text": "$AAPL bounced off 215.20 perfectly. Third time.", "time": 1534903832.0, "sentiment": "Bullish"}, {"id": 134659295, "text": "$AAPL second day of lower high and lower low and probably another poor close, the pump seems done the move to it&#39;s 5 EMA  playing out", "time": 1534903722.0, "sentiment": ""}, {"id": 134659270, "text": "$AAPL next earning call is going to be a dip", "time": 1534903708.0, "sentiment": ""}, {"id": 134659224, "text": "$AAPL btmfd", "time": 1534903691.0, "sentiment": "Bullish"}, {"id": 134659064, "text": "$AAPL simply inexplainable, algos have ruled this for years", "time": 1534903628.0, "sentiment": ""}, {"id": 134658979, "text": "$AAPL dippy egg dippy egg. Buy the Dip!", "time": 1534903589.0, "sentiment": "Bullish"}, {"id": 134658887, "text": "$AAPL Someone took one hell of a Profit! Congratulations. So now up 0.07 cents the shorts are dancing? Really? STUPIDOS!", "time": 1534903556.0, "sentiment": ""}, {"id": 134658732, "text": "$AAPL started a short term bearish trade with 215 puts expiring on sep 21", "time": 1534903498.0, "sentiment": ""}, {"id": 134658464, "text": "#Update(13)  $AAPL Aug-24 215 Calls Up +38%.  1.6 to 2.2 per contract since alerted on Aug 17. \n\n3 daystoexpire", "time": 1534903399.0, "sentiment": "Bullish"}, {"id": 134657806, "text": "$AMZN $aapl I haven\u2019t forgotten about you two", "time": 1534903164.0, "sentiment": "Bearish"}, {"id": 134657602, "text": "$AAPL thanks for the dip", "time": 1534903088.0, "sentiment": "Bullish"}, {"id": 134657547, "text": "$AAPL loaded more calls.", "time": 1534903065.0, "sentiment": "Bullish"}, {"id": 134657448, "text": "$AAPL sorry bears, not this time", "time": 1534903031.0, "sentiment": "Bullish"}, {"id": 134657362, "text": "@Tradereversal Think $OLED might pull in a bit when $AAPL dips? Pondering whether to get in around where we are today or let it dip a bit.", "time": 1534902998.0, "sentiment": ""}, {"id": 134657316, "text": "$AAPL ", "time": 1534902981.0, "sentiment": "Bearish"}, {"id": 134657308, "text": "$AAPL short here 215.70 target is 208.00", "time": 1534902977.0, "sentiment": ""}, {"id": 134657287, "text": "$AAPL The BEST dips on the market $$$$$$$$$$$$$$$$$$$$$$$$$$$$$$$$$$$$$$$$$", "time": 1534902969.0, "sentiment": "Bullish"}, {"id": 134657272, "text": "$AAPL must be the Michael Cohen plea deal which means Mueller has Trump cornered. Trump can sense it and so can the market", "time": 1534902965.0, "sentiment": ""}, {"id": 134657227, "text": "$AAPL hope y\u2019all been playing my plays \ud83e\udd11", "time": 1534902947.0, "sentiment": ""}, {"id": 134657143, "text": "Down goes Frazier $AAPL", "time": 1534902914.0, "sentiment": ""}, {"id": 134656989, "text": "$AAPL wait for it", "time": 1534902858.0, "sentiment": "Bullish"}, {"id": 134656910, "text": "$SPY da $aapl went red", "time": 1534902829.0, "sentiment": ""}, {"id": 134656885, "text": "$AAPL", "time": 1534902820.0, "sentiment": "Bearish"}, {"id": 134656840, "text": "$AMD Jesus christ the entire tech sector is crashing atm. Wtf news just broke? $AMZN $AAPL", "time": 1534902806.0, "sentiment": "Bearish"}, {"id": 134656756, "text": "$AAPL wow", "time": 1534902772.0, "sentiment": "Bullish"}, {"id": 134656663, "text": "$AAPL WS crackheads are at it again! $$$$$$$$$$$$$$$$$$$$$$$$$$$$$$$$$$$$$", "time": 1534902733.0, "sentiment": "Bullish"}, {"id": 134656608, "text": "Languages Supported by Major Smart Assistants: $AAPL w/ 21 languages vs $GOOG w/ 15 vs $MSFT w/ 8 vs $AMZN w/ 3", "time": 1534902716.0, "sentiment": ""}, {"id": 134656527, "text": "$VIX broke high.. be ready for fast set waves.. yellow surf flags  going up.  $SPY $AAPL #FaangReef ichimokuuu", "time": 1534902691.0, "sentiment": ""}, {"id": 134656520, "text": "$AAPL going red in T minus....", "time": 1534902690.0, "sentiment": "Bearish"}, {"id": 134656513, "text": "$AAPL ANOTHER V ACTION!", "time": 1534902688.0, "sentiment": "Bullish"}, {"id": 134656435, "text": "$AAPL Nice...going to load up again before close...$$$$$$$$$$$$$$$$$$$$$$$$$$$$$$$", "time": 1534902660.0, "sentiment": "Bullish"}, {"id": 134656303, "text": "$AAPL $TSLA Just blocked for a lack of content.", "time": 1534902612.0, "sentiment": ""}, {"id": 134656175, "text": "$AAPL $TSLA Never listen to anyone whose entire message is a hashtag. #Sad", "time": 1534902559.0, "sentiment": ""}, {"id": 134656070, "text": "Global Smart Speaker Shipments Expected to Grow at 35% Growth Rate. FY17 mkt share: $AMZN 58.2% vs $GOOG 25.3% vs $AAPL 3.9% vs $SONO 3.6%", "time": 1534902522.0, "sentiment": ""}, {"id": 134656066, "text": "$AAPL $AMZN $SPY  with all the puts bought expecting  pullback, this can prop n chop theta burn for weeks", "time": 1534902521.0, "sentiment": ""}, {"id": 134655895, "text": "$AAPL $TSLA #NeverBuyTesla", "time": 1534902464.0, "sentiment": ""}, {"id": 134655838, "text": "$AAPL putz", "time": 1534902441.0, "sentiment": ""}, {"id": 134655816, "text": "$GOOG $GOOGL just dumped $10.. gee what a surprise.. $SPY $AAPL", "time": 1534902430.0, "sentiment": ""}, {"id": 134655611, "text": "Worldwide AI Revenue Forecast, 2016\u201325: Up  +57% CAGR - $AMZN $GOOG $AAPL $IBM $BABA $YNDX $FB", "time": 1534902359.0, "sentiment": ""}, {"id": 134654982, "text": "$AAPL estimates distribution - here\u2019s what 15 Estimize analysts are expecting $AAPL to report for Q4 Gross Margins on 10/30 AMC.\nhttp://www.estimize.com/intro/aapl?chart=scatterplotOrHistogram&amp;metric_name=gross_margins&amp;utm_content=AAPL&amp;utm_medium=metric_distribution&amp;utm_source=stocktwits", "time": 1534902127.0, "sentiment": ""}, {"id": 134654981, "text": "$AAPL estimates distribution - here\u2019s what 12 Estimize analysts are expecting $AAPL to report for Q4 Mac Sales on 10/30 AMC.\nhttp://www.estimize.com/intro/aapl?chart=scatterplotOrHistogram&amp;metric_name=mac_unit_sales&amp;utm_content=AAPL&amp;utm_medium=metric_distribution&amp;utm_source=stocktwits", "time": 1534902127.0, "sentiment": ""}, {"id": 134654979, "text": "$AAPL estimates distribution - here\u2019s what 21 Estimize analysts are expecting $AAPL to report for Q4 iPhone Sales on 10/30 AMC.\nhttp://www.estimize.com/intro/aapl?chart=scatterplotOrHistogram&amp;metric_name=iphone_unit_sales&amp;utm_content=AAPL&amp;utm_medium=metric_distribution&amp;utm_source=stocktwits", "time": 1534902127.0, "sentiment": ""}, {"id": 134654901, "text": "$AAPL   \nApple Is Planning a New Low-Cost MacBook, Pro-Focused Mac Mini https://is.gd/9LWExU", "time": 1534902096.0, "sentiment": ""}, {"id": 134654863, "text": "$AAPL mark", "time": 1534902083.0, "sentiment": ""}, {"id": 134654647, "text": "$AAPL exhausted. Gasping. Wants to rest at 200", "time": 1534902000.0, "sentiment": "Bearish"}, {"id": 134654616, "text": "McKinsey: Est&#39;d global IoT mkt to be worth $4\u2013$11T annually by 2025 w/ majority of spending for upstream software services.$AMZN $GOOG $AAPL", "time": 1534901989.0, "sentiment": ""}, {"id": 134654505, "text": "$AAPL estimates distribution - here\u2019s what 11 Estimize analysts are expecting $AAPL to report for Q4 iPad Sales on 10/30 AMC.\nhttp://www.estimize.com/intro/aapl?chart=scatterplotOrHistogram&amp;metric_name=ipad_unit_sales&amp;utm_content=AAPL&amp;utm_medium=metric_distribution&amp;utm_source=stocktwits", "time": 1534901948.0, "sentiment": ""}, {"id": 134654342, "text": "$AAPL Looking to protect/short/buyputs mid to late next week. Expecting early Sept pull back. BUYING THE DIP AFTER IMO. muchn higher 2019.", "time": 1534901899.0, "sentiment": ""}, {"id": 134654109, "text": "$SPY This is exactly what we should expect from the Traitor. Mrkt reached ATH &amp; we have to deal w/ his crap $AMZN $BABA $TSLA $AAPL $FB", "time": 1534901827.0, "sentiment": "Bullish"}, {"id": 134653970, "text": "$AAPL $195 goal.", "time": 1534901780.0, "sentiment": "Bearish"}, {"id": 134653853, "text": "$AAPL I&#39;m sorry, just having a hard time understanding this valuation. Looking for opportunities to begin building short position.", "time": 1534901748.0, "sentiment": "Bearish"}, {"id": 134653849, "text": "All the fairy dust is about to go, $SPY $UVXY $AAPL $FB Happy aniversary 10 year the biggest bubble in US History! We want justice!", "time": 1534901747.0, "sentiment": "Bearish"}, {"id": 134653693, "text": "$SPY $AAPL $QQQ Stay thirsty, I mean short, my friends.", "time": 1534901683.0, "sentiment": "Bearish"}, {"id": 134653680, "text": "All Creatures Big And Small $SPY $RUT $rev $ttph $lci $sly $nflx $fb $aapl $amzn $goog https://bit.ly/2N6A2YS", "time": 1534901681.0, "sentiment": ""}, {"id": 134653535, "text": "$AAPL - $NFLX testing how to bypass Itunes billing in 33 countries", "time": 1534901619.0, "sentiment": ""}, {"id": 134653355, "text": "Big bullish unusual option activity detected: $BABA, $MU, $AMD, $SGMS, $AAPL - big bearish: $TLT, $QCOM, $NLSN, $TSLA, $BABA", "time": 1534901565.0, "sentiment": ""}, {"id": 134652651, "text": "$SPY $QQQ $AAPL $FB the truth isn\u2019t the truth is about to be reales the biggest fraud in us history will explode this ugly fat bubble \ud83d\udc37\ud83e\udd53\ud83d\udd70", "time": 1534901329.0, "sentiment": "Bearish"}, {"id": 134652504, "text": "$AAPL ", "time": 1534901282.0, "sentiment": "Bullish"}, {"id": 134651950, "text": "$AAPL almost a billion sold last week.. they have to ripen the tomatoes again .. more  selling today. the  total should be interesting $SPY", "time": 1534901086.0, "sentiment": ""}, {"id": 134651612, "text": "$SPY $aapl sold off in the morning, formed a lower low, then got pumped.", "time": 1534900971.0, "sentiment": ""}, {"id": 134651274, "text": "$AAPL \ud83d\ude02\ud83d\ude02\ud83d\ude02\ud83d\ude02\ud83d\ude02\ud83d\ude02\ud83d\ude02\ud83d\ude02\ud83d\ude02\ud83d\ude02\ud83d\ude02\ud83d\ude02\ud83d\ude02\ud83d\ude02\ud83d\ude02\ud83d\ude02\ud83d\ude02\ud83d\ude02\ud83d\ude02\ud83d\ude02\ud83e\udd11\ud83e\udd11\ud83e\udd11\ud83e\udd11\ud83e\udd11\ud83e\udd11\ud83e\udd11\ud83e\udd11\ud83e\udd11\ud83e\udd11\ud83e\udd11\ud83e\udd11\ud83e\udd11\ud83e\udd11\ud83e\udd11\ud83e\udd11\ud83e\udd11", "time": 1534900846.0, "sentiment": "Bullish"}, {"id": 134651237, "text": "$NVDA $AMD $MU $AAPL $FB   all aboard ", "time": 1534900832.0, "sentiment": "Bullish"}, {"id": 134650915, "text": "$AAPL was that the crash I&#39;ve been hearing about?", "time": 1534900716.0, "sentiment": "Bullish"}, {"id": 134650802, "text": "$SPY all the fraud will be revealed trump will be removed from office and go to prison! $VIX to 50 $AAPL 15% \ud83d\udc87\u200d\u2642\ufe0f it\u2019s over!", "time": 1534900674.0, "sentiment": "Bearish"}, {"id": 134650489, "text": "Take a pass on Apple, David Fingold says: https://www.cantechletter.com/2018/08/take-a-pass-on-apple-david-fingold-says/ $AAPL", "time": 1534900557.0, "sentiment": ""}, {"id": 134650384, "text": "$AAPL   You little monkey butt!", "time": 1534900519.0, "sentiment": ""}, {"id": 134650146, "text": "$AMZN Just need to get thru Trump messing this Mrkt up w/ any court news $BABA $TSLA $AAPL $FB $QQQ", "time": 1534900415.0, "sentiment": "Bullish"}, {"id": 134650050, "text": "@vmoney $AAPL stands a better chance getting something out of Project a Titan if it were aligned with $TSLA", "time": 1534900373.0, "sentiment": "Bullish"}, {"id": 134649967, "text": "$OSB Wow. This is unreal. Will this keep up after the ex-divi??? Damn!!! Amazing. It looks like $AAPL", "time": 1534900342.0, "sentiment": "Bullish"}, {"id": 134649520, "text": "$AAPL wish we have a full group of people with +130 IQ in this chatroom", "time": 1534900171.0, "sentiment": "Bullish"}, {"id": 134649466, "text": "$AAPL $TSLA As a long time Apple investor, it would be accretive for both companies long term for Apple to buy a stake in $TSLA. Synergies", "time": 1534900150.0, "sentiment": ""}, {"id": 134649371, "text": "$AAPL $TSLA Tesla investor: There couldn&#39;t be a better time for Apple to invest in Tesla \nhttps://www.cnbc.com/2018/08/20/tesla-investor-now-is-the-time-for-apple-to-invest-in-tesla.html", "time": 1534900124.0, "sentiment": "Bullish"}, {"id": 134649333, "text": "$AAPL going down to 200 by eom", "time": 1534900111.0, "sentiment": ""}, {"id": 134649310, "text": "$AAPL HS?", "time": 1534900099.0, "sentiment": ""}, {"id": 134648778, "text": "$NFLX $AAPL $NVDA $SPY below 287$ and it\u2019s time for small correction", "time": 1534899917.0, "sentiment": "Bearish"}, {"id": 134648652, "text": "$AAPL bull trap. Let the pain begin", "time": 1534899869.0, "sentiment": "Bearish"}, {"id": 134647994, "text": "$spy $qqq could be vulnerable to neg headlines/ trade disappointm&#39;t, midterms as dems are leading $aapl $spx $ba $msft $dia $jpm $amzn $xlf", "time": 1534899650.0, "sentiment": ""}]