[{"id": 134990253, "text": "$MSFT $AAPL $GOOG $AMZN stop wasting time, and get Brett Kavanaugh into the Supreme Court now!!!", "time": 1535114718.0, "sentiment": ""}, {"id": 134990114, "text": "$SPY DIA $QQQ $NDX $IWM $AAPL $SMH $INTC $MU No breakthrough in US-China trade talks as new tariffs kick in \ud83c\udde8\ud83c\uddf3\ud83d\udc3b\nhttps://www.google.com/amp/s/www.cnbc.com/amp/2018/08/24/no-breakthrough-in-us-china-trade-talks-as-new-tariffs-kick-in.html", "time": 1535114336.0, "sentiment": "Bearish"}, {"id": 134989434, "text": "$AAPL got 100 217.50 calls. Expire 2day. Any predictions?", "time": 1535112591.0, "sentiment": "Bullish"}, {"id": 134989185, "text": "$COST $LULU short are on my radar. 30 and 36 forward PE, tell me again why I am paying a premium when I can own $FB and $AAPL at 20 and 15?", "time": 1535111981.0, "sentiment": ""}, {"id": 134989039, "text": "$AAPL Asia barely down, futures here positive.", "time": 1535111559.0, "sentiment": "Bullish"}, {"id": 134988663, "text": "$AAPL plain bullish! See you in 225+ in few days!!! Too much positive sentiments!!!", "time": 1535110801.0, "sentiment": "Bullish"}, {"id": 134988376, "text": "$AAPL &quot;FACTS&quot; for the  National Enquirer - Trump Friend that turned on him.", "time": 1535110298.0, "sentiment": ""}, {"id": 134988220, "text": "$AAPL Or, perhaps just slow walk it all day through to 218?\n(Just trying to \u201cguess\u201d the action, like everybody else here, just guessing.)", "time": 1535109990.0, "sentiment": "Bullish"}, {"id": 134988200, "text": "Why the market doesn&#39;t care about the growing Trump scandal: http://crackedmarket.com/2018/08/why-the-market-doesnt-care-about-the-growing-trump-scandal/ $SPY $SPX $ES_F $QQQ $IWM $AAPL $AMZN $FB $NFLX", "time": 1535109955.0, "sentiment": ""}, {"id": 134988143, "text": "$AAPL I wonder if they\u2019ll gun it through 216 right at the open?  Maybe a stab through 217 too, all within the first 15 minutes?", "time": 1535109820.0, "sentiment": "Bullish"}, {"id": 134987818, "text": "$AAPL fake stock. Not real valuation. All fake pump from buffet", "time": 1535109199.0, "sentiment": ""}, {"id": 134987730, "text": "Price Moves vs Expected Moves $AMD $NVDA $AAPL $HYG $FB $BAC $VXX $MU $NFLX $EEM $BABA $EWZ http://tinyurl.com/y7zbwhgq", "time": 1535109050.0, "sentiment": ""}, {"id": 134986872, "text": "$AAPL show us your chart?? \ud83d\ude33", "time": 1535107780.0, "sentiment": ""}, {"id": 134986814, "text": "$AAPL $ES_F $NQ_F $SPY $QQQ", "time": 1535107710.0, "sentiment": ""}, {"id": 134986800, "text": "$AAPL after setting the base, rocket will shoot soon and break out like $AMD", "time": 1535107696.0, "sentiment": "Bullish"}, {"id": 134986572, "text": "$AAPL $AMZN $MSFT &quot;If I will be impeached the market will collapse, everybody will lose&quot; - Trump \nHe things he contributed to market raise?", "time": 1535107448.0, "sentiment": ""}, {"id": 134986448, "text": "$AAPL has a Profit Margin of 21.98%. This is amongst the best returns in the industry. https://www.chartmill.com/analyze.php?utm_source=stocktwits&amp;utm_medium=FA&amp;utm_content=PROFITABILITY&amp;utm_campaign=social_tracking#/AAPL?r=fa&amp;key=bb853040-a4ac-41c6-b549-d218d2f21b32", "time": 1535107322.0, "sentiment": ""}, {"id": 134986174, "text": "$AAPL Typical weak hands emotional response.", "time": 1535107059.0, "sentiment": ""}, {"id": 134986130, "text": "$AAPL $TSLA CNBC just confirmed $aapl is involved in joint venture IMHO follow the fake news!", "time": 1535107014.0, "sentiment": ""}, {"id": 134985743, "text": "$MU $AAPL $NVDA $BIDU $BABA let\u2019s make some money together!  Join this room for LT investing with good entries https://www.stocktwits.com/r/bargaininvesting", "time": 1535106582.0, "sentiment": "Bullish"}, {"id": 134985673, "text": "$AAPL It&#39;s about time everyone stopped taking all media seriously. All media was a great source of truthful information at one time. RIP", "time": 1535106508.0, "sentiment": "Bullish"}, {"id": 134985588, "text": "$AAPL $AMZN $MSFT It look like WS got used to the POTUS BS &amp; the doesn&#39;t care &amp; market continues up even after his 1am tweets and outbursts.", "time": 1535106403.0, "sentiment": ""}, {"id": 134984829, "text": "$AAPL looks like it\u2019s having trouble breaking out if this range- smelling some weak hands going into rough season- typical sell on the news", "time": 1535105353.0, "sentiment": "Bearish"}, {"id": 134984385, "text": "$AAPL is rated a Buy since April 30, 2018 and is 52% above its median level. http://bit.ly/2D1ETJ6", "time": 1535104810.0, "sentiment": ""}, {"id": 134984297, "text": "Friday\u2019s \ud83d\udc40 1 $AMD $AAPL $AMZN $FB $GOOGL $ADSK $BABA $BA $EXAS $FEYE $FL $MA $BTC.X $ETH.X $LTC.X $AMRS $BIOC $CGC $CRON $GLUU $ANET $ADBE", "time": 1535104715.0, "sentiment": ""}, {"id": 134983848, "text": "$NVDA $AAPL  https://www.cnbc.com/2018/08/24/manhattan-da-considering-criminal-charges-against-trump-organization-report.html", "time": 1535104205.0, "sentiment": ""}, {"id": 134983799, "text": "$SPY Its been a tiring year :o) Sometimes Traders have to take a break to recharge! $BABA $AMZN $AAPL $TSLA $GOOG $ALK $MU $M $JPM $TWTR $FB", "time": 1535104157.0, "sentiment": "Bullish"}, {"id": 134983587, "text": "**FREE Trade Alert** \n\nCheck out @TicTocTick\u2019s Tweet: https://twitter.com/TicTocTick/status/1032819205358243842?s=09\n\n$SPX #ES_F $SPY $NDX $ES_F  $IWW $AAPL $NFLX $TSLA", "time": 1535103913.0, "sentiment": ""}, {"id": 134983043, "text": "$AAPL $TSLA : Tesla responds to ongoing poaching war with Apple: \u2018We have 100 times less money than Apple\u2019.\nhttps://9to5mac.com/2018/08/23/tesla-apple-poaching-war-continues/", "time": 1535103292.0, "sentiment": ""}, {"id": 134982399, "text": "Call Volume:\n\n$BABA $AABA $ABB $AMAT $AAPL $ASHR $AVGO $BAC $ADSK $AG $AKS $ATTU $AKRX $ASUR $ABT $ADBE $AMD $ARNC $ATVI $AMZN $BA", "time": 1535102607.0, "sentiment": ""}, {"id": 134981529, "text": "$AAPL The channel shows much more upside here even if there are bumps along the way.", "time": 1535101795.0, "sentiment": ""}, {"id": 134980754, "text": "$AMD AMD WOULD MAKE A GREAT ACQUISITION FOR A BIG TECH COMPANY, LIKE $AAPL $GOOGL", "time": 1535101090.0, "sentiment": "Bullish"}, {"id": 134980402, "text": "$FB chart analysis &amp; watchlist $BIDU $ROKU $AAPL $BABA $SQ $CAT $NFLX $NVDA $GOOGL $LULU $AMZN $SGEN $TSLA  $SHAK $FL $CMG $MOMO $DBX GL!", "time": 1535100789.0, "sentiment": ""}, {"id": 134980181, "text": "$BB Breaking: a fire started at Tesla Factory in Fremont.\n\nhttps://t.co/mmK0VerO2y\n\n$TSLA $AAPL $MSFT $GOOGL $AMZN $IBM $ORCL $CRM $SNAP $FB", "time": 1535100605.0, "sentiment": "Bullish"}, {"id": 134980101, "text": "$AAPL 4 months ago, this was $161\nWow! \u2b06\ufe0f 33%", "time": 1535100529.0, "sentiment": "Bullish"}, {"id": 134978407, "text": "$INPX if $AMD or $GE built the hardware . Then $MSFT would be jellious.  So then $NVDA would step in with $AAPL right\ud83d\ude0e", "time": 1535099027.0, "sentiment": "Bullish"}, {"id": 134977390, "text": "$SPY all this stupidity will make it fall even harder, you just poke a \ud83d\udc3b and is ready to burn the stocks to the ground $AAPL $BABA $NVDA \ud83d\udc37", "time": 1535098149.0, "sentiment": "Bearish"}, {"id": 134976497, "text": "$MU does anybody have any studies to show what happens after company BB\u2019s like $AAPL or $BRK.A ? I think backed research is most useful. TY", "time": 1535097362.0, "sentiment": "Bullish"}, {"id": 134976054, "text": "$AAPL blah blah blah same old same old bears since May!!", "time": 1535096971.0, "sentiment": ""}, {"id": 134976003, "text": "$AAPL Gonna dump like a pig tomorrow", "time": 1535096928.0, "sentiment": "Bearish"}, {"id": 134975870, "text": "$SPY and here\u2019s $aapl, with outflows yet again.  Going on 2 straight weeks now. How was it green...?", "time": 1535096813.0, "sentiment": ""}, {"id": 134974894, "text": "@ChubsyUbsy $AAPL seemed like it wanted to drop hard today.", "time": 1535095951.0, "sentiment": ""}, {"id": 134974652, "text": "$NQ_F $ES_F $SPY $AAPL if apple runs hard tomorrow with some kind FED statements and maybe something from china/nafta could be big 1% up", "time": 1535095724.0, "sentiment": "Bullish"}, {"id": 134974489, "text": "$AAPL My \u201cguess\u201d for tomorrow is they make a run up to, and maybe through 217.", "time": 1535095587.0, "sentiment": "Bullish"}, {"id": 134974282, "text": "Most Active Options:\n\n$BABA $NFLX $NVDA $PBR $AAPL $C $BAC $TWTR $MU $FEYE $MSFT $GGP $TSLA $QCOM $INTC $LB $EDU $AMD $FLEX $JD $FB $AMZN", "time": 1535095390.0, "sentiment": ""}, {"id": 134973978, "text": "$AAPL GBH just hiked the price of apple, according to TOS article", "time": 1535095119.0, "sentiment": ""}, {"id": 134973959, "text": "$AAPL every fall the same play. Buy up to new iPhone intro. Sell the day before. It&#39;s worked 4 straight years", "time": 1535095106.0, "sentiment": ""}, {"id": 134973105, "text": "$AAPL October 19th, $190 put, is my next buy.", "time": 1535094342.0, "sentiment": "Bearish"}, {"id": 134972767, "text": "Big Call Activity $AABA $AAPL $ABB $ABT $ADBE $ADSK $AG $AKRX $AKS $AMAT $AMD $AMZN $ARNC $ASHR $ASUR $ATTU $ATVI $AVGO $BA $BABA  $BAC", "time": 1535094077.0, "sentiment": ""}, {"id": 134972736, "text": "https://youtu.be/rQOLrC245a0 \n$TSLA $MU $ROKU $NFLX $AAPL $ADSK $MSFT $COST $UVXY $BZUN", "time": 1535094050.0, "sentiment": ""}, {"id": 134972376, "text": "$AAPL &quot;\u2018Scores\u2019 of Employees Have Left Tesla for Apple Over the Last Year&quot;", "time": 1535093759.0, "sentiment": "Bullish"}, {"id": 134972344, "text": "@tradeitfast hey sometimes fundamentals outway technicals. $AAPL had 90rsi for two days when suddenly it went to 34 with price still goingup", "time": 1535093733.0, "sentiment": ""}, {"id": 134971550, "text": "$AAPL anyone know where @WSNA went? he was my homie on this board.", "time": 1535093064.0, "sentiment": ""}, {"id": 134971521, "text": "$AAPL 219s friday / those 215s got super cheap EOD", "time": 1535093033.0, "sentiment": "Bullish"}, {"id": 134971157, "text": "$AAPL Libtards need to chillax", "time": 1535092730.0, "sentiment": ""}, {"id": 134971122, "text": "$AAPL $ES_F $NQ_F $SPY $QQQ apple may run the entire market up tomorrow", "time": 1535092706.0, "sentiment": "Bullish"}, {"id": 134970990, "text": "$AAPL will this go down tti 214 please.. ty... sell off", "time": 1535092570.0, "sentiment": "Bearish"}, {"id": 134970476, "text": "My swing trade ideas for tomorrow: $TTWO $S $PFE $YELP $AAPL I think Apple is setting up for the 220s. Scanned w/  http://bit.ly/tc2000software", "time": 1535092138.0, "sentiment": "Bullish"}, {"id": 134970449, "text": "$GGP $FLEX $BAC $INTC $BABA $AMD $AAPL $EDU $NVDA $FB $MU Highest volume strikes", "time": 1535092114.0, "sentiment": ""}, {"id": 134970448, "text": "$AAPL Apple Is Finally Being Valued Like a Tech Company\n\nhttps://investorplace.com/2018/08/aapl-is-finally-being-valued-like-a-tech-company/", "time": 1535092114.0, "sentiment": "Bullish"}, {"id": 134970213, "text": "$AAPL Disgusting MORON new modern tower is ready.", "time": 1535091934.0, "sentiment": ""}, {"id": 134970124, "text": "$QQQ if Qs want 182 tomorrow $AAPL will be used to bring up any slack to get this higher, so can we have a 1% rally and AAPL up 2% or more?!", "time": 1535091842.0, "sentiment": "Bullish"}, {"id": 134969942, "text": "$BABA $AMD $AAPL $NVDA $FB $MU $BAC $NFLX $INTC $GGP $JD $AMZN $FLEX $TSLA $PBR $TWTR $MSFT $FEYE $GE $EDU $QCOM $LB $C Most active options", "time": 1535091706.0, "sentiment": ""}, {"id": 134969915, "text": "$KIN $AAPL Kinit application now available on Apple\u2019s app store (usa only)", "time": 1535091688.0, "sentiment": "Bullish"}, {"id": 134969904, "text": "$AAPL All his shitty life he lie, abused, committed crimes, conspire, cares only about himself &amp; now his fu**ing world is crumbling! OPSSS!!", "time": 1535091681.0, "sentiment": ""}, {"id": 134969695, "text": "$AAPL So now the incoherent, delusional, unhinged MORON is threatening the markets!? The faster he go the better for the markets &amp; the USA.", "time": 1535091504.0, "sentiment": ""}, {"id": 134969000, "text": "Estimize revenue expectations are 0.97% lower than that of Wall Street for $AAPL Q4 [Reporting 10/30 AMC]\nhttp://www.estimize.com/intro/aapl?chart=change-over-time&amp;metric_name=revenue&amp;utm_content=AAPL&amp;utm_medium=revenue_difference&amp;utm_source=stocktwits", "time": 1535090987.0, "sentiment": ""}, {"id": 134968725, "text": "@P4Profits @bikechain The key level2watch is $217.23.  Bullish action shld stay abov it; otherwise bearish tendencies.$AAPL", "time": 1535090767.0, "sentiment": "Bullish"}, {"id": 134968600, "text": "$AAPL looks great here!  $220 is very soon !!", "time": 1535090658.0, "sentiment": "Bullish"}, {"id": 134968430, "text": "$SPY And before the Trumppalos try to attack I&#39;m going to back up with something they hate seeing, Facts :o) $AAPL $BABA $AMXN $FB $TSLA", "time": 1535090548.0, "sentiment": "Bullish"}, {"id": 134968296, "text": "$AAPL decision time tomorrow do we break up or break down", "time": 1535090452.0, "sentiment": "Bullish"}, {"id": 134967897, "text": "$SPY Remember how nice it was when Obama was POTUS &amp; everyday wasn&#39;t a Sh*t-show &amp; the market tripled &amp; Corp Profits where best ever? $AAPL", "time": 1535090180.0, "sentiment": "Bullish"}, {"id": 134967472, "text": "Analysts Offer Insights on Consumer Goods Companies: Apple (NASDAQ: AAPL) and Nike (NYSE: NKE) $AAPL http://www.analystratings.com/articles/analysts-offer-insights-on-consumer-goods-companies-apple-nasdaq-aapl-and-nike-nyse-nke/", "time": 1535089882.0, "sentiment": ""}, {"id": 134967130, "text": "$SPY $DIA $QQQ $IWM $INTC $XLF $AAPL\n9 Mos Weak HousingData=\ud83d\udc3b Shiller Index 32.83\ud83d\udc3b Black Tuesday 1929 Shiller 30 \ud83d\udc3bhttp://www.multpl.com/shiller-pe/", "time": 1535089650.0, "sentiment": ""}, {"id": 134967074, "text": "$djia $spx $spy $ndx market wrap by dr J at 11 featuring the indices, $fb $aapl $feye $baba and biotechs $aapl $feye baba and baby biotechs", "time": 1535089608.0, "sentiment": ""}, {"id": 134966509, "text": "$AAPL: Both the short term and long term trends are positive. This is a very positive sign. https://www.chartmill.com/analyze.php?utm_source=stocktwits&amp;utm_medium=TA&amp;utm_content=TA&amp;utm_campaign=social_tracking#/AAPL?key=bb853040-a4ac-41c6-b549-d218d2f21b32", "time": 1535089202.0, "sentiment": ""}, {"id": 134966344, "text": "$AAPL $TSLA : Apple hired scores of ex-Tesla employees this year, and not just for its car project.\nhttps://www.cnbc.com/2018/08/23/apple-hiring-many-tesla-employees-not-just-doug-field.html", "time": 1535089101.0, "sentiment": ""}, {"id": 134965809, "text": "$AAPL https://seekingalpha.com/news/3385459-apple-hiring-lots-ex-tesla-employees-just-autonomous-car-project?app=1#email_link", "time": 1535088744.0, "sentiment": "Bullish"}, {"id": 134965800, "text": "$AAPL @GordonGekkoo1K tom likes to laugh \ud83d\ude02\ud83d\udc4c", "time": 1535088741.0, "sentiment": "Bullish"}, {"id": 134965560, "text": "$QQQ looks very weak, looks like is gonna fall like back to $175 any time soon $SPY $QQQ $AAPL", "time": 1535088592.0, "sentiment": "Bearish"}, {"id": 134965490, "text": "$AAPL https://www.cnbc.com/2018/08/23/us-china-trade-war-new-round-of-american-tariffs-on-chinese-imports.html $FB $NVDA big China trade war can cause collapse in less than 4 months, don\u2019t gamble invest your time", "time": 1535088537.0, "sentiment": "Bearish"}, {"id": 134965383, "text": "$spy $qqq about time for a -1% day. Last hour selling for weeks. Nothing to see here. $aapl $amzn first to fall", "time": 1535088459.0, "sentiment": "Bearish"}, {"id": 134964991, "text": "$AAPL 500,000+  shares AAPL traded AH\u2019s., all trading up it appears, near 115.80 currently. Indicative of tomorrow, or irrelevant????", "time": 1535088196.0, "sentiment": "Bullish"}, {"id": 134964496, "text": "$BABA $FEYE $fb $aapl $ATNM $gern $athx https://youtu.be/Yx6PcUO4q4s", "time": 1535087888.0, "sentiment": ""}, {"id": 134963749, "text": "$AAPL Not bad for Trillion dollar company", "time": 1535087415.0, "sentiment": ""}, {"id": 134962534, "text": "$SPY $QQQ $JPM $AAPL Privileged White Men Haggle Over Slave Labor in the 21st Century *FTFY: https://www.bloomberg.com/news/articles/2018-08-23/cook-dimon-among-ceos-fearing-trump-immigration-policy-harm", "time": 1535086606.0, "sentiment": ""}, {"id": 134962023, "text": "$NFLX $SPOT App developers will only hurt themselves HTTPS://finance.yahoo.com/news/app-developers-stung-leaving-apples-app-store-212026929.html Not always positive like analysts make out $AAPL $GOOGL", "time": 1535086272.0, "sentiment": ""}, {"id": 134961994, "text": "$AAPL SAY 100 OUR FATHERS AND 50 HAIL MARYS AND YOUR WISH WILL BE GRANTED, MY SON", "time": 1535086256.0, "sentiment": ""}, {"id": 134961945, "text": "$AAPL CEO Tim Cook to earn total of 560K shares Friday as part of his annual compensation-$120M worth of Apple stock, based on current price", "time": 1535086225.0, "sentiment": ""}, {"id": 134961647, "text": "$TCEHY $FB $BABA $AAPL $GOOGL $SPY   THE INTERNET IS UNDERRATED", "time": 1535086062.0, "sentiment": ""}, {"id": 134961503, "text": "$SPY $AAPL I\u2019m glad you\u2019re rich!!!", "time": 1535085984.0, "sentiment": ""}, {"id": 134961286, "text": "It is always exciting4me2\u201dForecast\u201dthe market well in2the future but I\u2019m thrilled2share-  $AAPL $XLF $ $BABA will be the big squeezes tmmrw.", "time": 1535085861.0, "sentiment": "Bullish"}, {"id": 134960859, "text": "$AAPL please GOD, let this hit 219 tomorrow. I got 20k on it. I promise I will do good with 5k if I win. thoughts &amp; opinions please...", "time": 1535085616.0, "sentiment": "Bullish"}, {"id": 134960710, "text": "$BB Apple needs a lot of help from other tech companies, Apple is getting hacked by teenagers who are barely 2yrs on the job\n\n$AAPL $TSLA \nhttps://t.co/1C3Coqmw3r", "time": 1535085517.0, "sentiment": "Bullish"}, {"id": 134959097, "text": "$AAPL", "time": 1535084679.0, "sentiment": ""}, {"id": 134958357, "text": "$AMD what an add today!! 23 close AH! $MU $NVDA $INTC $BABA $SLY $FEYE $SPY $AAPL $FB over 23 soon or in the am?", "time": 1535084356.0, "sentiment": "Bullish"}, {"id": 134957552, "text": "I\u2019m gonna name the numbers of unicorns  kills by the market $NFLX $BABA $FB \ud83e\udd84  but remain $AAPL $AMD $NVDA $AMZN $BA \ud83e\udd84\ud83e\udd84\ud83e\udd84\u23f0\u23f0\u23f0\u23f0\u23f0\u23f0\ud83d\udca5\ud83d\udca5\ud83d\udca5\ud83d\udca5\ud83e\udd2e", "time": 1535084019.0, "sentiment": "Bearish"}, {"id": 134957121, "text": "Some of todays most active stock options $GGP $BABA $AAPL $FLEX $AMD $INTC $NVDA $FB", "time": 1535083841.0, "sentiment": ""}, {"id": 134956937, "text": "$AAPL projecthttps://www.cnbc.com/2018/08/23/apple-hiring-many-tesla-employees-not-just-doug-field.html", "time": 1535083754.0, "sentiment": ""}, {"id": 134956925, "text": "$BABA Sentiment is a powerful thing &amp; though its hard to do, this is what Buffett means by Buying fear. Its not easy to do $AMZN $AAPL", "time": 1535083750.0, "sentiment": "Bullish"}, {"id": 134956599, "text": "$AAPL Just can\u2019t seem to move off 215.  Burning the option holders I guess.", "time": 1535083602.0, "sentiment": "Bullish"}, {"id": 134956494, "text": "$SPY $AAPL $AMZN $BABA $QQQ $XLF $FB $TSLA $GS the same idiot who recommend to buy $BABA now he is crying this losses buy $BABA \ud83e\udd2a\ud83e\udd2a\ud83d\udca9\ud83d\udc37\ud83e\udd2e\ud83d\udca5", "time": 1535083553.0, "sentiment": ""}, {"id": 134956272, "text": "$AAPL you will be poor for the rest of your life", "time": 1535083435.0, "sentiment": ""}, {"id": 134956122, "text": "$SPY What a spineless jellyfish the Traitor in Chief is. Impeachment? Bring it on! $AAPL $AMZN $BABA $QQQ $XLF $FB $TSLA $GS", "time": 1535083369.0, "sentiment": "Bullish"}, {"id": 134956055, "text": "$SPY $AAPL that\u2019s why you will die poor. You listen to the media", "time": 1535083335.0, "sentiment": ""}, {"id": 134955950, "text": "$AMD Let&#39;s summarize it: $CSCO beats ER $HPQ beats ER b/c they&#39;re using the best powerful and cheap AMD chips (7nm coming up) $AAPL NEXT WIN", "time": 1535083275.0, "sentiment": "Bullish"}, {"id": 134955769, "text": "$AAPL I want to buy more. Go down.", "time": 1535083191.0, "sentiment": ""}, {"id": 134955385, "text": "$SPY 17934 at $UVXY 8.50 vs 3190 options are anticipating a movement :v finally jump to 10 :v! $QQQ $AAPL $BABA", "time": 1535082987.0, "sentiment": "Bearish"}, {"id": 134954307, "text": "$AAPL analysts on Estimize expect -1.02% YoY growth in iPad Sales for Q4, down from 11.39% in previous year [Reporting 10/30 AMC]\nhttp://www.estimize.com/intro/aapl?chart=change-over-time&amp;metric_name=ipad_unit_sales&amp;utm_content=AAPL&amp;utm_medium=metric_growth&amp;utm_source=stocktwits", "time": 1535082488.0, "sentiment": ""}, {"id": 134954305, "text": "$AAPL analysts on Estimize expect 1.24% YoY growth in Gross Margins for Q4, up from -0.3% in previous year [Reporting 10/30 AMC]\nhttp://www.estimize.com/intro/aapl?chart=change-over-time&amp;metric_name=gross_margins&amp;utm_content=AAPL&amp;utm_medium=metric_growth&amp;utm_source=stocktwits", "time": 1535082487.0, "sentiment": ""}, {"id": 134954303, "text": "$AAPL analysts on Estimize expect 3.41% YoY growth in iPhone Sales for Q4, up from 2.56% in previous year [Reporting 10/30 AMC]\nhttp://www.estimize.com/intro/aapl?chart=change-over-time&amp;metric_name=iphone_unit_sales&amp;utm_content=AAPL&amp;utm_medium=metric_growth&amp;utm_source=stocktwits", "time": 1535082487.0, "sentiment": ""}, {"id": 134954301, "text": "$AAPL analysts on Estimize expect -1.84% YoY growth in Mac Sales for Q4, down from 10.23% in previous year [Reporting 10/30 AMC]\nhttp://www.estimize.com/intro/aapl?chart=change-over-time&amp;metric_name=mac_unit_sales&amp;utm_content=AAPL&amp;utm_medium=metric_growth&amp;utm_source=stocktwits", "time": 1535082487.0, "sentiment": ""}, {"id": 134954173, "text": "Securities to be offered to employees in employee benefit plans http://www.conferencecalltranscripts.org/no/summary/?id=5231547 $AAPL", "time": 1535082424.0, "sentiment": ""}, {"id": 134954137, "text": "$AAPL &quot;but, but, market share\u2026&quot;", "time": 1535082410.0, "sentiment": ""}, {"id": 134954085, "text": "$AAPL APPLE USERS LIKE SPENDING MONEY. ITS WHY IT ATTRACTS THE MOST AND THE BEST DEVELOPERS. ITS WHY APPLE CONTINUES TO BE A HUGE SUCCESS.", "time": 1535082388.0, "sentiment": "Bullish"}, {"id": 134954075, "text": "$AAPL files S-8 registration statement (stock option plan) https://fintel.io/filings/us/aapl", "time": 1535082385.0, "sentiment": ""}, {"id": 134953764, "text": "$AAPL &quot;Android users and men far less likely to make in-app mobile gaming purchases than iOS users and women&quot; -Android Police", "time": 1535082246.0, "sentiment": "Bullish"}, {"id": 134953280, "text": "$AAPL I value my privacy, which is why I will never, ever use Android:", "time": 1535082023.0, "sentiment": "Bullish"}, {"id": 134952964, "text": "Where are the bulls here, when the market go up without volume get happy but today is was not that day $SPY $QQQ $AAPL meahh all high :v", "time": 1535081884.0, "sentiment": "Bearish"}, {"id": 134952932, "text": "Up Moves: \n+0.7% $UUP \n+0.2% $AAPL $XRT $FDN $TLT \n+0.1% $XLK $SOXX", "time": 1535081868.0, "sentiment": ""}, {"id": 134952891, "text": "$AAPL &quot;wink&quot; &quot;wink&quot;, classic M&amp;A patterns: https://www.cnbc.com/2018/08/23/apple-hiring-many-tesla-employees-not-just-doug-field.html", "time": 1535081843.0, "sentiment": ""}, {"id": 134952544, "text": "$AAPL $TSLA Apple hired scores of ex-Tesla employees this year, and not just for its car project https://www.cnbc.com/2018/08/23/apple-hiring-many-tesla-employees-not-just-doug-field.html", "time": 1535081686.0, "sentiment": ""}, {"id": 134952153, "text": "$TSLA $AAPL \n Apple is hiring scores of ex-Tesla employees, and not just for its car project   \nhttps://www.cnbc.com/2018/08/23/apple-hiring-many-tesla-employees-not-just-doug-field.html", "time": 1535081532.0, "sentiment": ""}, {"id": 134952118, "text": "$AAPL $TSLA Apple is hiring scores of ex-Tesla employees, and not just for its car project https://www.cnbc.com/2018/08/23/apple-hiring-many-tesla-employees-not-just-doug-field.html", "time": 1535081519.0, "sentiment": ""}, {"id": 134950011, "text": "$SPY $QQQ $AAPL $BABA $VIX &quot;US SAFE HEAVEN&quot; &quot;There is not better place to be&quot; &quot;buy the dip&quot; &quot;There is no risk&quot; Yes im shorting this bubble.", "time": 1535080778.0, "sentiment": "Bearish"}, {"id": 134949695, "text": "$AAPL STUCK WITHIN TIGHT TRADING RANGE: https://techniquant.com/reports/stock-aapl-daily-technical-analysis-report-for-2018-08-23/", "time": 1535080673.0, "sentiment": ""}, {"id": 134949575, "text": "$AAPL I think AAPL is not overvalued however, it is overbought in the last few weeks. Needs a healthy pullback for continued stock growth.", "time": 1535080635.0, "sentiment": ""}, {"id": 134949569, "text": "$AAPL Apple green in the red market, bears come out crazy and sound like the night before $AMD shoot up so next will be Apple rocket $SPY", "time": 1535080634.0, "sentiment": "Bullish"}, {"id": 134949079, "text": "$AAPL kill all calls cut in half", "time": 1535080483.0, "sentiment": ""}, {"id": 134948873, "text": "$AAPL A physician notes that the tech giants could help design solutions that have clinical benefits. https://stocknews.com/news/aapl-apple-inc-aapl-google-could-someday-have-an-even-bigger/", "time": 1535080419.0, "sentiment": ""}, {"id": 134948865, "text": "$AAPL All calls will be smashed in a week. Just being realistic!", "time": 1535080416.0, "sentiment": ""}, {"id": 134948765, "text": "Not afraid of the biggest bubble in US History $SPY $QQQ $AAPL $BABA $NFLX $NVDA $VIX $DJIA keep buying tops, Denial phase then fear. :v", "time": 1535080389.0, "sentiment": "Bearish"}, {"id": 134948045, "text": "$AAPL as I said many times before I like aapl long term but this needs a healthy pullback this thing looks ridiculous on daily", "time": 1535080191.0, "sentiment": "Bearish"}, {"id": 134947918, "text": "$AAPL 220", "time": 1535080162.0, "sentiment": "Bullish"}, {"id": 134947117, "text": "@sonicmerlin Not until $AAPL takes big poopy back to 210", "time": 1535079935.0, "sentiment": ""}, {"id": 134947097, "text": "$BIDU https://www.cnbc.com/2018/08/23/us-china-trade-war-new-round-of-american-tariffs-on-chinese-imports.html trade war is REAL , big crash coming , raise cash \ud83d\udcb0 $BABA $FB $AAPL $NVDA", "time": 1535079929.0, "sentiment": "Bearish"}, {"id": 134946622, "text": "$SPY $BABA $AAPL $FB $VIX all that emotional buyers keep buying dips, and buy more in a thing that its gone. Denial phase. next fear. :&#39;v", "time": 1535079811.0, "sentiment": "Bearish"}, {"id": 134945927, "text": "TRADE WAR IS FAKE NEWS $SQ $CRM $BABA $AAPL $AMZN $GOOG $NVDA $FB if it were real the markets would be down 10%.", "time": 1535079637.0, "sentiment": ""}, {"id": 134945712, "text": "$SPY $AAPL starting to cash out - in case impeachment happens", "time": 1535079586.0, "sentiment": ""}, {"id": 134945601, "text": "$AAPL cook got 560K shares payday tomorrow as bonus. He will sell for sure at opening. Just thoughts", "time": 1535079554.0, "sentiment": ""}, {"id": 134945600, "text": "PEOPLE there is no trade war. Buy the dips. $AAPL $NVDA $SQ we&#39;re going much higher. Trade War is FAKE NEWS.", "time": 1535079554.0, "sentiment": ""}, {"id": 134945553, "text": "$AAPL $TWTR Silver Lining closed  flat again when markets down. Stay Long &amp; Prosper Mi Amigos \ud83d\ude80\u263a\ufe0f", "time": 1535079543.0, "sentiment": "Bullish"}, {"id": 134945416, "text": "$AAPL Nice bear trap at the closed, setting up the base in daily chart and ready for the rocket one day $SPY Apple green in red market", "time": 1535079505.0, "sentiment": "Bullish"}, {"id": 134945121, "text": "Me at the closing bell watching all emotional buyers, buying something thats already gone $SPY $QQQ $AAPL $UVXY $BABA Smart money selling.", "time": 1535079419.0, "sentiment": "Bearish"}, {"id": 134944900, "text": "If we set new LOD before the close then we may have some selling tomorrow. If not all clear. $SQ $AAPL $NVDA GL.", "time": 1535079351.0, "sentiment": ""}, {"id": 134944838, "text": "$FB $GOOGL Lows. \n$AAPL $NFLX Near lows. \n$NVDA Maintaining VWAP. \n$SPY Lows.", "time": 1535079336.0, "sentiment": ""}, {"id": 134944707, "text": "$HPQ in some 26s for next month, added some $aapl 220s for tomorrow lottos $NVDA holding strong and $AMD", "time": 1535079303.0, "sentiment": "Bullish"}, {"id": 134944582, "text": "$HPQ $HPE short watch for the earnings miss could be a big payout. $SPY $QQQ $AAPL $AMZN weakness needed", "time": 1535079266.0, "sentiment": "Bearish"}, {"id": 134944335, "text": "$AAPL who is selling?", "time": 1535079193.0, "sentiment": ""}, {"id": 134944246, "text": "$AAPL why cant they put fake news that china is going to ban iphone selling in china. Whole market will tank 20%.", "time": 1535079163.0, "sentiment": ""}]