[{"id": 135244845, "text": "$AAPL the service revenue is so strong this stock is so incredibly undervalued right now. funny biggest cap in the planet still undervalued", "time": 1535409109.0, "sentiment": ""}, {"id": 135244718, "text": "Here\u2019s what 15 Estimize analysts believe $AAPL will report for Q4 Gross Margins on 10/30 AMC.\nhttp://www.estimize.com/intro/aapl?chart=historical&amp;metric_name=gross_margins&amp;utm_content=AAPL&amp;utm_medium=metric_update&amp;utm_source=stocktwits", "time": 1535409072.0, "sentiment": ""}, {"id": 135244715, "text": "Here\u2019s what 21 Estimize analysts believe $AAPL will report for Q4 iPhone Sales on 10/30 AMC.\nhttp://www.estimize.com/intro/aapl?chart=historical&amp;metric_name=iphone_unit_sales&amp;utm_content=AAPL&amp;utm_medium=metric_update&amp;utm_source=stocktwits", "time": 1535409071.0, "sentiment": ""}, {"id": 135244714, "text": "Here\u2019s what 12 Estimize analysts believe $AAPL will report for Q4 Mac Sales on 10/30 AMC.\nhttp://www.estimize.com/intro/aapl?chart=historical&amp;metric_name=mac_unit_sales&amp;utm_content=AAPL&amp;utm_medium=metric_update&amp;utm_source=stocktwits", "time": 1535409071.0, "sentiment": ""}, {"id": 135244712, "text": "Here\u2019s what 11 Estimize analysts believe $AAPL will report for Q4 iPad Sales on 10/30 AMC.\nhttp://www.estimize.com/intro/aapl?chart=historical&amp;metric_name=ipad_unit_sales&amp;utm_content=AAPL&amp;utm_medium=metric_update&amp;utm_source=stocktwits", "time": 1535409071.0, "sentiment": ""}, {"id": 135244399, "text": "$XLK 1H Chart 8/23 at https://elliottwave-forecast.com Calling higher #elliottwave $NDX $AAPL", "time": 1535408974.0, "sentiment": ""}, {"id": 135243516, "text": "$AAPL if Buffet is using $AAPL as a savings account why shouldn&#39;t you? Investments have risk. This is a savings account with 0rik. $BAC $WFC", "time": 1535408709.0, "sentiment": ""}, {"id": 135243429, "text": "$XLK Extending higher and looking to reach 100% area toward $75.7 area #elliottwave $AAPL", "time": 1535408679.0, "sentiment": ""}, {"id": 135243003, "text": "$AAPL $NVDA markets didn&#39;t even flinch at $compq 8000. That&#39;s strength if you ask me. $COMPQ 10,000 Dec 31 &#39;18", "time": 1535408543.0, "sentiment": ""}, {"id": 135242723, "text": "took loss on $tif ugh. $aapl calls still looking good for break to ATH", "time": 1535408463.0, "sentiment": ""}, {"id": 135242664, "text": "$SPY Trump just cancel NAFTA and sign US_MX agreement..$AAPL $GOOGL $NFLX $FB $AMZN $NVDA $IQ $PYPL $JPM $NVDA $MA $V $JNJ $BP $HON $BA", "time": 1535408446.0, "sentiment": "Bullish"}, {"id": 135242542, "text": "$AAPL Think about the most ridiculous price for $AAPL on 12/31. That&#39;s where we&#39;re going. $300 min.", "time": 1535408408.0, "sentiment": ""}, {"id": 135242522, "text": "A new daily low at $2.1771 was just reached for $AAPL", "time": 1535408404.0, "sentiment": ""}, {"id": 135242519, "text": "A new daily low at $2.1771 was just reached for $AAPL.    #AAPL", "time": 1535408404.0, "sentiment": ""}, {"id": 135242322, "text": "$AAPL easy money here", "time": 1535408344.0, "sentiment": "Bearish"}, {"id": 135242309, "text": "Whoops $AAPL", "time": 1535408340.0, "sentiment": ""}, {"id": 135242156, "text": "$AAPL short-term holdings (also in my buy and Dont touch portfolio)", "time": 1535408300.0, "sentiment": "Bullish"}, {"id": 135242052, "text": "$AAPL 3 weeks from iPhone reveal. Have some patience and ignore the rumors. All shall be revealed soon.", "time": 1535408270.0, "sentiment": "Bullish"}, {"id": 135241963, "text": "$AAPL I command you to go to 220!", "time": 1535408245.0, "sentiment": "Bullish"}, {"id": 135241888, "text": "$AAPL chooo choooooo! \ud83d\ude82 \ud83d\ude82 \ud83d\ude82", "time": 1535408221.0, "sentiment": "Bullish"}, {"id": 135241646, "text": "$aapl $10,000,000,000 in gains so far this morning. Should see about $100,000,000,000 by Friday. GL $1.5 Trillion by Dec 31st. $2 T 3/19", "time": 1535408146.0, "sentiment": ""}, {"id": 135241638, "text": "$AAPL bought 60 AAPL Jan 2020 Calls at $32.", "time": 1535408144.0, "sentiment": "Bullish"}, {"id": 135241551, "text": "$AAPL Nice rush job $$$$$$$$$$$$$$$$$$$$$$$$$$$", "time": 1535408120.0, "sentiment": "Bullish"}, {"id": 135241483, "text": "$AAPL 218 cleared now. Momentum seems to be back #stocks #markets", "time": 1535408102.0, "sentiment": "Bullish"}, {"id": 135241463, "text": "A new daily high at $218.28 was just reached for $AAPL.    #AAPL", "time": 1535408099.0, "sentiment": ""}, {"id": 135241418, "text": "$AAPL bought 700 NFLX at 312.5... sold $372.65", "time": 1535408086.0, "sentiment": ""}, {"id": 135241366, "text": "$AAPL wants to do that ATH dance", "time": 1535408072.0, "sentiment": ""}, {"id": 135241301, "text": "$AAPL ... Heard of MoviePass?... Well $HMNY starting to run again.", "time": 1535408051.0, "sentiment": "Bullish"}, {"id": 135241207, "text": "$AAPL bullshirt Bloomberg: \u201cThe iPhone X wasn\u2019t as big a hit as some Wall Street analysts hoped&quot; y does the media repeat this falsehood?", "time": 1535408025.0, "sentiment": "Bullish"}, {"id": 135240941, "text": "$AAPL $NVDA Nothing even close to stopping the TECH beast. NOTHING. ZERO RISK if you buy now and wait 3+ days.", "time": 1535407951.0, "sentiment": ""}, {"id": 135240287, "text": "$AAPL scaling out a little in the trading room - tighten stops on the remaining trailer - 161.8 FIB (199.90 avg entry) post EPS day", "time": 1535407757.0, "sentiment": "Bullish"}, {"id": 135240166, "text": "Apple reportedly mulls iPhone Xs names, no \u2018Plus\u2019 for 2018 models http://bit.ly/2MTknzy $AAPL @apple", "time": 1535407723.0, "sentiment": ""}, {"id": 135240139, "text": "$TSLA Msk said \u201cconsidering going private\u201d  this was true. Said \u201cFunding secured\u201d this was true, or board members would have resigned $AAPL", "time": 1535407714.0, "sentiment": "Bullish"}, {"id": 135239881, "text": "$AAPL and $SPOT bold prediction : all time highs this week.", "time": 1535407644.0, "sentiment": ""}, {"id": 135239667, "text": "$AAPL the sooner you buy the better. apple ain&#39;t dipping like your average stock. this is a one way ticket to 250. might dip after that.", "time": 1535407575.0, "sentiment": ""}, {"id": 135239439, "text": "@up8467 Of course I&#39;ll be back but not before $AAPL hits 300 in a few months. $BAC $WFC $AAPL is the better savings account.", "time": 1535407511.0, "sentiment": ""}, {"id": 135239153, "text": "BUY ANY TECH AND BE A WINNER. $AAPL $NVDA $SQ $CRM $NFLX $AMZN", "time": 1535407419.0, "sentiment": ""}, {"id": 135238806, "text": "$AAPL is moving up nicely, today.", "time": 1535407311.0, "sentiment": ""}, {"id": 135238696, "text": "A new daily high at $218 was just reached for $AAPL.    #AAPL", "time": 1535407278.0, "sentiment": ""}, {"id": 135238592, "text": "$NVDA ATH. \n$AMZN $AAPL Near ATH.", "time": 1535407247.0, "sentiment": ""}, {"id": 135238461, "text": "$AAPL short term levels on radar 218.10 and 219.18 (holding)", "time": 1535407229.0, "sentiment": ""}, {"id": 135238027, "text": "$AAPL needs to hold $214 or down she goes", "time": 1535407116.0, "sentiment": ""}, {"id": 135237724, "text": "$LULU $AAPL $NFLX Some small weeklys option profits today. Green is green!", "time": 1535407023.0, "sentiment": "Bullish"}, {"id": 135237276, "text": "$AAPL $FB $AMZN https://www.google.com/amp/s/www.cnbc.com/amp/2018/08/27/us-china-trade-war-is-poised-to-intensify-asia-trade-expert-says.html \nTrade war intensifying &amp; will cause a recession. Raise cash while you still can . $NVDA", "time": 1535406884.0, "sentiment": "Bearish"}, {"id": 135235839, "text": "Put Protection Cost Analysis To Hedge Downside Risk $CRON $MSFT $AMD $TLRY $AAPL $GS $SSC $TALA $TWTR $GOOG $F $COST https://marketchameleon.com/volReports/DownsidePutProtection", "time": 1535406437.0, "sentiment": ""}, {"id": 135235472, "text": "$AAPL 225 aug31 220 sep7 222.50 sep14 232.50 sep21 250 sep28 262 oct5", "time": 1535406330.0, "sentiment": ""}, {"id": 135234953, "text": "$BB BlackBerry vs Facebook is just the tip of the iceberg.... more to come $AAPL $MSFT $GOOGL $AMZN $IBM $ORCL $CRM $TSLA $SNAP $FB", "time": 1535406183.0, "sentiment": "Bullish"}, {"id": 135234860, "text": "$aapl close your eyes. Think about a price that sounds ridiculous today. That&#39;s where we&#39;re going in 3 months. within reason but not &gt; $400", "time": 1535406159.0, "sentiment": ""}, {"id": 135234527, "text": "#Update(7)  $AAPL Aug-31 215 Calls Up +16%.  2.45 to 2.83 per contract since alerted on Aug 22. \n\n4 daystoexpire", "time": 1535406074.0, "sentiment": "Bullish"}, {"id": 135234460, "text": "$TSLA somebody still does not believe big funds cutting their position in tsla, they are accumulating $AAPL shares for \u201cgrowing secured\u201d", "time": 1535406058.0, "sentiment": ""}, {"id": 135234198, "text": "$AAPL P/E should be in the 22-25 range assuming flat growth in future earnings. Still heavily undervalued.", "time": 1535405990.0, "sentiment": "Bullish"}, {"id": 135233714, "text": "$AAPL is the new savings account folks. Way safer than any bank. $BAC $WFC Plus you get 25-100% returns and div.", "time": 1535405859.0, "sentiment": ""}, {"id": 135233143, "text": "$AAPL keep buying more people, market is not gonna crash...:)", "time": 1535405714.0, "sentiment": ""}, {"id": 135233116, "text": "$aapl $225C .10 almost guaranteed to return 300-500% sometime this week.", "time": 1535405708.0, "sentiment": ""}, {"id": 135233057, "text": "$AAPL profit wise it is a 250 stock. Still cheap.", "time": 1535405692.0, "sentiment": ""}, {"id": 135232675, "text": "$aapl adding $5 - $15 BILLION in market cap DAILY. Won&#39;t stop until we hit $2 TRILLION in a few months.", "time": 1535405586.0, "sentiment": ""}, {"id": 135232293, "text": "$NVDA where are the on hype curve????? Their tech got called out over the weekend $aapl $mu", "time": 1535405477.0, "sentiment": "Bearish"}, {"id": 135232187, "text": "$AAPL Looking good after couple days of going back and forth.", "time": 1535405452.0, "sentiment": "Bullish"}, {"id": 135232011, "text": "$AAPL holding nice", "time": 1535405404.0, "sentiment": ""}, {"id": 135231783, "text": "$SPY $QQQ $IWM $AAPL $NFLX $NVDA  Bulls running wild on Wall Street again!...", "time": 1535405345.0, "sentiment": "Bullish"}, {"id": 135231278, "text": "A new daily high at $217.73 was just reached for $AAPL", "time": 1535405217.0, "sentiment": ""}, {"id": 135231274, "text": "A new daily high at $217.73 was just reached for $AAPL.    #AAPL", "time": 1535405216.0, "sentiment": ""}, {"id": 135231131, "text": "$SPY $QQQ $IWM $AAPL $NVDA $NFLX   BULL STAMPEDE ON WALL STREET....", "time": 1535405174.0, "sentiment": "Bullish"}, {"id": 135231085, "text": "$NFLX $F  $AAPL $BP $BKD $FB $T 401k is looking good this morning!", "time": 1535405163.0, "sentiment": ""}, {"id": 135230917, "text": "$AAPL $NVDA told you new ATH by 1030. NEVER EVER FAILS. Buy the morning dips ALWAYS. CAN&#39;t STRESS it ENOUGH.", "time": 1535405119.0, "sentiment": ""}, {"id": 135230747, "text": "$AAPL Highs", "time": 1535405071.0, "sentiment": ""}, {"id": 135230737, "text": "In other words, $AAPL \u2018s outta ideas but their key product will consistently be higher cost to end users. Brilliant.  $SPY", "time": 1535405069.0, "sentiment": ""}, {"id": 135230707, "text": "$AAPL Warren Buffett gonna buy more ;). Buy more....yay", "time": 1535405063.0, "sentiment": ""}, {"id": 135230530, "text": "$AAPL #SetupAlert - Open Aug-31 217.5 Calls at $1.35 per contract. \nStock at: 216.94  ( Max 2 days)", "time": 1535405019.0, "sentiment": "Bullish"}, {"id": 135230433, "text": "$SPY $QQQ $IWM $AAPL $NVDA $NFLX   Let&#39;s go, pump it higher and higher!....", "time": 1535404990.0, "sentiment": "Bullish"}, {"id": 135230181, "text": "$NQ_F $FB $AAPL $BTC.X $CL_F", "time": 1535404919.0, "sentiment": ""}, {"id": 135229584, "text": "$SPY NAFTA sucks!! I hope Pres Trump won\u2019t give in unless it\u2019s a good deal for American workers $AMZN $AAPL $FB $NFLX $GOOGL $NVDA $MSFT $F", "time": 1535404766.0, "sentiment": "Bullish"}, {"id": 135229447, "text": "$AAPL Last year&#39;s 9/12 keynote invites were sent 8/31,that means this years keynote will be sent out this Friday. 5-10% upside next 2 weeks", "time": 1535404728.0, "sentiment": "Bullish"}, {"id": 135229316, "text": "$BB BlackBerry, already transformed from a HW company to a software company and current gross margins at 75%  $TSLA $AAPL $MSFT $GOOGL $FB https://t.co/k1SzCY1rru", "time": 1535404698.0, "sentiment": "Bullish"}, {"id": 135228983, "text": "$SPY \u201cNAFTA sucks!! It\u2019s bad for Canadian, Mexican and US workers! Only Corporations and Politicians want it!!! $AAPL $FB $AMZN $NFLX $GOOGL", "time": 1535404617.0, "sentiment": "Bullish"}, {"id": 135228763, "text": "$AAPL Wow Tim really knows how to buy Samsung screens from China cheap...he should make cars...", "time": 1535404554.0, "sentiment": "Bearish"}, {"id": 135228753, "text": "$NVDA $AAPL $CRM $SQ if we run up 30-50% in 5-7 trading days we&#39;re near the top and I&#39;d start to protect. Until then FREE MONEY ZERO RISK", "time": 1535404551.0, "sentiment": ""}, {"id": 135228400, "text": "$SPY I hope Pres Trump won\u2019t sign NAFTA unless it\u2019s in our interest.  That\u2019s why He got US workers\u2019 votes not to give in..$AAPL $FB $AMZN $F", "time": 1535404464.0, "sentiment": "Bullish"}, {"id": 135228170, "text": "$AAPL yaaay apple rally every single second of every single minute....", "time": 1535404397.0, "sentiment": "Bearish"}, {"id": 135228041, "text": "$AAPL", "time": 1535404361.0, "sentiment": ""}, {"id": 135227547, "text": "$FL thats what happens when $nke pushes low margin crap &amp; sells online to many chains. $aapl next to overwhelm w/ releases &amp; iterations.", "time": 1535404235.0, "sentiment": "Bearish"}, {"id": 135227457, "text": "Canada/Mexico good for 1500 pts on the Dow China good for another 2500 pts That means 30K by Dec. 31 guaranteed $AAPL $CRM $NVDA $AMZN $NFLX", "time": 1535404209.0, "sentiment": ""}, {"id": 135226975, "text": "$NVDA $AAPL Tomorrow mrkts will be up another 300 pts. This week 3-5% in market gains. Get in now. FOMO. $AAPL 225", "time": 1535404069.0, "sentiment": ""}, {"id": 135226300, "text": "$NFLX $NVDA $BABA $FB $GOOGL Highs. \n$AAPL VWAP.", "time": 1535403889.0, "sentiment": ""}, {"id": 135226264, "text": "$nke $aapl low end/budget product are starting to overwhelm the consumer demand. they can only milk the market so much b4 the collapse. #imo", "time": 1535403879.0, "sentiment": "Bearish"}, {"id": 135226143, "text": "$AAPL this week: invites for Apple launch event (Tues-Wed), Buffett on CNBC (Thurs)", "time": 1535403847.0, "sentiment": ""}, {"id": 135226035, "text": "$AAPL is the best savings account you can have. It&#39;s safer than $BAC or $WFC. It returns 25-150% a yr and pays you divs.", "time": 1535403820.0, "sentiment": ""}, {"id": 135225935, "text": "$AAPL if 217 cleared, 218 in no time. #stocks", "time": 1535403798.0, "sentiment": "Bullish"}, {"id": 135225771, "text": "$AAPL this is a better stock premarket lol.", "time": 1535403753.0, "sentiment": ""}, {"id": 135225587, "text": "Remember on Fri I said get ready for the 300-500 pt rally on monday. $AAPL $NVDA We are going to the most ridiculous valuations b4 a crash.", "time": 1535403699.0, "sentiment": ""}, {"id": 135225073, "text": "We also talked about the buying opportunities in $NKE $AAPL while we got a risk free position in $NFLX from Long in $322 #elliottwave", "time": 1535403596.0, "sentiment": ""}, {"id": 135224951, "text": "$DIS Forming and ready for crossover in daily chart $SPY $AAPL $AMZN bullish", "time": 1535403566.0, "sentiment": "Bullish"}, {"id": 135224835, "text": "$NVDA they straight up deceive their customers and you applaud them, gtfo \ud83e\udd2f\ud83e\udd25 $mu $aapl $amd", "time": 1535403535.0, "sentiment": "Bearish"}, {"id": 135224336, "text": "$NVDA feels like we\u2019ll lose a couple pts just like that these next few days. No way I\u2019m trusting these guys anymore $amd $mu $aapl", "time": 1535403402.0, "sentiment": "Bearish"}, {"id": 135224093, "text": "$NVDA $AAPL today time to catch up to the market. $aapl 219 and $NVDA 280. Boom.", "time": 1535403325.0, "sentiment": ""}, {"id": 135223638, "text": "$AAPL Weak af, again today.", "time": 1535403192.0, "sentiment": ""}, {"id": 135223416, "text": "$TSLA $AAPL The Combination of Tesla and Apple Is Nothing More Than a Fairy Tale, But with a Twist https://www.smarteranalyst.com/bloggers-corner/combination-tesla-tsla-apple-aapl-nothing-fairy-tale-twist", "time": 1535403131.0, "sentiment": ""}, {"id": 135223117, "text": "$AAPL $amzn $qqq gap and fade.....", "time": 1535403052.0, "sentiment": ""}, {"id": 135223092, "text": "$SPY It&#39;s the 80&#39;s! :o) $AAPL $BABA $AMZN $FB $GOOG $NFLX $JPM $M $GS", "time": 1535403046.0, "sentiment": "Bullish"}, {"id": 135222529, "text": "$AAPL: Comparing the growth rate of the last 5 years to the rate of the upcoming 2 years, we see that the growt ... https://www.chartmill.com/analyze.php?utm_source=stocktwits&amp;utm_medium=FA&amp;utm_content=GROWTH&amp;utm_campaign=social_tracking#/AAPL?r=fa&amp;key=bb853040-a4ac-41c6-b549-d218d2f21b32", "time": 1535402883.0, "sentiment": ""}, {"id": 135222412, "text": "$AAPL $300 before $215", "time": 1535402849.0, "sentiment": ""}, {"id": 135221657, "text": "Chances of markets being up 1% and $AAPL and $NVDA being down 0%. Just like the risk in going long. ZERO RISK", "time": 1535402630.0, "sentiment": ""}, {"id": 135221116, "text": "$AAPL hmm they finally see what I have been seeing for a while: $TSLA", "time": 1535402465.0, "sentiment": ""}, {"id": 135221020, "text": "$aapl a lot of bullish article recently. I speculate paid news because I know this thing is going to crap.  #imo ...https://www.bloomberg.com/news/articles/2018-08-27/apple-to-embrace-iphone-x-design-with-new-colors-bigger-screens", "time": 1535402434.0, "sentiment": "Bearish"}, {"id": 135220962, "text": "$SPY $AAPL", "time": 1535402419.0, "sentiment": ""}, {"id": 135220439, "text": "$NFLX $FB $TWTR $AAPL $GOOGL $MSFT $SPOT Biggest headwind is regulations but biggest tailwind is $FXI $EEM $BABA $BIDU $IQ &amp;Global expansion", "time": 1535402281.0, "sentiment": ""}, {"id": 135220176, "text": "$AAPL we just need a finance app from Apple and steal 100 millions users from yahoo...", "time": 1535402195.0, "sentiment": ""}, {"id": 135219819, "text": "S&amp;P 500 At New Record, But Still Very Close To January High $NDX $SPX Also $AAPL $AMZN $DJI https://goo.gl/fWP1Kn", "time": 1535402094.0, "sentiment": ""}, {"id": 135219767, "text": "#FREEMONEY for all tech longs. $NEVERFAIL #ZERORISK $AAPL $NVDA $SQ Buy the dips.", "time": 1535402074.0, "sentiment": ""}, {"id": 135219681, "text": "$AAPL current consensus is for Iphone unit shipments of 220m units in FY19, only a couple of million above FY18&#39;s likely total. I&#39;m at 231m.", "time": 1535402040.0, "sentiment": ""}, {"id": 135219431, "text": "$AAPL GBH: We believe 350 million iPhones are in the \u201cwindow of opportunity\u201d to upgrade over the next 12 to 18 months.", "time": 1535401962.0, "sentiment": ""}, {"id": 135219398, "text": "Remember to buy the dips. Techs will NEVER fail. $AAPL NEVER falls more than 1% We&#39;re going to new ATHs. $227-$230 this week.", "time": 1535401950.0, "sentiment": ""}, {"id": 135219360, "text": "$AAPL $SPY market will take off once Trump either resigns or is impeached/removed from office. Trade tariffs will end. Trump policies voided", "time": 1535401936.0, "sentiment": ""}, {"id": 135219354, "text": "$AAPL I put in a buy and haven\u2019t gotten it...", "time": 1535401934.0, "sentiment": "Bullish"}, {"id": 135218943, "text": "Time to rally $AAPL $NVDA $SQ $CRM NEW ATHs before 1030", "time": 1535401771.0, "sentiment": ""}, {"id": 135218807, "text": "@TJD0341 I thank them every day. Techs are rarely down over rolling 10 day period. Algos jump in when $AAPL drops 1% or more That&#39;s why zero", "time": 1535401719.0, "sentiment": ""}, {"id": 135218493, "text": "Bulls keep buying the cult stock for the dream, not reality. Fidelity/T-Rowe/other funds reducing % rolling money out $TSLA to buy $AAPL", "time": 1535401595.0, "sentiment": ""}, {"id": 135217901, "text": "$NQ_F $FB $AAPL $BTC.X $CL_F Ask-Who are you as a trader and why are you here? spend time on that question and clarify your purpose.:)", "time": 1535401338.0, "sentiment": "Bullish"}, {"id": 135217001, "text": "$AAPL is one of our 20-day forward top picks. We estimate a 74.8% upside probability. Learn more at https://cb.stockenja.com/st/AAPL", "time": 1535400921.0, "sentiment": ""}, {"id": 135216966, "text": "Today&#39;s top picks are: $ATI, $AOK, $EWW, $HYG, $IYZ, $CHU, $TLT, $T, $FB, $XBI, $VNQ, $SHY, $AAPL, $VZ, $ABX, $XES, $EEM, $GTS.", "time": 1535400905.0, "sentiment": ""}, {"id": 135216893, "text": "Trading plan $AMD $CRON $CGC $TLRY $VZ $FB $BIDU $ROKU $AAPL $BABA $SQ $CAT $NFLX $NVDA $LULU $GOOGL $AMZN $SGEN $TSLA $CMG $MOMO $DBX $KSS", "time": 1535400860.0, "sentiment": ""}, {"id": 135216725, "text": "Since talking heads on CNBC cant trade they love sucking people in on a $TSLA trade but some very unhappy Bulls who sold $AAPL remember :o)", "time": 1535400784.0, "sentiment": "Bullish"}, {"id": 135216572, "text": "$NQ_F $DAX $YM_F $FB $AAPL $BTC.X $CL_F  indexes continue breakout pattern. Energies are flat and bitcoin  supporting the 6.7K", "time": 1535400727.0, "sentiment": ""}, {"id": 135216332, "text": "$AAPL Close Over 217.20 today and stock can see new all time highs this week. Let\u2019s see it", "time": 1535400620.0, "sentiment": "Bullish"}, {"id": 135216201, "text": "$AAPL Whoa!", "time": 1535400565.0, "sentiment": ""}, {"id": 135216173, "text": "CNBC says sell $TSLA! Same ones who said Sell/Short $AAPL into earnings? Same ones who said $FB wouldn&#39;t bounce from $140? Oh &amp; this to :o)", "time": 1535400556.0, "sentiment": "Bullish"}, {"id": 135215972, "text": "Going to see 400 and ATHs soon unless $AAPL $WMT  break their streaming news...", "time": 1535400466.0, "sentiment": ""}, {"id": 135215945, "text": "$NFLX  developing a system  to avoid paying the commissions  $AAPL charges on app-related transactions..  $SPY https://www.cnbc.com/2018/08/27/stocks-making-the-biggest-move-premarket-tsla-ual-twtr-nflx--more.html", "time": 1535400453.0, "sentiment": ""}, {"id": 135215534, "text": "$AAPL were all still waiting for that since 180!!", "time": 1535400263.0, "sentiment": ""}, {"id": 135215493, "text": "$AAPL wow so crazy and out on a limb!! Why didn\u2019t they do that at 180!! Laugh out loud professional guessers", "time": 1535400242.0, "sentiment": ""}, {"id": 135215157, "text": "$aapl 300 &#39;18 $nvda 400 &#39;18 $sq 110 $DJI 29K $SPX 3200  $compq 9K by the end of 18", "time": 1535400067.0, "sentiment": ""}, {"id": 135215027, "text": "$AAPL Macquarie sets PT at $214 https://stocknews.com/news/aapl-macquarie-sets-pt-at-214-49801901/", "time": 1535400007.0, "sentiment": ""}, {"id": 135214882, "text": "$AAPL analyst comments from Baird (PT $230)", "time": 1535399931.0, "sentiment": ""}, {"id": 135214879, "text": "$aapl 219 $nvda $280 $sq 82 $crm 157 techs in general 2-5% gains today. Mkts will gain 3-5% this week. Watch out we&#39;re going much higher.", "time": 1535399930.0, "sentiment": ""}, {"id": 135214150, "text": "Imp Vol &amp; Imp Vol/ATR (lower the better) $AMZN $AZO $ISRG $CMG $SHW $GWW $BA $ILMN $HUM $ANTM $UNH $ADBE $BDX $COST $AAPL $BRK.B $MA $HD", "time": 1535399505.0, "sentiment": "Bullish"}, {"id": 135213083, "text": "$VLRX $BABA $AAPL $AMD $SNAP $SSC $VLRX $FUSEX Long Term.", "time": 1535398865.0, "sentiment": "Bullish"}, {"id": 135212650, "text": "These stocks just aren&#39;t worth the risk \n \nhttps://www.investorsobserver.com/market-intelligence-center/featured/these-stocks-just-arent-worth-the-risk/?utm_source=StockTwits&amp;utm_medium=Social&amp;utm_campaign=IO \n \n$AAPL $CSCO $GRUB $PEP $TGT", "time": 1535398619.0, "sentiment": ""}, {"id": 135212642, "text": "$AAPL what goes up WILL come down....", "time": 1535398612.0, "sentiment": "Bearish"}, {"id": 135212160, "text": "Stock Report of the Day: Apple \n \nhttps://www.investorsobserver.com/pr-stocks-lp/?stocksymbol=AAPL&amp;prnumber=82720180 \n \n$AAPL", "time": 1535398343.0, "sentiment": ""}, {"id": 135211905, "text": "$CRON $CGC $AMD  $AAPL  $MSFT   \n \ninvested", "time": 1535398202.0, "sentiment": "Bullish"}, {"id": 135211835, "text": "Today is going to be a good day! Share it with us! #TechProTrading $CGC $PTLA $AMD $TLRY $AAPL $OLED $TSLA $CRON $JD $FB $NFLX $BABA", "time": 1535398150.0, "sentiment": ""}, {"id": 135211789, "text": "Relative Perfce of Strong Stocks vs $SPX $AMZN $AZO $ISRG $CMG $SHW $GWW $BA $ILMN $HUM $ANTM $UNH $ADBE $BDX $COST $AAPL $BRK.B $MA $HD", "time": 1535398117.0, "sentiment": "Bullish"}, {"id": 135211504, "text": "$aapl $nvda $sq $crm all going to set new ATHs and 10% higher this week. Think about the most ridiculous valuation and we&#39;re going there. :)", "time": 1535397915.0, "sentiment": ""}, {"id": 135211482, "text": "$AAPL holding onto a few 220 calls. Looks like we may hit em today boysssss", "time": 1535397898.0, "sentiment": "Bullish"}, {"id": 135211354, "text": "$CGC $NFLX $AAPL $WING $GRUB $TTD $TWLO $SQ $ETSY $AMD $GDDY $DXCM $TNDM$FEAR .... many ex.for U to see why it works", "time": 1535397813.0, "sentiment": ""}, {"id": 135211145, "text": "$AAPL going to be an amazing day", "time": 1535397679.0, "sentiment": "Bullish"}, {"id": 135210973, "text": "Rel Capitalization of Strong Stocks Heat Map $AMZN $AZO $ISRG $CMG $SHW $GWW $BA $ILMN $HUM $ANTM $UNH $ADBE $BDX $COST $AAPL $BRK.B $MA $HD", "time": 1535397575.0, "sentiment": "Bullish"}, {"id": 135210914, "text": "$QQQ nasdaq an amazing 575% since February 2009, 9.5 years ago....that\u2019s quite amazing $NDX $TQQQ $AMZN $MSFT $FB $AAPL $SPY", "time": 1535397537.0, "sentiment": ""}, {"id": 135210868, "text": "$1000 for a phone is the new norm.\niPhone x For Parts only, sells on eBay for $500!\n\n$GOOG $AAPL", "time": 1535397509.0, "sentiment": ""}, {"id": 135210462, "text": "$AAPL Apple to take iPhone X design to new phones https://seekingalpha.com/news/3385783", "time": 1535397243.0, "sentiment": ""}]