[{"id": 135362860, "text": "All techs green by 1030. Just a given. This is nothing but a buying opportunity. Happens every day. $NVDA $CRM $NFLX $AAPL $AMD", "time": 1535489790.0, "sentiment": ""}, {"id": 135362714, "text": "@The_Shadow They are camping out in $AAPL", "time": 1535489750.0, "sentiment": ""}, {"id": 135362703, "text": "$AAPL $WFC $BAC \nTruer words never spoken", "time": 1535489748.0, "sentiment": ""}, {"id": 135362578, "text": "The Bank of $AAPL is the safest savings account on the market. $WFC $BAC Not to mention you get 50%+ returns, dividends, and peace of mind.", "time": 1535489713.0, "sentiment": ""}, {"id": 135362571, "text": "$AAPL new products launch will be epic. Good upgrade cycle coming.", "time": 1535489712.0, "sentiment": "Bullish"}, {"id": 135362375, "text": "$AAPL come on baby ... you know you want 220 today", "time": 1535489663.0, "sentiment": "Bullish"}, {"id": 135362211, "text": "$AAPL getting a bit ripe here - think they drop before the next announcement", "time": 1535489617.0, "sentiment": "Bearish"}, {"id": 135362196, "text": "$AAPL  Apple climbs cautiously  http://www.economies.com/stocks/united-states-analysis/apple-climbs-cautiously---analysis---28-08-2018-54474", "time": 1535489612.0, "sentiment": ""}, {"id": 135361966, "text": "Option Block Trades Screener $AMD $SPY $MSFT $AMD $QQQ $CRON $F $DBX $SQM $FB $QCOM $AAPL $STM $UAL $IBB $ORCL $BABA https://marketchameleon.com/Screeners/OptionTrades", "time": 1535489556.0, "sentiment": ""}, {"id": 135361471, "text": "today is a perfect example why The Bank of $AAPL is ZERO RISK. tech looks weak but not $AAPL This is the safest Savings Acct avbl $BAC $WFC", "time": 1535489429.0, "sentiment": ""}, {"id": 135361460, "text": "$AAPL omg please stop... i just wanted a 190 test", "time": 1535489428.0, "sentiment": ""}, {"id": 135361208, "text": "$AMD $TSLA $NVDA $QQQ $FB $NFLX $AAPL $GOOG $GOOGL all on watch for shorting action $TSLA could go sub $300", "time": 1535489360.0, "sentiment": "Bearish"}, {"id": 135361081, "text": "$AAPL Breakout over 220", "time": 1535489330.0, "sentiment": ""}, {"id": 135360966, "text": "$AAPL break 220", "time": 1535489301.0, "sentiment": ""}, {"id": 135360847, "text": "$AAPL anyone wanna guess today\u2019s HOD?", "time": 1535489268.0, "sentiment": "Bullish"}, {"id": 135360631, "text": "$AAPL I was always an AAPL Bull. If you think I&#39;m lying, review my history. I&#39;m no longer bullish, for my price target has been met.", "time": 1535489209.0, "sentiment": ""}, {"id": 135360582, "text": "$FB $AAPL $MSFT Grabbed some more AAPL profits. Trimmed a bit here. Loaded up w Oct FB Calls and some stock.", "time": 1535489195.0, "sentiment": "Bullish"}, {"id": 135360383, "text": "$AAPL looks good to head up higher here", "time": 1535489145.0, "sentiment": "Bullish"}, {"id": 135360176, "text": "$NFLX https://www.cnbc.com/2018/08/28/brewdog-is-launching-a-video-on-demand-network-for-4point99-a-month.html Wow, streaming popping out everywhere here $DIS $T $CMCSA $AMZN $GOOGL $FB $AAPL $LGF.A $CBS $AMCX", "time": 1535489094.0, "sentiment": ""}, {"id": 135359760, "text": "$GOOGL Down out gate. \n$NFLX $NVDA $FB $BABA Down. \n$AAPL Up.", "time": 1535488980.0, "sentiment": ""}, {"id": 135359686, "text": "$AAPL selling those dongles like a boss!    https://goo.gl/hFRL3U", "time": 1535488961.0, "sentiment": ""}, {"id": 135359414, "text": "We are gonna remove from office this dictator, soon muller gonna bring down this abuse of power, US deserve better $SPX  $SPY $AAPL \ud83e\udd84\u23f0", "time": 1535488895.0, "sentiment": "Bearish"}, {"id": 135359397, "text": "$AAPL Hard cider for everybody !", "time": 1535488891.0, "sentiment": "Bullish"}, {"id": 135359352, "text": "$AAPL Looking forwards to the next iphone release.", "time": 1535488881.0, "sentiment": "Bullish"}, {"id": 135359334, "text": "$AAPL new high has me raise my stop. Not rung of ladder taken yet today", "time": 1535488877.0, "sentiment": ""}, {"id": 135359299, "text": "$AAPL Warren Buffett scheduled to be on air Thurs... y\u2019all know what happens when he is on air ;)", "time": 1535488868.0, "sentiment": "Bullish"}, {"id": 135359256, "text": "$aapl nice one for premium folks up 1.50$,flagged calls block buy yestrday @optionexpertprm&gt;", "time": 1535488860.0, "sentiment": "Bullish"}, {"id": 135359240, "text": "$AAPL at what price are you getting out of the 8/31 220 calls? $1.5 is looking good to me", "time": 1535488855.0, "sentiment": "Bullish"}, {"id": 135359152, "text": "Is the Stock Market About to Collapse Under its own Weight? $SPY $DIA $QQQ $AAPL $GOOGL $AMZN $TSLA --   https://www.philstockworld.com/2018/08/28/toppy-tuesday-sp-2900-so-its-3000-or-bust/", "time": 1535488832.0, "sentiment": ""}, {"id": 135359080, "text": "$AAPL give me $230", "time": 1535488809.0, "sentiment": "Bullish"}, {"id": 135359045, "text": "$AAPL $221 soon?", "time": 1535488796.0, "sentiment": "Bullish"}, {"id": 135359001, "text": "$AAPL going to pop up higher here today", "time": 1535488785.0, "sentiment": "Bullish"}, {"id": 135358921, "text": "$AAPL looking good to make a move up higher here", "time": 1535488765.0, "sentiment": "Bullish"}, {"id": 135358903, "text": "$AAPL not possible , I don\u2019t believe analysts !", "time": 1535488758.0, "sentiment": ""}, {"id": 135358870, "text": "$TSLA Big funds are continuing roll the money out of TSLA and buy in $AAPL", "time": 1535488749.0, "sentiment": ""}, {"id": 135358823, "text": "$AAPL Bears can&#39;t wait to cover over $225", "time": 1535488735.0, "sentiment": "Bullish"}, {"id": 135358772, "text": "Watch for a move up higher on $AAPL", "time": 1535488724.0, "sentiment": "Bullish"}, {"id": 135358696, "text": "$AAPL kewl, a super duper cycle...seems like I&#39;ve heard that one before", "time": 1535488705.0, "sentiment": ""}, {"id": 135358508, "text": "$AAPL  All time highs!", "time": 1535488656.0, "sentiment": ""}, {"id": 135358496, "text": "$AAPL start listening to me\ud83e\udd11\ud83d\udcc8\ud83d\udcc8\ud83d\udcb5\ud83d\udcb5", "time": 1535488654.0, "sentiment": "Bullish"}, {"id": 135358479, "text": "@planetMitch $aapl  It&#39;ll happen right after it goes up another 20%", "time": 1535488650.0, "sentiment": "Bullish"}, {"id": 135358334, "text": "$AAPL one of the most precise and accurate analyst I follow just forecast +36% YoY for Apple&#39;s holiday quarter.", "time": 1535488605.0, "sentiment": ""}, {"id": 135358286, "text": "$AAPL Hang in there bears.  More losses on da way!", "time": 1535488588.0, "sentiment": ""}, {"id": 135358221, "text": "$AAPL i&#39;m still waiting for that 3-6% drop the bears were predicting last week... :)", "time": 1535488567.0, "sentiment": ""}, {"id": 135357837, "text": "$INTU out with almost 2 percent :D $SPY $AAPL $COMPQ $DJIA", "time": 1535488464.0, "sentiment": ""}, {"id": 135357816, "text": "$AAPL \ud83d\ude80\ud83c\udf15", "time": 1535488457.0, "sentiment": "Bullish"}, {"id": 135357573, "text": "$AAPL NEW ALL TIME HIGH", "time": 1535488391.0, "sentiment": ""}, {"id": 135357493, "text": "$AAPL Another ATH?  Boring!", "time": 1535488365.0, "sentiment": "Bullish"}, {"id": 135356765, "text": "$BABA $BIDU $WB $SINA $NTES $YY $TCEHY $AMZN $AAPL $GOOG Moody&#39;s expects Alibaba&#39;s revenue to rise 40%-45%  in the next 12-18 months", "time": 1535488111.0, "sentiment": ""}, {"id": 135356620, "text": "$AAPL in beautiful upward channel Changed my call ...new highs coming:dr j at 11 market wrap https://youtu.be/UBqSjaU6tCk", "time": 1535488063.0, "sentiment": "Bullish"}, {"id": 135356235, "text": "@PerSE @reez007 @AlexanderHandleton @Frenzy @April0505 @Boyle @luvngspnful @Stockcat01 @godzillalizard Then $SPY can go up watch $AAPL $AMZN", "time": 1535487911.0, "sentiment": ""}, {"id": 135356181, "text": "@PerSE @reez007 @AlexanderHandleton @Frenzy @April0505 @Boyle @luvngspnful @Stockcat01 @godzillalizard (IF) $AMZN $AAPL $GOOG Above Target", "time": 1535487889.0, "sentiment": ""}, {"id": 135356116, "text": "$AMD When will $TSLA and $AAPL  announce about using AMD based  AI chipset for their auto pilot program ?", "time": 1535487865.0, "sentiment": "Bullish"}, {"id": 135355870, "text": "$AMD $NVDA $QCOM $AAPL https://www.marketwatch.com/story/interview-with-amds-su-on-change-in-foundry-its-roadmap-and-new-head-of-client-compute-business-2018-08-28", "time": 1535487775.0, "sentiment": ""}, {"id": 135355761, "text": "$AAPL  PM  ATH !  Sleep well stk!", "time": 1535487733.0, "sentiment": ""}, {"id": 135355736, "text": "$AAPL mofo beast yo", "time": 1535487724.0, "sentiment": "Bullish"}, {"id": 135355634, "text": "$AAPL Yep", "time": 1535487688.0, "sentiment": "Bullish"}, {"id": 135355565, "text": "http://www.digitimes.com/news/a20180828PD210.html $AAPL $LITE $ADI $TXN $VIAV", "time": 1535487665.0, "sentiment": "Bullish"}, {"id": 135355534, "text": "Imp Vol &amp; Imp Vol/ATR (lower the better) $AMZN $GOOGL $ISRG $CMG $SHW $GWW $BA $ILMN $HUM $ANTM $UNH $ADBE $BDX $COST $AAPL $BRK.B $MA $HD", "time": 1535487654.0, "sentiment": "Bullish"}, {"id": 135355170, "text": "$AAPL 30% is not likely !!!", "time": 1535487508.0, "sentiment": ""}, {"id": 135355163, "text": "$AAPL Samsung launches curved, 34-inch display with Thunderbolt 3", "time": 1535487507.0, "sentiment": "Bullish"}, {"id": 135354843, "text": "$AAPL &quot;A 30+% increase in revenue this holiday quarter would be extraordinary, nearly without precedent, especially at Apple\u2019s $200B+ size&quot;", "time": 1535487384.0, "sentiment": "Bullish"}, {"id": 135354832, "text": "The latest pre-open #analysis of #news, #data driving the #market http://bit.ly/1XEq563 #PageOne $AAPL $TIF $DSW $BBY #Trump #Mexico", "time": 1535487379.0, "sentiment": ""}, {"id": 135354789, "text": "the $AAPL/$GOOG duopoly is slowly being broken thnx to companies like $NFLX/$SPOT https://youtu.be/bvi5xMs-QAw $QQQ $SPY", "time": 1535487363.0, "sentiment": ""}, {"id": 135354714, "text": "$AAPL is one of our 20-day forward top picks. We estimate a 73.0% upside probability. Learn more at https://cb.stockenja.com/st/AAPL", "time": 1535487332.0, "sentiment": ""}, {"id": 135354621, "text": "Today&#39;s top picks are: $ATI, $HYG, $TLT, $IYZ, $VZ, $T, $FB, $AOK, $CHU, $GTS, $XBI, $VNQ, $PBJ, $XES, $AAPL.", "time": 1535487305.0, "sentiment": ""}, {"id": 135354370, "text": "$AAPL Microsoft Authenticator is limited to personal (Outlook.com) accounts and work-related accounts like Office 365. Now in preview.", "time": 1535487209.0, "sentiment": "Bullish"}, {"id": 135354353, "text": "$NQ_F $DAX $FB $AAPL $BTC.X $CL_F  Breakout in indexes leave price action extended buying the dips working. Bitcoin pushing higher above 7K", "time": 1535487202.0, "sentiment": ""}, {"id": 135354324, "text": "$DJIA is up 8,000 points 2 years.  So what if we do drop a few hundred points.   $SPY $AAPL $GOOGL $AMZN $MSFT $FB $BABA $JPM $GS $JNJ $TSLA", "time": 1535487191.0, "sentiment": ""}, {"id": 135353477, "text": "$AAPL \ud83e\udd14 looks like I chose wisely \ud83e\udd13", "time": 1535486838.0, "sentiment": ""}, {"id": 135353333, "text": "$SPY$QQQ $TQQQ $AMZN $AAPL $MSFT $GOOG $FB Bullish until minor potential dip in late Oct/early Nov due to Dems taking House", "time": 1535486772.0, "sentiment": "Bullish"}, {"id": 135353265, "text": "@PerSE @reez007 @AlexanderHandleton @Frenzy @April0505 @Boyle @luvngspnful @Stockcat01 @godzillalizard (((IF))) $SPY Dives Reversal $AAPL", "time": 1535486744.0, "sentiment": ""}, {"id": 135353216, "text": "$AAPL new iPhones coming September we find out about a bigger phone....this will run up over 220! \ud83d\udcb0\ud83d\udd25\ud83d\udcb0\ud83c\udf0f\ud83c\udf4e", "time": 1535486721.0, "sentiment": ""}, {"id": 135352568, "text": "Put Protection Cost Analysis To Hedge Downside Risk $CRON $TSLA $AMD $TIF $BJ $AMZN $AAPL $TLRY $HAIN $MSFT $TWTR https://marketchameleon.com/volReports/DownsidePutProtection", "time": 1535486435.0, "sentiment": ""}, {"id": 135352471, "text": "A bull market in stocks is REQUIRED for the economy to keep grow.  Not optional  $SPY $AAPL $GOOGL $AMZN $MSFT $FB $BABA $JPM $GS $JNJ $TSLA", "time": 1535486386.0, "sentiment": ""}, {"id": 135352441, "text": "$AAPL Yup bag holding 1000$ bills bro!!", "time": 1535486369.0, "sentiment": ""}, {"id": 135352398, "text": "@herecomes2017 $aapl bagholders control 99.999999% of all wealth. Everyone else wishes they had the education to be a bagholder", "time": 1535486354.0, "sentiment": ""}, {"id": 135352396, "text": "Relative Perfnce of Strong Stocks vs $SPX $AMZN $GOOGL $ISRG $CMG $SHW $GWW $BA $ILMN $HUM $ANTM $UNH $ADBE $BDX $COST $AAPL $BRK.B $MA $HD", "time": 1535486353.0, "sentiment": "Bullish"}, {"id": 135352310, "text": "BE WOKE: $AAPL\u2019s Manufacturing Purchase Obligations (MPO) for mid-year has reliably forecast up/down trends in the following Xmas quarter.", "time": 1535486315.0, "sentiment": ""}, {"id": 135352296, "text": "$GOOGL $FB $TWTR $AAPL $NFLX $MSFT $AMZN $SPOT They are private companies &amp; if they put damaging contents, anyone can come and sue them...", "time": 1535486306.0, "sentiment": ""}, {"id": 135352226, "text": "Price is all that matters.  Not results.  Not news.  Every dip in history has been bought.   $SPY $AAPL $GOOGL $AMZN $MSFT $FB $BABA $JPM", "time": 1535486271.0, "sentiment": ""}, {"id": 135352174, "text": "@PerSE @reez007 @AlexanderHandleton @Frenzy @April0505 @Boyle @luvngspnful @Stockcat01 @godzillalizard $AAPL $219.20 Clue for FANG! $SPY", "time": 1535486246.0, "sentiment": ""}, {"id": 135352105, "text": "U.S stock indexes are too important to the global economy not to be rigged.   $SPY $AAPL $GOOGL $AMZN $MSFT $FB $BABA $JPM $GS $JNJ $TSLA", "time": 1535486218.0, "sentiment": ""}, {"id": 135352057, "text": "Long Watches: $TIF, $DSW, $QCOM, $BA, $AAPL, $IQ, $BILI, $CRM, $LSCC, $COTY! Short Watches: $IONS, $BBY, $HAIN, $WMGI!", "time": 1535486197.0, "sentiment": ""}, {"id": 135351867, "text": "Once you accept market action is predetermined, trading is easy.   $SPY $AAPL $GOOGL $AMZN $MSFT $FB $BABA $JPM $GS $JNJ $TSLA", "time": 1535486103.0, "sentiment": ""}, {"id": 135351705, "text": "Today trading plan $BBY $TIF $NFLX $AMD $VZ $FB $BIDU $ROKU $AAPL $BABA $SQ $CAT $NVDA $LULU $GOOGL $AMZN $SGEN $TSLA $CMG $MOMO $DBX $KSS", "time": 1535486032.0, "sentiment": ""}, {"id": 135350930, "text": "$AAPL ~$215 on deck this week", "time": 1535485643.0, "sentiment": ""}, {"id": 135349901, "text": "$AAPL Upple for President", "time": 1535485059.0, "sentiment": ""}, {"id": 135349565, "text": "Rel Capitn of Strong Stocks Heat Map $AMZN $GOOGL $ISRG $CMG $SHW $GWW $BA $ILMN $HUM $ANTM $UNH $ADBE $BDX $COST $AAPL $BRK.B $MA $HD", "time": 1535484879.0, "sentiment": "Bullish"}, {"id": 135349307, "text": "$AAPL \ud83e\udd11\ud83e\udd11\ud83e\udd11", "time": 1535484730.0, "sentiment": "Bullish"}, {"id": 135349169, "text": "$AAPL 220, 230 and 240 about to arrive soon", "time": 1535484671.0, "sentiment": ""}, {"id": 135349128, "text": "$NQ_F  Elliott Wave Analysis: Nesting Higher As Impulse https://elliottwave-forecast.com/stock-market/nasdaq-nesting-higher-as-impulse/ #elliottwave $AAPL $AMZN", "time": 1535484647.0, "sentiment": "Bullish"}, {"id": 135349096, "text": "$AAPL welcome all new bag holders", "time": 1535484629.0, "sentiment": "Bearish"}, {"id": 135348965, "text": "Group 3 Live Analysis &amp; Trading Session starting in 15 min at https://elliottwave-forecast.com We&#39;ll talk about $BTC.X $AMD $AAPL $AMZN #Elliottwave", "time": 1535484549.0, "sentiment": ""}, {"id": 135348358, "text": "$SPY EXPECTED MOVES - \n \nhttps://bit.ly/2wfJAKV \n \n$SPX $QQQ $NDX $VIX $VXX $FB $AMZN $NFLX $GOOGL $BKNG $BABA $IWM $RUT $AAPL +++", "time": 1535484161.0, "sentiment": ""}, {"id": 135348293, "text": "$AAPL GO aapl go! https://giphy.com/gifs/monday-june-5Cv2ICd9DDwpq", "time": 1535484124.0, "sentiment": ""}, {"id": 135347835, "text": "PRE Market Movers: $TIF, $BBY, $DSW, $AAPL, $SBUX, $TWTR $IONS $AHL $GPS $XLNX $CPB $HEI $AFMD $ABIL $CRON $BILI $COTY $AKCA $HTHT $BJ $WMGI", "time": 1535483832.0, "sentiment": ""}, {"id": 135347824, "text": "$AAPL $225 soon ...", "time": 1535483823.0, "sentiment": "Bullish"}, {"id": 135347776, "text": "$AAPL dig this: Apple\u2019s Manufacturing Purchase Obligations (MPO) for the quarter ended in June shows a 31% increase YoY.", "time": 1535483796.0, "sentiment": "Bullish"}, {"id": 135347512, "text": "its funny i trade with @SanDollars @RS7788 and were in $AAPL together but they are still sleeping lol im over here excited alone lol", "time": 1535483627.0, "sentiment": ""}, {"id": 135347497, "text": "$AAPL Tesla doesn\u2019t have the capacity (yet) to satisfy demand for its own vehicles let alone an additional nameplate (Apple Car)", "time": 1535483613.0, "sentiment": "Bullish"}, {"id": 135347364, "text": "Strong Stocks for Aug 28 $AMZN $GOOGL $ISRG $CMG $SHW $GWW $BA $ILMN $HUM $ANTM $UNH $ADBE $BDX $COST $AAPL $BRK.B $MA $HD", "time": 1535483510.0, "sentiment": "Bullish"}, {"id": 135347289, "text": "$SPY $AAPL that\u2019s how I retired early! \ud83d\udc8b\ud83c\udf4f\ud83d\udc8b", "time": 1535483456.0, "sentiment": ""}, {"id": 135347187, "text": "$AAPL Tesla battery technology comes from Panasonic. Tesla has been a magnet for top talent, some of which are now fleeing to Apple.", "time": 1535483392.0, "sentiment": "Bullish"}, {"id": 135347172, "text": "$AAPL i cant wait for my call to open this should be nice!! about to break ATH Woohoo", "time": 1535483383.0, "sentiment": ""}, {"id": 135347170, "text": "$SPY $AAPL now testing new highs in the PM. Still very hard for longs to lose in this market. Buy/hold.", "time": 1535483381.0, "sentiment": "Bullish"}, {"id": 135347070, "text": "Stocks Making The Biggest Move PM: $TIF $BBY $DSW $AAPL $SBUX $TWTR $IONS $GPS $XLNX $CPB &amp; More https://www.cnbc.com/2018/08/28/stocks-making-the-biggest-move-premarket-tif-bby-dsw-aapl-sbux--more.html", "time": 1535483305.0, "sentiment": ""}, {"id": 135347040, "text": "@jigz007 @tonyav damn bro ypu must go the new $AAPL moonphone? Sweet.", "time": 1535483285.0, "sentiment": ""}, {"id": 135346876, "text": "Stocks making the biggest move premarket:\n\n$APO $AAPL $AHL $TWTR $DSW $IONS $GPS $HEI $TIF $SBUX $CPB $AKCA $XLNX $BBY  \n\nhttps://www.cnbc.com/2018/08/28/stocks-making-the-biggest-move-premarket-tif-bby-dsw-aapl-sbux--more.html", "time": 1535483185.0, "sentiment": ""}, {"id": 135346742, "text": "$AAPL me too! I\u2019m on a Jet Black 7Plus, best iPhone I\u2019ve ever owned.", "time": 1535483100.0, "sentiment": ""}, {"id": 135346599, "text": "$AAPL $220.  It\u2019s a bull market.", "time": 1535483013.0, "sentiment": "Bullish"}, {"id": 135346453, "text": "$AAPL\u2026all working together for an unparalleled user experience. Subscription revenue is going to explode.", "time": 1535482927.0, "sentiment": ""}, {"id": 135346359, "text": "$AAPL quick! poor middle class ...grab your pennies and buy 1trillion valuation on Trump &amp; Carl Icahns Apple facade", "time": 1535482858.0, "sentiment": "Bearish"}, {"id": 135346339, "text": "$AAPL iPhone X, iPad, AirPods, Apple TV, iTunes Store, Apple Music, HomePod and Apple Video\u2026", "time": 1535482841.0, "sentiment": "Bullish"}, {"id": 135346326, "text": "August 2018 Dividend 50.43% increase YoY https://invest4income.com/2018/08/27/august-2018-dividend-50-43-increase-yoy/ via @SantaFe_Ram \n$AAPL,$$TXN,$ABBV,$PG,$LOW", "time": 1535482832.0, "sentiment": ""}, {"id": 135346251, "text": "$BB BlackBerry Future As I See It \n\n$BB.CA $AAPL $MSFT $GOOGL $AMZN $IBM $ORCL $CRM $TSLA $SNAP $FB \n\nhttps://t.co/huXc4m8k0b", "time": 1535482789.0, "sentiment": "Bullish"}, {"id": 135346244, "text": "$AAPL looking forward to the 6.5 inch iPhone", "time": 1535482784.0, "sentiment": "Bullish"}, {"id": 135346075, "text": "$AAPL Apple Peripherals and Other Hardware YoY growth rate has been accelerating:\nFY2016 10%\nFY2017 15%\nFY2018 37%", "time": 1535482665.0, "sentiment": "Bullish"}, {"id": 135346052, "text": "@stockrow the market has undervalued $AAPL for years.  Still not at appropriate valuation.", "time": 1535482648.0, "sentiment": ""}, {"id": 135345883, "text": "$AAPL unlike Apple\u2019s hardware, Services is FAR less seasonal. Wake up Wall Street, and all you underweight institutional funds!", "time": 1535482521.0, "sentiment": "Bullish"}, {"id": 135345669, "text": "Pre-market movers https://cnb.cx/2ohHqpA $TIF $BBY $AAPL $SBUX $DSW $TWTR $IONS $AKCA $HEI $CPB $GPS $XLNX $AHL $APO", "time": 1535482353.0, "sentiment": ""}, {"id": 135345051, "text": "Stocks making the biggest move premarket: $TIF, $BBY, $DSW, $AAPL, $SBUX &amp; more   https://www.cnbc.com/2018/08/28/stocks-making-the-biggest-move-premarket-tif-bby-dsw-aapl-sbux--more.html", "time": 1535481893.0, "sentiment": ""}, {"id": 135344849, "text": "$TIF $BBY $DSW $AAPL $SBUX $SPY $QQQ $DIA $RUT \nStocks making the biggest move premarket: TIF, BBY, DSW, AAPL, SBUX &amp; more - http://cnbc.com/id/105419774", "time": 1535481724.0, "sentiment": ""}, {"id": 135344831, "text": "@stockrow $AAPL is cheaper and safer than the market average stock.", "time": 1535481708.0, "sentiment": ""}, {"id": 135344802, "text": "$AMZN $AAPL $FB https://www.google.com/amp/s/www.businessinsider.com.au/quantitative-tightening-qe-late-cycle-financial-market-volatility-2018-8/amp \nDebt being cut in QT , don\u2019t pay for the bill up here , you will pay for the debt of others", "time": 1535481684.0, "sentiment": ""}, {"id": 135344403, "text": "$ES_F $SPY $SPX pre-market bluff, will start to blush red at 10am et $DIA $DJIA $QQQ $NDX $IWM $IWC $FB $AAPL $AMZN $NFLX $GOOG $AMD $TIS", "time": 1535481361.0, "sentiment": "Bearish"}, {"id": 135344087, "text": "$XLK Currently looking to extend higher toward $75.73 area before a short term 3 waves pullback can take place #elliotttwave $AAPL", "time": 1535481114.0, "sentiment": ""}, {"id": 135343913, "text": "$AAPL Record high 2018 iPhone shipments expected to boost TSMC, Foxconn bottom line... https://goo.gl/GSJjkq", "time": 1535480958.0, "sentiment": ""}, {"id": 135343907, "text": "$AAPL anyone think Berkshire Hathaway is worried about the build up of inventory prior to the new phone release?", "time": 1535480951.0, "sentiment": ""}, {"id": 135343640, "text": "$AAPL y Bloomberg editors allow this crap? &quot;\u2026with inventories surging at Apple and its chief supplier, Foxconn&quot;", "time": 1535480740.0, "sentiment": "Bullish"}, {"id": 135343539, "text": "Bloomberg FUDs: &quot;Dark Clouds Gather as Tech Stockpiles Hit Pre-Crisis Levels&quot; $AAPL/Foxconn are piling up inventory ahead of launch AS USUAL", "time": 1535480641.0, "sentiment": "Bullish"}, {"id": 135342755, "text": "$AAXN $AAPL $BBY $TIF $BJ $AMD $NUGT $JNUG $SPY $DJIA $AMZN $NVDA this thing is just starting it fly from now will break previous resistance", "time": 1535479827.0, "sentiment": "Bullish"}, {"id": 135342632, "text": "$TSLA $aapl $tsla cut back on the Ambien dude, will never happen.", "time": 1535479653.0, "sentiment": ""}, {"id": 135342535, "text": "$AAPL never going to happen. Don\u2019t give it a thought.", "time": 1535479503.0, "sentiment": ""}, {"id": 135342131, "text": "$AAPL Sell the news after the event date sept 10 or 11.", "time": 1535478848.0, "sentiment": ""}, {"id": 135342128, "text": "$AAPL MARKETSHARE. Apple doesn\u2019t make cheap plastic phones.", "time": 1535478844.0, "sentiment": ""}, {"id": 135341526, "text": "Here\u2019s what 240 Estimize analysts believe $AAPL will report for Q4 2018 EPS [Reporting 10/30 AMC]\nhttp://www.estimize.com/intro/aapl?chart=historical&amp;metric_name=eps&amp;utm_content=AAPL&amp;utm_medium=eps_update&amp;utm_source=stocktwits", "time": 1535477779.0, "sentiment": ""}, {"id": 135341497, "text": "$AAPL analysts on Estimize expect 1.24% YoY growth in Gross Margins for Q4, up from -0.3% in previous year [Reporting 10/30 AMC]\nhttp://www.estimize.com/intro/aapl?chart=change-over-time&amp;metric_name=gross_margins&amp;utm_content=AAPL&amp;utm_medium=metric_growth&amp;utm_source=stocktwits", "time": 1535477767.0, "sentiment": ""}, {"id": 135341496, "text": "$AAPL analysts on Estimize expect 3.41% YoY growth in iPhone Sales for Q4, up from 2.56% in previous year [Reporting 10/30 AMC]\nhttp://www.estimize.com/intro/aapl?chart=change-over-time&amp;metric_name=iphone_unit_sales&amp;utm_content=AAPL&amp;utm_medium=metric_growth&amp;utm_source=stocktwits", "time": 1535477766.0, "sentiment": ""}, {"id": 135341382, "text": "$AAPL analysts on Estimize expect -1.84% YoY growth in Mac Sales for Q4, down from 10.23% in previous year [Reporting 10/30 AMC]\nhttp://www.estimize.com/intro/aapl?chart=change-over-time&amp;metric_name=mac_unit_sales&amp;utm_content=AAPL&amp;utm_medium=metric_growth&amp;utm_source=stocktwits", "time": 1535477589.0, "sentiment": ""}, {"id": 135341380, "text": "$AAPL analysts on Estimize expect -1.02% YoY growth in iPad Sales for Q4, down from 11.39% in previous year [Reporting 10/30 AMC]\nhttp://www.estimize.com/intro/aapl?chart=change-over-time&amp;metric_name=ipad_unit_sales&amp;utm_content=AAPL&amp;utm_medium=metric_growth&amp;utm_source=stocktwits", "time": 1535477588.0, "sentiment": ""}, {"id": 135340873, "text": "NASDAQ Powers to Fresh Record Highs http://www.traderslog.com/nasdaqhighs $NDX $AAPL $AMZN $NFLX $SPY", "time": 1535476626.0, "sentiment": ""}, {"id": 135340668, "text": "$SPY $DIA $QQQ $CRM $NVDA $AAPL \n\nNyc*Central Park 3:30 hrs b4 the open good morning", "time": 1535476240.0, "sentiment": ""}, {"id": 135340564, "text": "$NFLX Analysts &amp; big boys can time $T $DIS $GOOGL $AMZN $AAPL but prob none see $HMNY eSport as factors. Tho, all competing 4 screen time.", "time": 1535476057.0, "sentiment": ""}, {"id": 135340373, "text": "$AAPL: The long and short term trends are both positive. This is looking good! https://www.chartmill.com/analyze.php?utm_source=stocktwits&amp;utm_medium=TA&amp;utm_content=TA&amp;utm_campaign=social_tracking#/AAPL?key=bb853040-a4ac-41c6-b549-d218d2f21b32", "time": 1535475662.0, "sentiment": ""}, {"id": 135340362, "text": "$AAPL Might be a lot of year end tax selling but Christmas season will go to at least 245 w these new phones, new watches &amp; services! Beast!", "time": 1535475635.0, "sentiment": "Bullish"}, {"id": 135339964, "text": "$SPY $AAPL $FB everything that is green right now, is BARELY green. Bad sign. Prepare for a huge selloff at or before open", "time": 1535474384.0, "sentiment": ""}, {"id": 135339839, "text": "S&amp;P 500 at New Record, but Still Very Close to January High \n \n$SPY $SPX $DJIA $NDX $AAPL $AMZN  \n \nRead more: https://www.sunshineprofits.com/gold-silver/free-alerts/sp-500-new-record-but-still-very-close-january-high/", "time": 1535473917.0, "sentiment": ""}, {"id": 135339445, "text": "$AAPL 222 here we come!!!", "time": 1535472229.0, "sentiment": "Bullish"}, {"id": 135339060, "text": "$AAPL On a positive note:\nOnly 42.5% up to 1.5 billion at 310.56", "time": 1535470307.0, "sentiment": ""}]