[{"id": 135523276, "text": "APPLE Buying The Dips in 3-7-11 Swings https://elliottwave-forecast.com/stock-market/apple-buying-the-dips-in-3711-swings/  $AAPL #Elliottwave #Trading", "time": 1535583315.0, "sentiment": ""}, {"id": 135522995, "text": "$AAPL oh boy ...the 500th rally in a row for losing the headphone jack....pat yourself on the back", "time": 1535583218.0, "sentiment": "Bearish"}, {"id": 135522874, "text": "$alb article today in Reuters on strong and growing demand for lithium around the world for phones, electronics and EV $qqq $aapl", "time": 1535583184.0, "sentiment": ""}, {"id": 135522856, "text": "$AMZN $AAPL $GOOG  In other news is it just me or does Rick Santelli sound/look like the little dude in Benchwarmers  \ud83d\ude02\ud83d\ude02", "time": 1535583179.0, "sentiment": ""}, {"id": 135522807, "text": "$AAPL safe to own $SPY $AAPL only goes up!", "time": 1535583164.0, "sentiment": ""}, {"id": 135522675, "text": "$NQ_F Bullish $RTY_F Bearish #pairstrade help from $AMZN $AAPL $DXY // $RUT  $QQQ", "time": 1535583121.0, "sentiment": ""}, {"id": 135522511, "text": "$AAPL closing above $222.50", "time": 1535583061.0, "sentiment": "Bullish"}, {"id": 135522482, "text": "$AAPL VIX climbing back up. Not good!", "time": 1535583053.0, "sentiment": ""}, {"id": 135522071, "text": "$AAPL Now do the boys lock in profits before the  weekend? HAHAHA silly there&#39;s always retail", "time": 1535582918.0, "sentiment": ""}, {"id": 135522019, "text": "@DetroitDaveOptionsPlayer well see tomorrow. My best plays have been $AAPL $spy well not so much.", "time": 1535582903.0, "sentiment": ""}, {"id": 135521898, "text": "$AAPL still climbing from my prior posts.", "time": 1535582867.0, "sentiment": ""}, {"id": 135521785, "text": "FAANG short positions +42% in past year\n\n$NFLX $BABA $GOOG $GOOGL $AAPL $FB $AMZN \n\n https://seekingalpha.com/news/3386501-faang-short-positions-plus-42-percent-past-year", "time": 1535582826.0, "sentiment": ""}, {"id": 135521693, "text": "$AAPL random prediction: We\u2019ll hit another new all time high, if not today, soon! \ud83d\ude04", "time": 1535582802.0, "sentiment": "Bullish"}, {"id": 135521660, "text": "$COMPQ up 7% in less than a month. I think we get 20% more before 12/31 $SQ $NVDA $AAPL $AMZN Then 25% before 3/19", "time": 1535582792.0, "sentiment": ""}, {"id": 135521535, "text": "$AAPL &quot;lets see what tomorrow brings us. Bears have given up for today!", "time": 1535582757.0, "sentiment": "Bullish"}, {"id": 135521116, "text": "$SPY $QQQ $AAPL $AMZN $NVDA  Bubbles are beautiful!....", "time": 1535582626.0, "sentiment": "Bullish"}, {"id": 135521034, "text": "$DXCM $AMZN $FB $AAPL $NFLX $GOOG $QQQ im too busy jumping up and down!", "time": 1535582602.0, "sentiment": ""}, {"id": 135520979, "text": "today is a GDP rally, only power players rallying---names like Apple and Amazon and Alphabet and Weight Watchers $AAPL $AMZN $GOOGL $WTW", "time": 1535582585.0, "sentiment": "Bullish"}, {"id": 135520952, "text": "$DXCM Why is this board so dead considering its beating all of these?? Why arent people jumping in? lol  \n \n$AMZN $FB $AAPL $NFLX $GOOG $QQQ", "time": 1535582575.0, "sentiment": ""}, {"id": 135520888, "text": "$AMZN $AAPL  PUMP IT....", "time": 1535582556.0, "sentiment": "Bullish"}, {"id": 135520659, "text": "$AMZN 1 T USD mkt cap, $AAPL 1.5T. $SPY 300. Fasten the your belts...coming very soon $SPY $QQQ #markets #FOMO #tradelikeinthenineties", "time": 1535582489.0, "sentiment": ""}, {"id": 135520634, "text": "$AAPL This is why you wait to go short. AAPL goes higher until the DJIA retests top short term. Time the &quot;put&#39;s with the top. IMO WAIT.", "time": 1535582484.0, "sentiment": ""}, {"id": 135520605, "text": "$AAPL I like markets and stocks that only go up $AAPL $SPY", "time": 1535582475.0, "sentiment": ""}, {"id": 135520604, "text": "$SPY $AAPL CEO sells stock as he knows this is as high as it will get and the mugs think they should buy!!?\ud83e\udd23", "time": 1535582475.0, "sentiment": "Bearish"}, {"id": 135520413, "text": "$FB bulls chasing the wrong momo stocks $AMZN &amp; $AAPL is where its at, those stocks in full on #FOMO", "time": 1535582414.0, "sentiment": ""}, {"id": 135520256, "text": "$NFLX \n\nIf this goes green with the rest of tech my portfolio will be BOOMING. \n\n$AMZN $AAPL", "time": 1535582366.0, "sentiment": "Bullish"}, {"id": 135520072, "text": "$AAPL Sold calls. in 2.04 out 3.52", "time": 1535582309.0, "sentiment": "Bullish"}, {"id": 135520060, "text": "$AAPL next er this will tank or did market learn nothing from fb", "time": 1535582306.0, "sentiment": ""}, {"id": 135520030, "text": "Damn! Y&#39;all really holding $MU $AMD $SPY $AMZN $AAPL through Thursday / Friday!? Donald gonna BARK on yall N!GGA$ with these tariffs! BEWARE", "time": 1535582295.0, "sentiment": "Bearish"}, {"id": 135519961, "text": "$SPY $QQQ Wow, One of those days when behemoths $AAPL $AMZN and $MSFT are hitting highs in unison.", "time": 1535582275.0, "sentiment": ""}, {"id": 135519957, "text": "$AAPL 2$ run huge wkly calls  flow ,up 123%", "time": 1535582274.0, "sentiment": ""}, {"id": 135519922, "text": "$AAPL 230 next week, that&#39;s the target...", "time": 1535582263.0, "sentiment": "Bullish"}, {"id": 135519878, "text": "$SPY Problem for Bears now is in this Mrkt Dips will be bought  $AMZN $AAPL $GOOG $FB $GS", "time": 1535582248.0, "sentiment": "Bullish"}, {"id": 135519870, "text": "$AMZN has only about 500 mill shares outstanding, half what $AAPL has. Stay long.", "time": 1535582246.0, "sentiment": "Bullish"}, {"id": 135519502, "text": "$AAPL I can remember I debated heavily on my 187 entry a few months ago.", "time": 1535582139.0, "sentiment": ""}, {"id": 135519465, "text": "$AAPL + $IRDM = future", "time": 1535582130.0, "sentiment": "Bullish"}, {"id": 135519415, "text": "$AAPL Lets see 225 ASAP I&#39;m ALL IN", "time": 1535582114.0, "sentiment": "Bullish"}, {"id": 135519409, "text": "Apple Vs. Amazon: The Right Choice Is Simple $AMZN $AAPL http://bit.ly/2MXfkxU @amazon @apple", "time": 1535582113.0, "sentiment": ""}, {"id": 135519392, "text": "$AAPL Nope not parabolic yet. Futures just entering red area on RSI can move up for days. AMZN 2000+ on deck", "time": 1535582107.0, "sentiment": ""}, {"id": 135519355, "text": "@Trading4Living LOL just on the idea of a trade deal we just rip 291 was not even stall $SPY should be close to a top here 291.50 $AAPL 222", "time": 1535582095.0, "sentiment": ""}, {"id": 135519285, "text": "$SPY $QQQ $AAPL $AMZN", "time": 1535582075.0, "sentiment": "Bullish"}, {"id": 135519212, "text": "$AAPL Oh BTW its cheaper than every FANG stock!!!", "time": 1535582053.0, "sentiment": "Bullish"}, {"id": 135519121, "text": "$AAPL 225 end of day?...", "time": 1535582022.0, "sentiment": "Bullish"}, {"id": 135519022, "text": "$AAPL NEVER disappoints.", "time": 1535581997.0, "sentiment": ""}, {"id": 135519016, "text": "$AAPL New iPads with facial recognition, new watches, bigger phones, etc etc etc!!!!!", "time": 1535581996.0, "sentiment": "Bullish"}, {"id": 135519002, "text": "$AAPL shorting $spy $ADBE $AAPL lets see what tomorrow brings us.", "time": 1535581990.0, "sentiment": "Bearish"}, {"id": 135518986, "text": "$SPY Little advice for Shorts $AMZN $GOOG $FB $AAPL $JPM $GS $XLF $QQQ", "time": 1535581986.0, "sentiment": "Bullish"}, {"id": 135518973, "text": "$AAPL will stay above 222 until next week?", "time": 1535581982.0, "sentiment": ""}, {"id": 135518864, "text": "$AAPL You don\u2019t need a guru to get these kind of Gains. Put in a little work and fuck paying these bozos for plays \ud83d\ude02 They NEVER show proof", "time": 1535581958.0, "sentiment": "Bullish"}, {"id": 135518823, "text": "$AAPL Unreal never seen a move like this after mid summer ER never long since 09", "time": 1535581948.0, "sentiment": "Bullish"}, {"id": 135518805, "text": "$AAPL Nothing go\u2019s up everyday makes me neevous and seems like a scam", "time": 1535581942.0, "sentiment": ""}, {"id": 135518800, "text": "$AAPL going apeshit", "time": 1535581941.0, "sentiment": ""}, {"id": 135518777, "text": "$AAPL This is just fantastic!!!", "time": 1535581934.0, "sentiment": "Bullish"}, {"id": 135518753, "text": "If I took my 240K spent for college invested it in $AAPL in 2000. I&#39;d have more than $30,000,000. I didn&#39;t make 30 M after graduating.", "time": 1535581927.0, "sentiment": ""}, {"id": 135518741, "text": "$SPY $QQQ $AAPL $AMZN $NVDA $CSCO   Let&#39;s go, pump it higher and higher...", "time": 1535581925.0, "sentiment": "Bullish"}, {"id": 135518705, "text": "$AMZN the rich get richer because  they hold this and $AAPL", "time": 1535581915.0, "sentiment": "Bullish"}, {"id": 135518664, "text": "$AAPL ATH.", "time": 1535581902.0, "sentiment": ""}, {"id": 135518615, "text": "$AAPL Actually I own since 168 but I still think to far to fast and ready for a big fall .", "time": 1535581885.0, "sentiment": ""}, {"id": 135518366, "text": "$AAPL wow .thinking about adding.", "time": 1535581812.0, "sentiment": "Bullish"}, {"id": 135518307, "text": "$SPY Wow Bears, Wow $AMZN $GOOG $FB $AAPL", "time": 1535581794.0, "sentiment": "Bullish"}, {"id": 135518259, "text": "$AAPL could see 230 by Friday at this pace....", "time": 1535581779.0, "sentiment": "Bullish"}, {"id": 135518253, "text": "Tech Stocks Rally, Retailers Lag $spy $qqq $dia $aapl $msft $goog $hpe $xrt $aeo $dks $expr https://bit.ly/2wtoGY1", "time": 1535581777.0, "sentiment": ""}, {"id": 135518211, "text": "$AAPL Made a few people mad by suggesting students take their college tuition and invest it in $AAPL and they would be better off in 10 yrs", "time": 1535581764.0, "sentiment": ""}, {"id": 135518100, "text": "$AAPL my dads owned this since the $90s maybe I should join him now.", "time": 1535581727.0, "sentiment": ""}, {"id": 135518020, "text": "$BRK.B $BRK.A Buffett&#39;s epic win in $AAPL continues.", "time": 1535581704.0, "sentiment": "Bullish"}, {"id": 135518014, "text": "$AAPL how can you bet against buffet&#39;s tomorrow apple parade", "time": 1535581703.0, "sentiment": ""}, {"id": 135518003, "text": "$QQQ $SPY $AAPL $AMZN $MSFT $GOOGL $CSCO $NVDA  Let&#39;s go, keep buying, higher and higher into the close...", "time": 1535581699.0, "sentiment": "Bullish"}, {"id": 135517915, "text": "$SPY still going. $IWM still going. $AAPL still going. Nice day. BOOM!!", "time": 1535581670.0, "sentiment": ""}, {"id": 135517898, "text": "$AAPL okay there we go. 1% AGAIN today. like every day. ZERO RISK SAVINGS ACCOUNT", "time": 1535581664.0, "sentiment": ""}, {"id": 135517897, "text": "$aapl another 2$ today ,momentum + calls flow,paying us since yestrday&gt;", "time": 1535581664.0, "sentiment": "Bullish"}, {"id": 135517605, "text": "$AAPL $NVDA $SQ $FB $NFLX $CRM  \nNew strategy to investing. List the top 20 growth tech stocks. buy. and enjoy 200-1000% yrly returns. EASY", "time": 1535581566.0, "sentiment": ""}, {"id": 135517596, "text": "$ES_F $SPY $SPX we need -5% now, to BTFD again! #STFR #HealthyPullback #Gaps $DIA $DJIA $QQQ $NDX $IWM $IWC $RUT $FB $AAPL $AMZN $NFLX $GOOG", "time": 1535581563.0, "sentiment": "Bearish"}, {"id": 135517348, "text": "$AAPL  Should see 223 end of day....230 by Friday", "time": 1535581485.0, "sentiment": "Bullish"}, {"id": 135517265, "text": "$AAPL can someone provide me details on this Buffett talk? Is he going on CNBC tomorrow or what? Also what time...", "time": 1535581463.0, "sentiment": ""}, {"id": 135517219, "text": "$AAPL No market slow down till AMZN hits 2000.00 about 25 bucks away", "time": 1535581448.0, "sentiment": ""}, {"id": 135517115, "text": "$AAPL new ATH everyday \ud83d\ude02", "time": 1535581420.0, "sentiment": "Bullish"}, {"id": 135517059, "text": "@Trading4Living just like $AMD or $IRBT or whatever. Nothing goes down anymore, even $AAPL $AMZN too", "time": 1535581406.0, "sentiment": ""}, {"id": 135516836, "text": "$SPX adding 100s of Billions in value every single day. $AAPL $NVDA $SQ $AMZN $GOOG $NFLX $SQ", "time": 1535581341.0, "sentiment": ""}, {"id": 135516755, "text": "$AAPL i love Buffett, but he has his agenda when he goes to CNBC...", "time": 1535581319.0, "sentiment": ""}, {"id": 135516447, "text": "$SPY holy crap, look at $AMZN &amp; $AAPL", "time": 1535581236.0, "sentiment": ""}, {"id": 135516361, "text": "Buffet message tomorrow. I&#39;m using $AAPL as a savings account and you should too. $WFC $BAC Imagine every iphone owner buying an apple auto", "time": 1535581212.0, "sentiment": ""}, {"id": 135516296, "text": "Sept 7 $112 $MSFT calls    Aug 31 $186.5 $QQQ Calls  Still holding Sept 7 $220 $AAPL calls  #catchmeifyoucan", "time": 1535581195.0, "sentiment": "Bullish"}, {"id": 135515924, "text": "$AAPL where do we go once they announce the car. \nTHE BANK OF $AAPL IS THE SAVING ACCOUNT OF THE FUTURE. 100% RETURNS.", "time": 1535581102.0, "sentiment": ""}, {"id": 135515865, "text": "Apple up 22% since a couple months ago. $AAPL", "time": 1535581083.0, "sentiment": "Bullish"}, {"id": 135515859, "text": "$AAPL crazy, when will this pull back?", "time": 1535581082.0, "sentiment": ""}, {"id": 135515825, "text": "$MU not sure why can\u2019t stay green for 2 or 3 day straight like $AAPL stay green so far 10 days ?!", "time": 1535581072.0, "sentiment": ""}, {"id": 135515698, "text": "$AAPL biggest Apple bull on CNBC now", "time": 1535581036.0, "sentiment": ""}, {"id": 135515479, "text": "$AAPL 8/31 $222.5 calls just sold for 100% wow", "time": 1535580970.0, "sentiment": ""}, {"id": 135515404, "text": "$AAPL Shorting followed by  short covering, and quick", "time": 1535580949.0, "sentiment": ""}, {"id": 135515125, "text": "$AAPL Apple discussion coming up on CNBC", "time": 1535580883.0, "sentiment": ""}, {"id": 135514968, "text": "You heard it here first, guys, Wilbur is just nailing it. $AAPL", "time": 1535580842.0, "sentiment": "Bullish"}, {"id": 135514887, "text": "$AAPL it wont stop its climb. $220 was supposed to be my cutoff to start writing covered calls. First world problems", "time": 1535580821.0, "sentiment": ""}, {"id": 135514858, "text": "$AAPL No selling allowed. Wish wasn&#39;t a short week ahead. Who needs holidays", "time": 1535580815.0, "sentiment": ""}, {"id": 135514825, "text": "$ES_F $SPY $SPX Pop! Pop! Pop! #Bubble #STFR #FillTheGaps $DIA $DJIA $QQQ $NDX $IWM $IWC $RUT $FB $AAPL $AMZN $GOOG", "time": 1535580805.0, "sentiment": "Bearish"}, {"id": 135514765, "text": "$AAPL great scalping vehicle. just took the 4th trade !", "time": 1535580787.0, "sentiment": ""}, {"id": 135514536, "text": "&quot;TECH STOCK CONTINUE SURGE&quot; cnbc headline 8/29/18 \n&quot;TECH STOCK CONTINUE SURGE&quot;  cnbc headline 8/29/22 \n$SQ $NVDA $AMZN $AAPL $CRM $FB $NFLX", "time": 1535580729.0, "sentiment": ""}, {"id": 135514328, "text": "@HighLimit $AAPL agree I think that&#39;s when Buffett also got into Apple, Thanks", "time": 1535580678.0, "sentiment": ""}, {"id": 135513506, "text": "$AAPL skank ass wall @ 221.35... if it breaks we will break high of day again shortly after", "time": 1535580475.0, "sentiment": "Bullish"}, {"id": 135513447, "text": "$ATAI out at $2.70, took a small scratch today from massive profit gains the last 2 days. Put 80% profit into $AAPL for safer dividends.GLTA", "time": 1535580463.0, "sentiment": ""}, {"id": 135513008, "text": "$AAPl Can anyone here honestly say this stock isn\u2019t overbought ?", "time": 1535580347.0, "sentiment": ""}, {"id": 135512946, "text": "$AAPL Funny how an Apple defies Newton&#39; s law of Gravity", "time": 1535580331.0, "sentiment": ""}, {"id": 135512851, "text": "$AAPL\n New Insider Filing On: \n COOK TIMOTHY D\nTransaction Code: M\n http://www.filingscanner.com/Alerts/AAPL.php", "time": 1535580305.0, "sentiment": ""}, {"id": 135512506, "text": "@HighLimit @superbigdaddy kind of like the $TSLA short.... lmao $AAPL $AMD #Wait4it", "time": 1535580213.0, "sentiment": ""}, {"id": 135512351, "text": "$NFLX $BABA $IQ $AMZN $AAPL\n\nBIG RUN COMING BULLS!!! PUSH IT!!!\n\nTo the bears, I say... FINISH HIM", "time": 1535580178.0, "sentiment": "Bullish"}, {"id": 135512179, "text": "$AAPL some people I now can\u2019t wait this Fall to replace their old iPhones! This means it will be iPhone crazy buying!!! This will hit 250+!!", "time": 1535580128.0, "sentiment": "Bullish"}, {"id": 135512159, "text": "$AAPL sold a \u201820 200c @ $3,900 vs avg basis of $1574. 3 to go! Have 1 of 6 remaining \u201819 $210s on deck at $1940 vs $266 basis. House $ FTW!", "time": 1535580122.0, "sentiment": "Bullish"}, {"id": 135511929, "text": "$AAPL  223 eod...", "time": 1535580056.0, "sentiment": "Bullish"}, {"id": 135511912, "text": "$AAPL revaluation based on services/subscription revenue", "time": 1535580052.0, "sentiment": "Bullish"}, {"id": 135511387, "text": "$AAPL this is very cute but 100% gains on the top are not feasible for this market cap", "time": 1535580005.0, "sentiment": "Bearish"}, {"id": 135511355, "text": "$AAPL Warren on air tomorrow", "time": 1535580000.0, "sentiment": "Bullish"}, {"id": 135511271, "text": "$AAPL you have to go to dot com years to find a more bullish sentiment and stock", "time": 1535579976.0, "sentiment": "Bullish"}, {"id": 135511207, "text": "$AAPL MONSTER GIANT $100 BILLIONS BUYBACKS is still to be fully executed!!! Add more points up for AAPL!!!", "time": 1535579957.0, "sentiment": "Bullish"}, {"id": 135510954, "text": "$AAPL Does apple even make computers anymore?", "time": 1535579879.0, "sentiment": ""}, {"id": 135510912, "text": "$AAPL Warren Buffett will definitely provide more positive sentiments to AAPL! I can see few more points up next few days!!!", "time": 1535579867.0, "sentiment": "Bullish"}, {"id": 135510711, "text": "$AMZN when $AAPL hit $1 trillion it didn&#39;t look back, let&#39;s see if $AMZN follows this path.", "time": 1535579808.0, "sentiment": "Bullish"}, {"id": 135510700, "text": "#Update(14)  $AAPL Aug-31 215 Calls Up +129%.  2.45 to 5.6 per contract since alerted on Aug 22. \n\n2 daystoexpire", "time": 1535579805.0, "sentiment": "Bullish"}, {"id": 135510613, "text": "$amzn we get it now every1 wants to be worth 1 trillion $AAPL this is really sad though. valuations are like whatever want them to be", "time": 1535579782.0, "sentiment": ""}, {"id": 135510562, "text": "$AAPL How to Trade #Apple Ahead of the Next #iPhone Release https://investorplace.com/2018/08/how-to-trade-apple-aapl-stock-next-iphone-release/", "time": 1535579765.0, "sentiment": ""}, {"id": 135510528, "text": "Competition Is Coming For Tesla $TSLA $AAPL https://hadeplatform.com/articles/2018/08/29/can-elon-musk-and-tesla-inc-nasdaqtsla-make-headway", "time": 1535579758.0, "sentiment": ""}, {"id": 135510511, "text": "FAANG short positions +42% in past year http://bit.ly/2okHMMc $AMZN $NFLX $GOOG $GOOGL $FB $BABA $AAPL", "time": 1535579753.0, "sentiment": ""}, {"id": 135510348, "text": "$AAPL won\u2019t be surprised if Warren Buffett is buying more AAPL! He wants bigger percentage share on AAPL! Go Warren!!!", "time": 1535579710.0, "sentiment": "Bullish"}, {"id": 135510285, "text": "$AAPL 230 by Friday, let&#39;s go....", "time": 1535579692.0, "sentiment": "Bullish"}, {"id": 135510155, "text": "$AAPL this guy is a market genius", "time": 1535579655.0, "sentiment": ""}, {"id": 135510057, "text": "$AAPL gap up next few days! Very bullish to the max!!! Go solid reliable strong AAPL!", "time": 1535579627.0, "sentiment": "Bullish"}, {"id": 135510000, "text": "$AAPL https://www.cnbc.com/2018/08/29/three-incredible-stats-about-apple-as-it-tracks-for-its-best-month-since-2012.html", "time": 1535579609.0, "sentiment": ""}, {"id": 135509923, "text": "$AAPL 24 hours til Buffett. Get some.", "time": 1535579588.0, "sentiment": ""}, {"id": 135509837, "text": "$AAPL This is hilarious! Does this stock ever go down ? When it does it\u2019s gojng to be ugly . Even Tim Cook sold all the shares he just got .", "time": 1535579568.0, "sentiment": ""}, {"id": 135509575, "text": "$AAPL Buffet interview tomorrow morning on CNBC guess we know what he will say on AAPL, added to his position seems like a safe bet", "time": 1535579507.0, "sentiment": "Bullish"}, {"id": 135509427, "text": "$AAPL so is buffet gonna be fearful when others are greedy here or what? This run is unprecedented now.", "time": 1535579476.0, "sentiment": ""}, {"id": 135509388, "text": "$AAPL looks like 225+ is arriving a little early! Not in 2 weeks, it\u2019s this week or next! 250+ by December! Will be great Christmas gift!!!", "time": 1535579465.0, "sentiment": "Bullish"}, {"id": 135509369, "text": "$AAPL sellling everything to buy more apple!", "time": 1535579461.0, "sentiment": "Bullish"}, {"id": 135509287, "text": "$QQQ Being propped up by $GOOGL $AMZN $AAPL", "time": 1535579445.0, "sentiment": ""}, {"id": 135509178, "text": "$AAPL trapped and scared! \ud83d\ude32", "time": 1535579415.0, "sentiment": ""}, {"id": 135509036, "text": "$AAPL meanwhile, emerging dripping from the cesspool that is Forbes: &quot;New iPhone X Leak Reveals A Trapped And Scared Apple&quot;  by Ewan Spence", "time": 1535579377.0, "sentiment": "Bullish"}, {"id": 135509026, "text": "$AAPL $AMZN $MSFT $QQQ $SPY   Ramp it higher....", "time": 1535579376.0, "sentiment": "Bullish"}, {"id": 135508960, "text": "$AAPL \ud83c\udf4e\ud83d\udcb8 GL shorting. Apple has too many loyal customers", "time": 1535579361.0, "sentiment": "Bullish"}, {"id": 135508952, "text": "$SPY $AAPL $MSFT $CRON how can you short into such strength?", "time": 1535579359.0, "sentiment": ""}, {"id": 135508939, "text": "$AAPL HELLO!!!  BA BA BA BA BOOM!", "time": 1535579355.0, "sentiment": "Bullish"}, {"id": 135508821, "text": "$AAPL Look at historical performance between middle of September-November", "time": 1535579324.0, "sentiment": ""}, {"id": 135508807, "text": "$NDX Nasdaq100 - 75 out of 100 stocks are green - Top 15 $QQQ printing new highs. :) Smirk $MSFT $AAPL $NVDA $GOOGL $AMZN", "time": 1535579322.0, "sentiment": "Bullish"}, {"id": 135508792, "text": "$AAPL @StockBookie rumour is you feeling uneasy on your pre-ER short. You okay? Asking for a friend.", "time": 1535579318.0, "sentiment": "Bullish"}, {"id": 135508590, "text": "$AAPL this stock ain&#39;t NEVER did me wrong.", "time": 1535579263.0, "sentiment": "Bullish"}, {"id": 135508549, "text": "$SPY $QQQ $AAPL $AMZN $MSFT $NVDA  BUY EVERYTHING...", "time": 1535579254.0, "sentiment": "Bullish"}, {"id": 135508437, "text": "$aapl bounce now  seeing sept7th 220 calls 2000 at 2.29$, calls paying since friday", "time": 1535579223.0, "sentiment": "Bullish"}, {"id": 135508428, "text": "$AAPL 225 before launch announcements second week of September?\nOr 230?", "time": 1535579222.0, "sentiment": "Bullish"}, {"id": 135508388, "text": "$AAPL I think $1T made a lot of folks wake up and realize &quot;Hey, maybe Apple isn\u2019t fluke, constantly teetering on the brink of failure.&quot;", "time": 1535579211.0, "sentiment": "Bullish"}, {"id": 135508350, "text": "$AAPL $222.50 call sept 7, will aapl hit this?", "time": 1535579200.0, "sentiment": ""}, {"id": 135508176, "text": "$SPY $QQQ $AAPL $AMZN BUY MOAR AND MOAAR", "time": 1535579159.0, "sentiment": "Bullish"}, {"id": 135508152, "text": "$AAPL Problem with peeps saying drop below 200 is that when that happens it\u2019s bc people panicking therefore peeps think will drop more!!", "time": 1535579152.0, "sentiment": "Bullish"}, {"id": 135508076, "text": "$AAPL \ud83c\udf4f\ud83c\udf4f\ud83c\udf4f", "time": 1535579131.0, "sentiment": "Bullish"}]