[{"id": 135680577, "text": "$AAPL it may not even retrace to 225. Unreal. Time to lift offers before it&#39;s 230. No mercy here. Meanwhile, the world falls apart lol", "time": 1535672383.0, "sentiment": "Bullish"}, {"id": 135680570, "text": "$AAPL Bound to reverse soon...RSI &gt;80 now. Lol", "time": 1535672380.0, "sentiment": ""}, {"id": 135680547, "text": "$AAPL 3-5% gain coming today.. BIG NEWS BREAKING", "time": 1535672376.0, "sentiment": ""}, {"id": 135680545, "text": "$AAPL amazing only buyers no sellers of this stock", "time": 1535672375.0, "sentiment": ""}, {"id": 135680484, "text": "$AAPL 228 end of day?...", "time": 1535672359.0, "sentiment": "Bullish"}, {"id": 135680471, "text": "Who need a fund. When you have a ZERO RISK ZERO FEE ZERO FEAR The Bank of $AAPL. Just put EVERYTHING you hav in it and you&#39;ll have 2x nxt yr", "time": 1535672354.0, "sentiment": ""}, {"id": 135680430, "text": "$AAPL Wow Wow We Wow! Very Nice", "time": 1535672340.0, "sentiment": "Bullish"}, {"id": 135680406, "text": "$AAPL don\u2019t know how it could get anymore convincing then this \n\nhttps://www.google.com/amp/s/www.cnbc.com/amp/2018/05/07/warren-buffett-i-dont-have-to-do-a-thing-to-own-more-of-apple.html", "time": 1535672330.0, "sentiment": "Bullish"}, {"id": 135680383, "text": "$AAPL Those cheap calls this morning during the dip was a gift from above!", "time": 1535672321.0, "sentiment": "Bullish"}, {"id": 135680342, "text": "$AAPL 227", "time": 1535672310.0, "sentiment": "Bullish"}, {"id": 135680296, "text": "$AAPL bought an AR company. \u201cWe buy small  companies all the time\u201d. They brush off the story, as the stock pushes through $225.", "time": 1535672294.0, "sentiment": "Bullish"}, {"id": 135680289, "text": "$AAPL slow short squeeze helps!!! Very bullish!!!", "time": 1535672291.0, "sentiment": "Bullish"}, {"id": 135680281, "text": "Even is you buy now at an ATH in $NVDA $AAPL $SQ You will be a lot richer within 10 trading sessions. GUARANTEED. ZERO RISK.", "time": 1535672290.0, "sentiment": ""}, {"id": 135680273, "text": "@Haphazard_Shark @ArizonaTheCat $AAPL", "time": 1535672287.0, "sentiment": "Bullish"}, {"id": 135680246, "text": "$AAPL $1000 phone is under priced lol. I guess when you got Billions price is immaterial \n&quot;iPhone Is &quot;Enormously Underpriced&quot;", "time": 1535672279.0, "sentiment": ""}, {"id": 135680186, "text": "$AAPL this is beyond stupid easy $$$$$$$$$$$$$$$$$$$$$$$$$$$$$$$$$$$$$$$$$$$$$$$$$$$$$$$$$", "time": 1535672262.0, "sentiment": "Bullish"}, {"id": 135680150, "text": "$QQQ $AMZN $AAPL $SPY   Let&#39;s go, pump it higher and higher!...", "time": 1535672250.0, "sentiment": "Bullish"}, {"id": 135680083, "text": "$SPY $AAPL taking profits into R2 at 226.04", "time": 1535672228.0, "sentiment": ""}, {"id": 135680035, "text": "Be careful here. Tech stocks can only go up FOREVER Especially $SQ $NVDA $AAPL", "time": 1535672212.0, "sentiment": ""}, {"id": 135680011, "text": "$AAPL Gather round.", "time": 1535672202.0, "sentiment": "Bullish"}, {"id": 135680003, "text": "Accurate eh $AAPL SQ", "time": 1535672200.0, "sentiment": ""}, {"id": 135679989, "text": "What bubble is this ? $SPY $AAPL $QQQ $UVXY $FB", "time": 1535672195.0, "sentiment": "Bearish"}, {"id": 135679964, "text": "$SPY double on $AAPL calls in 30min .. taken profits here", "time": 1535672190.0, "sentiment": ""}, {"id": 135679941, "text": "Look at that daily $AAPL wow", "time": 1535672181.0, "sentiment": ""}, {"id": 135679912, "text": "$AAPL A prayer to those who sold at 195 thinking &quot;yup got my gains for the year&quot;", "time": 1535672172.0, "sentiment": ""}, {"id": 135679865, "text": "$AAPL when all else fails. Buy \ud83c\udf4e\ud83d\udcb0", "time": 1535672158.0, "sentiment": ""}, {"id": 135679818, "text": "$AAPL lol $$$$$$$$$$$$$$$$$$$$$$$$$$$$$$$$$$$$$$$$$$$$$$$$$$$$$$$$$$$$$$$$$$$$$$$", "time": 1535672145.0, "sentiment": "Bullish"}, {"id": 135679808, "text": "@calvingrinder Amen!  I might sell some $AAPL, at $500/share.", "time": 1535672142.0, "sentiment": ""}, {"id": 135679717, "text": "$AAPL", "time": 1535672114.0, "sentiment": ""}, {"id": 135679712, "text": "$AAPL Highs.", "time": 1535672112.0, "sentiment": ""}, {"id": 135679698, "text": "all ZERO RISK TECHS closing at HOD or ATH. $AMZN $AAPL $SQ $NVDA $NFLX $CRM (yup) $FB", "time": 1535672108.0, "sentiment": ""}, {"id": 135679690, "text": "$AAPL Bears feeling the bearn !", "time": 1535672104.0, "sentiment": "Bullish"}, {"id": 135679663, "text": "$AAPL acquires Akonia Holographics makers of lenses for augmented-reality glasses. Holds 200+ patents related to holographic technology,", "time": 1535672095.0, "sentiment": ""}, {"id": 135679639, "text": "$AAPL  keep pumping, 227 into the close...", "time": 1535672086.0, "sentiment": "Bullish"}, {"id": 135679555, "text": "A new daily high at $225.65 was just reached for $AAPL", "time": 1535672057.0, "sentiment": ""}, {"id": 135679502, "text": "$AAPL before the big Buffet news this shix was like a sleeping giant", "time": 1535672040.0, "sentiment": ""}, {"id": 135679491, "text": "FAANG Names Show Relative Strength $qqq $fb $amzn $aapl $nflx $goog $usdx https://bit.ly/2NzcTPa", "time": 1535672034.0, "sentiment": ""}, {"id": 135679451, "text": "$AAPL $AMZN $NVDA  bears are now part of the endangered species, something needs to be done", "time": 1535672019.0, "sentiment": ""}, {"id": 135679412, "text": "$AAPL Not lambo but sold 150 , HODLing 50 .  Weeeeee now I can upgrade my 6S+ to new one .", "time": 1535672004.0, "sentiment": "Bullish"}, {"id": 135679356, "text": "$AMZN Very different behaviour now. On the coattails of some stupid $AAPL buying. This needs new highs with a dynamic move to continue", "time": 1535671983.0, "sentiment": ""}, {"id": 135679350, "text": "$AAPL   At some point this reverses today if it gains much more speed", "time": 1535671981.0, "sentiment": ""}, {"id": 135679310, "text": "$AAPL what is fair valuation? Apple P/E 20.4  Microsoft 53.2  Netflix 170", "time": 1535671967.0, "sentiment": "Bullish"}, {"id": 135679292, "text": "$Aapl $amzn always going to overreach harder and further than u think and then BAM panic dumping when u realize oh sht im holding up here", "time": 1535671958.0, "sentiment": ""}, {"id": 135679287, "text": "$amzn $aapl $iwm $spy $qqq amazing how stupid folks are with FOMO &amp; chasing at these levels, fools &amp; their $$$$, wait for the next dump", "time": 1535671956.0, "sentiment": ""}, {"id": 135679286, "text": "$AAPL Apple is the real &quot;Cashing Secured&quot; $TSLA investors should use the money to buy the real one, not a &quot;dream&quot; one!", "time": 1535671956.0, "sentiment": ""}, {"id": 135679249, "text": "$AAPL 230 by tomorrow...", "time": 1535671943.0, "sentiment": "Bullish"}, {"id": 135679212, "text": "$AAPL 227 today, they could ramp it later...", "time": 1535671929.0, "sentiment": "Bullish"}, {"id": 135679196, "text": "$AAPL this just never stops man always up now", "time": 1535671924.0, "sentiment": ""}, {"id": 135679193, "text": "$AAPL what a BEAST", "time": 1535671923.0, "sentiment": "Bullish"}, {"id": 135679106, "text": "$AAPL Warren is still buying!! Bears? \ud83e\udd23", "time": 1535671896.0, "sentiment": "Bullish"}, {"id": 135679077, "text": "$AAPL soooo where&#39;s the trend line supposed to be drawn \ud83d\ude05\ud83d\ude2d\ud83d\ude2d\ud83d\ude2d", "time": 1535671886.0, "sentiment": ""}, {"id": 135679070, "text": "$AMZN $AAPL who is the incremental buyer?", "time": 1535671885.0, "sentiment": ""}, {"id": 135679021, "text": "$AAPL shit my calls just hit the moon with that CNBC announcement", "time": 1535671868.0, "sentiment": "Bullish"}, {"id": 135678972, "text": "$AAPL a 1.1 Trillion Company. The BANK of $AAPL is too big to fail Guaranteed.", "time": 1535671854.0, "sentiment": ""}, {"id": 135678919, "text": "I see Warren Buffett comments pushed $AAPL stock higher today", "time": 1535671840.0, "sentiment": "Bullish"}, {"id": 135678867, "text": "$MSFT $AAPL Double down time ?", "time": 1535671824.0, "sentiment": "Bullish"}, {"id": 135678821, "text": "$AAPL 230 tomorrow, that&#39;s the target...PUMP IT!", "time": 1535671807.0, "sentiment": "Bullish"}, {"id": 135678782, "text": "$AAPL Wall Street is now beginning to give more respect to AAPL by giving proper valuations! AAPL should be in 300s!!! AAPL SERVICES!!!", "time": 1535671794.0, "sentiment": "Bullish"}, {"id": 135678728, "text": "$AAPL bearish. Hahahahahaha", "time": 1535671778.0, "sentiment": "Bullish"}, {"id": 135678727, "text": "$AAPL monster apple sauce!!!", "time": 1535671778.0, "sentiment": "Bullish"}, {"id": 135678693, "text": "$AAPL  \ud83d\ude80.", "time": 1535671768.0, "sentiment": ""}, {"id": 135678666, "text": "$AAPL if it sees a sharp sell off back to 225, i will load up #markets #stocks", "time": 1535671759.0, "sentiment": "Bullish"}, {"id": 135678627, "text": "$AAPL I have to admit I have never seen anything like this before", "time": 1535671743.0, "sentiment": ""}, {"id": 135678611, "text": "$AAPL  Let&#39;s go, ramp it to 230 today...$QQQ", "time": 1535671740.0, "sentiment": "Bullish"}, {"id": 135678609, "text": "$AAPL does rsi even matter anymore in this market", "time": 1535671739.0, "sentiment": ""}, {"id": 135678546, "text": "$AAPL picked up another 1k shares. This is a brand that is unstoppable.", "time": 1535671723.0, "sentiment": "Bullish"}, {"id": 135678493, "text": "$AAPL still very cheap watch 227", "time": 1535671708.0, "sentiment": "Bullish"}, {"id": 135678464, "text": "$AAPL why suddenly are people seeing the value in this?", "time": 1535671699.0, "sentiment": ""}, {"id": 135678457, "text": "$AAPL  buy moar and moaar...", "time": 1535671696.0, "sentiment": "Bullish"}, {"id": 135678426, "text": "$AAPL double my calls", "time": 1535671688.0, "sentiment": ""}, {"id": 135678410, "text": "$AAPL This massacre is unbearable !", "time": 1535671682.0, "sentiment": "Bullish"}, {"id": 135678403, "text": "$AAPL Guys guys Buffet said to sell! god damnit", "time": 1535671681.0, "sentiment": ""}, {"id": 135678391, "text": "$AAPL why are you bears trying to fight the trend", "time": 1535671678.0, "sentiment": "Bullish"}, {"id": 135678352, "text": "$AAPL beast machine. how insane", "time": 1535671666.0, "sentiment": "Bullish"}, {"id": 135678331, "text": "$aapl monster pay for repeat call buyers last few days 200-300% profits ,momentum and thanks to options database www.premiumtradingnews.com/options-database", "time": 1535671661.0, "sentiment": "Bullish"}, {"id": 135678322, "text": "$AAPL  227 eod, could see 230 tomorrow...", "time": 1535671658.0, "sentiment": "Bullish"}, {"id": 135678288, "text": "$AAPL i have no reason not to buy apple products when i get so much love here.", "time": 1535671649.0, "sentiment": "Bullish"}, {"id": 135678251, "text": "$AAPL Warren Effect", "time": 1535671637.0, "sentiment": "Bullish"}, {"id": 135678205, "text": "$AAPL Bears Have A Problem !!! Price will run higher into September 12th. Dips will be bought. Big Boys not selling. Very Bullish &amp; Long.", "time": 1535671627.0, "sentiment": "Bullish"}, {"id": 135678156, "text": "$AAPL This is amazing no let up when do you think this thing stops running", "time": 1535671613.0, "sentiment": ""}, {"id": 135678134, "text": "A new daily high at $225.49 was just reached for $AAPL.    #AAPL", "time": 1535671607.0, "sentiment": ""}, {"id": 135678121, "text": "$AAPL potential $227 today and $230 tomorrow", "time": 1535671602.0, "sentiment": ""}, {"id": 135678052, "text": "$AAPL Stop Shorting and Rather Invest on $AAPL like us. Let&#39;s unify and make a strong Bull \ud83d\udc02\ud83d\udc03\ud83d\udc02 to freely run \ud83d\ude02\ud83e\udd23", "time": 1535671582.0, "sentiment": "Bullish"}, {"id": 135678050, "text": "$AAPL has been down 4 times in the last 23 sessions", "time": 1535671581.0, "sentiment": ""}, {"id": 135677989, "text": "$EXPR puts. Bullish on sector but need protection in case money started moving back to FANG. $AMZN $AAPL", "time": 1535671563.0, "sentiment": ""}, {"id": 135677951, "text": "$AAPL Keep loading the farm.", "time": 1535671549.0, "sentiment": ""}, {"id": 135677879, "text": "$AAPL Bears are getting mauled !", "time": 1535671528.0, "sentiment": "Bullish"}, {"id": 135677857, "text": "$AAPL The endless pull", "time": 1535671523.0, "sentiment": "Bullish"}, {"id": 135677854, "text": "$SPY $aapl is nuts", "time": 1535671522.0, "sentiment": ""}, {"id": 135677850, "text": "$AAPL #BuffettForPresident", "time": 1535671520.0, "sentiment": "Bullish"}, {"id": 135677819, "text": "$AAPL    Going straight up on 5m chart.", "time": 1535671512.0, "sentiment": ""}, {"id": 135677781, "text": "$AAPL Possible Breakout @ $225.33", "time": 1535671500.0, "sentiment": "Bullish"}, {"id": 135677746, "text": "$AAPL squeezed now surging above R1 calls climbing fast - plus another (+40%)", "time": 1535671491.0, "sentiment": "Bullish"}, {"id": 135677727, "text": "$AAPL and $CTSO", "time": 1535671486.0, "sentiment": "Bullish"}, {"id": 135677724, "text": "$AAPL :)", "time": 1535671485.0, "sentiment": "Bullish"}, {"id": 135677676, "text": "$AAPL stop raised no rung of the ladder taken at this time. No partial sell signal yet using the time frame charts I use", "time": 1535671472.0, "sentiment": ""}, {"id": 135677669, "text": "@onefisher @GordonGekkoo1K $AAPL calls up 50% already and climbing", "time": 1535671469.0, "sentiment": ""}, {"id": 135677621, "text": "$AAPL I think it\u2019s making it own channel now. A historic rise to fair valuation. I\u2019ve been waiting years for this!", "time": 1535671452.0, "sentiment": ""}, {"id": 135677613, "text": "$AAPL 225 is broken! It\u2019s ready to go 230+. Then, 250+ in few weeks!!! More SHORT SQUEEZE!!!", "time": 1535671450.0, "sentiment": "Bullish"}, {"id": 135677611, "text": "$AMZN at 2020 stsrted to see the clear picture !! $AMRN 3.20 and rising . $SSC 4.20 and rising  !! $AAPL 220 ! All 20\u2019s! Let\u2019s gooooo!!!", "time": 1535671449.0, "sentiment": "Bullish"}, {"id": 135677599, "text": "$AAPL there she blows", "time": 1535671447.0, "sentiment": "Bullish"}, {"id": 135677575, "text": "$SQ $AMZN $AAPL $TQQQ yes!", "time": 1535671442.0, "sentiment": "Bullish"}, {"id": 135677385, "text": "A new daily high at $225.21 was just reached for $AAPL.    #AAPL", "time": 1535671382.0, "sentiment": ""}, {"id": 135677317, "text": "$AAPL Buffett effect  :) \n \nhttps://www.cnbc.com/2018/08/30/warren-buffett-says-he-bought-just-a-little-more-apple-recently.html", "time": 1535671364.0, "sentiment": "Bullish"}, {"id": 135677293, "text": "$AAPL can\u2019t help but laugh that The Iceman has been holding since 2010 yet Carl Icahn sold before epic run. Hashtag Winning!", "time": 1535671357.0, "sentiment": "Bullish"}, {"id": 135677221, "text": "$SPY and $AAPL become fully erect today :,v low volume since 205 so that haircut Back to the mean uf I really want this pig \ud83d\udc37 \ud83d\udc87\u200d\u2642\ufe0f \ud83e\udd24\ud83e\udd53\ud83e\udd53", "time": 1535671334.0, "sentiment": "Bearish"}, {"id": 135677178, "text": "@onefisher @GordonGekkoo1K $AAPL is breaking out to new ATH&#39;s and Warren Buffet is buying more up here today.. enjoy!", "time": 1535671321.0, "sentiment": ""}, {"id": 135677176, "text": "$AAPL \ud83d\udca5225\ud83d\udca5", "time": 1535671321.0, "sentiment": "Bullish"}, {"id": 135677152, "text": "$AAPL break that Wall 225!!! Go Bulls!!!", "time": 1535671312.0, "sentiment": "Bullish"}, {"id": 135677151, "text": "$AAPL Holding long since price was 189. Not selling anytime soon.", "time": 1535671311.0, "sentiment": "Bullish"}, {"id": 135677125, "text": "$AAPL wow", "time": 1535671300.0, "sentiment": "Bullish"}, {"id": 135677098, "text": "$AAPL bought 10/19 $245 calls. this is gonna rip", "time": 1535671293.0, "sentiment": "Bullish"}, {"id": 135677028, "text": "$aapl $amzn keep it coming", "time": 1535671272.0, "sentiment": ""}, {"id": 135676992, "text": "$AAPL Brel that Wall 225! Go AAPL Bulls! You can do it!!!", "time": 1535671261.0, "sentiment": "Bullish"}, {"id": 135676962, "text": "$AAPL $225!", "time": 1535671251.0, "sentiment": ""}, {"id": 135676906, "text": "$AAPL Severely overbought. Pullback coming.", "time": 1535671233.0, "sentiment": ""}, {"id": 135676858, "text": "$AAPL like mine \ud83d\ude1d", "time": 1535671217.0, "sentiment": ""}, {"id": 135676833, "text": "$AAPL no complaints", "time": 1535671209.0, "sentiment": ""}, {"id": 135676832, "text": "$AAPL date of new devices launch???", "time": 1535671208.0, "sentiment": ""}, {"id": 135676769, "text": "$AAPL this continue run is awesome but still selling before q4 who else \ud83d\ude4b\u200d\u2642\ufe0f", "time": 1535671185.0, "sentiment": "Bullish"}, {"id": 135676745, "text": "Moral of the story: It&#39;s a market of a few stocks. No way to fight it until $AAPL $AMZN and a few others remain in FOMO mode. $SPY $QQQ", "time": 1535671177.0, "sentiment": ""}, {"id": 135676684, "text": "$AAPL I sold all but 5 Call contracts yesterday. Amazing run by $AAPL", "time": 1535671163.0, "sentiment": ""}, {"id": 135676658, "text": "#recap $AAPL PT 230 $PYPL PT 105, maintaining 6/5 $MSFT PT, $BSX PT 38, $VKTX PT 14, taking profit ATTM w/65% position decrease $HON PT 165", "time": 1535671154.0, "sentiment": "Bullish"}, {"id": 135676651, "text": "$AAPL we\u2019re really going to $230!! \ud83d\ude1d", "time": 1535671150.0, "sentiment": "Bullish"}, {"id": 135676644, "text": "$AAPL releasing new phones, didn\u2019t see that coming :)", "time": 1535671148.0, "sentiment": ""}, {"id": 135676642, "text": "$AAPL if this hits 225+, where does it stop next?", "time": 1535671146.0, "sentiment": ""}, {"id": 135676584, "text": "$AAPL Rip Over 225 monkey needs a lambo", "time": 1535671126.0, "sentiment": "Bullish"}, {"id": 135676503, "text": "$AAPL to unveil new iPhones on Sep 12.", "time": 1535671098.0, "sentiment": "Bullish"}, {"id": 135676453, "text": "$AAPL Apple dips...EVERY TIME! $$$$$$$$$$$$$$$$$$$$$$$$$$$$$$$$$$$$$$$$$$$$$$$$$$$$$$$", "time": 1535671082.0, "sentiment": "Bullish"}, {"id": 135676398, "text": "$AAPL The $200 billion reason it&#39;s so important for Apple&#39;s Tim Cook to not be on Trump&#39;s tech hit list", "time": 1535671068.0, "sentiment": "Bearish"}, {"id": 135676247, "text": "$AAPL 226 today!", "time": 1535671024.0, "sentiment": ""}, {"id": 135676068, "text": "$SPY $AAPL $AMZN CNBC fans the FOMO flames daily, I understand why the market goes higher every day, hard to watch without buying (more)", "time": 1535670971.0, "sentiment": ""}, {"id": 135675972, "text": "Option Block Trades Screener 4 trade Ideas $FXI $BAC $IWM $AAPL $IBM $SNAP $CRON $SQ $CTL $EEM $SPY $XLI $MU $EEM https://marketchameleon.com/Screeners/OptionTrades", "time": 1535670939.0, "sentiment": ""}, {"id": 135675954, "text": "$AAPL Bob&#39;s your uncle!", "time": 1535670937.0, "sentiment": "Bullish"}, {"id": 135675925, "text": "$AAPL what the fuck did I tell ya boys? I love everyone esp the fear mongering bears. Thank you to trump and Buffett", "time": 1535670928.0, "sentiment": ""}, {"id": 135675896, "text": "$AAPL if this breaks 225 it\u2019s going to pop!!", "time": 1535670917.0, "sentiment": "Bullish"}, {"id": 135675872, "text": "$AAPL If they would just make it right the first time, they wouldn\u2019t have to create a new phone every month. Way overvalued", "time": 1535670911.0, "sentiment": "Bearish"}, {"id": 135675691, "text": "$AAPL new iPhone event Sept 12 https://www.cnbc.com/2018/08/30/apple-iphone-product-event-2018-date-time-set.html", "time": 1535670855.0, "sentiment": ""}, {"id": 135675533, "text": "$AAPL In for this POP", "time": 1535670807.0, "sentiment": "Bullish"}, {"id": 135675532, "text": "$AAPL Company to unveil new iPhones, iPad, and other products on September 12 - CNBC https://stocknews.com/news/aapl-company-to-unveil-new-iphones-ipad-and-other-products-on/", "time": 1535670807.0, "sentiment": ""}, {"id": 135675530, "text": "$AAPL Shouldn&#39;t really call it a level should call it a whole number sucker carrot dangle", "time": 1535670806.0, "sentiment": ""}, {"id": 135675484, "text": "$AAPL", "time": 1535670791.0, "sentiment": "Bearish"}, {"id": 135675446, "text": "$AAPL I love it when the algos take it right to a big level then reverse it on everyone without touching it LMAOOOOOOO classic", "time": 1535670779.0, "sentiment": ""}, {"id": 135675361, "text": "$AAPL i love apple but seriously. This is developing quite the high pole", "time": 1535670751.0, "sentiment": ""}, {"id": 135675325, "text": "$AAPL second 100% I make on call options today . Seriously not sure why I&#39;ve never traded options before", "time": 1535670739.0, "sentiment": ""}, {"id": 135675303, "text": "Just curious: does anyone use the vector vest phone app subscription? And why?\n\n$AVGO $NFLX $AAPL $AMZN $CAT $GOOGL $SHOP $SPOT $MSFT", "time": 1535670733.0, "sentiment": ""}, {"id": 135675250, "text": "$AAPL So annoying....", "time": 1535670717.0, "sentiment": "Bullish"}, {"id": 135675209, "text": "$AAPL getting trapped \ud83d\ude02\ud83d\ude02\ud83d\ude02 more like making \ud83d\udcb5\ud83d\udcb5\ud83d\udcb5\ud83d\udcb5", "time": 1535670700.0, "sentiment": "Bullish"}, {"id": 135675182, "text": "$AAPL", "time": 1535670692.0, "sentiment": ""}, {"id": 135675051, "text": "$AAPL bulls getting trapped hard", "time": 1535670645.0, "sentiment": ""}]