[{"id": 135610589, "text": "$AAPL Augmented reality business just got stronger with new acquisition!!! Go AAPL!!!", "time": 1535623955.0, "sentiment": "Bullish"}, {"id": 135610413, "text": "$AAPL wow way overbought. Look at rsi at 180 days 4hr chart", "time": 1535623752.0, "sentiment": ""}, {"id": 135610409, "text": "$AAPL too much positive sentiments on AAPL!!! AAPL is killing it consistently!!!", "time": 1535623747.0, "sentiment": "Bullish"}, {"id": 135610310, "text": "$AAPL wow, this just won&#39;t stop", "time": 1535623640.0, "sentiment": "Bullish"}, {"id": 135610235, "text": "$AAPL https://www.cnbc.com/2018/08/30/apple-buys-startup-that-makes-lenses-for-augmented-reality-glasses.html", "time": 1535623568.0, "sentiment": "Bullish"}, {"id": 135610213, "text": "$AAPL WEARABLES are big profit makers!!! Will help push it to 250+! Go CEO Cook and W Buffett!!!", "time": 1535623534.0, "sentiment": "Bullish"}, {"id": 135610120, "text": "$AAPL SERVICES are incrementally growing! Services, Services, Services!!! Bullish to the max!!!", "time": 1535623426.0, "sentiment": "Bullish"}, {"id": 135610035, "text": "$AAPL very bullish Thursday and Friday! Next 2 weeks will be higher &amp; stronger! Getting ready for new highly in demand iPhones! Aiming 250+", "time": 1535623315.0, "sentiment": "Bullish"}, {"id": 135609932, "text": "$NVDA $AAPL https://www.marketwatch.com/Economy-Politics/Calendars/Economic", "time": 1535623203.0, "sentiment": ""}, {"id": 135609495, "text": "$AAPL Not sure why they want to let Longs know this. Its just allows them to stay Long &amp; squeeze $AMZN $BABA $NVDA $SPY $QQQ $FB $TWTR $", "time": 1535622674.0, "sentiment": "Bullish"}, {"id": 135609434, "text": "$AAPL Apple buys maker of augmented-reality lenses: report\n\nhttps://www.marketwatch.com/story/apple-buys-maker-of-augmented-reality-lenses-report-2018-08-29?mod=newsviewer_click", "time": 1535622602.0, "sentiment": ""}, {"id": 135609387, "text": "$AAPL \ud83d\udc98\ud83e\udd84 Love my &quot;unicorn&quot; babies... \ud83d\udcb8\n\ud83d\ude0d", "time": 1535622539.0, "sentiment": "Bullish"}, {"id": 135609301, "text": "$AAPL the gift that keeps on giving", "time": 1535622449.0, "sentiment": ""}, {"id": 135609289, "text": "Thursday\u2019s Watch1 $AMZN $AMD $AAPL $BABA $BURL $CGC $CRON $CRM $COO $CRC $DG $DLTR $DSW $EEM $BTC.X $ETH.X $AFMD $CRMD $CVM $ANF $AMBA $CPB", "time": 1535622437.0, "sentiment": ""}, {"id": 135609235, "text": "$AAPL grabbed a few 225 August 31st before close", "time": 1535622376.0, "sentiment": "Bullish"}, {"id": 135609212, "text": "Uff Asia want to be wild and crazy \ud83d\ude1c $SPY who really here wants some \ud83e\udd53? Seriously \ud83d\ude12? $QQQ $AAPL $AMD $NVDA $FB $VIX $CRM \ud83d\udc37\ud83d\udc37\ud83d\udc37\u23f0\u23f0\u23f0\ud83d\udca5\ud83d\udca5\ud83d\udca5", "time": 1535622356.0, "sentiment": "Bearish"}, {"id": 135609135, "text": "$AAPL No end in sight for this monster! #verybullish https://tickercouture.com/collections/very-bullish?page=1", "time": 1535622267.0, "sentiment": "Bullish"}, {"id": 135609054, "text": "$AAPL is currently making a new 52 week high. https://www.chartmill.com/analyze.php?utm_source=stocktwits&amp;utm_medium=TA&amp;utm_content=TA&amp;utm_campaign=social_tracking#/AAPL?key=bb853040-a4ac-41c6-b549-d218d2f21b32", "time": 1535622181.0, "sentiment": ""}, {"id": 135608776, "text": "$SPY time to make paper money in actually real money \ud83d\ude08 $AAPL $AMD $UVXY $FB $NVDA \ud83e\udd84\ud83e\udd84\ud83e\udd84\ud83e\udd84\ud83e\udd84\ud83e\udd84\ud83e\udd84\u23f0\u23f0\u23f0\u23f0\u23f0\u23f0\ud83d\udca5\ud83d\udca5\ud83d\udca5\ud83d\udca5", "time": 1535621914.0, "sentiment": "Bearish"}, {"id": 135608656, "text": "$AMZN $AAPL $QQQ $SPY The greater the rise the greater the fall. bull market in the backstretch portfolio managers are bracing for a selloff", "time": 1535621810.0, "sentiment": "Bearish"}, {"id": 135608622, "text": "@mikeerx I\u2019m definitely gonna be watching for any small pullbacks, but $AAPL just keeps climbing!", "time": 1535621778.0, "sentiment": ""}, {"id": 135608450, "text": "$AAPL who plans to sell on Friday before the long weekend? Not sure if I want to get out and rest easy or hold into September election month", "time": 1535621579.0, "sentiment": "Bullish"}, {"id": 135608433, "text": "$AAPL sold my calls yesterday... \ud83d\ude05", "time": 1535621558.0, "sentiment": ""}, {"id": 135608298, "text": "Uff just imaging that Japan bond market collapse the will be chaos around the world $SPY i really want my bacon served \ud83e\udd53 $AAPL $SPY $QQQ \ud83d\udc37", "time": 1535621410.0, "sentiment": "Bearish"}, {"id": 135608118, "text": "@Trading4Living @ClemTig and it will again it a stock they go up then down they all do back test it dumb ass it is math $AAPL ppl really", "time": 1535621234.0, "sentiment": ""}, {"id": 135607905, "text": "$AAPL just launch 3 iPhones \ud83d\udcf1 1 3 different sizes and colors! Great innovation after 10 iphones! Plz come back to life Steve! Target $500\ud83d\ude06", "time": 1535621054.0, "sentiment": "Bearish"}, {"id": 135607757, "text": "$AAPL everybody and their brother thinks this is going to pull back. Probably going higher.", "time": 1535620924.0, "sentiment": "Bullish"}, {"id": 135607721, "text": "$AAPL $250 for Christmas", "time": 1535620892.0, "sentiment": "Bullish"}, {"id": 135607439, "text": "$AAPL fly baby fly", "time": 1535620634.0, "sentiment": "Bullish"}, {"id": 135607319, "text": "$AAPL $NVDA https://www.google.com/amp/s/m.scmp.com/news/world/united-states-canada/article/2161930/white-house-counsel-don-mcgahn-out-trump-tweets%3famp=1", "time": 1535620512.0, "sentiment": ""}, {"id": 135607095, "text": "$TSLA executives going on leave of absence, or scoping out new positions at $AAPL \ud83e\udd14", "time": 1535620299.0, "sentiment": "Bearish"}, {"id": 135606757, "text": "$AAPL Got in 2 years ago, at $111.  Nice run.  Not done yet.  (Weekly data, 15 and 60 SMA).", "time": 1535620024.0, "sentiment": "Bullish"}, {"id": 135606627, "text": "$SPY that old fart of BOJ must be praying \ud83d\ude4f that thoses yields do not explode Japan bond market uff that would be nice $QQQ $AAPL \ud83c\uddef\ud83c\uddf5\ud83d\udc3b\ud83d\udc16", "time": 1535619906.0, "sentiment": "Bearish"}, {"id": 135606584, "text": "$AAPL $SPY BLOODBATH futures down 0.06%!!!!!", "time": 1535619867.0, "sentiment": ""}, {"id": 135606456, "text": "$AAPL , attention bears. YOU ARE WANTED BACK at HMNY MOVIEPASS", "time": 1535619754.0, "sentiment": "Bullish"}, {"id": 135606312, "text": "Let\u2019s be honest all of here wants the go haircut \ud83d\udc87\u200d\u2642\ufe0f for a healthy and prosper life full of haircuts \ud83d\udc87\u200d\u2642\ufe0f $AAPL $AMD $NVDA $UVXY $SPY \ud83d\udc37", "time": 1535619612.0, "sentiment": "Bearish"}, {"id": 135606142, "text": "The big boys come back from the beach \ud83c\udfd6 and see $AMD 25? $AAPL $223? $AMZN 1999  $SPY 291? that fuck greeds idiots do !lets sell the \ud83d\udc16\u23f0\ud83e\udd53", "time": 1535619459.0, "sentiment": "Bearish"}, {"id": 135606116, "text": "$AAPL Tim Cook selling stock can only be viewed as bullish, right?", "time": 1535619442.0, "sentiment": ""}, {"id": 135606019, "text": "@mdboy0909 @GaryFederer but $AAPL only goes up i thought. Are you sure it can go down too?", "time": 1535619348.0, "sentiment": ""}, {"id": 135605990, "text": "$AAPL $BABA $BIDU $IMMU $JAZZ $VCEL $VSTM $OPK $PBR $QQQ $XOMA", "time": 1535619311.0, "sentiment": "Bullish"}, {"id": 135605966, "text": "$AAPL with futures in the red, could see $AAPL pullback all the way to $221 from close today at $223", "time": 1535619290.0, "sentiment": ""}, {"id": 135605915, "text": "@GordonGekkoo1K You really should go short $AMZN, not $AAPL.  More distance to fall, less support.", "time": 1535619250.0, "sentiment": ""}, {"id": 135605862, "text": "$SPY $AAPL $AMZN futures are down big, going to be a bloodbath; $AMZN may pullback to $1995 from $2000 AH", "time": 1535619203.0, "sentiment": ""}, {"id": 135605842, "text": "$AAPL will $222.50 hold up until next week? \ud83c\udf4f", "time": 1535619187.0, "sentiment": "Bullish"}, {"id": 135605787, "text": "That return of $QQQ with futures pump every day .30% create a fake wealth of 7% in 1 month that\u2019s why the haircut will. Be big $SPY $AAPL", "time": 1535619143.0, "sentiment": "Bearish"}, {"id": 135605723, "text": "$AAPL GaryFederer do you own any $AAPL to sell?", "time": 1535619081.0, "sentiment": ""}, {"id": 135605487, "text": "$AAPL calls will be wipe out in the morning old fart buffet break his rule about sell when the others buy and buy when the others sell \ud83d\udc16\ud83e\udd84", "time": 1535618874.0, "sentiment": "Bearish"}, {"id": 135605339, "text": "Cost of Hedging Downside Risk (30 Day) $AMZN $CRM $CRON $AAPL $TSLA $VSTM $AMZN $ZYNE $MDXG $GES $DLTR $TSLA $SQ https://marketchameleon.com/volReports/DownsidePutProtection", "time": 1535618730.0, "sentiment": ""}, {"id": 135605309, "text": "Omg!!! I told you another big spike in the yields and the Japan bond market would collapse :D! I want my bacon!!! $SPY $AAPL $QQQ", "time": 1535618698.0, "sentiment": "Bearish"}, {"id": 135605189, "text": "$AAPL &quot;thin, transparent smart glass lenses that display vibrant, full-color, wide field-of-view images.\u201d", "time": 1535618587.0, "sentiment": ""}, {"id": 135605074, "text": "$AAPL Apple iPhones keep getting more expensive and Apple customer\u2019s keep wanting them more and more.", "time": 1535618455.0, "sentiment": "Bullish"}, {"id": 135604974, "text": "$AAPL bulls got paid,repeat call buy last two days", "time": 1535618379.0, "sentiment": "Bullish"}, {"id": 135604923, "text": "$AAPL https://www.google.com/amp/s/variety.com/2018/tv/news/apple-emily-dickinson-series-jane-krakowski-1202920942/amp/", "time": 1535618332.0, "sentiment": ""}, {"id": 135604920, "text": "$AAPL", "time": 1535618329.0, "sentiment": ""}, {"id": 135604897, "text": "$AAPL https://www.google.com/amp/s/www.theverge.com/platform/amp/2018/8/29/17796382/apple-dual-sim-iphone-rumors-china-market", "time": 1535618304.0, "sentiment": ""}, {"id": 135604866, "text": "$AAPL holy smokes. I didn\u2019t see this going this high. Wished I would had gotten in. Congrats to those who are long and those who saw i", "time": 1535618281.0, "sentiment": ""}, {"id": 135604810, "text": "$AAPL https://www.google.com/amp/s/www.cnet.com/google-amp/news/when-is-the-2018-iphone-apple-event/", "time": 1535618220.0, "sentiment": ""}, {"id": 135604664, "text": "$AAPL new high with a kicker signal", "time": 1535618100.0, "sentiment": "Bullish"}, {"id": 135604385, "text": "$AAPL Well, through the Great Bush Recession it continued to thrive. I\u2019ll take that to the bank.", "time": 1535617875.0, "sentiment": ""}, {"id": 135604375, "text": "$AAPL $QQQ #iphone #tech #apple #iosdev #technology #sales #iOS #IT", "time": 1535617860.0, "sentiment": "Bullish"}, {"id": 135604185, "text": "$AAPL Apple acquires startup focused on making \u2018vibrant\u2019 lenses for augmented reality glasses. #NeverBuyTesla", "time": 1535617696.0, "sentiment": "Bullish"}, {"id": 135603940, "text": "$BABA Alibaba Technical Analysis 8/29/18 No Man&#39;s Land...\nhttps://youtu.be/icAdy3XIhvE $fb $tsla $amzn $amd $aapl", "time": 1535617453.0, "sentiment": ""}, {"id": 135603820, "text": "$AAPL man, what a copycat!", "time": 1535617348.0, "sentiment": ""}, {"id": 135603805, "text": "$AMZN another nice trade here again! Interested to see what $NFLX $FB do tomorrow with $GOOGL and $AAPL breaking out today as well $SPY", "time": 1535617331.0, "sentiment": ""}, {"id": 135603698, "text": "$AAPL the rug is gone. Breaking $1T showed that Apple is anti-fragile. Now rising to fair valuation. What that number is, I don\u2019t know.", "time": 1535617241.0, "sentiment": ""}, {"id": 135603570, "text": "$AAPL sounds good.", "time": 1535617127.0, "sentiment": ""}, {"id": 135603483, "text": "$AAPL https://goo.gl/7Brwqk", "time": 1535617035.0, "sentiment": "Bullish"}, {"id": 135602899, "text": "$SPY Its EOM &amp; Aug has been great. HF cannot show they don&#39;t own $AAPL $AMZN $NFLX $NVDA &amp; others on their books so look for window dressing", "time": 1535616519.0, "sentiment": "Bullish"}, {"id": 135602784, "text": "$AAPL anyone think we see 300$ end of 2019? Thoughts?", "time": 1535616415.0, "sentiment": ""}, {"id": 135602483, "text": "$AAPL How can this be? What triggers the rug pull?", "time": 1535616119.0, "sentiment": ""}, {"id": 135602329, "text": "$DCIX I\u2019d like to congratulations those investors in $AAPL and $AMZN today and Praise the Living GOD for his Heavy Favor on my life. \u2764\ufe0f\u2764\ufe0f\u2764\ufe0f", "time": 1535615974.0, "sentiment": ""}, {"id": 135601862, "text": "https://youtu.be/z82_96-zBvQ \n$TSLA $MU $ROKU $NFLX $AAPL $ADSK $MSFT $COST $UVXY $BZUN", "time": 1535615574.0, "sentiment": ""}, {"id": 135601802, "text": "@RaTrade been telling you for the last four weeks to make strikes....and buy $ILMN or $AAPL...", "time": 1535615527.0, "sentiment": ""}, {"id": 135601723, "text": "@Zonties long $tndm $blfs $ILMN $nvta $TWLO $aaxn $AAPL $bzun $IRBT $LDOS $AKAM $TDG $BA $QTNT hld $GERN $TTOO $AMRN $IQ $HUYA opt $PRTK dec", "time": 1535615460.0, "sentiment": ""}, {"id": 135601500, "text": "$AAPL $AMD $BAC $PBR $MU $FB $SQ $BABA $CTL $MSFT $NVDA $NFLX $TSLA $AMZN $CRM $GE $TWTR $ROKU $FTV $CRON $T $PYPL $SNAP $CSCO $M $MGM $INTC", "time": 1535615281.0, "sentiment": ""}, {"id": 135601440, "text": "$AAPL $MU $SPY It&#39;s a living... \n \nhttps://www.youtube.com/watch?v=KbCk1XNfTs4", "time": 1535615236.0, "sentiment": ""}, {"id": 135601130, "text": "$AAPL 400 eoy", "time": 1535615011.0, "sentiment": "Bullish"}, {"id": 135601053, "text": "$AAPL , so did they start their buyback program? Anyone know?", "time": 1535614954.0, "sentiment": "Bullish"}, {"id": 135600906, "text": "$FB Facebook Technical Analysis 8/29/18 Daily Recap GAP FILLED\nhttps://youtu.be/ayLw-zqzsWs $tsla $amd $baba $aapl", "time": 1535614839.0, "sentiment": ""}, {"id": 135600657, "text": "$AAPL 230 coming ur way very soon! New product launch soon brings hype n buyers!", "time": 1535614657.0, "sentiment": "Bullish"}, {"id": 135600600, "text": "@pekka same mistake with $AAPL. I tried to avg my puts while it kept going up.", "time": 1535614611.0, "sentiment": ""}, {"id": 135600483, "text": "$AAPL unstoppable! \ud83d\ude80\ud83d\ude80\ud83d\ude80long term HODL !", "time": 1535614534.0, "sentiment": "Bullish"}, {"id": 135599476, "text": "$AAPL Macbook Pro? NO Its a Huawei MateBook D !!!", "time": 1535613785.0, "sentiment": ""}, {"id": 135599462, "text": "$AAPL to  241", "time": 1535613777.0, "sentiment": "Bullish"}, {"id": 135599100, "text": "$AAPL Apple buys startup focused on lenses for AR glasseshttps://finance.yahoo.com/news/apple-buys-startup-focused-lenses-000300958.html", "time": 1535613505.0, "sentiment": ""}, {"id": 135598916, "text": "$AAPL $TSLA : Apple Has No Reason To Buy Tesla.\nhttps://seekingalpha.com/article/4202801-apple-reason-buy-tesla", "time": 1535613360.0, "sentiment": ""}, {"id": 135598598, "text": "$AAPL all the up 250 \n\nhttps://grantcardone.idevaffiliate.com/1366.html", "time": 1535613113.0, "sentiment": ""}, {"id": 135598186, "text": "@grantgaffney + the margins on those high end video gaming systems are probably gonna expand rapidly within 1-3 months! $amd just ask $aapl", "time": 1535612801.0, "sentiment": "Bearish"}, {"id": 135597986, "text": "$AAPL back to back ath days dunno about that. Seen this for weeks go crazy ah then shoot a dud when market opens. Maybe tomorrow will be dif", "time": 1535612634.0, "sentiment": ""}, {"id": 135597904, "text": "@Vegas_Man36 @ccrampton29 No. See you are. Go but $AAPL .", "time": 1535612566.0, "sentiment": ""}, {"id": 135597782, "text": "$AAPL AMZN broke 2000 after hours. Just won&#39;t leave this alone", "time": 1535612473.0, "sentiment": ""}, {"id": 135597729, "text": "@oGeeks I started a small 20 share Facebook position at 177- I always feel I missed boat on $AAPL and $AMZN", "time": 1535612442.0, "sentiment": ""}, {"id": 135597110, "text": "$AMZN and $AAPL used to pay my bar tab each week. Now their buying me cars every week. #long", "time": 1535611964.0, "sentiment": "Bullish"}, {"id": 135596952, "text": "$AAPL $AMZN many value investors are selling $AAPL to buy more $AMZN", "time": 1535611832.0, "sentiment": ""}, {"id": 135596868, "text": "Specs feed blues &amp; divvy $MDT $AAPL", "time": 1535611775.0, "sentiment": "Bullish"}, {"id": 135596858, "text": "$AAPL $NVDA have u ever heard of visa? Mastercard? Aapl in the last 15 yrs....?", "time": 1535611770.0, "sentiment": ""}, {"id": 135596385, "text": "$AAPL $SPY $GOOGL $CRM $AMZN AMAZON\u2019S TRADE IDEA RETURNED 75% GAINS TO OUR MEMBERS!!! COME JOIN US https://bit.ly/2P80oey", "time": 1535611433.0, "sentiment": "Bullish"}, {"id": 135596131, "text": "The Next Apple iPhone Super Cycle Is Coming, A Look At Amazon https://wp.me/p6NqCb-4xN $aapl $spy $swks $qrvo $crus $avgo $amzn $googl $IBB", "time": 1535611247.0, "sentiment": ""}, {"id": 135596128, "text": "$XLF Dont wry big banks and mfunds buying $AMZN and $aapl up just to dump    Big earnings to show for them next Q report", "time": 1535611246.0, "sentiment": "Bullish"}, {"id": 135596088, "text": "$BB this is going to make BB the second trillion $ company. watch out $MSFT $AMZN $AAPL https://blackberrymobile.com/product/blackberry-key2/", "time": 1535611216.0, "sentiment": ""}, {"id": 135596010, "text": "$BB wow ppl check this out. gonnaput $AAPL Samsung outta business. New status symbol trendy snazzy takeovr the world https://blackberrymobile.com/product/blackberry-key2/", "time": 1535611167.0, "sentiment": ""}, {"id": 135595991, "text": "$CRON $AMZN $CGC  We&#39;ll all be a nation of pot heads, buying munchies from AMZN using our iPads!  &#39;Merica! $AAPL", "time": 1535611155.0, "sentiment": ""}, {"id": 135595929, "text": "@Trading4Living you have been calling for $AAPL to fall for a while now. Hopefully you don\u2019t trade for a living. \ud83d\ude02", "time": 1535611114.0, "sentiment": ""}, {"id": 135595761, "text": "$AAPL Very few investments meet those criteria.", "time": 1535611000.0, "sentiment": ""}, {"id": 135595702, "text": "$AAPL AAPL: undervalued. Limited downside; Considerable upside; Dividends increasing at 16% annually.", "time": 1535610959.0, "sentiment": "Bullish"}, {"id": 135595644, "text": "$AAPL 10X \n\nhttps://grantcardone.idevaffiliate.com/1366.html", "time": 1535610923.0, "sentiment": "Bullish"}, {"id": 135595581, "text": "$AAPL fewer than 1% of all outstanding $AAPL shares are currently shorted.", "time": 1535610880.0, "sentiment": "Bullish"}, {"id": 135595503, "text": "$AAPL apple buyback program? Have they started?", "time": 1535610826.0, "sentiment": "Bullish"}, {"id": 135595351, "text": "$AAPL the big blue of the sixties!", "time": 1535610727.0, "sentiment": ""}, {"id": 135595270, "text": "$AAPL good luck with that", "time": 1535610672.0, "sentiment": ""}, {"id": 135595175, "text": "$AAPL i need this to pull back some lol.", "time": 1535610613.0, "sentiment": ""}, {"id": 135595172, "text": "$AAPL so this apple buyback program? Have they started it yet or when?", "time": 1535610609.0, "sentiment": "Bullish"}, {"id": 135595136, "text": "$AAPL the shining city on the hill!", "time": 1535610586.0, "sentiment": ""}, {"id": 135594943, "text": "$SPY $MSFT $QQQ $AAPL your SPY Pivots low&amp;high Pivot $SPY 257AVE.To recent ATH $286.= $SPY 29 +$SPY 286 = $SPY 305 $SPX 4.5%move up? \ud83d\udca5?\ud83d\udc3b\ud83d\udc02", "time": 1535610449.0, "sentiment": ""}, {"id": 135594865, "text": "$AAPL Apple at $223: Hey CNBC, where\u2019s that pullback? The talking heads on Trading Nation last week said Apple was ready to take a breather.", "time": 1535610395.0, "sentiment": "Bullish"}, {"id": 135594521, "text": "$AAPL 52w high earlier 223.49\nhttps://youtu.be/yIM4hAXPQ54", "time": 1535610159.0, "sentiment": ""}, {"id": 135594349, "text": "$AAPL don\u2019t fight the trend", "time": 1535610063.0, "sentiment": "Bullish"}, {"id": 135594318, "text": "$AAPL I.V. in the ATM 31-Aug-18 Increases +8.7%. Options Imply a Move of \u00b11.0% with 2 Days to Exp http://tinyurl.com/znfvoj5", "time": 1535610046.0, "sentiment": ""}, {"id": 135594097, "text": "$AAPL i sold al my postions in $appl. Lol why.", "time": 1535609882.0, "sentiment": ""}, {"id": 135593968, "text": "$AMZN the other dope on CNBC says don\u2019t short it but rather sell it and buy $aapl instead up here. Worst advice trading one bloat 4 another", "time": 1535609789.0, "sentiment": ""}, {"id": 135593916, "text": "Most Active Options:\n\n$BABA $NFLX $PYPL $NVDA $ROKU $AAPL $BAC $TWTR $MU $FTV $SNAP $MSFT $CRON $TSLA $T $AMD $CTL $FB $SQ $AMZN $GE $CRM", "time": 1535609747.0, "sentiment": ""}, {"id": 135593901, "text": "Nasdaq 400 points in day $QQQ $SPY 250 points Dow 600 points \ud83e\udd24I want my bacon \ud83e\udd53\ud83d\udc37 this pig so fat $AAPL $AMD $NVDA $AMZN $BABA $FB $VIX \ud83e\udd24", "time": 1535609740.0, "sentiment": "Bearish"}, {"id": 135593226, "text": "One Thing Investors Are Forgetting During This Scorching Hot Market Rally\n\n$AAPL $TLRY $DJIA \n\nhttps://www.thestreet.com/video/one-thing-investors-are-forgetting-during-this-scorching-hot-market-rally-14696309", "time": 1535609332.0, "sentiment": ""}, {"id": 135593181, "text": "$SPY so the last time that spy rise 192 so fast fall 10% so now 216 points 45 days 5 weaks, I\u2019m just ready for the haircut \ud83d\udc87\u200d\u2642\ufe0f $AAPL $QQQ", "time": 1535609303.0, "sentiment": "Bearish"}, {"id": 135592556, "text": "$AAPL easy money", "time": 1535608847.0, "sentiment": "Bullish"}, {"id": 135592442, "text": "$AAPL Trump had lunch with Tim Cook at White house the other day and he praised Cook and aapl Today  he bitches bout Twiter FB and Goog..", "time": 1535608768.0, "sentiment": ""}, {"id": 135592171, "text": "$AAPL $SQ $NVDA $NFLX $FB $AMZN $GOOD Give credit where due. #POWELL #TRUMP", "time": 1535608588.0, "sentiment": ""}, {"id": 135591915, "text": "$MSFT $AAPL $GOOG $AMZN| CNBC is working hard for NBC. Give it a break!", "time": 1535608437.0, "sentiment": ""}, {"id": 135591872, "text": "$AAPL Buffet on CNBC tomorrow with Becky Quick . I bet he talks about how much he loves Apple", "time": 1535608413.0, "sentiment": ""}, {"id": 135591831, "text": "$AAPL  pretty easy path to 230 next week, possible overshoot to 235....", "time": 1535608388.0, "sentiment": "Bullish"}, {"id": 135591798, "text": "$AAPL my favorite macOS icon", "time": 1535608364.0, "sentiment": "Bullish"}, {"id": 135591710, "text": "$AAPL Getting close to a top.", "time": 1535608315.0, "sentiment": ""}, {"id": 135591604, "text": "$AAPL just pray for a %3 day tomOrrow", "time": 1535608250.0, "sentiment": ""}, {"id": 135591569, "text": "$AAPL get me $227.5 by Friday pls", "time": 1535608222.0, "sentiment": ""}, {"id": 135591207, "text": "$AAPL Open at 225 tomorrow and runs", "time": 1535607980.0, "sentiment": ""}, {"id": 135591183, "text": "$AAPL Wow....the wealth factor really on this feed. I\u2019m feel\u2019n it too. Just don\u2019t get drunk and stupid. Get a grip.", "time": 1535607964.0, "sentiment": "Bullish"}, {"id": 135591058, "text": "$AAPL https://twitter.com/jimcramer/status/1034934519650955264", "time": 1535607897.0, "sentiment": ""}, {"id": 135591036, "text": "$PBR $BAC $AAPL $MU $AMD $ZNGA $FB $FOXA $FTV $MSFT Highest volume strikes", "time": 1535607882.0, "sentiment": ""}, {"id": 135590867, "text": "$AAPL to the freakin moon I\u2019m so happy rn lol", "time": 1535607759.0, "sentiment": "Bullish"}, {"id": 135590847, "text": "$STUDY $DJIA $DIA Trade Positions with $AAPL $AMZN $GOOG $NFLX $CAT $IBM + Analysis - Great Results Congratulations!  https://www.youtube.com/watch?v=xSG9vTBniXA", "time": 1535607742.0, "sentiment": ""}, {"id": 135590784, "text": "$AAPL Probably gonna slowly go up until their announcement.", "time": 1535607700.0, "sentiment": "Bullish"}, {"id": 135590752, "text": "$FB $baba dead money $aapl $amzn flyyyyyying higgggghhhh", "time": 1535607683.0, "sentiment": ""}, {"id": 135590696, "text": "$AAPL $AMZN $AMD $MSFT $GOOGL $GOOG check out the analysis: https://youtu.be/HustblKIPQk", "time": 1535607639.0, "sentiment": ""}, {"id": 135590582, "text": "@JusDoIt @ElliottwaveForecast good thing only $aapl $fb $amzn $nflx $goog $nvda have THAT kinda capital for chipmaking startups", "time": 1535607540.0, "sentiment": "Bearish"}, {"id": 135590439, "text": "$AAPL Gene Munster survey: \u201c19% of (US) Android users indicated they plan on switching to iPhone in the next yr, compared to 12% last yr\u201d", "time": 1535607448.0, "sentiment": "Bullish"}, {"id": 135590318, "text": "@SQto300 That&#39;s my line. :) but true for $AAPL and $NVDA too", "time": 1535607364.0, "sentiment": ""}, {"id": 135590217, "text": "$SPY This break today told you things were gonna get fancy. $AMZN $AAPL", "time": 1535607302.0, "sentiment": "Bullish"}, {"id": 135590093, "text": "$AAPL &quot;&quot;booms&quot; might just be our name for how the economy normally works when nothing&#39;s causing a recession.&quot;", "time": 1535607204.0, "sentiment": "Bullish"}, {"id": 135589718, "text": "$AAPL buying this stock is like printing money. Too easy", "time": 1535607003.0, "sentiment": "Bullish"}, {"id": 135589575, "text": "$TVIX $AMZN $AAPL what is &quot;rigged&quot; about it?", "time": 1535606913.0, "sentiment": ""}]