[{"id": 135666366, "text": "$AMZN $AAPL $SPY $QQQ $EEM markets are down, but $AAPL $AMZN are up, but for how long?", "time": 1535668063.0, "sentiment": ""}, {"id": 135666255, "text": "$SQ (s/o to $AMZN $AAPL $MU $AMD) Narrator : &quot;it didn&#39;t.&quot; -- Y&#39;all be careful, investors are going to lock in gains. Puts locked and loaded", "time": 1535668035.0, "sentiment": "Bearish"}, {"id": 135666037, "text": "$AAPL he said he bought a &quot;bit more&quot;. Maybe CNBC &quot;fudged&quot; the tape in Apple\u2019s favor like trump claims NBC/Holt &quot;fudged&quot; his Comey tape \ud83d\ude02", "time": 1535667975.0, "sentiment": ""}, {"id": 135665991, "text": "$AAPL Mild selling during European close then ramp higher into the close. Bears getting Frisky. Beast Mode !!!", "time": 1535667961.0, "sentiment": "Bullish"}, {"id": 135665978, "text": "@Esan12 This isnt a correction today, Mr. Bear. It&#39;s a response to China Tariff fears/worries. geeeez. Are your shorts scaring you? $AAPL", "time": 1535667956.0, "sentiment": "Bullish"}, {"id": 135665949, "text": "$AAPL Warren can PUMP!!! Imagine Warren with NBEV #Kombucha instead of Coke", "time": 1535667947.0, "sentiment": ""}, {"id": 135665816, "text": "$AMZN $AAPL $SPY $QQQ Buffett pretty sanguine on market - not calling for a bear - but not buying much either - sitting on $120bil war chest", "time": 1535667906.0, "sentiment": ""}, {"id": 135665581, "text": "$AAPL", "time": 1535667846.0, "sentiment": ""}, {"id": 135665496, "text": "$AAPL Buffett and Apple, for a start.", "time": 1535667822.0, "sentiment": ""}, {"id": 135665445, "text": "$AAPL Apple is finally getting the valuation that it deserves. It\u2019s been a long time coming\ud83c\udf4e\ud83d\udcb0\ud83d\udc4d\ud83c\udffb", "time": 1535667805.0, "sentiment": "Bullish"}, {"id": 135665406, "text": "$AAPL Big Boys Not Selling !!! Buyers have to pay more. Long Shares.", "time": 1535667793.0, "sentiment": "Bullish"}, {"id": 135665379, "text": "$AAPL WB recently bought more", "time": 1535667782.0, "sentiment": ""}, {"id": 135665224, "text": "$AAPL buffet would rather sell his \u2708\ufe0f than his IPad\ud83d\udc4d\ud83c\udffb\ud83d\udcb0\ud83c\udf4e", "time": 1535667740.0, "sentiment": "Bullish"}, {"id": 135665192, "text": "$AAPL my blocking finger&#39;s name is God Slayer", "time": 1535667731.0, "sentiment": "Bullish"}, {"id": 135665147, "text": "$FB $AMZN $AAPL $NFLX $GOOG hold ur pant because we r taking off\u2708\ufe0f\ud83d\ude80\ud83c\udf15", "time": 1535667719.0, "sentiment": ""}, {"id": 135665135, "text": "$SPY EMs are crashing and US markets are up $AAPL $AMZN $MSFT $NFLX $QQQ $DIA", "time": 1535667717.0, "sentiment": ""}, {"id": 135665133, "text": "$AAPL Who&#39;s paying this price?? Honestly", "time": 1535667717.0, "sentiment": ""}, {"id": 135665067, "text": "$qcom holding  5 day ma on daily, $aapl strong more calls volume today!", "time": 1535667700.0, "sentiment": ""}, {"id": 135665049, "text": "@OptionsIdeas No, not really. he simply said 1) it&#39;s expensive now, more than it was; 2) wishes it were lower he could buy more of it. $AAPL", "time": 1535667696.0, "sentiment": "Bullish"}, {"id": 135665034, "text": "$AAPL Just resting for lunch", "time": 1535667692.0, "sentiment": ""}, {"id": 135665028, "text": "$AAPL Rip city \ud83d\ude80 Needs to hold 224 , next test 224.57 break over that think it sees 226/227 tomorrow. That\u2019s what my crystal ball told me", "time": 1535667691.0, "sentiment": "Bullish"}, {"id": 135664990, "text": "$AAPL Can CNBC stop sucking Buffet&#39;s dick on this stock? The guy started buying it in 2016. Where was he the previous 5?", "time": 1535667684.0, "sentiment": ""}, {"id": 135664955, "text": "$NVDA $GOOGL VWAP. \n$AAPL ATH.", "time": 1535667674.0, "sentiment": ""}, {"id": 135664942, "text": "$aapl $amzn $spy $qqq FOMO suckers still buyin, read between the lines on what Buffet said, why is he holding so much cash..LMAO", "time": 1535667671.0, "sentiment": ""}, {"id": 135664941, "text": "$AAPL hard to lose investing on AAPL when Warren Buffett is holding and buying more AAPL stocks!!! Very bullish to max!!!", "time": 1535667670.0, "sentiment": "Bullish"}, {"id": 135664933, "text": "$AAPL cnbc totally missed that clue from WB, he was clear he buys low, and would do so at a 10% dip", "time": 1535667669.0, "sentiment": ""}, {"id": 135664896, "text": "$AAPL pressing against opening highs", "time": 1535667658.0, "sentiment": ""}, {"id": 135664886, "text": "$AAPL short 224.40 later chasers", "time": 1535667654.0, "sentiment": "Bearish"}, {"id": 135664804, "text": "$AAPL   ATH !   INVEST in  AAPL until Buffett sells which is 5 10 more yrs ? he even bot more ..", "time": 1535667633.0, "sentiment": ""}, {"id": 135664755, "text": "$AAPL in theory this can gain another 10 percent without anything changed. Wb can pump it a lot higher than it should be.", "time": 1535667619.0, "sentiment": ""}, {"id": 135664745, "text": "$AAPL https://www.cnbc.com/2018/08/30/warren-buffett-2.html", "time": 1535667615.0, "sentiment": ""}, {"id": 135664711, "text": "$AAPL Bob P. on CNBC is a real idiot. Clueless commentary &amp; now taking a shot at Warren Buffett. Probably hasn&#39;t been to a Berkshire meeting", "time": 1535667606.0, "sentiment": "Bullish"}, {"id": 135664682, "text": "$AAPL buffet just told you market and aapl is priced high in a sneaky way", "time": 1535667596.0, "sentiment": "Bearish"}, {"id": 135664674, "text": "$AAPL stupid bears are still posting on here\ud83d\udc3b\ud83d\udc4e\ud83c\udffb", "time": 1535667593.0, "sentiment": "Bullish"}, {"id": 135664664, "text": "$AAPL chooo chooooo! \ud83d\ude82 \ud83d\ude82 \ud83d\ude82", "time": 1535667590.0, "sentiment": "Bullish"}, {"id": 135664620, "text": "$AAPL fs coming soon", "time": 1535667579.0, "sentiment": ""}, {"id": 135664615, "text": "$SPX Who needs a #buffett pump? Not us!  $AAPL Nowadays we are educated &amp; informed.  Thank you!", "time": 1535667578.0, "sentiment": "Bullish"}, {"id": 135664581, "text": "$AAPL seems too easy $$$$$$$$$$$$$$$$$$$$$$$$$$$", "time": 1535667569.0, "sentiment": "Bullish"}, {"id": 135664470, "text": "$AMZN $GOOGL $AAPL $FB $NFLX when markets correction start they push Warren Buffett to talking about opportunity in highest market level", "time": 1535667543.0, "sentiment": "Bearish"}, {"id": 135664469, "text": "$AMZN $aapl $sq $GOOG $TWTR $nvda $amd $fb $TVIX Prediction.. Tech is the bubble ready to burst which will lead to the next recession.", "time": 1535667543.0, "sentiment": "Bearish"}, {"id": 135664436, "text": "$AAPL 225 or die", "time": 1535667532.0, "sentiment": ""}, {"id": 135664409, "text": "$AAPL a lil sad rn \ud83d\ude02\ud83d\ude02\ud83d\ude02", "time": 1535667525.0, "sentiment": ""}, {"id": 135664389, "text": "$AAPL Nice $$$$$$$$$$$$$$$$$$$$$$$$$", "time": 1535667520.0, "sentiment": "Bullish"}, {"id": 135664317, "text": "$AAPL  Apple racks up gains http://www.economies.com/stocks/united-states-analysis/apple-racks-up-gains---analysis---30-08-2018-54578", "time": 1535667508.0, "sentiment": ""}, {"id": 135664280, "text": "$AAPL Short Squeeze will get more intense! Warren Buffett bought more AAPL recently!!! That\u2019s incredible! See you in 250+ EOY!!!", "time": 1535667496.0, "sentiment": "Bullish"}, {"id": 135664253, "text": "@tgulyiyen naw. I bought early. I knew it&#39;d crash on divi day. But I&#39;m easily $6K up w/ the divi. My principle @ break-even. I&#39;m good $AAPL", "time": 1535667489.0, "sentiment": "Bullish"}, {"id": 135664182, "text": "$AAPL", "time": 1535667470.0, "sentiment": ""}, {"id": 135664126, "text": "$AAPL double to pig toovshirt again", "time": 1535667452.0, "sentiment": "Bearish"}, {"id": 135664123, "text": "$AAPL Buffett Pump: 225 by lunch", "time": 1535667451.0, "sentiment": ""}, {"id": 135664090, "text": "$AMZN They need to drive this to new highs. Only one time without new highs would show weakness. But $AAPL helping for now", "time": 1535667439.0, "sentiment": ""}, {"id": 135664080, "text": "$ES_F $SPY $SPX won&#39;t stay down if $AMZN and $AAPL runs every day #Rotation \ud83d\ude02\ud83e\udd23 $DIA $DJIA $QQQ $NDX $IWM $IWC $RUT $FB $AMD $NFLX $GOOG", "time": 1535667436.0, "sentiment": "Bullish"}, {"id": 135664014, "text": "$AAPL Warren has an iPad in his office lmao, good for a $1 pump", "time": 1535667418.0, "sentiment": ""}, {"id": 135663638, "text": "$AMZN $aapl $sq $tvix $nvda when the world sees the economy collapses bc of tech you will see the biggest dump in U.S. equity history.", "time": 1535667326.0, "sentiment": "Bearish"}, {"id": 135663595, "text": "$AAPL &quot;Hey bro, I&#39;m thinking red today?!?!&quot;\n\n#AAPL &quot;Nah&quot;.", "time": 1535667318.0, "sentiment": "Bullish"}, {"id": 135663523, "text": "$AAPL Warren Buffett likes to buy those AAPL dips if any! Lately, other big investors have been buying those dips quickly!!!!", "time": 1535667301.0, "sentiment": "Bullish"}, {"id": 135663499, "text": "$SPY $TNA $FAS $IWM $IYT $QQQ $DIA https://www.cnbc.com/2018/08/30/trump-more-good-news-coming-for-those-who-have-made-a-fortune-in-markets.html Trump is insider for all retailers $AAPL $GOOGL $AMZN $FB $TWTR $NFLX $SPOT $MSFT", "time": 1535667294.0, "sentiment": ""}, {"id": 135663369, "text": "$AAPL Is Apple a value stock now?", "time": 1535667260.0, "sentiment": ""}, {"id": 135663362, "text": "@bigmoney2341 $AAPL Yes and no. He voted with his wallet first Unlike others are doing it \u201cfunding secured\u201d", "time": 1535667258.0, "sentiment": ""}, {"id": 135663332, "text": "$AAPL Love Warren Buffett. Great American !!! Really enjoyed  seeing him speak in Omaha this year. Best investment I have ever made !!!", "time": 1535667253.0, "sentiment": "Bullish"}, {"id": 135663241, "text": "$AAPL up $1.00 ROFL. Thank you WB", "time": 1535667230.0, "sentiment": "Bullish"}, {"id": 135663149, "text": "$AAPL MOC trade last night #Warren talking his book :) grin", "time": 1535667207.0, "sentiment": "Bullish"}, {"id": 135663087, "text": "$AAPL isn\u2019t WB manipulating this", "time": 1535667189.0, "sentiment": ""}, {"id": 135663048, "text": "$AAPL Warren Buffett &amp; BerkshireHathaway want to keep their AAPL stocks long term!!! Buffet wants more AAPL shares!!!", "time": 1535667178.0, "sentiment": "Bullish"}, {"id": 135662996, "text": "$AAPL $AMZN time to rebalance, sell some of everything else, buy more $AAPL $AMZN", "time": 1535667164.0, "sentiment": ""}, {"id": 135662964, "text": "$AMZN Premium so juicy after that run. Hell  yeah I would churn. $AAPL", "time": 1535667156.0, "sentiment": ""}, {"id": 135662910, "text": "$SPY wow, not even $AAPL and $AMZN can save it so far!", "time": 1535667142.0, "sentiment": ""}, {"id": 135662824, "text": "$AAPL taking some off. Up 100% and position has gotten too big for port.", "time": 1535667121.0, "sentiment": ""}, {"id": 135662739, "text": "$AAPL Best WB line: &quot;There&#39;s other things I want to do other than tweet.&quot; ROFL!!!!", "time": 1535667100.0, "sentiment": "Bullish"}, {"id": 135662649, "text": "$AMZN $aapl $sq Market Makers are trying to protect this so hard bc they know they are highly leveraged on tech. just like housing", "time": 1535667075.0, "sentiment": ""}, {"id": 135662645, "text": "@Techs10x10days OR ....... you can just buy healthy stocks with good fundamentals and stay LLLLLOOOOONNNNGG. lol $AAPL AMZN GOOG ABBV ARLP", "time": 1535667074.0, "sentiment": "Bullish"}, {"id": 135662536, "text": "$AAPL Warren Buffett has proven time &amp; again that he made best investment when started buying billions of AAPL stocks. Buffett likes AAPL!!!", "time": 1535667050.0, "sentiment": "Bullish"}, {"id": 135662433, "text": "$AAPL anyone have info on when the buybacks stop?", "time": 1535667025.0, "sentiment": "Bullish"}, {"id": 135662283, "text": "@keyscribe actually, I think, if I&#39;m correct, he said he bought a little this morning. I could be wrong, but thought he said that $AAPL long", "time": 1535666986.0, "sentiment": "Bullish"}, {"id": 135662162, "text": "this is why you take your 1030 profits 200%+ in 30 min. Don&#39;t be a pig or don&#39;t look for the &#39;big one&quot; you&#39;ll lose 9/10. $NVDA $SQ $AAPL", "time": 1535666959.0, "sentiment": ""}, {"id": 135662054, "text": "$AMZN $aapl $sq it is so scary to think our whole bullish economy has happened bc of tech but what happens if one goes down?", "time": 1535666931.0, "sentiment": "Bearish"}, {"id": 135662010, "text": "$AAPL WB wants 10% lower... he\u2019s got the leverage to do that. Said he was buying stock this morning but it doesn\u2019t mean he bought aapl.", "time": 1535666918.0, "sentiment": "Bearish"}, {"id": 135661898, "text": "$AAPL He gets $AAPL", "time": 1535666893.0, "sentiment": ""}, {"id": 135661494, "text": "$AAPL the beauty of it is ... with massive share repurchase plan, WB scooping up more and insane FCF.. any dip will be bought up in future", "time": 1535666789.0, "sentiment": "Bullish"}, {"id": 135661248, "text": "$AAPL WB can\u2019t get enough", "time": 1535666724.0, "sentiment": "Bullish"}, {"id": 135661176, "text": "$AAPL Beast Mode !!! Congrats Bulls !!! Long Shares.", "time": 1535666709.0, "sentiment": "Bullish"}, {"id": 135661149, "text": "$AMZN $aapl $sq thats what big banks said in housing &quot;just buy it will never go down&quot; but if it does we repeat a recession just bc of tech", "time": 1535666702.0, "sentiment": "Bearish"}, {"id": 135661046, "text": "$AAPL bought more", "time": 1535666677.0, "sentiment": "Bullish"}, {"id": 135660999, "text": "$AAPL He bought &quot;a little bit more&quot; Apple recently", "time": 1535666665.0, "sentiment": "Bullish"}, {"id": 135660798, "text": "$AAPL any link for buffett for us outside usa?", "time": 1535666624.0, "sentiment": ""}, {"id": 135660731, "text": "$AMZN $AAPL $SQ we are so highly leveraged in tech investments just like housing if one of these burst you will drag down the whole economy.", "time": 1535666609.0, "sentiment": "Bearish"}, {"id": 135660710, "text": "$AAPL warren is pumping here, am happy about it but it\u2019s getting bit out of  hand. Everyone and their mother knows about it", "time": 1535666604.0, "sentiment": ""}, {"id": 135660499, "text": "$aapl \n yes buffet bought more woohoo", "time": 1535666555.0, "sentiment": ""}, {"id": 135660293, "text": "$AAPL LMAO! Go Warren GOOOOOOO", "time": 1535666507.0, "sentiment": "Bullish"}, {"id": 135660270, "text": "$AMZN is not worth the whole U.S. economy neither is $AAPL you heard it from me first if one of these tanks you bring down the whole market", "time": 1535666500.0, "sentiment": "Bearish"}, {"id": 135660198, "text": "Buffett pumping $AAPL iPhone price at $1,000.", "time": 1535666477.0, "sentiment": ""}, {"id": 135660180, "text": "$SPY $GOOGL $AMZN $AAPL U.S. GDP is approx 17T. Three companies Google, apple and Amazon are almost 3T. Is that healthy for the economy?!?", "time": 1535666474.0, "sentiment": ""}, {"id": 135659328, "text": "$AAPL  ?", "time": 1535666347.0, "sentiment": ""}, {"id": 135659296, "text": "$AAPL Lets see a 224 + Close", "time": 1535666340.0, "sentiment": "Bullish"}, {"id": 135659225, "text": "$AAPL buffett wants apple down 10% to buy more / curious how market reacts to that, he dropped clue cook would step in if it came lower", "time": 1535666323.0, "sentiment": ""}, {"id": 135659190, "text": "BUFFETT: BOUGHT `JUST A LITTLE&#39; MORE $AAPL SINCE JUNE FILING. to most that means about 5 shares.  To him, could mean millions of more shares", "time": 1535666314.0, "sentiment": ""}, {"id": 135659119, "text": "@GaryFederer nooooo I can&#39;t buy at $224. I&#39;m done with apple cause it&#39;s just beyond me now. I bought agian at 207 &amp; 215. No more. Love $AAPL", "time": 1535666295.0, "sentiment": "Bullish"}, {"id": 135659087, "text": "$TVIX The whole worlds economy is getting destroyed but bc of $amzn and $aapl our markets are up biggest pump in history in U.S. equities..", "time": 1535666286.0, "sentiment": ""}, {"id": 135658919, "text": "$WFC $BAC $AAPL  do they give away toasters to", "time": 1535666242.0, "sentiment": ""}, {"id": 135658798, "text": "$AAPL Buffet still buying apple", "time": 1535666209.0, "sentiment": "Bullish"}, {"id": 135658707, "text": "$AAPL here comes Buffet..... ZOOOOM APPLE", "time": 1535666178.0, "sentiment": "Bullish"}, {"id": 135658574, "text": "$AAPL $BA $AFG Warren Buffett is on CNBC right now. He&#39;s made me a lot of money. He&#39;s an amazing guy. Watch &amp; learn Thanks Warren", "time": 1535666143.0, "sentiment": "Bullish"}, {"id": 135658470, "text": "$AAPL remember to load up on the 9/21 250C Good for at least 1000% between now and 9/21", "time": 1535666111.0, "sentiment": ""}, {"id": 135658457, "text": "$SPY Buffett says Buy Stocks, he&#39;s buying today :o) $AAPL $AMZN $NVDA $CRM $JPM $TSLA $FB $BABA", "time": 1535666108.0, "sentiment": "Bullish"}, {"id": 135658238, "text": "$AMZN this should not bring our markets up.. how is the economy fundamentally sound when big tech is getting pumped like crazy!! $AAPL", "time": 1535666054.0, "sentiment": "Bearish"}, {"id": 135658122, "text": "$AAPL Making Sense of Apple\u2019s Recent Acquisition of AR Glasses Technology https://www.smarteranalyst.com/bloggers-corner/apple-aapl-acquires-ar-glasses-technology", "time": 1535666029.0, "sentiment": ""}, {"id": 135657825, "text": "$AAPL $FB $AMZN $NFLX $GOOGL $BABA Who\u2019s watching Warren Buffet?", "time": 1535665961.0, "sentiment": ""}, {"id": 135657745, "text": "$TVIX if $AMZN or $AAPL go down you bring down the whole U.S. economy! tech will destroy U.S. stock market", "time": 1535665943.0, "sentiment": ""}, {"id": 135657712, "text": "@ASM 2040 way far away. 2025 $1 Trillion. $SQ $NVDA $NFLX $FB $3 Trillion $AAPL $MSFT $AMZN $GOOG", "time": 1535665934.0, "sentiment": ""}, {"id": 135657309, "text": "$AMZN $GOOGL $AAPL $FB $NFLX race to hit trillion without any financial reasons will crush markets", "time": 1535665835.0, "sentiment": "Bearish"}, {"id": 135657085, "text": "$AAPL HS", "time": 1535665786.0, "sentiment": ""}, {"id": 135657079, "text": "$SPY Hey bears, if you can not beat them then join them go buy $AAPL $AMZN $AMD $BABA $TWTR bullish", "time": 1535665785.0, "sentiment": "Bullish"}, {"id": 135657067, "text": "$AMZN $Trillion club Baby $AAPL", "time": 1535665783.0, "sentiment": "Bullish"}, {"id": 135656130, "text": "$SPY I could agree that $AAPL could worth 1 T but $AMZN is way ahead of that at 156 PE that\u2019s just \ud83e\udd5c just saying :c", "time": 1535665541.0, "sentiment": "Bearish"}, {"id": 135655962, "text": "$AAPL when is WB talking today?", "time": 1535665504.0, "sentiment": "Bullish"}, {"id": 135655947, "text": "$AAPL #SetupAlert - Open Sep-07 225 Calls at $1.48 per contract. \nStock at: 223.19  ( Max 2 days)", "time": 1535665500.0, "sentiment": "Bullish"}, {"id": 135655500, "text": "$AMZN $AAPL $SQ money printers", "time": 1535665382.0, "sentiment": "Bullish"}, {"id": 135655370, "text": "$AAPL Congrats bears on your big pull back! Was it everything you dreamed of?", "time": 1535665349.0, "sentiment": ""}, {"id": 135655308, "text": "$AAPL when and what channel is buffet interview ?", "time": 1535665335.0, "sentiment": "Bullish"}, {"id": 135655194, "text": "The Bank of $AAPL close your accounts at $BAC $WFC and open a savings account in $AAPL. 75%+ returns, dividends, and RISK FREE. Never drop&gt;1", "time": 1535665307.0, "sentiment": ""}, {"id": 135655008, "text": "$SQ   ATH !  How do U like this winner? I picked specially for my dear sister with love :)  to $150 some day. I recommended her to buy $AAPL", "time": 1535665252.0, "sentiment": ""}, {"id": 135654241, "text": "$FB $AMZN $NFLX $NVDA $AAPL $GOOGL conversation in the room before the bell - shorts done covering now", "time": 1535665066.0, "sentiment": "Bullish"}, {"id": 135654188, "text": "$AAPL  .57 dip and bears excited I added more", "time": 1535665054.0, "sentiment": "Bullish"}, {"id": 135653823, "text": "@TheAntiMillenial if tsla cannot exist, the only reason is its been renamed to $AAPL", "time": 1535664973.0, "sentiment": "Bullish"}, {"id": 135653607, "text": "$AAPL this few cent dip must be what all the bears and shorts were talking about hahaha", "time": 1535664923.0, "sentiment": "Bullish"}, {"id": 135653423, "text": "Here&#39;s my latest:  &quot;FAANG Stocks Chart Update: Mixed Reviews&quot; -  https://www.seeitmarket.com/faang-chart-check-up-mixed-reviews-august-28/ \n \n$FB $AAPL $AMZN $NFLX $GOOGL", "time": 1535664879.0, "sentiment": ""}, {"id": 135653327, "text": "@8notrumpxx being a partner to $AAPL is very dangerous if you can\u2019t deliver. See $GTAT", "time": 1535664852.0, "sentiment": ""}, {"id": 135653242, "text": "$AAPL pul back to 217.5\u201d0 to see 230 next eeek", "time": 1535664829.0, "sentiment": ""}, {"id": 135652969, "text": "$AAPL down please i would like to get back in below 200", "time": 1535664762.0, "sentiment": ""}, {"id": 135652679, "text": "$AMZN don&#39;t bet against momentum especially when it&#39;s trying to break 1 trillion. I had to learn that the hard way with $AAPL", "time": 1535664686.0, "sentiment": "Bullish"}, {"id": 135652494, "text": "$AAPL too much downward momentum today", "time": 1535664642.0, "sentiment": ""}, {"id": 135652450, "text": "$SPY If you want some diversification buy some $AAPL to go with your $AMZN", "time": 1535664630.0, "sentiment": ""}, {"id": 135652383, "text": "$AAPL Makes money. $AMZN does not. That&#39;s a big difference. Although $AAPL is overpriced as well", "time": 1535664615.0, "sentiment": ""}, {"id": 135652191, "text": "$AAPL would be a dream come true if this tests 220 today... p/e still says Apple is dirt fucking cheap", "time": 1535664567.0, "sentiment": ""}, {"id": 135651975, "text": "$AMZN $AAPL all i do is win win win no matter what", "time": 1535664514.0, "sentiment": ""}, {"id": 135651966, "text": "$SQ $NVDA $AAPL 1030 time to close out the call you purchased during this mornings dips. All for a profit. 100%+", "time": 1535664513.0, "sentiment": ""}, {"id": 135651890, "text": "$AMZN $AAPL $WMT $EXAS Where the BEARS go???? Com on out say something \ud83d\udc02\ud83d\udc03\ud83d\udc02\ud83d\udc03\ud83d\udc02", "time": 1535664494.0, "sentiment": "Bullish"}, {"id": 135651828, "text": "$TSLA $AAPL tick tick", "time": 1535664481.0, "sentiment": ""}, {"id": 135651802, "text": "$spy $dia $qqq if Trump wants to make some changes for broad smaller biz/entrepreneurs...maybe he should look into $aapl $googl 30% app tax.", "time": 1535664476.0, "sentiment": "Bearish"}, {"id": 135651798, "text": "$AAPL  Let&#39;s get a $2 run up by tomorrow. 225 ;)", "time": 1535664476.0, "sentiment": "Bullish"}, {"id": 135651633, "text": "$SPY $QQQ Canada deal is priced in $AAPL $AMZN", "time": 1535664434.0, "sentiment": ""}, {"id": 135651595, "text": "$aapl watch for $260 before the end of Sept. Load up on the 250C 9/21 at below .10. Almost guaranteed. 99.9999% Good luck.", "time": 1535664423.0, "sentiment": ""}, {"id": 135651588, "text": "$SPY So am i under performing by not just having $AMZN &amp; $AAPL? Why do people buy this?", "time": 1535664421.0, "sentiment": ""}, {"id": 135651554, "text": "$AAPL could it really be that simple? &quot;Are investments flowing out of Facebook and into Apple?&quot;", "time": 1535664410.0, "sentiment": "Bullish"}, {"id": 135651488, "text": "$AAPL is buffet on CNBC or Bloomberg", "time": 1535664395.0, "sentiment": ""}, {"id": 135651365, "text": "$AAPL c\u2019mon should\u2019ve scheduled buffet at 10 get this sh*t over with", "time": 1535664364.0, "sentiment": ""}, {"id": 135651335, "text": "$AAPL 225 eow", "time": 1535664356.0, "sentiment": "Bullish"}, {"id": 135651328, "text": "$AAPL loaded up on some calls on that lil recession we just had \ud83e\udd11\ud83d\udcb9", "time": 1535664355.0, "sentiment": ""}, {"id": 135650991, "text": "$AAPL $235 pt Sept", "time": 1535664267.0, "sentiment": "Bullish"}, {"id": 135650882, "text": "Apple given $205.00 PT by HSBC Holdings plc. buy rating. https://www.marketbeat.com/r/1078475 $AAPL", "time": 1535664236.0, "sentiment": ""}, {"id": 135650428, "text": "$AAPL maybe Apple&#39;s overbuying itself \ud83d\ude1d", "time": 1535664131.0, "sentiment": ""}]