[{"id": 135793331, "text": "$AMZN $AAPL enjoy the holiday people. Looks like a great start. Checking back in at COB.", "time": 1535747789.0, "sentiment": ""}, {"id": 135793094, "text": "$AMZN $AAPL I traded 99/2000 and I have never seen such stupidiity in the markets like I do now. Never. Only the panic selling March 2009", "time": 1535747714.0, "sentiment": ""}, {"id": 135793058, "text": "$AAPL \ud83d\udcaa\ud83d\udcaa\ud83d\udcaa\ud83d\udcaa\ud83c\udf4f\ud83c\udf4f\ud83c\udf4f\ud83c\udf4f\ud83c\udf4f\ud83d\udcb5\ud83d\udcb5\ud83d\udcb5\ud83d\udcb5 hurry and buy before it\u2019s 600 \ud83d\ude02\ud83d\ude02\ud83c\udf4f\ud83d\ude02\ud83d\ude02", "time": 1535747707.0, "sentiment": "Bullish"}, {"id": 135793047, "text": "$AAPL everybody know what\u2019s going to happen until price action does otherwise lol \ud83e\udd26\ud83c\udffe\u200d\u2642\ufe0f", "time": 1535747705.0, "sentiment": ""}, {"id": 135793044, "text": "$$aapl 230 today hmmm  ", "time": 1535747704.0, "sentiment": "Bullish"}, {"id": 135793030, "text": "$AAPL Attention Bears \ud83d\udc3b - is $228.26 a top or THE top?", "time": 1535747699.0, "sentiment": "Bullish"}, {"id": 135792994, "text": "$AAPL loaded up on 230c 10/12 . \ud83d\ude80\ud83d\ude80", "time": 1535747686.0, "sentiment": "Bullish"}, {"id": 135792954, "text": "$FTSI once I get my dispensary (basic materials) open I\u2019ll get back to buying this dog. I hate u $FTSI wheres $AAPL ?", "time": 1535747676.0, "sentiment": "Bullish"}, {"id": 135792936, "text": "$AAPL mind blowing. Free money P.S. Just DO NOT forget to buy your protection. . #stocks", "time": 1535747671.0, "sentiment": "Bullish"}, {"id": 135792895, "text": "$AAPL ", "time": 1535747660.0, "sentiment": "Bullish"}, {"id": 135792878, "text": "$AAPL straight back up like I said free money", "time": 1535747653.0, "sentiment": "Bullish"}, {"id": 135792862, "text": "$AAPL Should drop like a rock.", "time": 1535747648.0, "sentiment": ""}, {"id": 135792778, "text": "$AAPL Bull trap? i smell something is wrong....i am long so any dip i&#39;ll buy more", "time": 1535747622.0, "sentiment": ""}, {"id": 135792775, "text": "$AAPL  230", "time": 1535747620.0, "sentiment": "Bullish"}, {"id": 135792737, "text": "$AAPL As You Scream Bearish I&#39;m Sitting Back Making Money Haha", "time": 1535747610.0, "sentiment": "Bullish"}, {"id": 135792719, "text": "$AAPL Bulls = Straight up to 300 today! 500 monday! \n \nBears = Ha im shorting his shit! See you at bagholders at 190!", "time": 1535747605.0, "sentiment": ""}, {"id": 135792625, "text": "$aapl $amzn nothing learned from yesterday i see", "time": 1535747577.0, "sentiment": ""}, {"id": 135792602, "text": "$AAPL they\u2019ll be some Orange Foolius tweet that\u2019ll take us down today.", "time": 1535747569.0, "sentiment": "Bullish"}, {"id": 135792581, "text": "$AAPL carefull this may pull back hard.", "time": 1535747564.0, "sentiment": ""}, {"id": 135792560, "text": "$AMZN $AAPL Imagine being such a usekess investor you don&#39;t buy in yesterday&#39;s weakness, but panic buy right now. HA HA HA", "time": 1535747558.0, "sentiment": ""}, {"id": 135792466, "text": "$AAPL oh wait... the bears said we weren&#39;t going up today", "time": 1535747524.0, "sentiment": ""}, {"id": 135792462, "text": "$AAPL easy short today", "time": 1535747521.0, "sentiment": "Bearish"}, {"id": 135792460, "text": "$AAPL straight up to 300 today, 500 next week for sure", "time": 1535747521.0, "sentiment": "Bullish"}, {"id": 135792444, "text": "$AAPL full on to end the month on the right foot and at ATH #stocks 230 today.", "time": 1535747515.0, "sentiment": "Bullish"}, {"id": 135791985, "text": "$AAPL forget the charts !!!! It\u2019s going up up up \ud83c\udf4f\ud83c\udf4f\ud83c\udf4f\ud83c\udf4f", "time": 1535747331.0, "sentiment": "Bullish"}, {"id": 135791927, "text": "$AAPL \ud83d\ude80", "time": 1535747312.0, "sentiment": "Bullish"}, {"id": 135791862, "text": "$AAPL everyone knows this is $235 next week. Shorts are skittish.", "time": 1535747288.0, "sentiment": "Bullish"}, {"id": 135791794, "text": "$AAPL Good Luck Everybody\nLets do this", "time": 1535747262.0, "sentiment": "Bullish"}, {"id": 135791793, "text": "$AAPL the new iPhones give you cancer I&#39;ve heard ;-)\nMy puts need some help haha", "time": 1535747262.0, "sentiment": ""}, {"id": 135791783, "text": "$AAPL 225 calls might look good again. Bring in the new highs please, 230 if you\u2019re nasty.", "time": 1535747258.0, "sentiment": ""}, {"id": 135791772, "text": "$AAPL made a higher high and low then closed badly below VWAP looks  like a blow off top reversal, over 1 M calls traded buybacks distortion", "time": 1535747252.0, "sentiment": ""}, {"id": 135791685, "text": "$SPY $QQQ $AAPL $AMZN grab your rally caps!", "time": 1535747218.0, "sentiment": ""}, {"id": 135791642, "text": "$AAPL squeeze the obvious", "time": 1535747203.0, "sentiment": "Bullish"}, {"id": 135791593, "text": "$AAPL FUCK THE PUTS SHORTS AND ALL OF YOU BEARS. YOU WILL NOT WIN", "time": 1535747174.0, "sentiment": "Bullish"}, {"id": 135791542, "text": "$AAPL 200 billion tariffs......20 percent sales in China??", "time": 1535747148.0, "sentiment": ""}, {"id": 135791447, "text": "$AAPL Buffet: \u201cHugely undervalued.\u201d Huge understatement.", "time": 1535747115.0, "sentiment": "Bullish"}, {"id": 135791446, "text": "$AAPL except the people whom he has cowardly fired by tweet.", "time": 1535747115.0, "sentiment": ""}, {"id": 135791439, "text": "$AAPL Any toughts on $LULU ??", "time": 1535747113.0, "sentiment": ""}, {"id": 135791384, "text": "Imp Vol &amp; Imp Vol/ATR (lower better) $AAPL $AMZN $BRK.B $BA $MA $UNH $AMGN $GOOGL $COST $FDX $SPGI $BIIB $BDX $ANTM $ILMN $ISRG $SHW $HUM", "time": 1535747084.0, "sentiment": "Bullish"}, {"id": 135791337, "text": "$AAPL Bazoongas: &quot;Will Apple Shares Continue Their Run After Huge August Rally?&quot; YES!", "time": 1535747063.0, "sentiment": "Bullish"}, {"id": 135791335, "text": "$AAPL No one believes Trump\u2019s tweets anymore.", "time": 1535747063.0, "sentiment": "Bullish"}, {"id": 135791331, "text": "$AAPL $AMZN $AMD $TSLA $SPY Nas100 wants to go green today", "time": 1535747061.0, "sentiment": "Bullish"}, {"id": 135791157, "text": "$NQ_F  $FB $AAPL $BTC.X $CL_F   Harness your trading edge by keeping a trade Journal. Review it frequently and look for efficiencies. Smile", "time": 1535746985.0, "sentiment": "Bullish"}, {"id": 135791125, "text": "$AAPL bull trap", "time": 1535746970.0, "sentiment": ""}, {"id": 135790993, "text": "$AAPL &quot;Apple never goes on sale&quot; Best Buy Labor Day Sale: $175 off iPad Pro, MacBook Pro from $1,000, HomePod $300, more", "time": 1535746911.0, "sentiment": "Bullish"}, {"id": 135790972, "text": "$AAPL $AMZN CNBC spends more time discussing Apple and Amazon than the economy itself $SPY $QQQ Certainly more interesting!", "time": 1535746903.0, "sentiment": ""}, {"id": 135790923, "text": "$AAPL every week a new crop of shorts/ put buyers.  If they&#39;d look at all those shorts in the $AAPL graveyard they wouldn&#39;t be as confident.", "time": 1535746878.0, "sentiment": ""}, {"id": 135790909, "text": "$AAPL Sept 14 $230 calls. Run up to phone/watch/possible laptop reveal. Sell before the 12th", "time": 1535746872.0, "sentiment": "Bullish"}, {"id": 135790813, "text": "$AAPL just buy it and hold\nIt for a year", "time": 1535746835.0, "sentiment": ""}, {"id": 135790758, "text": "$AAPL 230 today ladies and gents. LETS GO!!!", "time": 1535746810.0, "sentiment": "Bullish"}, {"id": 135790749, "text": "$AAPL will apple go up to 227 today, so I can go for call option for 227 if it doesnt then will not take any risk. Please post your sugestin", "time": 1535746804.0, "sentiment": ""}, {"id": 135790730, "text": "$AAPL if this stock is to expensive today then you won\u2019t be able it o afford it in the future", "time": 1535746797.0, "sentiment": ""}, {"id": 135790661, "text": "$AAPL Apple is requiring that all new apps and updates include a link to their developer\u2019s privacy policy in the app metadata. October 3rd.", "time": 1535746763.0, "sentiment": "Bullish"}, {"id": 135790642, "text": "$AAPL $AMZN $NFLX big $ killing shorts and puts. Hilarious", "time": 1535746750.0, "sentiment": "Bullish"}, {"id": 135790540, "text": "$AAPL Apple have the best consumer product of the world just don&#39;t sell this stock own it. They have a valuation that is too cheap", "time": 1535746706.0, "sentiment": "Bullish"}, {"id": 135790460, "text": "$AAPL it will probably taper down today because I\u2019m sure all the big boys are out for the long weekend", "time": 1535746664.0, "sentiment": ""}, {"id": 135790458, "text": "$AAPL \n\nSPRWF", "time": 1535746664.0, "sentiment": "Bullish"}, {"id": 135790414, "text": "$AMBA recovering pretty fast. Win win from $TSLA  $WMT $AMZN $AAPL $BABA", "time": 1535746648.0, "sentiment": "Bullish"}, {"id": 135790363, "text": "$AAPL \n\nSUPREME CANNABIS \n\nSPRWF OR FIRE.V. \n\nGREAT STOCK. HAVE A LOOK !!\n\n\ud83e\udd11\ud83e\udd11\ud83d\ude01\ud83d\ude01\ud83d\ude01\ud83e\udd11\ud83e\udd11\ud83e\udd11\ud83e\udd11\ud83d\ude01\ud83d\ude01\ud83d\ude01", "time": 1535746628.0, "sentiment": "Bullish"}, {"id": 135790360, "text": "$AAPL Apple is the best company of the world. $AMZN Amazon isn&#39;t the best one. Let&#39;s get to 2 trillions $ valuation in the next year :D", "time": 1535746627.0, "sentiment": ""}, {"id": 135790311, "text": "@Tradereversal Do you think $SQ will go past 90 or will there be a correction?   Also, $AAPL puts today?", "time": 1535746610.0, "sentiment": ""}, {"id": 135790265, "text": "$AAPL I have the Series 2 Nike. It\u2019s running great. But now I\u2019m lusting for the 4. Damn that Apple they sure know how to empty one&#39;s wallet!", "time": 1535746589.0, "sentiment": ""}, {"id": 135790171, "text": "$AAPL SELL / Target 222", "time": 1535746550.0, "sentiment": "Bearish"}, {"id": 135790159, "text": "$AAPL recent run up on growth hopes on service income. Service incomes constrained to only appl products so can only go so far", "time": 1535746546.0, "sentiment": "Bearish"}, {"id": 135790126, "text": "$AAPL people will go up to 227 today or will it go down. Please post honest opinions", "time": 1535746534.0, "sentiment": "Bullish"}, {"id": 135789911, "text": "$AAPL overvalued, will go down to 150, pull back to 200 \ud83d\ude02\ud83d\ude02\ud83d\ude02 what are you guys smokin? Make money buy \ud83c\udf4f\ud83c\udf4f\ud83c\udf4f\ud83d\udcb5\ud83d\udcb5\ud83d\udcb5", "time": 1535746440.0, "sentiment": "Bullish"}, {"id": 135789881, "text": "$AAPL $AMZN 2T companies carry the whole market $SPY $AMD $TSLA buy the dips are the gifts in this bull market", "time": 1535746420.0, "sentiment": "Bullish"}, {"id": 135789827, "text": "$AAPL amusing to read the comments of the neverbezeltards on the Android sites who are now proclaiming how much they love bezels. \ud83d\ude02", "time": 1535746396.0, "sentiment": ""}, {"id": 135789780, "text": "$AAPL Nomura Instinet raises PT to $210 from $190 https://stocknews.com/news/aapl-nomura-instinet-raises-pt-to-210-from-190/", "time": 1535746379.0, "sentiment": ""}, {"id": 135789770, "text": "$AAPL what is the high for today?", "time": 1535746376.0, "sentiment": ""}, {"id": 135789687, "text": "$AAPL $AAPL #iOS #iphone #iphoneXS\n#iPhoneX #stockstowatch @StocksEarning", "time": 1535746351.0, "sentiment": "Bullish"}, {"id": 135789611, "text": "@jayrome11 GREAT I LOVE JOKES $AAPL been making me laugh all the way to the bank since 1980s", "time": 1535746319.0, "sentiment": "Bullish"}, {"id": 135789518, "text": "$AAPL where do people come up with these comments ?? Just buy the dam stock and make money your foolish if your mad cause we\u2019re making money", "time": 1535746282.0, "sentiment": "Bullish"}, {"id": 135789397, "text": "$AAPL front of Google Pixel 3. ALL YOUR BEZELS BELONG TO US!", "time": 1535746231.0, "sentiment": "Bullish"}, {"id": 135789297, "text": "$NQ_F $DAX $YM_F $FB $AAPL $BTC.X $CL_F  Indexes and energies under pressure . Bitcoin consolidating around 7K", "time": 1535746183.0, "sentiment": ""}, {"id": 135789206, "text": "$AAPL $SPY if you follow Tim Cook you know he cares little for money (he\u2019s already rich.) He has publicly vowed to give away his fortune.", "time": 1535746136.0, "sentiment": ""}, {"id": 135789124, "text": "$AMZN $AAPL $GOOG if Bezos didn\u2019t own the Washington Post, the emperor would be taking credit for its magnificent successes.", "time": 1535746096.0, "sentiment": ""}, {"id": 135789012, "text": "Trading plan &amp; watchlist $NTNX $AMBA $LULU $FB $SQ $ROKU $AMD $VZ $BIDU $AAPL $BABA $CAT $NFLX $NVDA $GOOGL $AMZN $SGEN $TSLA $MOMO $DBX", "time": 1535746037.0, "sentiment": ""}, {"id": 135789006, "text": "$AAPL back of the Google Pixel 3. I think it looks butt-ugly.", "time": 1535746034.0, "sentiment": "Bullish"}, {"id": 135788898, "text": "$AAPL apple blocking &quot;gay pride&quot; watch face in Russia \nhttps://amp.fastcompany.com/90230803/apple-is-blocking-its-gay-pride-watch-face-in-russia?__twitter_impression=true", "time": 1535745984.0, "sentiment": ""}, {"id": 135788872, "text": "$AAPL Tim Cook will get a huge windfall if the stock returns are better than two thirds of companies on $SPY. Hmmm", "time": 1535745966.0, "sentiment": "Bullish"}, {"id": 135788868, "text": "$AAPL so overpriced its a joke", "time": 1535745965.0, "sentiment": "Bearish"}, {"id": 135788857, "text": "The latest pre-open #analysis of #news, #data driving the #market http://bit.ly/1XEq563 #PageOne $AAPL $KO $LULU $ULTA $USDX", "time": 1535745962.0, "sentiment": ""}, {"id": 135788804, "text": "$AAPL I also like $SQ", "time": 1535745931.0, "sentiment": "Bullish"}, {"id": 135788571, "text": "$AAPL Should have owned it for last 10 years", "time": 1535745822.0, "sentiment": ""}, {"id": 135788518, "text": "$AAPL Its the pre market battle of the 1 and 2 buys and sales lol.", "time": 1535745798.0, "sentiment": "Bullish"}, {"id": 135788482, "text": "$AMZN  $GOOG $AAPL all showing emperor trump who is in charge. We are!", "time": 1535745776.0, "sentiment": ""}, {"id": 135788467, "text": "$AAPL LONGS have been saying this for 10 years!!!!!", "time": 1535745770.0, "sentiment": ""}, {"id": 135788125, "text": "$AAPL jeez vol starting to ramp up.", "time": 1535745602.0, "sentiment": ""}, {"id": 135788089, "text": "And oh I forgot about trade war with China fears. No one is buying today. After a quick bull push at open, $aapl will end the day red. IMO", "time": 1535745582.0, "sentiment": "Bearish"}, {"id": 135788080, "text": "$AAPL Holding, Rolling Out to Sept", "time": 1535745578.0, "sentiment": "Bullish"}, {"id": 135788047, "text": "$AAPL tariffs are coming like it or not, apple will get hit the hardest.", "time": 1535745563.0, "sentiment": ""}, {"id": 135787995, "text": "$AAPL", "time": 1535745531.0, "sentiment": ""}, {"id": 135787980, "text": "Today&#39;s top trade ideas: $AMBA, $LULU, $DLTR, $TVIX, $IDTI, $ZUO, $CMCM, $TSLA, $BIG, $ETSY, $AAPL, $DLTR, $AFMD, $TLT, $UWT, $EDZ, $BIIB", "time": 1535745522.0, "sentiment": ""}, {"id": 135787975, "text": "@longboy $AAPL is only up 20% over the past month", "time": 1535745521.0, "sentiment": ""}, {"id": 135787958, "text": "$SPY $TNA $IWM $FAS $IYT $AAPL $GOOGL $MSFT $IBM $FB https://www.yahoo.com/finance/news/apple-oracle-dump-bonds-create-100016140.html massive debts ent $FXI $EEM $IQ $NFLX $T $CMCSA $DIS $VZ $SPOT", "time": 1535745512.0, "sentiment": ""}, {"id": 135787921, "text": "$AAPL It\u2019s Friday, a 3 day weekend, uncertainty with NAFTA deal, and this stock is up 5% already this week. Short term pullback today, imo.", "time": 1535745495.0, "sentiment": "Bearish"}, {"id": 135787918, "text": "$AAPL thoughts on how much further this run can go?", "time": 1535745493.0, "sentiment": ""}, {"id": 135787852, "text": "$AAPL", "time": 1535745458.0, "sentiment": ""}, {"id": 135787840, "text": "\u202a\ud83d\udcc8 $IDTI $PVH $DLTR $AAPL $AMZN $KO $SGMS $CTL $NRG \u202c\n\n\u202a\ud83d\udcc9 $BIG $COO $ATVI $GT $SBUX $ULTA $MNK $IPG $FNB\u202c\n\n#9at9 @MarketScholars", "time": 1535745451.0, "sentiment": ""}, {"id": 135787763, "text": "$AAPL all I know is I bought 600 shares 6/25 at 181 now 226 hmmm that\u2019s 27gs \ud83d\ude02\ud83d\ude02\ud83d\ude02\ud83d\ude02\ud83c\udf4f\ud83c\udf4f\ud83c\udf4f\ud83c\udf4f\ud83d\udcb5\ud83d\udcb5\ud83d\udcb5\ud83d\udcb5\ud83d\udcb5\ud83d\udcb5", "time": 1535745413.0, "sentiment": "Bullish"}, {"id": 135787597, "text": "$AAPL Free money every day unreal no Pullbacks since May!!", "time": 1535745334.0, "sentiment": "Bullish"}, {"id": 135787566, "text": "$AAPL I love this thing", "time": 1535745316.0, "sentiment": "Bullish"}, {"id": 135787413, "text": "$SPY this may go $GAP up today because of $AAPL and Buffet $BRK.A $BRK.B", "time": 1535745237.0, "sentiment": "Bullish"}, {"id": 135787380, "text": "$AMZN $QQQ $AAPL $SPY turkish lira. Argentina peso and Indian rupee getting crushed. Next black swan as world currencies collapse.", "time": 1535745218.0, "sentiment": "Bearish"}, {"id": 135787379, "text": "$SPY $AAPL $AMZN $NVDA $NFLX $GS $JPM $QQQ $FB", "time": 1535745216.0, "sentiment": ""}, {"id": 135787342, "text": "$AMZN $AAPL $GOOGL all hanging nice and tight... :)", "time": 1535745198.0, "sentiment": "Bullish"}, {"id": 135787241, "text": "$SPY Remember its EOM book dressing. Every HF has to show they did well on a 9% gain in Aug so its $AAPL $AMZN $NVDA $NFLX $GS $JPM $QQQ $FB", "time": 1535745149.0, "sentiment": "Bullish"}, {"id": 135787164, "text": "Rel Performance Strong Stocks vs $SPX $AAPL $AMZN $BRK.B $BA $MA $UNH $AMGN $GOOGL $COST $FDX $SPGI $BIIB $BDX $ANTM $ILMN $ISRG $SHW $HUM", "time": 1535745110.0, "sentiment": "Bullish"}, {"id": 135787145, "text": "$AAPL Would not be surprised if this runs to 300+ by EOY! Don\u2019t bet against Buffet Bears!", "time": 1535745102.0, "sentiment": "Bullish"}, {"id": 135787047, "text": "$AAPL no cut off text here. Just much more info, at a glance. Apple is so far ahead of the competition.", "time": 1535745043.0, "sentiment": "Bullish"}, {"id": 135786899, "text": "$AAPL really? Showing the cut off text in your marketing materials? That is so wrong.", "time": 1535744957.0, "sentiment": "Bullish"}, {"id": 135786772, "text": "$BPY $EA $BAC $WFT $YPF $BRK.B $CPB $CHK $AAPL $FTV $QCOM $PBR $TUP $F $VALE $DNR $ITUB $GERN $F $JD $DKS Largest PUT OI increases", "time": 1535744893.0, "sentiment": ""}, {"id": 135786601, "text": "$AAPL This Andres a healthy correctionto go higher", "time": 1535744818.0, "sentiment": ""}, {"id": 135786590, "text": "$KDMN - textbook stage 1   breakout long entry opportunity $SPY $QQQ $AAPL $AMZN", "time": 1535744811.0, "sentiment": "Bullish"}, {"id": 135786583, "text": "China&#39;s Huawei races to beat $AAPL Apple to release the first next-generation A.I. chip for smartphones   https://www.cnbc.com/2018/08/31/huawei-kirin-980-7-nanometer-ai-chip-for-the-mate-20.html", "time": 1535744805.0, "sentiment": ""}, {"id": 135786581, "text": "$AAPL is a Value Stock, I agree completely! WS is beginning to value AAPL correctly! Should be in 300s! AAPL SERVICES growing exponentially!", "time": 1535744804.0, "sentiment": "Bullish"}, {"id": 135786579, "text": "Apple Investing in Tesla Is a &#39;Poor Idea&#39;: Buffett\n\n$AAPL $TSLA \n\nhttps://www.investopedia.com/news/apple-investing-tesla-poor-idea-buffett/", "time": 1535744801.0, "sentiment": ""}, {"id": 135786566, "text": "$BPY $EA $P $AAPL $AMD $EA $BAC $CLF $JBLU $FNV $UAL $XSP $WMT $BRK.B $VIPS $FCX $BAC $SQ $MU", "time": 1535744791.0, "sentiment": ""}, {"id": 135786537, "text": "$AAPL Mr. Buffett understands that it\u2019s about installed base more than it\u2019s about market cap.", "time": 1535744774.0, "sentiment": ""}, {"id": 135786476, "text": "$BPY $EA $P $AAPL $AMD $EA $BAC $CLF $JBLU $FNV $UAL $XSP $WMT $BRK.B $VIPS $FCX $BAC $SQ $MU Largest CALL OI increases", "time": 1535744747.0, "sentiment": ""}, {"id": 135786421, "text": "$UPL $CEI $SPI $BPMX $APRI $SIRI $JBLU $AVEO $AAPL $VYCT $GLD $SLV $CGC  $CRON", "time": 1535744719.0, "sentiment": "Bullish"}, {"id": 135786380, "text": "$AAPL my finger will block today like never before if not today then Monday \ud83e\udd2a", "time": 1535744702.0, "sentiment": "Bullish"}, {"id": 135786351, "text": "$AAPL Apple Edges Higher After Buffett Says iPhone &#39;Enormously Underpriced&#39;\n\nhttps://www.thestreet.com/markets/apple-edges-higher-after-buffett-says-iphone-enormously-underpriced--14698732", "time": 1535744689.0, "sentiment": ""}, {"id": 135786221, "text": "$AAPL is now a value stock. THE MOTHER OF ALL VALUE STOCKS!", "time": 1535744629.0, "sentiment": "Bullish"}, {"id": 135786189, "text": "$AAPL This thing will dump today like never before if not today then Monday.", "time": 1535744611.0, "sentiment": ""}, {"id": 135786129, "text": "$AAPL will pull back to 210", "time": 1535744579.0, "sentiment": "Bearish"}, {"id": 135786007, "text": "$AAPL (+0.5% pre) Apple (AAPL) PT Raised to $210 at Nomura/Instinet; &#39;Services Growth Remains Robust \n \nhttp://ooc.bz/l/27167", "time": 1535744517.0, "sentiment": ""}, {"id": 135785965, "text": "Apple $AAPL PT Raised to $210 at Nomura/Instinet; &#39;Services Growth Remains Robust... Higher Tech Multiples", "time": 1535744500.0, "sentiment": ""}, {"id": 135785801, "text": "$AAPL what are they smoking?", "time": 1535744407.0, "sentiment": ""}, {"id": 135785767, "text": "$AAPL If I am right, people are going to dump into long weekend with the tariff BS. But, what do I know? $AMZN", "time": 1535744392.0, "sentiment": ""}, {"id": 135785746, "text": "$AMZN crack the trill son. Then blast off like $AAPL", "time": 1535744380.0, "sentiment": "Bullish"}, {"id": 135785719, "text": "$AAPL listen to your uncle: &quot;Buffett Buys More Apple, Says iPhone Is \u2018Enormously Underpriced\u2019&quot;", "time": 1535744360.0, "sentiment": "Bullish"}, {"id": 135785485, "text": "$AAPL price target = 500 \ud83d\ude02\ud83d\ude02\ud83d\ude02", "time": 1535744242.0, "sentiment": "Bullish"}, {"id": 135785449, "text": "$AAPL Warren Buffett continues to sing Apple&#39;s praises. https://stocknews.com/news/aapl-warren-buffetts-birthday-celebration-includes-praise-for-apple/", "time": 1535744219.0, "sentiment": ""}, {"id": 135785426, "text": "$AAPL $SPY $QQQ $AMZN next black swan is world currency\u2019s collapsing", "time": 1535744206.0, "sentiment": "Bearish"}, {"id": 135785231, "text": "$SPY When it looks like you think you know what she&#39;ll do, she always fools you $AAPL $AMZN $BABA $TSLA $FB $QQQ $GOOG $CRON $NVDA $CRM", "time": 1535744109.0, "sentiment": "Bullish"}, {"id": 135785187, "text": "Rel Captzn &amp; Ind Classfn Strong Stocks $AAPL $AMZN $BRK.B $BA $MA $UNH $AMGN $GOOGL $COST $FDX $SPGI $BIIB $BDX $ANTM $ILMN $ISRG $SHW $HUM", "time": 1535744085.0, "sentiment": "Bullish"}, {"id": 135785160, "text": "$AAPL \ud83d\ude02\ud83d\ude02\ud83d\ude02", "time": 1535744075.0, "sentiment": ""}, {"id": 135785158, "text": "$IZEA $FB $BABA $HMNY $AAPL $WMT $TSLA \ud83d\udc9aIZEA\ud83c\udf19 running \ud83d\ude80", "time": 1535744074.0, "sentiment": ""}, {"id": 135785094, "text": "$AAPL UPDATE: Buffett says he took another bite out of Apple&#39;s stock https://research.tdameritrade.com/grid/public/markets/news/story.asp?docKey=1-SN20180830012833&amp;cid=1-SN20180830012833-MIP", "time": 1535744034.0, "sentiment": ""}, {"id": 135785026, "text": "$AAPL price target = 150", "time": 1535744004.0, "sentiment": "Bearish"}, {"id": 135785023, "text": "$AAPL cant stop this?", "time": 1535744003.0, "sentiment": "Bullish"}, {"id": 135784996, "text": "Apple&#39;s PT raised by Nomura to $210.00. neutral rating. https://www.marketbeat.com/r/1078848 $AAPL", "time": 1535743984.0, "sentiment": ""}, {"id": 135784965, "text": "$AAPL also Apple employes over 1 million Chinese so it\u2019s a bad idea for them to go after Apple so shhh bears you lose again \ud83d\ude02\ud83d\ude02\ud83d\ude02\ud83c\udf4f\ud83c\udf4f\ud83d\udcb5\ud83d\udcb5", "time": 1535743973.0, "sentiment": "Bullish"}, {"id": 135784898, "text": "$AAPL might load up on some ITM/right OTM calls at start. It\u2019s showing great resilience.", "time": 1535743949.0, "sentiment": "Bullish"}, {"id": 135784869, "text": "$AAPL slow and consistent SHORT SQUEEZE helps move up AAPL stock!!! I can see more of short squeezing next few days!!!", "time": 1535743933.0, "sentiment": "Bullish"}, {"id": 135784851, "text": "$SPY $QQQ $DIA $IWM Different day, same story. if it wasn&#39;t for $AMZN &amp; $AAPL saving the entire stock market #markets #stock", "time": 1535743924.0, "sentiment": "Bearish"}, {"id": 135784843, "text": "Stock Score data for $AAPL \n \nhttps://www.investorsobserver.com/pr-stocks-lp/?stocksymbol=AAPL&amp;prnumber=83120180", "time": 1535743921.0, "sentiment": ""}, {"id": 135784744, "text": "$AAPL Richest man in the world investing in the richest company in the world but you short the stock because you are smarter, OK!", "time": 1535743873.0, "sentiment": "Bullish"}]