[{"id": 135727632, "text": "$AAPL Option Order Flow Sentiment is 66.6% Bullish. http://tinyurl.com/yamk263w", "time": 1535685049.0, "sentiment": ""}, {"id": 135727510, "text": "Another nice day. Cashed out with over $32k with $AMZN and $AAPL. Over 600% this month overall.", "time": 1535685015.0, "sentiment": ""}, {"id": 135727455, "text": "$AAPL Tomorrow Trump tweets he fixed the problem he created. Wash. Repeat. Pissed McCain in spotlight. Vote them all out!", "time": 1535684997.0, "sentiment": "Bullish"}, {"id": 135727088, "text": "$AAPL just hope on the next week", "time": 1535684890.0, "sentiment": ""}, {"id": 135727083, "text": "$SPY $AAPL $AMZN Sorry there weren&#39;t very many charts today on here. Our room stayed busy. Lots of great calls in there.", "time": 1535684890.0, "sentiment": ""}, {"id": 135727017, "text": "$AAPL Warren owns $58 billion of this stock. And you think he is stupid? Why don&#39;t you own this?", "time": 1535684869.0, "sentiment": "Bullish"}, {"id": 135727016, "text": "$AAPL I guess someone didn&#39;t appreciate my &quot;cook&quot; humor.", "time": 1535684869.0, "sentiment": ""}, {"id": 135726889, "text": "$AAPL what will tomorrow high be???", "time": 1535684840.0, "sentiment": "Bullish"}, {"id": 135726825, "text": "$SPY $QQQ despite the bloodbath in the market... $AAPL and $AMZN both up. Imagine if there were down today.", "time": 1535684819.0, "sentiment": ""}, {"id": 135726816, "text": "$AAPL 11 tweets today. What a lazy brat.", "time": 1535684817.0, "sentiment": "Bullish"}, {"id": 135726742, "text": "@texastechcap  yeah this not a normal stock like $AAPL    \nThe price you pay is for future earnings", "time": 1535684798.0, "sentiment": ""}, {"id": 135726630, "text": "$AAPL wow, to this and $amzn the two gifts that keep on giving, add in $SRPT too", "time": 1535684768.0, "sentiment": ""}, {"id": 135726609, "text": "$AAPL remember this bullshit  when u vote.", "time": 1535684764.0, "sentiment": "Bullish"}, {"id": 135726590, "text": "Short volume percent for $AAPL was 55.27% on 08-29-18  https://volumebot.com/?s=AAPL", "time": 1535684758.0, "sentiment": ""}, {"id": 135726436, "text": "Trade Tracker Report Aug 30  \n$AAPL $AMZN $BRK.B $MA $UNH $HD $BA $GOOGL $COST $BIIB $SPGI $FDX $BDX $ILMN $ANTM $HUM $ISRG $SHW", "time": 1535684722.0, "sentiment": "Bullish"}, {"id": 135726417, "text": "$AAPL people have their entire life savings in this. TBTF.", "time": 1535684715.0, "sentiment": ""}, {"id": 135726223, "text": "$AAPL down quite a bit from the daily high, I was thinking I should have sold around 2:00, but was not expecting THAT to happen the last 2hr", "time": 1535684665.0, "sentiment": ""}, {"id": 135726222, "text": "$AAPL Since 2008 it&#39;s been our high interest savings account.", "time": 1535684665.0, "sentiment": "Bullish"}, {"id": 135726096, "text": "$AAPL if u voted for this creep, shame on you.", "time": 1535684628.0, "sentiment": "Bullish"}, {"id": 135726065, "text": "$AAPL buy dips been working since 08 why stop now", "time": 1535684619.0, "sentiment": "Bullish"}, {"id": 135726053, "text": "$AAPL $GOOGL closed my positions. Let\u2019s see what happens with \ud83c\udde8\ud83c\uddf3 tonight", "time": 1535684617.0, "sentiment": ""}, {"id": 135725856, "text": "$AAPL market open tomorrow?", "time": 1535684578.0, "sentiment": ""}, {"id": 135725788, "text": "$AAPL I think China and USA will sit down and talk! We\u2019re fine and the next week for $230 smooth sailing", "time": 1535684562.0, "sentiment": "Bullish"}, {"id": 135725756, "text": "$AAPL someone give Trump his pacifier.", "time": 1535684557.0, "sentiment": "Bullish"}, {"id": 135725648, "text": "@calvingrinder $AAPL I&#39;m due for a new watch.", "time": 1535684531.0, "sentiment": ""}, {"id": 135725623, "text": "$LULU this goes to $160\n\n$AAPL $AMZN", "time": 1535684524.0, "sentiment": "Bullish"}, {"id": 135725605, "text": "Uf those bulls buy the dip, but they don\u2019t know that this news will crush China \ud83c\udde8\ud83c\uddf3 $SPY those calls evaporated tomorrow :c $AAPL $SPY \ud83d\udc37\ud83d\udca5", "time": 1535684520.0, "sentiment": "Bearish"}, {"id": 135725268, "text": "$SPY $QQQ $AMZN $AAPL $NVDA $NFLX  Let&#39;s go, PUMP IT!....", "time": 1535684438.0, "sentiment": "Bullish"}, {"id": 135725240, "text": "#APPLE $AAPL Buying The Dips in 3-7-11 Swings https://elliottwave-forecast.com/stock-market/apple-buying-the-dips-in-3711-swings/ #elliottwave", "time": 1535684431.0, "sentiment": ""}, {"id": 135725218, "text": "$AAPL oh damn. Horrible day. \u201cOnly\u201d up about 1% again. Boo hoo. Woe is me.", "time": 1535684427.0, "sentiment": "Bullish"}, {"id": 135725146, "text": "RECAP 8/30 \n+Pos Comments: $PYPL $ATVI $TTWO $AAPL $P $FNV\n-Neg Comments: $EXAS $CRON $DLTR", "time": 1535684407.0, "sentiment": ""}, {"id": 135725133, "text": "$AAPL buy back over folks", "time": 1535684403.0, "sentiment": ""}, {"id": 135725132, "text": "$AAPL Check the volume!", "time": 1535684403.0, "sentiment": ""}, {"id": 135725105, "text": "$AAPL closing up about 1%. Not too bad.", "time": 1535684399.0, "sentiment": "Bullish"}, {"id": 135725070, "text": "$AAPL $QQQ Hitting that buy at HOD.", "time": 1535684388.0, "sentiment": "Bearish"}, {"id": 135724993, "text": "$AAPL In  \uf8ff we trust", "time": 1535684368.0, "sentiment": "Bullish"}, {"id": 135724959, "text": "$AMZN 25pt up, 20-30pts down. Plenty of opp to chase/scalp. \n$TSLA 3pts up, ~3pts down, 3pts up. \n$NFLX 8pts up, 8pts down. \n$AAPL Range.", "time": 1535684358.0, "sentiment": ""}, {"id": 135724937, "text": "$AAPL $225 puts in at .40 out at 1.24. $227.5 calls in at .25. Let&#39;s see if she goes after $230.", "time": 1535684351.0, "sentiment": ""}, {"id": 135724926, "text": "$AAPL a brat who likes to break things.", "time": 1535684349.0, "sentiment": "Bullish"}, {"id": 135724722, "text": "5-star analyst Ivan Feinseth from Tigress Financial reiterated a Buy on $AAPL.  https://www.tipranks.com/analysts/ivan-feinseth", "time": 1535684296.0, "sentiment": ""}, {"id": 135724570, "text": "$AAPL Putin\u2019s called. Said to ruin the economy.", "time": 1535684256.0, "sentiment": "Bullish"}, {"id": 135724432, "text": "$AAPL option call 9/7 230$ what you guys think", "time": 1535684218.0, "sentiment": "Bullish"}, {"id": 135724287, "text": "$AAPL 2X Avg Vol with 2++ in the RED MARKET... What are Bears talking about? $SPY", "time": 1535684181.0, "sentiment": "Bullish"}, {"id": 135724208, "text": "$TSLA All those $AAPL &amp; $AMZN profits headed to $TSLA", "time": 1535684159.0, "sentiment": "Bullish"}, {"id": 135724195, "text": "@Galv @romit $AAPL can still do the double correction toward $222 - $219 before resuming higher again #elliottwave", "time": 1535684155.0, "sentiment": ""}, {"id": 135724193, "text": "$AAPL Russia\u2019s useful idiot. Impeach the moron!", "time": 1535684155.0, "sentiment": "Bullish"}, {"id": 135724140, "text": "$AAPL Just missed buying puts on $SPY yesterday. Ended up buying puts on $AAPL today (too early). Just sold most for some lunch money.", "time": 1535684142.0, "sentiment": ""}, {"id": 135723968, "text": "$AAPL are we pinned to 225 this week or 227.5? Hopefully 230!", "time": 1535684098.0, "sentiment": "Bullish"}, {"id": 135723943, "text": "$AAPL Man this is turning into a value trap right longs? these bags .. they r heavy, it hurts!", "time": 1535684090.0, "sentiment": "Bullish"}, {"id": 135723923, "text": "$AAPL Impeach The asshole.", "time": 1535684087.0, "sentiment": "Bullish"}, {"id": 135723872, "text": "$AAPL Huge leak shows off the new iPhone XS https://tcrn.ch/2PPFFwz", "time": 1535684070.0, "sentiment": ""}, {"id": 135723712, "text": "$AAPL received a Buy rating from Tigress Financial 5-star Analyst Ivan Feinseth (Tigress Financial) http://www.tipranks.com/email-alert/3ac8bcfb-1400-4095-b693-86d9a1b43d2e", "time": 1535684029.0, "sentiment": "Bullish"}, {"id": 135723643, "text": "$AAPL https://youtu.be/jmVcT9MMvU8\n\ud83d\udd25\ud83d\udd25\ud83d\udd25\ud83d\udd25\ud83d\udd25\ud83d\udd25\ud83d\udd25\ud83d\udd25\ud83d\udd25", "time": 1535684013.0, "sentiment": "Bullish"}, {"id": 135723606, "text": "$AAPL ready? Go", "time": 1535684002.0, "sentiment": "Bullish"}, {"id": 135723559, "text": "Apple Announces its iPhone Event -- Here&#39;s What to Expect $AAPL http://dlvr.it/QhblZY", "time": 1535683987.0, "sentiment": ""}, {"id": 135723546, "text": "$AAPL elect a clown, expect a circus.", "time": 1535683985.0, "sentiment": "Bullish"}, {"id": 135723512, "text": "$AAPL  Easy money day trade as a moving avg trend trade but once the moving avg line was breached on heavy vol. the music stopped&amp; fast $QQQ", "time": 1535683978.0, "sentiment": ""}, {"id": 135723383, "text": "$AAPL Purchased 1,000 226 calls for tomorrow Don&#39;t let me down", "time": 1535683942.0, "sentiment": ""}, {"id": 135723336, "text": "$AAPL Trump is such an orange asshole. What a moron. No wonder he was bankrupt.", "time": 1535683929.0, "sentiment": "Bullish"}, {"id": 135723214, "text": "$MSFT $AAPL $GOOG $AMZN $FB $BAC $C $JPM $WFC $TSLA if I could move the market up or down on a tweet, I would...", "time": 1535683899.0, "sentiment": ""}, {"id": 135723158, "text": "$AMZN $AAPL  \ud83d\udc40\ud83d\udc40 scary times. How do people hold overnight", "time": 1535683885.0, "sentiment": ""}, {"id": 135723156, "text": "$AAPL Whoa. That person has really got him- or herself into quite a predicament.", "time": 1535683884.0, "sentiment": "Bullish"}, {"id": 135723035, "text": "$AAPL Probably going to lay low till after holiday", "time": 1535683846.0, "sentiment": ""}, {"id": 135723008, "text": "$AAPL just take my money", "time": 1535683839.0, "sentiment": "Bullish"}, {"id": 135722873, "text": "$AAPL a treacherous stock to trade options. will destroy you in an instant both ways", "time": 1535683797.0, "sentiment": ""}, {"id": 135722852, "text": "$AAPL just small hiccup. this rallies into sept 12", "time": 1535683789.0, "sentiment": ""}, {"id": 135722833, "text": "$BOX uh..... I think I will sell $AAPL and will buy more $BOX now...", "time": 1535683784.0, "sentiment": "Bullish"}, {"id": 135722752, "text": "$MU $NFLX $GOOGL $AAPL bounce baby!", "time": 1535683763.0, "sentiment": "Bullish"}, {"id": 135722539, "text": "#APPLE $AAPL Buying The Dips in 3-7-11 Swings https://elliottwave-forecast.com/stock-market/apple-buying-the-dips-in-3711-swings/ #elliottwave", "time": 1535683702.0, "sentiment": ""}, {"id": 135722510, "text": "$AAPL u mean huge trump at the close", "time": 1535683694.0, "sentiment": ""}, {"id": 135722492, "text": "$AAPL man what a beast.", "time": 1535683691.0, "sentiment": ""}, {"id": 135722405, "text": "$SPY $QQQ $AAPL $AMZN $NFLX $NVDA $FB $GOOGL $MSFT  What, me worry? LOL", "time": 1535683674.0, "sentiment": ""}, {"id": 135722401, "text": "$AAPL 4h Chart 8/13 at https://elliottwave-forecast.com Looking for more upside #elliottwave", "time": 1535683672.0, "sentiment": ""}, {"id": 135722384, "text": "$SPY Here to buy the strong growth company in market red, they are green. Market green they are greener $AAPL $AMZN $TWTR Bullish", "time": 1535683668.0, "sentiment": "Bullish"}, {"id": 135722239, "text": "$AAPL As long as $213 low remain in place then the stock can resume the move higher toward $237 #elliottwave", "time": 1535683631.0, "sentiment": ""}, {"id": 135722231, "text": "$AAPL Even the freaking fed cannot take this down.. every long here is begging for a rate hike", "time": 1535683629.0, "sentiment": ""}, {"id": 135722119, "text": "$AAPL been here since 150 in fed", "time": 1535683598.0, "sentiment": "Bullish"}, {"id": 135722086, "text": "$AAPl Reached short term target around $228 and doing 3 waves pullback from there #elliottwave $XLK", "time": 1535683588.0, "sentiment": ""}, {"id": 135722047, "text": "$AAPL Apple&#39;s Stock May Rise 14% Amid New iPhone Release\n\nhttps://www.investopedia.com/news/apples-stock-may-rise-14-amid-new-iphone-release/", "time": 1535683577.0, "sentiment": "Bullish"}, {"id": 135722024, "text": "$AAPL huge dump lol? Right. This thing is still on sale by about $75 bucks.", "time": 1535683569.0, "sentiment": "Bullish"}, {"id": 135722014, "text": "$AAPL big time for me to SELL guys", "time": 1535683567.0, "sentiment": "Bearish"}, {"id": 135721919, "text": "$AAPL Careful bears u have 3 day weekend trump can reneg a deal with china over the weekend and u will be underwater, be very careful!", "time": 1535683536.0, "sentiment": ""}, {"id": 135721914, "text": "$SPY $DJIA $NDX $AAPL $NFLX $TSLA $TWTR $SNAP $SQ $UVXY $VIX $GDXJ $C $BAC $AMZN $BABA correct calls this week still holding abx and $DLTR", "time": 1535683534.0, "sentiment": ""}, {"id": 135721702, "text": "$AAPL *yawn* i wish it sold off more.. even grandpa buffet wants a 10% discount.", "time": 1535683483.0, "sentiment": ""}, {"id": 135721699, "text": "$AAPL this is exactly happened like last time , huge dump at close!", "time": 1535683482.0, "sentiment": "Bearish"}, {"id": 135721623, "text": "$AAPL If only trump would have tweeted after the close, I could have made about 2k more. oh well profit is profit.", "time": 1535683461.0, "sentiment": ""}, {"id": 135721581, "text": "$AAPL You can sense the desperation. All bears have now is China banning iPhones. Keep waiting for that to happen \ud83d\ude02", "time": 1535683450.0, "sentiment": "Bullish"}, {"id": 135721377, "text": "$AAPL as long my money is with apple I know I won\u2019t go BK", "time": 1535683407.0, "sentiment": ""}, {"id": 135721165, "text": "$AAPL Apple a day keep the doctor away so keep buying bro no need to worry", "time": 1535683349.0, "sentiment": ""}, {"id": 135721152, "text": "$AAPL  apple good to eat number 1 big time American investor", "time": 1535683344.0, "sentiment": ""}, {"id": 135721026, "text": "$AAPL China love to eat apple man", "time": 1535683309.0, "sentiment": ""}, {"id": 135721001, "text": "$AAPL good price to get in? \ud83e\udd14 before the WWDC", "time": 1535683302.0, "sentiment": ""}, {"id": 135720998, "text": "$AAPL $TWTR Panic Sellers are Losers !!! Stay Long &amp; Prosper Mi Amigos \ud83d\ude80\u263a\ufe0f", "time": 1535683301.0, "sentiment": "Bullish"}, {"id": 135720993, "text": "$AAPL i&#39;m getting in while others are fearful. i know the power of apple", "time": 1535683300.0, "sentiment": "Bullish"}, {"id": 135720786, "text": "$AAPL Smart money getting out before china wakes up", "time": 1535683238.0, "sentiment": ""}, {"id": 135720725, "text": "$AAPL pls knock of $1 for the bears to be happy lol keep buying n keep holding for me", "time": 1535683223.0, "sentiment": ""}, {"id": 135720714, "text": "$AAPL Tesla&#39;s Stock Is Falling Apart\n\nhttps://www.thestreet.com/investing/stocks/tesla-stock-is-falling-apart-14698207", "time": 1535683221.0, "sentiment": ""}, {"id": 135720655, "text": "$AAPL who is buying ! Idiot!", "time": 1535683206.0, "sentiment": "Bullish"}, {"id": 135720577, "text": "$AAPL Apple&#39;s iPhone Hype Overshadows Renewed AR Buzz\n\nhttps://www.thestreet.com/technology/apple-acquires-akonia-as-iphone-event-announced-14698210", "time": 1535683183.0, "sentiment": ""}, {"id": 135720523, "text": "$AAPL whos selling ..is an idiot", "time": 1535683171.0, "sentiment": ""}, {"id": 135720498, "text": "$AAPL and $AMZN now controlled by the bears and shorts - still bullish long term but both stocks have blow off tops", "time": 1535683164.0, "sentiment": "Bullish"}, {"id": 135720360, "text": "$AAPL here we go again!", "time": 1535683117.0, "sentiment": "Bearish"}, {"id": 135720181, "text": "$AAPL  will be  more redish before  holiday", "time": 1535683070.0, "sentiment": ""}, {"id": 135720079, "text": "$AAPL there\u2019s a very good chance of gap down tomorrow. Couple times this year gapped down after a run to the roof", "time": 1535683041.0, "sentiment": ""}, {"id": 135720035, "text": "$AMZN $AAPL basically the same stonk now? Its follow the leader.", "time": 1535683026.0, "sentiment": ""}, {"id": 135719977, "text": "$AAPL $AMZN these two are on sone humpty dumpty shit. Will ahve a great fall. But I dont care. I play options \ud83d\ude1c\ud83d\udc37\ud83e\udd11", "time": 1535683012.0, "sentiment": ""}, {"id": 135719956, "text": "$AAPL don\u2019t know what this will look like if markets are red tomorrow", "time": 1535683004.0, "sentiment": ""}, {"id": 135719954, "text": "$AAPL either way Green Day congrats", "time": 1535683003.0, "sentiment": ""}, {"id": 135719939, "text": "$AAPL big dump at close!", "time": 1535683000.0, "sentiment": "Bearish"}, {"id": 135719932, "text": "$AAPL bears now control the action (for the time being)", "time": 1535682997.0, "sentiment": "Bullish"}, {"id": 135719821, "text": "$AAPL all red\n https://www.reuters.com/article/us-usa-stocks/wall-street-rally-ends-as-investors-sell-risk-idUSKCN1LF1F3?feedType=RSS&amp;feedName=businessNews&amp;utm_source=feedburner&amp;utm_medium=feed&amp;utm_campaign=Feed%3A+reuters%2FbusinessNews+%28Business+News%29", "time": 1535682971.0, "sentiment": ""}, {"id": 135719640, "text": "$AAPL stock needs to recover easy put at 215.", "time": 1535682919.0, "sentiment": "Bearish"}, {"id": 135719497, "text": "$AAPL gonna close above 226", "time": 1535682872.0, "sentiment": "Bullish"}, {"id": 135719490, "text": "$AAPL get in before its too late.. this is going to tear the roof apart", "time": 1535682870.0, "sentiment": "Bullish"}, {"id": 135719457, "text": "$AAPL gap down ??????", "time": 1535682858.0, "sentiment": "Bearish"}, {"id": 135719404, "text": "$QQQ $SPY $AAPL $AMZN  Buy the bubble...", "time": 1535682844.0, "sentiment": ""}, {"id": 135719324, "text": "$AAPL im already out. Waiting for tomorrow", "time": 1535682823.0, "sentiment": ""}, {"id": 135719303, "text": "$AAPL I am rooting for the bears, but every time I pop in here to read their remarks I feel sorry for them", "time": 1535682820.0, "sentiment": ""}, {"id": 135719251, "text": "$AAPL aiming for 235 in couple of weeks! Very bullish this year and next! Waiting for new highly in demand innovative iPhones! Very bullish!", "time": 1535682807.0, "sentiment": "Bullish"}, {"id": 135719101, "text": "$AAPL buy the dip!!!!! \ud83e\udd11\ud83e\udd11\ud83e\udd11\ud83d\udcc8\ud83d\udcc8", "time": 1535682766.0, "sentiment": "Bullish"}, {"id": 135719049, "text": "$AAPL who bought that dip and sold at the bottom. Let&#39;s be Honest", "time": 1535682748.0, "sentiment": ""}, {"id": 135719022, "text": "$AAPL Options Traders: What decay can I expect to see tomorrow from a $227.50 weekly?", "time": 1535682741.0, "sentiment": "Bullish"}, {"id": 135718899, "text": "@adventarmageddon well so is $AAPL $FB CEO According to Steve Bannon article out today what&#39;s your point sir ?", "time": 1535682703.0, "sentiment": "Bullish"}, {"id": 135718836, "text": "$spy $qqq $iwm idiots will keep buyin they wont let it fall $aapl $amzn they want to have everyone fully committed b4 the major dumpage", "time": 1535682688.0, "sentiment": ""}, {"id": 135718767, "text": "$AAPL This is it. The AAPL crash is behind us it seems, a gigantic drop from +2% TO +1% LOL #stocks", "time": 1535682673.0, "sentiment": ""}, {"id": 135718695, "text": "$AAPL Buffett https://youtu.be/9kke_CGNpFE", "time": 1535682654.0, "sentiment": "Bullish"}, {"id": 135718658, "text": "$AAPL I wouldnt want to hold overnight. China will be upset when they wake up", "time": 1535682645.0, "sentiment": "Bearish"}, {"id": 135718642, "text": "$AAPL gap down tomorrow???", "time": 1535682642.0, "sentiment": "Bearish"}, {"id": 135718493, "text": "$AAPL out for a 800% gain", "time": 1535682599.0, "sentiment": ""}, {"id": 135718442, "text": "$AAPL hey bears, i challenge you , you cant put this down .at all... Got no balls.. tmrw 280 atleast", "time": 1535682588.0, "sentiment": ""}, {"id": 135718423, "text": "$AAPL Bears please slow down, I can&#39;t keep up with blocking you with so many stupid comments....", "time": 1535682583.0, "sentiment": "Bullish"}, {"id": 135718279, "text": "$SPY Lets see if we get a good Buy Program coming in to sweep this madness up. MM played this well $AAPL $AMZN $BABA $TSLA $CRM $NVDA $NFLX", "time": 1535682551.0, "sentiment": "Bullish"}, {"id": 135718079, "text": "$AAPL going down", "time": 1535682489.0, "sentiment": ""}, {"id": 135717930, "text": "@booneman $AAPL is too wedded to major Chinese businesses &amp; suppliers. Not going to happen.", "time": 1535682452.0, "sentiment": "Bullish"}, {"id": 135717830, "text": "$AAPL dead cat bounce? Or corrective dip... We will know soon", "time": 1535682425.0, "sentiment": ""}, {"id": 135717810, "text": "$AAPL big fish!!!", "time": 1535682419.0, "sentiment": "Bearish"}, {"id": 135717786, "text": "$AAPL will this go in red today?", "time": 1535682413.0, "sentiment": ""}, {"id": 135717772, "text": "$aapl $amzn look at those DOJI&#39;s lol, if they close them around here that would be bad, but longs are sheep so ..guess keep buyin right? lol", "time": 1535682410.0, "sentiment": ""}, {"id": 135717604, "text": "$AAPL silly bears", "time": 1535682358.0, "sentiment": "Bullish"}, {"id": 135717543, "text": "$AAPL", "time": 1535682338.0, "sentiment": "Bearish"}, {"id": 135717520, "text": "$SPY $AAPL still up 1% why buy $SPY. $AAPL gets 20% from china unaffected by news", "time": 1535682332.0, "sentiment": ""}, {"id": 135717507, "text": "$SPY on $FB, $AAPL, and $WMT are green on the heat map", "time": 1535682327.0, "sentiment": ""}, {"id": 135717446, "text": "$AAPL looting retailers", "time": 1535682308.0, "sentiment": "Bullish"}, {"id": 135717237, "text": "$AAPL missed that buying opportunity, rallying back off lows", "time": 1535682253.0, "sentiment": ""}, {"id": 135717204, "text": "$AAPL btfd btfd 400 EOW", "time": 1535682246.0, "sentiment": ""}, {"id": 135717074, "text": "$SPY At least we know that HF Bears are so desperate they need FUD to try &amp; scare the Mrkt lower. They have no data $AAPL $AMZN $BABA $FB", "time": 1535682213.0, "sentiment": "Bullish"}, {"id": 135717065, "text": "$AAPL China will absolutely come after AAPL - Damn it!!!", "time": 1535682211.0, "sentiment": ""}, {"id": 135717064, "text": "$AAPL Trump Trade news is based on anonymous sources and the article goes on to say the tariffs may or MAY NOT be imposed with no dates!", "time": 1535682211.0, "sentiment": ""}, {"id": 135717000, "text": "$AAPL thats the bottom guys buy calls and sell your puts", "time": 1535682193.0, "sentiment": "Bullish"}, {"id": 135716973, "text": "$AAPL  news = over reaction = traders quick to cover and rebuy.\n\nI\u2019m calling it:  this is a BTFD opportunity.", "time": 1535682188.0, "sentiment": "Bullish"}]