[{"id": 135766073, "text": "$AAPL I remember like 3 or 4 years ago when I first started investing I thought this was way overpriced... Oh how I&#39;ve learned", "time": 1535708617.0, "sentiment": "Bullish"}, {"id": 135765911, "text": "$INSY $SMTC $CIEN $SIG $GCO $SGMO $AAPL $QTNA $QDEL $IOVA \n\nVery exciting to read a bunch of symbols! Maybe add a comment!", "time": 1535708418.0, "sentiment": ""}, {"id": 135765509, "text": "$AAPL On Sep 12 if I see 100 new emojis innovations then double down on PUTs", "time": 1535707988.0, "sentiment": ""}, {"id": 135765485, "text": "$AAPL sideways tomorrow until we resume rallying on Monday", "time": 1535707965.0, "sentiment": "Bullish"}, {"id": 135765395, "text": "$AAPL https://iphone.appleinsider.com/articles/18/08/30/judge-dismisses-motion-to-halt-qualcomms-potential-iphone-import-ban", "time": 1535707880.0, "sentiment": ""}, {"id": 135765255, "text": "$AAPL $220 Puts seem pretty reasonable right now or what ? \ud83e\udd14", "time": 1535707746.0, "sentiment": ""}, {"id": 135765119, "text": "$AMZN $AAPL made a lot today  $ shorting both pigs but my point is so coordinated and smells like rotten sht!", "time": 1535707600.0, "sentiment": ""}, {"id": 135765064, "text": "$AMZN $AAPL and the turd drops ! Oh wait what happened to the muted response from anti algos controlling this sht? Don&#39;t get me wrong I", "time": 1535707550.0, "sentiment": ""}, {"id": 135765006, "text": "$AMZN $AAPL just the dumbest a$$ market buffet says aapl is exp and bot like 5 shares and an hr later explodes then another dud begs differ", "time": 1535707483.0, "sentiment": ""}, {"id": 135764663, "text": "Most Active Options\n$AAPL $AMD $EA $FB $TSLA $NFLX $MU $WFT $BAC $SQ $TSLA $NVDA $PBR $CRON $CRM $MSFT $AMZN $P $JD $X $TWTR $GE $C $T $LULU", "time": 1535707162.0, "sentiment": ""}, {"id": 135764479, "text": "$SPY closed at .74 went all the way to 1.14\n\nBack to back 100% winners called! \n\nFolllow/ join discord chat in bio! $MU $NFLX $AAPL $QQQ $LB", "time": 1535707001.0, "sentiment": ""}, {"id": 135764123, "text": "$SPY No worry, and enjoy the life and the rest of that $AAPL $AMZN will carry for you baby SPY, we are and will be 1T company take care of u", "time": 1535706681.0, "sentiment": "Bullish"}, {"id": 135763913, "text": "$UVXY my current largest positions now consists of $wmt $amzn $msft $AAPL $FB $KMI $F $CELG $BABA", "time": 1535706522.0, "sentiment": "Bullish"}, {"id": 135763680, "text": "Richer than they were at open. $SQ puts will be making it rain. Hey $AAPL $AMZN $MSFT look at this guy lol! Condolences in advance longs.", "time": 1535706303.0, "sentiment": "Bearish"}, {"id": 135763538, "text": "$AAPL $VHC But then Apple lawyers r fighting something else on this IP, so it might be more complicated then known to ordinary investors", "time": 1535706169.0, "sentiment": ""}, {"id": 135763422, "text": "$VHC $AAPL At reasonable fair (FMV), treasury could kept this IP, sold at $0.05 per device, used these funds to help pay into disaster fund", "time": 1535706067.0, "sentiment": ""}, {"id": 135763282, "text": "$VHC $AAPL IP owned by VHC, was bought from government military type IP reception, IP should hv been sold to US treasury then to Companies", "time": 1535705959.0, "sentiment": ""}, {"id": 135763063, "text": "$TSLA I have doubts $AAPL would invest, but Buffet\u2019s opinion also questionable. Technology scaling is his blind spot (&amp; why he missed $AMZN)", "time": 1535705789.0, "sentiment": ""}, {"id": 135762991, "text": "$AAPL maybe 250 before year end?", "time": 1535705740.0, "sentiment": ""}, {"id": 135762892, "text": "$AAPL buffet on Bloomberg says he\u2019s holding stocks 10-20 years. Congrats shareholders you picked a 700$ stock. Hold!", "time": 1535705663.0, "sentiment": ""}, {"id": 135762854, "text": "$AAPL Cannot think of a better stock. Once Trump\u2019s anti-trust rhetoric against other FAANGs gets momentum, money continues to pour in here.", "time": 1535705628.0, "sentiment": "Bullish"}, {"id": 135762748, "text": "$AAPL Do we know the iPhone release date?", "time": 1535705537.0, "sentiment": ""}, {"id": 135762711, "text": "$AAPL 52w high earlier 228.26\nhttps://youtu.be/yIM4hAXPQ54", "time": 1535705501.0, "sentiment": ""}, {"id": 135762680, "text": "$AAPL A decidedly quiet for apple, people only come out to scream when it&#39;s obvious? Place ye&#39; bets for tomorrow people! \u2b07\ufe0f \ud83e\udd14 \u2b06\ufe0f", "time": 1535705471.0, "sentiment": ""}, {"id": 135762673, "text": "$AMZN $AAPL $NVDA this market is sooo greedy", "time": 1535705460.0, "sentiment": ""}, {"id": 135762639, "text": "$SPY Stay Focus Shorts, We aren&#39;t China. They&#39;re just following are lead :o) $AMZN $FB $AAPL", "time": 1535705427.0, "sentiment": "Bullish"}, {"id": 135762407, "text": "$AAPL To all the bears thinking that WB is selling bc AAPL is up 15% lately... \nhttps://appleinsider.com/articles/18/08/30/warren-buffett-buys-just-a-little-more-apple-stock-warns-against-entering-auto-business", "time": 1535705237.0, "sentiment": ""}, {"id": 135762102, "text": "$VHC $AAPL Apple is appealing that decision and is likely to appeal the current case to a higher court", "time": 1535704969.0, "sentiment": ""}, {"id": 135761982, "text": "Speculated: $AAPL fall event on Sept.12 streaming on $TWTR", "time": 1535704861.0, "sentiment": "Bullish"}, {"id": 135761871, "text": "@__pony__ I think you should drop several grand here. Go for it!!! $AAPL", "time": 1535704777.0, "sentiment": "Bullish"}, {"id": 135761865, "text": "$AAPL any predictions for tomorrow ? 230?? Or market will be Red because of long week end ???", "time": 1535704773.0, "sentiment": ""}, {"id": 135761850, "text": "$AAPL I hope apple go to 230 tomorrow I know it friday but still", "time": 1535704765.0, "sentiment": "Bullish"}, {"id": 135761745, "text": "$VHC $AAPL https://iphone.appleinsider.com/articles/18/08/30/apple-loses-bid-for-new-trial-in-virnetx-case-appeal-still-be-possible", "time": 1535704666.0, "sentiment": ""}, {"id": 135761693, "text": "@__pony__ Wait.... haven&#39;t you been saying this since..... like.... 175?  LoL $AAPL", "time": 1535704626.0, "sentiment": "Bullish"}, {"id": 135761588, "text": "$AAPL &#39;stock trades at a sub20X forward multiple. That is expensive for AAPL stock. But it is inexpensive for a hyper-growth software stock&#39;", "time": 1535704533.0, "sentiment": "Bullish"}, {"id": 135761584, "text": "$AAPL Trump caused the fade. When the Canadian deal gets done....giddy up!", "time": 1535704529.0, "sentiment": ""}, {"id": 135761567, "text": "$AAPL remember to short this bear territory started today", "time": 1535704518.0, "sentiment": "Bearish"}, {"id": 135760895, "text": "$IQ Wow never knew there was such a large BEAR population. Reminds me of $AMZN $NFLX $AAPL and even $FB 5-8 years ago. Bears made 2 pts?", "time": 1535703923.0, "sentiment": ""}, {"id": 135760870, "text": "@diogomcasado $AAPL went long at 250.00 got in on the dip.", "time": 1535703894.0, "sentiment": "Bullish"}, {"id": 135760851, "text": "$AAPL yeah...bet against buffet...", "time": 1535703881.0, "sentiment": "Bullish"}, {"id": 135760392, "text": "$AAPL eod price predictions? I say we close above 25.50", "time": 1535703454.0, "sentiment": ""}, {"id": 135760321, "text": "$AAPL Gordon&#39;s hitting the crack pipe again...\ud83e\udd14", "time": 1535703374.0, "sentiment": ""}, {"id": 135760293, "text": "Buffett talks about $AAPL buying $TSLA and can&#39;t help but think how hand in hand these 2 go together even if Buffett isnt a fan. BULLISH!", "time": 1535703351.0, "sentiment": "Bullish"}, {"id": 135760276, "text": "$AAPL I think it will close under $225 tomorrow", "time": 1535703335.0, "sentiment": "Bearish"}, {"id": 135760252, "text": "$AAPL That&#39;s a nice round number", "time": 1535703317.0, "sentiment": ""}, {"id": 135760143, "text": "$AAPL shorters will take this down hard", "time": 1535703213.0, "sentiment": "Bearish"}, {"id": 135760045, "text": "$MU $SPY $AAPL $MSFT  Guys! Whats the best stock to hold rn?", "time": 1535703114.0, "sentiment": "Bullish"}, {"id": 135759748, "text": "$AAPL warren is going senile. Warren Buffett: The iPhone is &#39;enormously underpriced&#39; LOL", "time": 1535702894.0, "sentiment": ""}, {"id": 135759746, "text": "$AAPL", "time": 1535702892.0, "sentiment": ""}, {"id": 135758992, "text": "$MU $SPY $AAPL $MSFT Just out of curiosity, how old are you guys?", "time": 1535702242.0, "sentiment": "Bullish"}, {"id": 135758488, "text": "@michael_therami have u ever tested the credibility of headlines? how many time it was said $AAPL will miss earrnings.", "time": 1535701770.0, "sentiment": "Bullish"}, {"id": 135758454, "text": "Looking Ahead to the Long Weekend $STUDY $DIA $DJIA $SPX $COMPQ $NFLX $GOOG $AAPL $AMZN $CAT $IBM $BIDU $TSLA https://youtu.be/soblFJj4WV0", "time": 1535701734.0, "sentiment": ""}, {"id": 135758432, "text": "@Galv @GordonGekkoo1K $AAPL He&#39;ll be gone next week when middle school is back in session.", "time": 1535701718.0, "sentiment": ""}, {"id": 135758266, "text": "$AAPL If you would have listen to @GordonGekkoo1K you would have sold and shorted at 200 lol.", "time": 1535701578.0, "sentiment": "Bullish"}, {"id": 135758096, "text": "We\u2019re not in a tech bubble and this investor explains why: https://www.cantechletter.com/2018/08/were-not-in-a-tech-bubble-and-this-investor-explains-why/ $QQQ $FB $AMZN $AAPL $NFLX $GOOG $GOOGL $COMPX", "time": 1535701440.0, "sentiment": ""}, {"id": 135757899, "text": "$AAPL so tomorrow...hover at 225 ? 227.5? Options expiration?", "time": 1535701278.0, "sentiment": ""}, {"id": 135757879, "text": "$AMZN Amazon Technical Analysis 8-30-18 Daily Update Recap TOP OF CHANNEL\nhttps://youtu.be/JFxOCFSu6hk $tsla $aapl $nvda $baba", "time": 1535701256.0, "sentiment": ""}, {"id": 135757753, "text": "$AAPL bears are vicious liars, we shall rise tommorrow", "time": 1535701163.0, "sentiment": ""}, {"id": 135757280, "text": "$AAPL When I saw iPhone v1, I knew it was a game changer and that&#39;s when I went long Apple. 2007/2008. Only mistake not buying more!", "time": 1535700766.0, "sentiment": ""}, {"id": 135757199, "text": "$AAPL not sure why buffet keeps buying it, it is the same phone every year now.", "time": 1535700706.0, "sentiment": ""}, {"id": 135757032, "text": "$AAPL If you listened to Buffett today... he&#39;s so long Apple it is crazy. L O N G -- all this bear chatter about Buffett selling is BS", "time": 1535700578.0, "sentiment": ""}, {"id": 135756867, "text": "Doable tomorrow $SPY 285, $DJIA 25600 $qq 7800 $UVXY $AAPL $BABA $FB $AMD $NVDA $VIX $UVXY", "time": 1535700433.0, "sentiment": "Bearish"}, {"id": 135756640, "text": "$AAPL short volume reported to FINRA: 12,650,694 on 08-30-18; 5,049,209 on 08-29-18 https://volumebot.com/?s=AAPL", "time": 1535700239.0, "sentiment": ""}, {"id": 135756618, "text": "$AAPL Buffet can\u2019t keep his hand off the buy button", "time": 1535700215.0, "sentiment": ""}, {"id": 135756452, "text": "$AAPL are we at 2T yet? ... snooze.", "time": 1535700097.0, "sentiment": ""}, {"id": 135756362, "text": "$AAPL follow Warren Buffet apple is straight cash$$$$$$", "time": 1535700033.0, "sentiment": "Bullish"}, {"id": 135756293, "text": "$AAPL so new IPhone &amp; I watch announcement in September reason for the jump.  Thought I\u2019d have to wait till October.", "time": 1535699987.0, "sentiment": ""}, {"id": 135756067, "text": "a 100 point Wipe out :&#39;v a bear can dream he is think it about it! fake $SPY and bubble bubble! :&#39;v $AAPL $QQQ $UVXY $FB $AMD $NVDA $AMZN", "time": 1535699813.0, "sentiment": "Bearish"}, {"id": 135756061, "text": "$AAPL Apple Watch series 4 pics leaked!", "time": 1535699802.0, "sentiment": "Bullish"}, {"id": 135755945, "text": "$FIT hmm , so Apple Watch 4 is stunning and I assume $FIT  go down coz of that $AAPL", "time": 1535699722.0, "sentiment": ""}, {"id": 135755803, "text": "Exclusive: Apple Watch Series 4 revealed - massive display, dense watch face, more - 9to5Mac ... $aapl  https://9to5mac.com/2018/08/30/exclusive-apple-watch-series-4/", "time": 1535699631.0, "sentiment": ""}, {"id": 135754772, "text": "$AAPL  BUY+ 600,000 @ $227.11!", "time": 1535698909.0, "sentiment": ""}, {"id": 135754503, "text": "$AMZN $ADSK $AAPL  adsk will eventually fill the gap below but may be green tmrw.", "time": 1535698717.0, "sentiment": ""}, {"id": 135754191, "text": "@HotNurse @sonicmerlin it was easy for bulls to see $AAPL as bullish because CBs bought trillions", "time": 1535698482.0, "sentiment": ""}, {"id": 135754129, "text": "$AAPL this run brought to you by buybacks. A company heavily buying itself before a huge new product announcement, hmmm.", "time": 1535698439.0, "sentiment": "Bullish"}, {"id": 135753871, "text": "@Galv $AAPL $270 almost undoubtedly by aug 19\u2019 $AAPL its the $KO  cola of the 2000\u2019s not leaving till he does", "time": 1535698255.0, "sentiment": "Bullish"}, {"id": 135753788, "text": "$AAPL Without Trump &amp;... with Trump on monthly log scale.", "time": 1535698202.0, "sentiment": ""}, {"id": 135753687, "text": "https://youtu.be/WeXlHwZA1i0 \n$TSLA $MU $ROKU $NFLX $AAPL $ADSK $MSFT $COST $UVXY $BZUN", "time": 1535698145.0, "sentiment": ""}, {"id": 135753622, "text": "Tesla&#39;s Stock Nears A Tipping Point, Apple Continues On Its Path To $300 $spy $aapl $tsla $amzn $sq $ma $v $amd  https://mottcapitalmanagement.com/teslas-stock-nears-a-tipping-point-plus-apple-continues-on-its-path-to-300/", "time": 1535698102.0, "sentiment": ""}, {"id": 135753504, "text": "$SPY $SPX $BABA $MU $NVDA $CAT $GM $F $TSLA $AAPL $AMD $GOOG $AMZN $FB MKT ATHs SPY 291.74 TARIFFS\ud83d\udca5\ud83c\udde8\ud83c\uddf3 SPY WK lo 288.68 closeBELOW 286\ud83d\udc40\ud83d\udc3b", "time": 1535698033.0, "sentiment": ""}, {"id": 135753484, "text": "$AAPL sept 12 new iphones", "time": 1535698015.0, "sentiment": ""}, {"id": 135753195, "text": "Today $AAPL shows BUY signal (TA) for short term. Technical analysis source: https://stockinvest.us/technical-analysis/AAPL?utm_source=stocktwits-api", "time": 1535697825.0, "sentiment": "Bullish"}, {"id": 135753132, "text": "$AAPL 240 by mid sept", "time": 1535697783.0, "sentiment": ""}, {"id": 135753022, "text": "$AAPL Folks 230 is very possible tomorrow with good news of Canada trade deal. Thats just 2.30% or so.", "time": 1535697716.0, "sentiment": "Bullish"}, {"id": 135752946, "text": "$AAPL what a run the past few days! AAPL needs a little breather. Consolidate. Then move up higher and stronger! What a healthy solid AAPL!", "time": 1535697668.0, "sentiment": "Bullish"}, {"id": 135752900, "text": "$AAPL", "time": 1535697637.0, "sentiment": ""}, {"id": 135752557, "text": "Uff please god make Japan bond market collapse with Yen, negative yields for so long, inflation number trend up! raise yield $SPY $QQQ $AAPL", "time": 1535697383.0, "sentiment": "Bearish"}, {"id": 135752524, "text": "Dow drops 137 points. $AAPL $AMZN hit all time highs. $FB strong. Live https://www.periscope.tv/Naviavatar", "time": 1535697356.0, "sentiment": ""}, {"id": 135752336, "text": "Most Active Options:\n\n$AAPL $MSFT $P $CRON $TSLA $T $AMD\n$X $EA $SQ $NFLX $BABA $NVDA $WFT $BAC $TWTR $MU $JD $FB $AMZN $CRM", "time": 1535697229.0, "sentiment": ""}, {"id": 135752293, "text": "$BLUE go $BLUE and $LOXO.  $XTNT could move soon. I did get out of $AAPL WAY to soon! Damn. I will play the pull back.", "time": 1535697201.0, "sentiment": ""}, {"id": 135752222, "text": "$AAPL buy Tesla already! Who cares what buffet says!", "time": 1535697145.0, "sentiment": "Bullish"}, {"id": 135752182, "text": "$AAPL Buffett says iPhone way underpriced. Will be interesting to see big price hikes impact to sales imo", "time": 1535697116.0, "sentiment": ""}, {"id": 135752174, "text": "$AAPL that was some run at 228 seems like when it got over 225 it was a daytrader take over and they all split at the end of the day", "time": 1535697105.0, "sentiment": ""}, {"id": 135752041, "text": "$AAPL It\u2019s all over now baby blue", "time": 1535697011.0, "sentiment": ""}, {"id": 135752015, "text": "$AAPL  Buffett bought more", "time": 1535696986.0, "sentiment": "Bullish"}, {"id": 135751942, "text": "$AAPL thoughts about tomorrow?", "time": 1535696936.0, "sentiment": ""}, {"id": 135751485, "text": "$AAPL StockTwits must get advertisement fees from Analysts...", "time": 1535696660.0, "sentiment": ""}, {"id": 135751437, "text": "$SPY Doesn&#39;t matter Market green or red $AAPL $AMZN continues going higher with solid fundamentals and growth story. They will carry market", "time": 1535696639.0, "sentiment": ""}, {"id": 135751311, "text": "@Lutar \n\n#MAGA $AAPL\n\nMake Apple Great Again", "time": 1535696553.0, "sentiment": "Bullish"}, {"id": 135751162, "text": "$AAPL should I not hold a $250 call expiring 1/18?", "time": 1535696461.0, "sentiment": "Bullish"}, {"id": 135751056, "text": "$AAPL  230 tomorrow", "time": 1535696397.0, "sentiment": "Bullish"}, {"id": 135750876, "text": "$AAPL sold my 220 calls today", "time": 1535696287.0, "sentiment": ""}, {"id": 135750829, "text": "$AAPL Also Automatically blocked when there is no message attached.", "time": 1535696262.0, "sentiment": ""}, {"id": 135750648, "text": "$AAPL Typical Troll New Reborn Bear. \nBlocked Automatically!!!", "time": 1535696146.0, "sentiment": ""}, {"id": 135750523, "text": "$AAPL remember if we get a correction Tim Cook will be buying billions of dollars worth of shares\ud83c\udf4e\nGreat products best in service\ud83d\udcb0\ud83d\udcb0\ud83d\udcb0", "time": 1535696049.0, "sentiment": "Bullish"}, {"id": 135750475, "text": "3-star analyst Erwan Rambourg from HSBC maintained a Buy on $AAPL. Erwan has a 88% success rate https://www.tipranks.com/analysts/erwan-rambourg", "time": 1535696011.0, "sentiment": ""}, {"id": 135750015, "text": "$AAPL would buy on every dip. Consistently impressed by Apple\u2019s ability to innovate, change, and adapt.", "time": 1535695763.0, "sentiment": "Bullish"}, {"id": 135749969, "text": "$aapl congratz call buyers and those followed us last few days!", "time": 1535695732.0, "sentiment": ""}, {"id": 135749888, "text": "$AAPL Slight fart from Trump and all the bears waken up from hibernation as I said yesterday.  \nGood time to block them.", "time": 1535695678.0, "sentiment": ""}, {"id": 135749783, "text": "Here\u2019s what 241 Estimize analysts believe $AAPL will report for Q4 2018 revenue [Reporting 10/30 AMC]\nhttp://www.estimize.com/intro/aapl?chart=historical&amp;metric_name=revenue&amp;utm_content=AAPL&amp;utm_medium=revenue_update&amp;utm_source=stocktwits", "time": 1535695600.0, "sentiment": ""}, {"id": 135749736, "text": "To all ppl that are saying that $AAPL wouldn&#39;t be where it is now &quot;without Trump&quot;. Once he open his mouth shit happens!", "time": 1535695579.0, "sentiment": ""}, {"id": 135749721, "text": "$AAPL next iPhone is on 9/12. Hopefully Cook will announce that they have taken a big stake in a Canadian pot company. Stock soars.", "time": 1535695562.0, "sentiment": "Bullish"}, {"id": 135749181, "text": "$AAPL Love it when I&#39;m up 1k on calls but can&#39;t exit my position bcuz of PDT. Was nice while it lasted.", "time": 1535695242.0, "sentiment": ""}, {"id": 135748914, "text": "$AAPL https://www.yahoo.com/news/massive-apple-leak-shows-official-pictures-unreleased-iphone-184326571.html", "time": 1535695102.0, "sentiment": ""}, {"id": 135748658, "text": "$AAPL to fade or not to fade, that is the question", "time": 1535694932.0, "sentiment": "Bearish"}, {"id": 135748303, "text": "$AAPL what a nice net result today! 2+ pts. Aiming for 230+ in few days! Very bullish this week and next!!!", "time": 1535694713.0, "sentiment": "Bullish"}, {"id": 135747768, "text": "$AAPL Follow Gordo off the cliff", "time": 1535694381.0, "sentiment": ""}, {"id": 135747766, "text": "$AAPL working on smart glasses for 2020 ok this stock headed for $1000.00  https://twitter.com/cnnmoney/status/1035297361306603520?s=12", "time": 1535694379.0, "sentiment": ""}, {"id": 135747734, "text": "$AAPL has a Profit Margin of 21.98%. This is amongst the best returns in the industry. https://www.chartmill.com/analyze.php?utm_source=stocktwits&amp;utm_medium=FA&amp;utm_content=PROFITABILITY&amp;utm_campaign=social_tracking#/AAPL?r=fa&amp;key=bb853040-a4ac-41c6-b549-d218d2f21b32", "time": 1535694362.0, "sentiment": ""}, {"id": 135747563, "text": "$AAPL +52% / 30 weeks. 25% above 50wk avg. 382 fib at 198.5", "time": 1535694267.0, "sentiment": ""}, {"id": 135747411, "text": "@Lebowski_Quotes Ha  that could happen if $AMZN and $AAPL announce shifting focus to typewriter selling and saddles without the horse", "time": 1535694180.0, "sentiment": ""}, {"id": 135747383, "text": "Free video with setups for August 31 &quot;All We Need To Know&quot; $FB $PYPL $TWTR $SPOT $AAPL $AMZN  https://www.learnstocks101.com/stock-market-analysis/2018/08/all-we-need-know", "time": 1535694161.0, "sentiment": ""}, {"id": 135747049, "text": "$AAPL unreal!!", "time": 1535693968.0, "sentiment": ""}, {"id": 135746555, "text": "$CRM $UBS $SPY $QQQ $AAPL $NVDA  TRUMP CAUSED KUDLOWS HEART ATTACK \ud83e\udd14?", "time": 1535693669.0, "sentiment": ""}, {"id": 135746390, "text": "$AAPL buyers today in 1 photo take it today, $AAPL will be back to $200 before the launch, good night Cramer fans, $SPY $QQQ Meahh :&#39;v", "time": 1535693563.0, "sentiment": "Bearish"}, {"id": 135746323, "text": "$AAPL that&#39;s buffet laughing at shorts.... https://youtu.be/3uSTOHa4Im4", "time": 1535693524.0, "sentiment": ""}, {"id": 135746206, "text": "$AAPL buffet pretty much controls this stock.", "time": 1535693448.0, "sentiment": ""}, {"id": 135746172, "text": "$AAPL is buffet causing this rally?", "time": 1535693435.0, "sentiment": ""}, {"id": 135746082, "text": "Tesla\u2019s Stock Nears A Tipping Point, Plus Apple Continues On Its Path To $300 https://wp.me/p6NqCb-4xZ $tsla $aapl $spy $sq $amd $amzn $v $ma", "time": 1535693395.0, "sentiment": ""}, {"id": 135745960, "text": "where would I rather put my $$ now  $EWZ $EEM or all time high $SPY $QQQ $AAPL $AMZN with limited upside now and HUGE correction risk???", "time": 1535693326.0, "sentiment": "Bullish"}, {"id": 135745905, "text": "$AAPL so annoying", "time": 1535693281.0, "sentiment": ""}, {"id": 135745841, "text": "$AAPL $AMZN $SPY $QQQ @GordonGekkoGreedIsGood \n\nYou are quite the \ud83d\udc3b. Must be very poor \ud83d\ude00", "time": 1535693249.0, "sentiment": ""}, {"id": 135745838, "text": "Thursday&#39;s Movers, Winners &amp; Losers $PMTS, $CRON, $AAPL, $INSY, $KIRK, $WFT, $REIS, $EDN, $KTWO, $ANF, $DXLG, $UEPS https://twitter.com/bdailystocks/status/1035290339139969024", "time": 1535693245.0, "sentiment": ""}, {"id": 135745814, "text": "Buffett Says Berkshire Buying Own Stock, More Apple\n\n$BRK.A $BRK.B $AAPL \n\nhttps://www.investopedia.com/partner/reuters/buffett-says-berkshire-buying-own-stock-more-apple/", "time": 1535693235.0, "sentiment": ""}, {"id": 135745688, "text": "$AAPL Apple bought an important company for it\u2019s future AR devices and set the 12th of September for the next unveiling.", "time": 1535693154.0, "sentiment": "Bullish"}, {"id": 135745649, "text": "$WFT $AAPL $EA $FB $BAC $AMD $NFLX Highest volume strikes", "time": 1535693127.0, "sentiment": ""}, {"id": 135745505, "text": "$AAPL The Dow is up 19% over a year, the Nasdaq is up 27%, MSFT is up 51%, and AMZN is up 107%. AAPL is up a moderate 38%. UP!", "time": 1535693040.0, "sentiment": "Bullish"}, {"id": 135745299, "text": "$AAPL Gordon&#39;s hitting the pipe again....\ud83d\ude31\ud83e\udd26\ud83e\udd37", "time": 1535692897.0, "sentiment": "Bullish"}, {"id": 135745056, "text": "6 Top Stock Options for Millennials Right Now\n\n$BR $AAPL $AMED $CBPX $AMZN $ARCB  \n\nhttps://www.zacks.com/stock/news/320589/6-top-stock-options-for-millennials-right-now", "time": 1535692736.0, "sentiment": ""}, {"id": 135744998, "text": "$AAPL $EA $AMD $FB $MU $WFT $NFLX $BABA $BAC $SQ $NVDA $TSLA $CRON $CRM $MSFT $AMZN $PBR $P $JD $X $TWTR $T $GE $C $F Most active options", "time": 1535692711.0, "sentiment": ""}, {"id": 135744971, "text": "$AAPL up 0.7%, AMZN up 0.2%, MSFT basically flat for the day, the Nasdaq down about 0.1% and the Dow (which Apple is now part of) down 0.3%.", "time": 1535692696.0, "sentiment": "Bullish"}, {"id": 135744815, "text": "$AMZN $AAPL $ADSK will these down a little bit tomorrow or down like a waterfall or Green?", "time": 1535692602.0, "sentiment": ""}, {"id": 135744794, "text": "$AAPL Apple Announces its iPhone Event -- Here&#39;s What to Expect\n\nhttps://www.thestreet.com/opinion/apple-announces-its-iphone-event-here-s-what-to-expect-14698375", "time": 1535692592.0, "sentiment": ""}, {"id": 135744703, "text": "Live Stream Trade Alerts for August include $SPY $TSLA $FB $NFLX $AAPL $MU - Looking strong so far with 1 day to go \ud83e\udd11", "time": 1535692535.0, "sentiment": ""}, {"id": 135744648, "text": "$AAPL all we need is delayed sanctions with xi conceding", "time": 1535692507.0, "sentiment": ""}, {"id": 135744632, "text": "$SPY $AAPL $AMZN $LULU -- $NTES -- Picked up some lotto 7 SEP 205C today.. good Risk/Reward on this trade i think.", "time": 1535692498.0, "sentiment": ""}, {"id": 135744580, "text": "So far 160-228 rally since May incredible $AAPL", "time": 1535692462.0, "sentiment": ""}, {"id": 135744438, "text": "$AAPL 2019 calls aint lottos try calls for tomorrow. $60 makes $500", "time": 1535692378.0, "sentiment": ""}, {"id": 135744314, "text": "$AAPL lotto ticket", "time": 1535692313.0, "sentiment": ""}, {"id": 135744014, "text": "When you have $AAPL and $AMZN 200 B in one month with low volume is when you realize indeed the biggest bubble in US history $SPY $QQQ :&#39;V", "time": 1535692137.0, "sentiment": "Bearish"}]