[{"id": 135801898, "text": "$AAPL will go down  again", "time": 1535750047.0, "sentiment": ""}, {"id": 135801893, "text": "$AAPL mortgage your house and short it then!", "time": 1535750045.0, "sentiment": ""}, {"id": 135801880, "text": "$TSLA $AAPL spam off Aapl board", "time": 1535750041.0, "sentiment": ""}, {"id": 135801872, "text": "$AAPL 230 by the end of the day !!!", "time": 1535750040.0, "sentiment": "Bullish"}, {"id": 135801860, "text": "$AAPL teehee waiting for a small pullback/dip", "time": 1535750036.0, "sentiment": ""}, {"id": 135801837, "text": "$AMBA woohoo \ud83c\udf89\ud83c\udf8a\ud83d\udcef, I knew that. Win win from here. \n\n$WMT $DIS $AAPL $AMD $AMZN $BABA $BTC.X", "time": 1535750031.0, "sentiment": "Bullish"}, {"id": 135801835, "text": "$AAPL After 10:30", "time": 1535750030.0, "sentiment": "Bullish"}, {"id": 135801803, "text": "$AAPL scalped 230 calls a couple times for 100% :)", "time": 1535750021.0, "sentiment": ""}, {"id": 135801792, "text": "$TSLA needs cash so bad, even bulls are asking someone to buy it\n-Won&#39;t be Saudis\n-Won&#39;t be $AAPL now\nSeems like a very risky gambit now", "time": 1535750018.0, "sentiment": "Bearish"}, {"id": 135801751, "text": "$AAPL why don&#39;t you short it then lmao", "time": 1535750005.0, "sentiment": ""}, {"id": 135801736, "text": "$AAPL were do these idiot &quot;Apple products are crap&quot; bears come from???", "time": 1535750002.0, "sentiment": "Bullish"}, {"id": 135801689, "text": "$AAPL IRRATIONAL &lt;&lt;&lt;&lt;&lt;&lt;&lt;&lt;&lt;&lt;&lt;&lt;&lt;&lt;&lt;&lt;&lt;&lt;&lt;&lt;&lt;&lt;&lt;", "time": 1535749991.0, "sentiment": ""}, {"id": 135801640, "text": "$AAPL I think the market is not thinking about the tariffs that will be imposed on iPhone&#39;s coming from China !!!", "time": 1535749976.0, "sentiment": ""}, {"id": 135801619, "text": "$AAPL what can I say other than thank you AAPL. I inched up my stop on swing shares and let it ride shares. No topping signal on daily yet", "time": 1535749970.0, "sentiment": ""}, {"id": 135801596, "text": "$AAPL $MSFT $CGC $QCOM $FB $BRK.B  \n \nGreat looking day so far! Buying more CGC long (for ev er) position.", "time": 1535749966.0, "sentiment": "Bullish"}, {"id": 135801574, "text": "BULLISH ACTIVITY EARLY -- NAMES SEEING THE TOP ACTION = $ATVI $DLTR $AAPL", "time": 1535749958.0, "sentiment": ""}, {"id": 135801502, "text": "$AAPL have a serious gut feeling that this really wants to hit $230. No TA or fundamentals to back that opinion. Just feel it in my balls.", "time": 1535749933.0, "sentiment": "Bullish"}, {"id": 135801487, "text": "$AAPL at 230 and i will call it a dayv and month...upward pressure here we go :)", "time": 1535749928.0, "sentiment": "Bullish"}, {"id": 135801483, "text": "$AAPL Who is dumb enough to short?", "time": 1535749927.0, "sentiment": ""}, {"id": 135801431, "text": "$AAPL in the iOS beta Siri Shortcuts now work on the HomePod and Apple Watch!", "time": 1535749911.0, "sentiment": "Bullish"}, {"id": 135801425, "text": "$AAPL No Brakes! \ud83c\udfc1\ud83c\udfce", "time": 1535749909.0, "sentiment": "Bullish"}, {"id": 135801416, "text": "$AAPL waiting for slight pullback and will make 230 call entry", "time": 1535749906.0, "sentiment": ""}, {"id": 135801292, "text": "$AAPL high end prices for low end performance!! theres a reason no-one in the gaming industry uses this garbage", "time": 1535749877.0, "sentiment": "Bearish"}, {"id": 135801240, "text": "$AAPL from 189 to 229 in 30 days.. can someone please explain this to me lol apple normally dips hard before it goes up 30 points", "time": 1535749864.0, "sentiment": ""}, {"id": 135801112, "text": "$AAPL sweet baby jesus \ud83e\udd11\ud83e\udd11\ud83e\udd11\ud83e\udd11\ud83e\udd11", "time": 1535749832.0, "sentiment": "Bullish"}, {"id": 135801097, "text": "$AAPL Retail Traders have the\nPower", "time": 1535749828.0, "sentiment": "Bullish"}, {"id": 135801080, "text": "$AAPL Aapl stock my new ATM", "time": 1535749824.0, "sentiment": "Bullish"}, {"id": 135801044, "text": "$AAPL wew next stop 240", "time": 1535749812.0, "sentiment": "Bullish"}, {"id": 135800715, "text": "$AAPL Shorts here are long term trades - short 50% of the position now, and then every $2 add.", "time": 1535749734.0, "sentiment": ""}, {"id": 135800687, "text": "We are currently holding Longs in $NKE $NFLX $BABA $TSLA $TSM $BRK.B and looking to trade $AAPL $AMZN $GOOGL $ROKU #elliottwave", "time": 1535749726.0, "sentiment": ""}, {"id": 135800652, "text": "$TSLA Range freed up vs yday/recently. 5pts out gate/reversal. \n$AMZN Near ATH. More sideways. \n$NFLX $AAPL Range.", "time": 1535749719.0, "sentiment": ""}, {"id": 135800546, "text": "$AAPL worst computers in the market", "time": 1535749690.0, "sentiment": "Bearish"}, {"id": 135800535, "text": "&quot;money don&#39;t grow on trees&quot; that\u2019s right -$AAPL&#39;s do! \ud83e\udd11\ud83e\udd11\ud83e\udd11\ud83e\udd11\ud83c\udf4f\ud83c\udf4f\ud83c\udf4f\ud83e\udd11\ud83e\udd11\ud83e\udd11\ud83e\udd11", "time": 1535749687.0, "sentiment": "Bullish"}, {"id": 135800531, "text": "$AAPL     Window dressing wowser", "time": 1535749686.0, "sentiment": ""}, {"id": 135800506, "text": "$AAPL kick names take ass - mantis", "time": 1535749681.0, "sentiment": "Bullish"}, {"id": 135800492, "text": "$AAPL rising.   $QQQ $SPY", "time": 1535749677.0, "sentiment": ""}, {"id": 135800465, "text": "$aapl momentum play working ( chart + options flow bullish) ,,$fb near entry zone ,Premium alert sample", "time": 1535749672.0, "sentiment": "Bullish"}, {"id": 135800371, "text": "sold $AAPL from 1.60-3.10", "time": 1535749644.0, "sentiment": ""}, {"id": 135800279, "text": "$AAPL Short of a lifetime. Worst executed buyback of all times (for those who do not sell now of course - i.e. long term)", "time": 1535749621.0, "sentiment": ""}, {"id": 135800267, "text": "$AAPL no turning back now", "time": 1535749619.0, "sentiment": "Bullish"}, {"id": 135800239, "text": "10 Biggest Price Target Changes For Friday https://benzinga.com/z/12290617 $AAPL $AMBA $BURL $CRM $LULU $EA $ULTA $WCG $CIEN $DG", "time": 1535749611.0, "sentiment": ""}, {"id": 135800083, "text": "$AAPL This Stock will go as high as we want it to Dont be scared", "time": 1535749570.0, "sentiment": "Bullish"}, {"id": 135800052, "text": "$AAPL short anything over 228, guarantee you will profit in the coming weeks", "time": 1535749560.0, "sentiment": ""}, {"id": 135800046, "text": "$AAPL Go Johnny Go, Go !.  Johnny be good !", "time": 1535749560.0, "sentiment": "Bullish"}, {"id": 135799993, "text": "$BILI we love trade wars!  Buy Chinese while we can at discount prices! $DJIA $SPY $YRD $BABA $AAPL $GOOGL $NVDA \nhttps://www.reuters.com/article/us-china-economy-support-measures/china-announces-tax-cuts-in-move-to-support-economy-idUSKCN1LF1CO", "time": 1535749548.0, "sentiment": ""}, {"id": 135799964, "text": "$AAPL all time high! \ud83d\ude80\ud83d\ude80\ud83d\ude80\ud83d\ude80\ud83d\ude80\ud83d\udc8b\u270c\ud83c\udffb", "time": 1535749539.0, "sentiment": "Bullish"}, {"id": 135799956, "text": "In $AAPL 29 sep 18 $280 calls at $4.90 for possible swing.", "time": 1535749537.0, "sentiment": ""}, {"id": 135799944, "text": "$AAPL i&#39;m holding options long...but congrats to all today so far!!!!! wow", "time": 1535749534.0, "sentiment": "Bullish"}, {"id": 135799624, "text": "We talked about the short term structure in $AAPL $AMZN $XLk $XLY &amp; who to use for trading opportunities near term #elliottwave", "time": 1535749453.0, "sentiment": ""}, {"id": 135799584, "text": "$AAPL duh do you even know how the service business works ?", "time": 1535749443.0, "sentiment": ""}, {"id": 135799557, "text": "$AMZN $AAPL These won&#39;t turn on bad news. Bull markets end on positive manias - i.e. on good news", "time": 1535749436.0, "sentiment": ""}, {"id": 135799462, "text": "$KDMN added to position on this stage 1 breakout! Are you in yet? $LULU $AAPL $QQQ $SPY", "time": 1535749411.0, "sentiment": "Bullish"}, {"id": 135799441, "text": "$NFLX $AAPL $AMZN    $GOOGL  and $FB r garbage today", "time": 1535749404.0, "sentiment": ""}, {"id": 135799400, "text": "$AAPL how are Apples services going to increase revenue if their cell phone sales are down ? I own Apple and just Worried about that", "time": 1535749393.0, "sentiment": ""}, {"id": 135799329, "text": "$AAPL Morning Dip London calling Patience Please", "time": 1535749374.0, "sentiment": "Bullish"}, {"id": 135799247, "text": "$AMZN $AAPL In two months, these two have gained almost $400b in market cap. The whole German DAX is only $1500b (30 companies)", "time": 1535749354.0, "sentiment": ""}, {"id": 135799128, "text": "$AAPL $AMZN $SPY $QQQ no Canada trade deal + 200 billion China Tariffs = Market CRASH", "time": 1535749325.0, "sentiment": "Bearish"}, {"id": 135798746, "text": "$AAPL Nuts today but why are people so surprised? P/E at 20 now. 2020 p/e projected at 14.8.  And they MAKE REAL THINGS FOR MONEY. Idiots.", "time": 1535749235.0, "sentiment": ""}, {"id": 135798652, "text": "$AAPL the inlow chart is nuts here", "time": 1535749211.0, "sentiment": ""}, {"id": 135798527, "text": "$AAPL \ud83e\udd11\ud83e\udd11\ud83e\udd11\ud83e\udd11\ud83e\udd11", "time": 1535749177.0, "sentiment": ""}, {"id": 135798469, "text": "$AAPL Warren Buffett buys &#39;just a little&#39; more #Apple stock, warns against entering auto business https://appleinsider.com/articles/18/08/30/warren-buffett-buys-just-a-little-more-apple-stock-warns-against-entering-auto-business #apple", "time": 1535749162.0, "sentiment": "Bullish"}, {"id": 135798443, "text": "3 Reasons Apple Stock Requires Caution At Today&#39;s Levels $AAPL - https://investorplace.com/2018/08/3-reasons-apple-stock-requires-caution-at-todays-levels", "time": 1535749154.0, "sentiment": ""}, {"id": 135798318, "text": "$AAPL $AMZN $SPY $QQQ market will tank if no trade deal with Canada", "time": 1535749126.0, "sentiment": "Bearish"}, {"id": 135798210, "text": "$AMZN $AAPL $SQ $LULU the monthly bars in these stocks look nuts", "time": 1535749097.0, "sentiment": ""}, {"id": 135798178, "text": "$AAPL better jump on...3 day wknd and itll be 240 next week.", "time": 1535749091.0, "sentiment": ""}, {"id": 135798143, "text": "$AAPL bought $250 calls when it was $217 \ud83e\udd11\ud83e\udd11\ud83e\udd11", "time": 1535749081.0, "sentiment": "Bullish"}, {"id": 135798048, "text": "$AAPL sold calls! Have a great weekend everyone! \ud83d\udcb0\ud83d\udcc8", "time": 1535749056.0, "sentiment": ""}, {"id": 135798030, "text": "$AAPL cmon..u can do it....need a new ATH today", "time": 1535749050.0, "sentiment": "Bullish"}, {"id": 135797937, "text": "$AAPL it&#39;s funny the PE is still below 20", "time": 1535749026.0, "sentiment": ""}, {"id": 135797748, "text": "$AAPL Starting to feel like the nose bleed section.", "time": 1535748974.0, "sentiment": ""}, {"id": 135797724, "text": "$AAPL scary", "time": 1535748967.0, "sentiment": ""}, {"id": 135797644, "text": "$AAPL Historical bear greed &quot;walls&quot; 190, 200, 215, 220, now they will get greedy at 230", "time": 1535748946.0, "sentiment": ""}, {"id": 135797631, "text": "$AAPL https://youtu.be/jmVcT9MMvU8\n\ud83d\ude0d\ud83d\ude0d\ud83d\udca6", "time": 1535748943.0, "sentiment": "Bullish"}, {"id": 135797597, "text": "$AAPL  I wonder who is initiating a position today?  Bc you know someone is.", "time": 1535748936.0, "sentiment": ""}, {"id": 135797540, "text": "$AAPL My family and my friends are readu to upgrade the new large sreen iPhone, we\u2019ve been waiting for long time", "time": 1535748919.0, "sentiment": "Bullish"}, {"id": 135797522, "text": "$AAPL apple been running like canopy growth except they actually got cash.", "time": 1535748913.0, "sentiment": ""}, {"id": 135797496, "text": "$AAPL crush it as you can see", "time": 1535748906.0, "sentiment": ""}, {"id": 135797420, "text": "$AAPL starting to look overbought", "time": 1535748886.0, "sentiment": ""}, {"id": 135797391, "text": "$AAPL I can &quot;bearly&quot; curb my optimism !", "time": 1535748876.0, "sentiment": "Bullish"}, {"id": 135797374, "text": "$AAPL added 238.05 big!", "time": 1535748871.0, "sentiment": "Bearish"}, {"id": 135797267, "text": "$AAPL \ud83d\ude82 \ud83d\ude82 \ud83d\ude82 \ud83d\ude82 \ud83d\udc4b", "time": 1535748844.0, "sentiment": "Bullish"}, {"id": 135797250, "text": "Couldn&#39;t Trade Yesterday.  When you can&#39;t trade, still go back and check charts for best Slow Pitches of the Day to improve. $AAPL #Study", "time": 1535748841.0, "sentiment": ""}, {"id": 135797196, "text": "$AAPL wow. Holding for many years", "time": 1535748827.0, "sentiment": "Bullish"}, {"id": 135797190, "text": "$aapl  trying to push higher ,more calls flow today,last few days flow been bullish", "time": 1535748826.0, "sentiment": "Bullish"}, {"id": 135797185, "text": "$AAPL new top of $228.28 ?", "time": 1535748825.0, "sentiment": "Bullish"}, {"id": 135797179, "text": "$AAPL unreal...everyone buying at open?...pure BS", "time": 1535748823.0, "sentiment": ""}, {"id": 135797168, "text": "$AMZN $aapl no fcks", "time": 1535748819.0, "sentiment": ""}, {"id": 135797164, "text": "$AAPL Friday overbought on 5m in first 20 mins. Big gains for week. Last day of month.  This will fade by the EOD.  Not to mention ITM calls", "time": 1535748819.0, "sentiment": ""}, {"id": 135797161, "text": "Its a 2 stock market $AMZN $AAPL it seems like everyone is just trading those 2 stocks atm $SPY $QQQ", "time": 1535748818.0, "sentiment": ""}, {"id": 135797142, "text": "$spy $qqq $amzn $aapl this is getting pretty damn hilarious", "time": 1535748814.0, "sentiment": ""}, {"id": 135797065, "text": "$QQQ $AAPL took 40+ years to get a mark cap of 1T. Will probably get to 2T by year end. This market is insanity.", "time": 1535748792.0, "sentiment": ""}, {"id": 135797034, "text": "$AAPL When buffet said sell it he didnt mean buy it", "time": 1535748784.0, "sentiment": ""}, {"id": 135796967, "text": "$AAPL zombies out in force today, I guess we know what is leading the $NDX $QQQ higher", "time": 1535748768.0, "sentiment": ""}, {"id": 135796965, "text": "$AAPL so close !! $228.22", "time": 1535748767.0, "sentiment": ""}, {"id": 135796948, "text": "$AAPL Easy money...This is clearly frantic buying as everybody trying to get a piece $$$$$$$$$$$$$$$$$$$$$$$$$$$", "time": 1535748763.0, "sentiment": "Bullish"}, {"id": 135796884, "text": "$AAPL lets see if it can clear resistance", "time": 1535748745.0, "sentiment": "Bullish"}, {"id": 135796877, "text": "$ES_F $SPY $SPX no market crash today folks but trade carefully (low volume) $DIA $DJIA $QQQ $NDX $IWM $IWC $RUT $FB $AAPL $AMZN $NFLX $GOOG", "time": 1535748744.0, "sentiment": "Bullish"}, {"id": 135796876, "text": "$AAPL \ud83d\udcb0\ud83d\udcb0\ud83d\udcb0\u2764\ufe0f\u2764\ufe0f\u2764\ufe0f\ud83d\udcb0\ud83d\udcb0\ud83d\udcb0", "time": 1535748743.0, "sentiment": ""}, {"id": 135796865, "text": "$AAPL wowww", "time": 1535748740.0, "sentiment": "Bullish"}, {"id": 135796820, "text": "$AAPL Oh man the bears... sheesh", "time": 1535748726.0, "sentiment": ""}, {"id": 135796792, "text": "$AAPL thank you apple. didn&#39;t panic sell yesterday and it is paying off", "time": 1535748719.0, "sentiment": "Bullish"}, {"id": 135796752, "text": "$AAPL Friking Insane...", "time": 1535748710.0, "sentiment": ""}, {"id": 135796737, "text": "$AAPL $230 today!", "time": 1535748707.0, "sentiment": ""}, {"id": 135796720, "text": "Use Earnings Calendar 4 trade Ideas $RUBY $CRON $LULU $AMZN $MSFT $NTNX $ZUO $ULTA $BIG $AAPL $AMBA $VKYX $PDD $KO https://marketchameleon.com/Calendar/Earnings", "time": 1535748701.0, "sentiment": ""}, {"id": 135796638, "text": "$AAPL will go long above 228", "time": 1535748677.0, "sentiment": "Bullish"}, {"id": 135796633, "text": "$AAPL sold my calls for 90% gain. This stock is beast.", "time": 1535748676.0, "sentiment": "Bullish"}, {"id": 135796616, "text": "Thanks $AAPL ", "time": 1535748670.0, "sentiment": "Bullish"}, {"id": 135796559, "text": "$AAPL let&#39;s go new highs", "time": 1535748655.0, "sentiment": ""}, {"id": 135796463, "text": "$AAPL new ATHs coming", "time": 1535748633.0, "sentiment": "Bullish"}, {"id": 135796363, "text": "$AAPL normally tanks  on new IPhones as Wall Street wants Aapl to invent time machine instead of state of the art phones", "time": 1535748601.0, "sentiment": ""}, {"id": 135796336, "text": "$AAPL hold for 8 years = 122% gain. It WILL go down based on market speculation and political crap but hold it!  Never fear and buy on dips!", "time": 1535748594.0, "sentiment": "Bullish"}, {"id": 135796224, "text": "$AAPL bull flag on 2 min chart \n \n230 today", "time": 1535748566.0, "sentiment": "Bullish"}, {"id": 135796186, "text": "Morning options repot looks at$big $aapl $atvi $spy https://www.youtube.com/watch?v=q1EF0IFind8&amp;feature=share", "time": 1535748556.0, "sentiment": ""}, {"id": 135796065, "text": "$AAPL pigs don&#39;t get it, destined to become bacon bits.", "time": 1535748527.0, "sentiment": ""}, {"id": 135796024, "text": "$AAPL $AMZN $TNDM enjoying the ride guys. Keep it going", "time": 1535748516.0, "sentiment": "Bullish"}, {"id": 135795697, "text": "$CLBS my near term target for this one is 6.42 on a breakout (just needs volume). $AAPL non stop. Impressive.", "time": 1535748431.0, "sentiment": "Bullish"}, {"id": 135795589, "text": "$AAPL lmaoooo RIP shorts", "time": 1535748404.0, "sentiment": ""}, {"id": 135795585, "text": "$AAPL this is insane and I&#39;m an appl bull... buying some puts around 228...weekend profit taking should ensue", "time": 1535748402.0, "sentiment": "Bearish"}, {"id": 135795361, "text": "$AAPL Apple strong new Ipone to be announced Sept 12, 2018! Riding this one!", "time": 1535748337.0, "sentiment": "Bullish"}, {"id": 135795341, "text": "$AAPL short 227.75", "time": 1535748331.0, "sentiment": "Bearish"}, {"id": 135795191, "text": "$AAPL daily RSI 84 \ud83d\ude44", "time": 1535748294.0, "sentiment": "Bearish"}, {"id": 135795128, "text": "Selling next weeks calls against some of my long position $AAPL", "time": 1535748275.0, "sentiment": ""}, {"id": 135795012, "text": "$AAPL markets open so buy apple", "time": 1535748245.0, "sentiment": "Bullish"}, {"id": 135794941, "text": "$AAPL sep7 227.5 call in at 2.60", "time": 1535748226.0, "sentiment": ""}, {"id": 135794867, "text": "$AAPL Lots of dumb ways to lose money in the market, and I\u2019m adding this to my top 10 list.", "time": 1535748207.0, "sentiment": ""}, {"id": 135794833, "text": "$AAPL  \n225 calls 8/31 3 calls.  \nI&#39;m very happy.  Now I&#39;m going to go study. \nCheers", "time": 1535748195.0, "sentiment": ""}, {"id": 135794634, "text": "$GOOGL jeez google, follow $AAPL and $NFLX not trump noise", "time": 1535748141.0, "sentiment": "Bullish"}, {"id": 135794577, "text": "$AAPL $AMZN the A in FAANG", "time": 1535748125.0, "sentiment": ""}, {"id": 135794521, "text": "$SPY it\u2019s funny that it\u2019s just $AAPL and $AMZN keeping this market a float today", "time": 1535748109.0, "sentiment": ""}, {"id": 135794502, "text": "$AAPL Easy 2.5K in 10mins. Now to enjoy the Labor Day weekend.", "time": 1535748105.0, "sentiment": ""}, {"id": 135794480, "text": "$AAPL 230?", "time": 1535748100.0, "sentiment": ""}, {"id": 135794463, "text": "$FIT I love the last bit. Subtle swipe at $AAPL &amp; others. Your phone may be bad for your health but$FIT can tell you when to shut it down.", "time": 1535748094.0, "sentiment": "Bullish"}, {"id": 135794424, "text": "$AAPL $AMZN $AMD $TSLA $SPY look at Nas100 moves and will take the bears to da moon... remember to bring your jackets bears", "time": 1535748085.0, "sentiment": "Bullish"}, {"id": 135794293, "text": "$AAPL a stock should not gain ten billion dollars in one minute just to shed it off the next. This is crypto craze all over again", "time": 1535748046.0, "sentiment": "Bearish"}, {"id": 135794250, "text": "$AAPL can someone explain why this went up 5% this week on no news?", "time": 1535748036.0, "sentiment": ""}, {"id": 135794212, "text": "$AAPL it looks good! Crossing my fingers", "time": 1535748026.0, "sentiment": ""}, {"id": 135794175, "text": "$SPY Best performer today in the $DJIA is Apple. @CQGInc @CQGThom $AAPL", "time": 1535748016.0, "sentiment": ""}, {"id": 135794048, "text": "$AAPL 228 possible \ud83d\udcc8\u2b06\ufe0f let\u2019s go!", "time": 1535747986.0, "sentiment": ""}, {"id": 135794047, "text": "$AMD $AAPL $NFLX great start this morning", "time": 1535747986.0, "sentiment": "Bullish"}, {"id": 135794040, "text": "$AAPL don you better ride over the weekend and the next weekend and the next 5 years \ud83d\udcb5\ud83d\udcb5\ud83d\udcb5\ud83d\udcb5", "time": 1535747983.0, "sentiment": "Bullish"}, {"id": 135794010, "text": "$AAPL BUY BUY BUY", "time": 1535747975.0, "sentiment": ""}, {"id": 135793980, "text": "$AAPL and who is holding over the long Labor Day weekend?", "time": 1535747967.0, "sentiment": "Bullish"}, {"id": 135793923, "text": "$AAPL so who is selling today into strength?", "time": 1535747952.0, "sentiment": ""}, {"id": 135793918, "text": "What To Expect From Apple&#39;s Sept. 12 &#39;Gather Round&#39; Event https://benzinga.com/z/12286899 $AAPL", "time": 1535747952.0, "sentiment": ""}, {"id": 135793795, "text": "$AAPL CNBC please don\u2019t talk about Apple because you have been wrong so far", "time": 1535747918.0, "sentiment": ""}, {"id": 135793780, "text": "$AAPL plans TouchID come back with new 3D fingerprint capture tech  on future iPhone models https://www.forbes.com/sites/gordonkelly/2018/08/19/apple-iphone-x-plus-se2-x2-upgrade-release-date-price-cost-face-id-touch-id/#38bfe512647a \n \n$BKYI #biometrics", "time": 1535747914.0, "sentiment": ""}, {"id": 135793768, "text": "Most Active Premarket $SPY $TEF $PDD $HMNY $VOD $TKC $UVXY $BP $VXX $BHP $AMD $BABA $AAPL $EEM $USLV $SNAP $OILD https://marketchameleon.com/Reports/PremarketTrading", "time": 1535747911.0, "sentiment": ""}, {"id": 135793746, "text": "$AAPL Lock In Profit or Ride It Into The Weekend???", "time": 1535747905.0, "sentiment": "Bullish"}, {"id": 135793686, "text": "$AAPL what a fucking joke, up $3 since yesterday ....so $3 in 5 mins?", "time": 1535747886.0, "sentiment": ""}, {"id": 135793447, "text": "$AMZN $SPY $MSFT $AAPL $NFLX $QQQ $FB this is tech month, hop onto the steaming hot freight train!! \ud83d\ude9e\ud83d\ude86", "time": 1535747820.0, "sentiment": "Bullish"}]