[{"id": 136207144, "text": "$AAPL 2013.... why did I buy so much Apple", "time": 1536187955.0, "sentiment": ""}, {"id": 136206797, "text": "$AAPL who let the dog out.", "time": 1536187855.0, "sentiment": ""}, {"id": 136206756, "text": "$AAPL this is ridiculous. Who played me?", "time": 1536187844.0, "sentiment": "Bullish"}, {"id": 136206553, "text": "$AAPL closing green", "time": 1536187781.0, "sentiment": "Bullish"}, {"id": 136206209, "text": "\u23f3 Lots of time and room still $NQ_F $ES_F $SPY $SPX $GOOGL $AAPL $AMZN $TSLA $FB $NFLX   #WaitForIt", "time": 1536187673.0, "sentiment": "Bearish"}, {"id": 136205798, "text": "$AAPL If Apple Can recover to $228-229 I\u2019ll double my money in some calls I bought in the dip!", "time": 1536187547.0, "sentiment": ""}, {"id": 136205617, "text": "$AAPL price target much higher than this", "time": 1536187491.0, "sentiment": "Bullish"}, {"id": 136205430, "text": "Apple $AAPL PT Raised to $265 at DA Davidson; Reiterates Buy", "time": 1536187436.0, "sentiment": ""}, {"id": 136205414, "text": "$sqqq $qqq $spy $uwt $aapl $nvda nobody listen to the Magician.", "time": 1536187431.0, "sentiment": ""}, {"id": 136204866, "text": "$AAPL up everyday, were you surprised about today? \ud83d\ude02\ud83e\udd23 #Lower", "time": 1536187260.0, "sentiment": "Bearish"}, {"id": 136204592, "text": "$AAPL everyone guess EOW... go!", "time": 1536187179.0, "sentiment": "Bullish"}, {"id": 136204399, "text": "$AAPL - trying to confirm the BEARISH 3 GAP UPS REVERSAL pattern - https://www.americanbulls.com/SignalPage.aspx?lang=en&amp;Ticker=AAPL", "time": 1536187123.0, "sentiment": ""}, {"id": 136204197, "text": "$GOOG $AMZN $AAPL recovery mode soon\nSame for $AMD and $MU too", "time": 1536187059.0, "sentiment": "Bullish"}, {"id": 136204098, "text": "$AAPL - someone spilt the Kool Aid today -", "time": 1536187027.0, "sentiment": ""}, {"id": 136203210, "text": "$AAPL told y&#39;all to short", "time": 1536186753.0, "sentiment": "Bearish"}, {"id": 136203197, "text": "$AAPL", "time": 1536186749.0, "sentiment": ""}, {"id": 136203134, "text": "#Update(20)  $AAPL Sep-07 222.5 Calls Up +271%.  sincealerted on: Aug 29. \n\n https://www.sleekoptions.com/st.aspx?ald=91081824-748B-46", "time": 1536186732.0, "sentiment": "Bullish"}, {"id": 136203060, "text": "$AAPL you know MMS aren&#39;t paying out those 230c this week...32k open interest? Lol", "time": 1536186708.0, "sentiment": ""}, {"id": 136202986, "text": "$AAPL &quot;For a company the size of Huawei\u2026trying to mislead customers just for a high-score will backfire. It has backfired.&quot;", "time": 1536186682.0, "sentiment": ""}, {"id": 136202644, "text": "$AAPL \ud83c\udfb6 your cheatin&#39; heart \ud83c\udfb6  https://www.anandtech.com/show/13318/huawei-benchmark-cheating-headache", "time": 1536186579.0, "sentiment": "Bullish"}, {"id": 136202508, "text": "$AAPL wow this HUGE PULLBACK is an AMAZING BUYING OPPORTUNITY", "time": 1536186539.0, "sentiment": "Bullish"}, {"id": 136201842, "text": "$QQQ $AAPL $SPY a good day for a spin on the exercise bike!  Bears have their day", "time": 1536186343.0, "sentiment": ""}, {"id": 136201703, "text": "$AAPL with some momentum we actually could close at 130 today.", "time": 1536186299.0, "sentiment": "Bullish"}, {"id": 136201613, "text": "$AAPL BREAKOUT", "time": 1536186275.0, "sentiment": "Bullish"}, {"id": 136201573, "text": "$AAPL just plain bullish long term!!!", "time": 1536186265.0, "sentiment": "Bullish"}, {"id": 136201436, "text": "$AAPL Just sold the rest of my puts for some more lunch money. Decent volume on the $117.50 and $125 Sept puts.", "time": 1536186223.0, "sentiment": ""}, {"id": 136201419, "text": "$AAPL I got shook out of my calls for sure.", "time": 1536186219.0, "sentiment": ""}, {"id": 136201391, "text": "$SPY $AAPL botz in the pockets cleaning up all those missed shares", "time": 1536186211.0, "sentiment": ""}, {"id": 136200906, "text": "$AAPL Hopefully Bears realize Apple has people and businesses propping it&#39;s price up lol This won&#39;t tank.", "time": 1536186072.0, "sentiment": "Bullish"}, {"id": 136200674, "text": "@adamknowsbest $AAPL invading their space isn\u2019t news?", "time": 1536186011.0, "sentiment": ""}, {"id": 136200518, "text": "$AAPL down day like this is healthy for AAPL stock in the long run! These latest major upgrades of AAPL will be internalized by investors!!!", "time": 1536185970.0, "sentiment": "Bullish"}, {"id": 136200424, "text": "$AAPL Remember when AAPL touched 229.66 this morning?", "time": 1536185946.0, "sentiment": ""}, {"id": 136200383, "text": "$AMZN $SQ $AAPL $NFLX $TWTR $FB $NVDA $AMD $GOOG I TOLD YOU SO THE BIG TECH COLLAPSE IS COMING ON 1 WEEK AGO #BOOM #RECESSION", "time": 1536185934.0, "sentiment": "Bearish"}, {"id": 136200260, "text": "$AAPL can\u2019t keep it down", "time": 1536185909.0, "sentiment": ""}, {"id": 136200211, "text": "$AAPL \ud83d\udd3b\u2935\ufe0f\ud83d\udd3b\u2935\ufe0f\ud83d\udd3b\u2935\ufe0f\ud83d\udd3b", "time": 1536185899.0, "sentiment": "Bearish"}, {"id": 136199645, "text": "$AAPL Yay, maybe i&#39;m not such an idiot after all!", "time": 1536185751.0, "sentiment": ""}, {"id": 136199532, "text": "$AAPL hopefully get sub 225 by noon!!", "time": 1536185725.0, "sentiment": "Bullish"}, {"id": 136198875, "text": "$NKE Look at every Company Trumps Cult has Boycotted. They only make it go higher Every time! They Boycotted $AAPl at $90 &amp; NFLX at $40 :o)", "time": 1536185542.0, "sentiment": "Bullish"}, {"id": 136198748, "text": "$AAPL Clearly this is heavily manipulated! everyone upgraded APPL but it&#39;s in the FUCKING toilet.", "time": 1536185511.0, "sentiment": "Bullish"}, {"id": 136198710, "text": "Infographic: Google Through The Years https://benzinga.com/z/12307350 $GOOG $GOOGL $AAPL $AMZN $FB", "time": 1536185503.0, "sentiment": ""}, {"id": 136198647, "text": "@BigGreenie more we know more we thrive in these environments #volatility creates opportunities $spy def $CRM &amp; $NVCR &amp; $NVDA &amp; $MSFT $AAPL", "time": 1536185486.0, "sentiment": "Bullish"}, {"id": 136198109, "text": "$AAPL In upside down world: &quot;Stock gets major price target upgrades! Stock drops $2!&quot;", "time": 1536185355.0, "sentiment": "Bullish"}, {"id": 136197854, "text": "$AAPL having a small correction is healthy", "time": 1536185298.0, "sentiment": "Bullish"}, {"id": 136197730, "text": "Tech Shares Struggle $fb $twtr $nflx $amzn $aapl https://bit.ly/2MNFqEh", "time": 1536185272.0, "sentiment": ""}, {"id": 136197018, "text": "$AAPL UPGRADES: MorganStanley price target at 245!!!", "time": 1536185100.0, "sentiment": "Bullish"}, {"id": 136196386, "text": "$AAPL awww dam I missed the dip\ud83d\ude14", "time": 1536184943.0, "sentiment": ""}, {"id": 136195419, "text": "$AAPL y&#39;all are calling this a dip? More like a blip ;)", "time": 1536184791.0, "sentiment": ""}, {"id": 136195326, "text": "$AAPL dips are good! Time to buy AAPL stocks at discount!!! Not surprised if BUFFETT or same kind of big investors are scooping up the dips!", "time": 1536184767.0, "sentiment": "Bullish"}, {"id": 136195304, "text": "$AMD Dip and rip with market recovery $AAPL", "time": 1536184760.0, "sentiment": "Bullish"}, {"id": 136195026, "text": "$spy $qqq $amzn $aapl geez here we go again, a whole 1 1/2 hours later and its buy the micor dip from ATH&#39;s .yawn...pathetic prop continues", "time": 1536184691.0, "sentiment": ""}, {"id": 136194979, "text": "$AAPL $MSFT $TWTR $AMZN Twitter and $FB are in front of congress but are doing fine. No reason for sell off besides bears messing around.", "time": 1536184681.0, "sentiment": "Bullish"}, {"id": 136194722, "text": "$AAPL heck of a dip \ud83d\ude02\ud83d\ude02\ud83d\ude02", "time": 1536184621.0, "sentiment": "Bullish"}, {"id": 136194678, "text": "$AAPL White line support below. May climb a bit more first. Close enough for me to stay out for now. Just my opinion.", "time": 1536184614.0, "sentiment": ""}, {"id": 136194407, "text": "Pros: Cisco Isn&#39;t Getting The Attention It Deserves https://benzinga.com/z/12305849 $AAPL $AMZN $CSCO", "time": 1536184550.0, "sentiment": ""}, {"id": 136194284, "text": "$AAPL AR, Car, TV Streaming..another Trillion easy! $$$$$$$$$$$$$$$$$$$$$$$$$$$$$$$$$", "time": 1536184515.0, "sentiment": "Bullish"}, {"id": 136194181, "text": "$AAPL let those weak hands replaced by more long term AAPL investors! Upgrades by Canaccord 250 and Davidson Analyst by 265!  Very bullish!!", "time": 1536184490.0, "sentiment": "Bullish"}, {"id": 136194141, "text": "$TWTR The CEO ages 10 yrs for this Senate hearing... I hear &quot;increase security&quot; $FB $AMZN $NFLX $SPOT $AAPL $MSFT $SNAP should b good 4 $SYM", "time": 1536184481.0, "sentiment": ""}, {"id": 136194105, "text": "$AAPL A lot more pain to come, still.", "time": 1536184473.0, "sentiment": "Bearish"}, {"id": 136194048, "text": "$AAPL all in long for easy money", "time": 1536184462.0, "sentiment": "Bullish"}, {"id": 136193965, "text": "$AAPL added some here! 226.5", "time": 1536184445.0, "sentiment": "Bearish"}, {"id": 136193952, "text": "$AAPL hope yall loaded up", "time": 1536184441.0, "sentiment": "Bullish"}, {"id": 136193948, "text": "$AAPL media bs fade", "time": 1536184440.0, "sentiment": "Bullish"}, {"id": 136193921, "text": "$AAPL straight up to 250 today and 300 this week for sure", "time": 1536184434.0, "sentiment": "Bullish"}, {"id": 136193761, "text": "$AAPL fuckin Apple and $bby went from $300 day to -$500. Bought calls though for the recovery. \ud83d\ude01", "time": 1536184397.0, "sentiment": ""}, {"id": 136193640, "text": "$AAPL Cannot take the beast below 225!!!", "time": 1536184365.0, "sentiment": "Bullish"}, {"id": 136193533, "text": "$AAPL a great buy is coming soon, to your nearest MM, target $173.50 as an open Buy order.", "time": 1536184340.0, "sentiment": ""}, {"id": 136193509, "text": "$SPY $AAPL that was the squeeze, now reshort again", "time": 1536184333.0, "sentiment": "Bearish"}, {"id": 136193428, "text": "$MSFT Rebounds across the market. $TWTR $AMD $AMZN $NEPT $CGC $AAPL fake sell off", "time": 1536184313.0, "sentiment": "Bullish"}, {"id": 136192979, "text": "$AAPL has a Profit Margin of 21.98%. This is amongst the best returns in the industry. https://www.chartmill.com/analyze.php?utm_source=stocktwits&amp;utm_medium=FA&amp;utm_content=PROFITABILITY&amp;utm_campaign=social_tracking#/AAPL?r=fa&amp;key=bb853040-a4ac-41c6-b549-d218d2f21b32", "time": 1536184201.0, "sentiment": ""}, {"id": 136192404, "text": "$AAPL still a long way to go", "time": 1536184068.0, "sentiment": "Bearish"}, {"id": 136192287, "text": "$AAPL Technology weakness is due to AAPL reaching reistance after a long expansion since before earnings gap. nothing is safe in......", "time": 1536184043.0, "sentiment": ""}, {"id": 136191964, "text": "$AAPL nice. $ on put today.  Sell my 225 put for a chunk of $.  Hold 230 put.  N wait", "time": 1536183966.0, "sentiment": ""}, {"id": 136191775, "text": "$AAPL relax, just working off the OB...RSI needs to cool off will dip to 225-220ish", "time": 1536183921.0, "sentiment": ""}, {"id": 136191674, "text": "$AAPL LOL Crooked Wall Street!", "time": 1536183900.0, "sentiment": ""}, {"id": 136191614, "text": "$AAPL w84da84ad8...don\u2019t b l8 \ud83c\udf4f\ud83d\udcaa", "time": 1536183888.0, "sentiment": "Bullish"}, {"id": 136191472, "text": "It&#39;s going to great watch the nasdaq rally to -5 by the EOD. SALSA will be GREEN. $SQ $AAPL $LULU $SFIX $AMD", "time": 1536183852.0, "sentiment": ""}, {"id": 136191384, "text": "$AAPL switching to call \ud83e\udd11", "time": 1536183827.0, "sentiment": ""}, {"id": 136191319, "text": "$AAPL analyst worried about the new iPhone not living up to Apple\u2018s previous offerings ??", "time": 1536183808.0, "sentiment": ""}, {"id": 136191238, "text": "$AAPL closes my puts. Nice day trade.", "time": 1536183790.0, "sentiment": ""}, {"id": 136190991, "text": "@planetMitch After this dip, don&#39;t mind $AAPL going up. I needed to see a dip. I don&#39;t chase.", "time": 1536183734.0, "sentiment": ""}, {"id": 136190834, "text": "$AAPL stock topped out at a record high earlier https://www.schaeffersresearch.com/content/news/2018/09/05/2-new-apple-price-targets", "time": 1536183693.0, "sentiment": ""}, {"id": 136190786, "text": "$AAPL oh, the sky is falling....not!", "time": 1536183683.0, "sentiment": "Bullish"}, {"id": 136190783, "text": "$spy $dia $qqq $googl $aapl the play store cartels  who were for #netneutrality Not so free, and the can copy your app if they wish.", "time": 1536183682.0, "sentiment": "Bearish"}, {"id": 136190495, "text": "$AAPL if long commons u hoots protect positions via puts to ease downside move", "time": 1536183619.0, "sentiment": ""}, {"id": 136190444, "text": "$SQ $AAPL When will this go back up? What do you guys think. I think it will continue to drop tomorrow and bounce back on Friday (or not?)", "time": 1536183608.0, "sentiment": "Bearish"}, {"id": 136190360, "text": "$FIT crawling back to pre-dip price while tech continues slide. $COMPQ down 1.5%. $FOSL &amp; $AAPL are having a tough day.", "time": 1536183587.0, "sentiment": "Bullish"}, {"id": 136190246, "text": "#Update(20)  $AAPL Sep-07 217.5 Calls Up +274%.  sincealerted on: Aug 23. \n\n https://www.sleekoptions.com/st.aspx?ald=A364E97D-BA36-4D", "time": 1536183567.0, "sentiment": "Bullish"}, {"id": 136190200, "text": "$TQQQ $QQQ $PYPL $MA $V $AAPL $AMZN $SQ buy the dip, sell the run up. Rinse and repeat.", "time": 1536183556.0, "sentiment": "Bullish"}, {"id": 136189867, "text": "$AAPL Morgan Stanley raises price target to $245 from $232 https://stocknews.com/news/aapl-morgan-stanley-raises-price-target-to-245-from-232/", "time": 1536183475.0, "sentiment": ""}, {"id": 136189700, "text": "$AAPL as a long.. only 2%? RU kidding me?", "time": 1536183439.0, "sentiment": ""}, {"id": 136189626, "text": "$AAPL Canada trade agreement for next leg up for the market $$$$$$$$$$$$$$$$$$$$$$$$$$$$$$$$$$$$$$$$$", "time": 1536183423.0, "sentiment": "Bullish"}, {"id": 136189429, "text": "$AAPL will I be ok with this?", "time": 1536183380.0, "sentiment": "Bullish"}, {"id": 136189085, "text": "$AAPL  I&#39;m out, for now... \ud83d\ude46\u200d\u2642\ufe0f", "time": 1536183307.0, "sentiment": ""}, {"id": 136189028, "text": "Morgan Stanley: Apple video could hit $4.4B in 2025 $AAPL $NFLX @apple http://bit.ly/2wJd4Be", "time": 1536183296.0, "sentiment": ""}, {"id": 136188966, "text": "$AAPL $ALGN $AMZN $SQ $SHOP \nBloody day", "time": 1536183279.0, "sentiment": ""}, {"id": 136188782, "text": "Fans rejoice: Subscription-free streaming for NFL games $AAPL #AAPL https://www.marketbeat.com/n/3969192/", "time": 1536183232.0, "sentiment": ""}, {"id": 136188710, "text": "Morgan Stanley Raises Apple&#39;s Price Target On Video Optimism\n\n$NFLX $AAPL  \n\nhttps://m.benzinga.com/article/12306821", "time": 1536183214.0, "sentiment": ""}, {"id": 136188621, "text": "$AAPL Apple Watch Series 4 will have a screen resolution of 384x480. Series 3 is 312x390 pixels.", "time": 1536183196.0, "sentiment": "Bullish"}, {"id": 136188492, "text": "10 Biggest Price Target Changes For Wednesday\n\n$HQY $HUM $LULU $AAPL $RH $MYGN $COUP $WCG $WDAY\n \nhttps://m.benzinga.com/article/12306829", "time": 1536183167.0, "sentiment": ""}, {"id": 136188473, "text": "$AAPL bring it back to the 9ema boys 120% and counting", "time": 1536183163.0, "sentiment": ""}, {"id": 136188470, "text": "How could they $MS possibly upgrade $AAPL on potential video streaming service and not change $NFLX and $SPOT ratings...?", "time": 1536183161.0, "sentiment": ""}, {"id": 136188436, "text": "$AAPL when is earnings again?", "time": 1536183150.0, "sentiment": ""}, {"id": 136188208, "text": "$AAPL Warren selling after sucking in bulls...suckers..", "time": 1536183105.0, "sentiment": "Bearish"}, {"id": 136188093, "text": "$SPY If you stay focused you will set yourself up to make great Buys today. As PTJ said $AAPL $AMZN $GOOG $JPM $GS $NKE $FB $NFLX $QQQ $GS", "time": 1536183081.0, "sentiment": "Bullish"}, {"id": 136187974, "text": "$AAPL covered some 225.25", "time": 1536183054.0, "sentiment": ""}, {"id": 136187624, "text": "$AAPL don\u2019t say that u can anytime.  Go ahead buy now", "time": 1536182984.0, "sentiment": ""}, {"id": 136187384, "text": "$AAPL glad I sold everything this morning. Looking to buy back eod", "time": 1536182934.0, "sentiment": "Bullish"}, {"id": 136187378, "text": "$AAPL at least exciting today!!", "time": 1536182933.0, "sentiment": "Bullish"}, {"id": 136187367, "text": "$AAPL support at 50 day moving average 201.50", "time": 1536182930.0, "sentiment": ""}, {"id": 136187077, "text": "$AAPL go sell ! i buy your shares", "time": 1536182868.0, "sentiment": "Bullish"}, {"id": 136186712, "text": "$AAPL in the money very soon.  Congrats all hold yr put", "time": 1536182796.0, "sentiment": ""}, {"id": 136186673, "text": "$AAPL fuck you bears", "time": 1536182788.0, "sentiment": ""}, {"id": 136186470, "text": "$SPY $QQQ $IWM  $AAPL $AMZN  Good morning!...", "time": 1536182753.0, "sentiment": "Bearish"}, {"id": 136186002, "text": "$AAPL filled", "time": 1536182656.0, "sentiment": ""}, {"id": 136185929, "text": "$AAPL is in DISCOUNT price! Time to buy and load up more!", "time": 1536182642.0, "sentiment": "Bullish"}, {"id": 136185861, "text": "$AAPL Never diss RSI like that again!", "time": 1536182630.0, "sentiment": "Bearish"}, {"id": 136185776, "text": "$AAPL That&#39;s right. Overbought!", "time": 1536182618.0, "sentiment": "Bearish"}, {"id": 136185700, "text": "$AAPL Buying the dip", "time": 1536182604.0, "sentiment": "Bullish"}, {"id": 136185637, "text": "As soon as swat marketing talked abt $aapl upgrade its down 2.50$", "time": 1536182594.0, "sentiment": ""}, {"id": 136185539, "text": "$AAPL give me that retail 225 stop runner bae!", "time": 1536182574.0, "sentiment": "Bearish"}, {"id": 136185235, "text": "$AAPL $226 .09 breaks then 221 next.  It is perfectly fine to let #Buffett hold the bag! He can handle it! Buy cheaper!", "time": 1536182514.0, "sentiment": "Bearish"}, {"id": 136184848, "text": "$AAPL @Tradereversal good call!  IYO what are the indicators or points to jump on the dip?", "time": 1536182437.0, "sentiment": ""}, {"id": 136184792, "text": "$AAPL an actual down day? I won&#39;t believe it until the bell rings", "time": 1536182423.0, "sentiment": "Bearish"}, {"id": 136184736, "text": "$AAPL the Monster Giant $100 Billions Buybacks still to be executed fully!!! This is the time for AAPL Admins to buyback more! Bullish!!!", "time": 1536182412.0, "sentiment": "Bullish"}, {"id": 136184681, "text": "Morgan Stanley Raises Apple&#39;s Price Target On Video Optimism https://benzinga.com/z/12306821 $AAPL $NFLX", "time": 1536182400.0, "sentiment": ""}, {"id": 136184573, "text": "$AAPL just once be a bear flag", "time": 1536182376.0, "sentiment": ""}, {"id": 136184513, "text": "$AMD $AAPL $AMZN $TWLO $CYBR blow off tops !!!!  Across the board", "time": 1536182361.0, "sentiment": ""}, {"id": 136184155, "text": "$AAPL ok had to block the sky is falling &quot;this time it\u2019s different\u201d dude. Must have mortgaged his house to short.", "time": 1536182272.0, "sentiment": "Bullish"}, {"id": 136184049, "text": "$AAPL this is healthy dip! Gives opportunity for   Investors to scoop up more AAPL stocks! Not surprised if Buffett buying more AAPL!!!", "time": 1536182247.0, "sentiment": "Bullish"}, {"id": 136184021, "text": "Apple given $210.00 PT by Wells Fargo &amp; Co. neutral rating. https://www.marketbeat.com/r/1080414 $AAPL", "time": 1536182242.0, "sentiment": ""}, {"id": 136183602, "text": "$AMZN this time is different $AAPL", "time": 1536182145.0, "sentiment": ""}, {"id": 136183037, "text": "$AAPL", "time": 1536182010.0, "sentiment": ""}, {"id": 136182720, "text": "$AAPL too strong can&#39;t even take it down!!", "time": 1536181940.0, "sentiment": "Bullish"}, {"id": 136182558, "text": "$AAPL Now just needs to confirm this breakdown.", "time": 1536181900.0, "sentiment": "Bearish"}, {"id": 136182520, "text": "$AAPL   \nApple muscles up http://www.economies.com/stocks/united-states-analysis/apple-muscles-up---analysis---05-09-2018-54754", "time": 1536181891.0, "sentiment": ""}, {"id": 136182438, "text": "$AAPL this will end green $AMD $AMZN $NVDA", "time": 1536181874.0, "sentiment": "Bullish"}, {"id": 136182187, "text": "$AMZN This is the gift &amp; flush we needed. Tech Sector has no Buy Programs yet. Will look for buying after 10:26 $AAPL $FB $GOOG $QQQ $SPY", "time": 1536181816.0, "sentiment": "Bullish"}, {"id": 136181983, "text": "$AAPL NEWS FLASH Stocks goes up &amp; down. Stay Long &amp; Prosper Mi Amigos \ud83d\ude80\u263a\ufe0f", "time": 1536181768.0, "sentiment": "Bullish"}, {"id": 136181979, "text": "$AAPL I like it put 225-230 is looking sweet", "time": 1536181766.0, "sentiment": ""}, {"id": 136181653, "text": "$AAPL really? Wow, just wow bro!", "time": 1536181697.0, "sentiment": ""}, {"id": 136181594, "text": "$AAPL BTFD", "time": 1536181687.0, "sentiment": ""}, {"id": 136181592, "text": "$AAPL congrats nice $ on put", "time": 1536181687.0, "sentiment": ""}, {"id": 136181585, "text": "$AAPL who wants to bet this is going green end of the day?", "time": 1536181686.0, "sentiment": ""}, {"id": 136181247, "text": "$AAPL to what do we owe this sudden tank?", "time": 1536181618.0, "sentiment": "Bullish"}, {"id": 136181117, "text": "10 Biggest Price Target Changes For Wednesday https://benzinga.com/z/12306829 $AAPL $COUP $HQY $WDAY $WCG $HUM $LULU $RH $MYGN", "time": 1536181593.0, "sentiment": ""}, {"id": 136181112, "text": "$QQQ $AAPL $AMD $AMZN $NVDA you flew too high Icharus.", "time": 1536181592.0, "sentiment": "Bearish"}, {"id": 136181071, "text": "$AAPL today so far confirming yesterday temp top stick.  Have to see closer to close  This one needs basing/pb to unwind", "time": 1536181585.0, "sentiment": ""}, {"id": 136180732, "text": "$AAPL well one day out of 20 \nthe bears can go see I told ya \ud83d\ude02\ud83d\ude02\ud83d\ude02\ud83d\ude02\ud83d\ude02 losers and the days not over yet \ud83d\udcb5\ud83d\udcb5\ud83c\udf4f\ud83d\udcb5", "time": 1536181508.0, "sentiment": "Bullish"}, {"id": 136180596, "text": "$AAPL Since my AAPL warning...we&#39;ll see now.", "time": 1536181482.0, "sentiment": ""}, {"id": 136180583, "text": "$AAPL going to recover, nothing to worry about. Whole market down, plus theres a apple upgrade out there", "time": 1536181480.0, "sentiment": ""}]