[{"id": 136348529, "text": "$AAPL Patterns rule.", "time": 1536270820.0, "sentiment": ""}, {"id": 136348511, "text": "$AAPL 215 tomorrow", "time": 1536270814.0, "sentiment": "Bearish"}, {"id": 136348495, "text": "$MU $aapl $nano $asml ooooh heavy discount, been waiting for this, thank you", "time": 1536270810.0, "sentiment": ""}, {"id": 136348430, "text": "$AAPL can we get 221 let\u2019s go boys and girls and transgender and and and ......", "time": 1536270795.0, "sentiment": ""}, {"id": 136348303, "text": "$AAPL should have waited until after the event to play this", "time": 1536270762.0, "sentiment": ""}, {"id": 136348298, "text": "$AAPL  Should see 217 shortly...", "time": 1536270761.0, "sentiment": ""}, {"id": 136348204, "text": "$AAPL Bears will gloat &amp; profit today. Look at the market. This is a sector rotation.", "time": 1536270738.0, "sentiment": ""}, {"id": 136348119, "text": "$AAPL 195 is key bc that was &quot;resistance&quot; when they reported which it broke from. So it shall go there first, real test is 190", "time": 1536270721.0, "sentiment": "Bullish"}, {"id": 136348101, "text": "$AAPL Will Apple have a October keynote? If yes, this stock will continue it&#39;s climb to $240", "time": 1536270719.0, "sentiment": "Bullish"}, {"id": 136348080, "text": "$AAPL ouch!", "time": 1536270715.0, "sentiment": ""}, {"id": 136348050, "text": "$AAPL $AMZN $FB $BABA $GOOG $NFLX holy cow market meltdown....\ud83c\udfc3\u200d\u2640\ufe0frun away...", "time": 1536270710.0, "sentiment": "Bearish"}, {"id": 136347933, "text": "$AAPL 222 :)", "time": 1536270683.0, "sentiment": ""}, {"id": 136347816, "text": "$AAPL 220 likely next. @1simpletrader", "time": 1536270659.0, "sentiment": "Bearish"}, {"id": 136347708, "text": "$AAPL the ocean is too deep aapl can\u2019t find the bottom yet?", "time": 1536270633.0, "sentiment": ""}, {"id": 136347673, "text": "$AAPL put my dead cat bounce buy order at 115 them sell and wait for 190", "time": 1536270626.0, "sentiment": ""}, {"id": 136347594, "text": "$AAPL Bulls who r posting whining about this dip need to stay away from stocks and buy an index. Apple doesnt need ur weak hands attitude", "time": 1536270606.0, "sentiment": "Bullish"}, {"id": 136347574, "text": "$AAPL all you people who bought at 228  and thought this was just going up forever learning a lesson", "time": 1536270601.0, "sentiment": ""}, {"id": 136347559, "text": "$ES_F $QQQ 80% of $AAPL Supply chain in #CHINA ?", "time": 1536270597.0, "sentiment": "Bullish"}, {"id": 136347527, "text": "$AAPL Sold more of my puts! This is great. Finally.", "time": 1536270589.0, "sentiment": "Bearish"}, {"id": 136347442, "text": "$AAPL Can we get a 190 test :) Thanks!", "time": 1536270568.0, "sentiment": "Bullish"}, {"id": 136347317, "text": "$AAPL MORONs!!!!!!\ud83d\udcc8\ud83d\udcc8\ud83d\udcc8\ud83d\udcc8\ud83d\udcc8\ud83d\udcc8\ud83d\udcb5\u2714\ufe0f\ud83e\udd11\ud83e\udd11\ud83e\udd11\ud83e\udd11on sale!!!", "time": 1536270541.0, "sentiment": "Bullish"}, {"id": 136347133, "text": "@Trading4Living Finally! $AAPL was real pain these past few days. But short now paying off.", "time": 1536270500.0, "sentiment": "Bearish"}, {"id": 136346809, "text": "$QQQ close enough for me. i&#39;ll leave the remaining 20% to allocate if it retraces to the 50DMA. $AAPL $AMZN", "time": 1536270423.0, "sentiment": "Bullish"}, {"id": 136346794, "text": "$AMZN and $AAPL trading EXACTLY the same even though they are two totally different companies,  what a coincidence", "time": 1536270419.0, "sentiment": ""}, {"id": 136346720, "text": "$AAPL can&#39;t wait for next week release news", "time": 1536270402.0, "sentiment": "Bullish"}, {"id": 136346563, "text": "$AAPL I hate today", "time": 1536270364.0, "sentiment": ""}, {"id": 136346542, "text": "$TSLA fighting against gravity with $AAPL down and $VIX up.", "time": 1536270359.0, "sentiment": "Bearish"}, {"id": 136346540, "text": "$amzn $aapl Gee i wonder why i kept pounding the table about an imminent drop last week and this week", "time": 1536270358.0, "sentiment": ""}, {"id": 136346299, "text": "$AAPL $SPY $QQQ $FXI $EEM $KWEB bears starting to feel too comfortable! Time to put some pressure bulls.", "time": 1536270309.0, "sentiment": "Bullish"}, {"id": 136346163, "text": "$AMZN could not hold the 1T mark like $AAPL", "time": 1536270279.0, "sentiment": ""}, {"id": 136346028, "text": "$AAPL q the buybacks", "time": 1536270247.0, "sentiment": "Bullish"}, {"id": 136345885, "text": "$AAPL and this folks is why you buy your calls at least 4 weeks out.", "time": 1536270213.0, "sentiment": "Bullish"}, {"id": 136345844, "text": "$AAPL otw 219", "time": 1536270202.0, "sentiment": ""}, {"id": 136345765, "text": "$AAPL EVERYONE START BUYING IT DROPPED ENOUGH. DONT YOU GUYS WANNA MAKE MONEY ON YOUR CALLS???", "time": 1536270184.0, "sentiment": "Bullish"}, {"id": 136345699, "text": "#Update(24)  $AAPL Sep-07 217.5 Calls Up +211%.  sincealerted on: Aug 23. \n\n https://www.sleekoptions.com/st.aspx?ald=A364E97D-BA36-4D", "time": 1536270171.0, "sentiment": "Bullish"}, {"id": 136345606, "text": "$AAPL Shared yesterday. How&#39;s this for timing? Waited all that time after earmings. :) should bounce a bit off this line below.", "time": 1536270153.0, "sentiment": ""}, {"id": 136345410, "text": "$AAPL Still undervalued, even at this price. Buy here and there if you are smart.", "time": 1536270114.0, "sentiment": "Bullish"}, {"id": 136345211, "text": "$AAPL BTMFD", "time": 1536270069.0, "sentiment": "Bullish"}, {"id": 136345057, "text": "$AMZN $AAPL $GOOGL $NFLX Crash like 2000 is circling and this would be known as A trillon Mc crash", "time": 1536270032.0, "sentiment": ""}, {"id": 136345037, "text": "$AAPL Wall Street crooks can bring down or up any stock the way they want so nothing new in here", "time": 1536270028.0, "sentiment": ""}, {"id": 136344931, "text": "$AAPL 9/14 calls hurt", "time": 1536270005.0, "sentiment": "Bullish"}, {"id": 136344799, "text": "$AAPL $TWTR Panic Sellers are LOSERS, Lol \ud83d\ude02\ud83d\ude80\u263a\ufe0f", "time": 1536269975.0, "sentiment": "Bullish"}, {"id": 136344793, "text": "$AAPL  Timber!!!!\n$220 next pause", "time": 1536269975.0, "sentiment": "Bearish"}, {"id": 136344748, "text": "$AAPL ", "time": 1536269967.0, "sentiment": "Bullish"}, {"id": 136344726, "text": "$QQQ $AAPL Wondering where the #btd algos right now. Must have gone on vacation... #stocks #markets", "time": 1536269962.0, "sentiment": ""}, {"id": 136344645, "text": "$AAPL breakdown badly", "time": 1536269945.0, "sentiment": ""}, {"id": 136344627, "text": "$AAPL Event will be bogus. A bigger iPhone X in different colors with an even bigger notch. Big Sh!t ....", "time": 1536269942.0, "sentiment": "Bearish"}, {"id": 136344348, "text": "$AAPL $AMZN neat down move! \ud83d\ude03", "time": 1536269877.0, "sentiment": ""}, {"id": 136344290, "text": "$AAPL :)", "time": 1536269861.0, "sentiment": ""}, {"id": 136344275, "text": "$AAPL *yawn*", "time": 1536269857.0, "sentiment": "Bullish"}, {"id": 136344173, "text": "$SPY $QQQ $NDX $XLK $SMH mkts grinding lower $AAPL below at $224 OMG \ud83c\udf4e is a SELL then all the shity tech like $MU going to correct 20%\ud83d\udca1\ud83d\udc3b", "time": 1536269834.0, "sentiment": ""}, {"id": 136343917, "text": "$AAPL Last year AAPL plundge into the September 12th event and beyond. Repeat pattern set up. IMO Shared this before earnings.", "time": 1536269781.0, "sentiment": ""}, {"id": 136343871, "text": "$AAPL wtf", "time": 1536269772.0, "sentiment": ""}, {"id": 136343637, "text": "$AAPL Next target is that low from last week&#39;s tank intraday.", "time": 1536269718.0, "sentiment": "Bearish"}, {"id": 136343034, "text": "JOIN FOR BIG DIVIDEND INVESTORS https://www.stocktwits.com/r/bigdividends $NKE $clm $aapl $mcd $bp $cat $cci $CBRL $DLR $GD $GE $F $GOV $GILD $GLPI $IBM $INTC", "time": 1536269572.0, "sentiment": ""}, {"id": 136342284, "text": "$AAPL green EOD", "time": 1536269396.0, "sentiment": ""}, {"id": 136341718, "text": "$AAPL $MSFT $AMD $NEPT $AMZN $MU all down but  \n$TSLA is up. Don&#39;t try to make sense of this week, either hold or get out and wait entry.", "time": 1536269267.0, "sentiment": "Bullish"}, {"id": 136341305, "text": "Tech weakness  $aapl $goog $fb $amat all down!", "time": 1536269166.0, "sentiment": ""}, {"id": 136341221, "text": "$FB $BABA $SPY $BTC.X $AMZN $GOOGL $AAPL 3...2...1 ok let\u2019s see if it works on Market", "time": 1536269141.0, "sentiment": ""}, {"id": 136341171, "text": "$AAPL hammered myself twice...", "time": 1536269131.0, "sentiment": ""}, {"id": 136341003, "text": "$AAPL what Trump has saved me in tax cuts I\u2019ve lost by his crazy trade agenda", "time": 1536269097.0, "sentiment": ""}, {"id": 136340975, "text": "$AAPL  looking for correction down to 217", "time": 1536269089.0, "sentiment": ""}, {"id": 136340710, "text": "$AAPL Selling my first partial of puts. God! You don&#39;t know what a pain this stock was.", "time": 1536269030.0, "sentiment": "Bearish"}, {"id": 136340518, "text": "$QQQ $AAPL $AMZN where are you dumbasses from last week thinking we would only go up?", "time": 1536268981.0, "sentiment": "Bullish"}, {"id": 136340441, "text": "$QQQ bought the dip double bottom let&#39;s see if this moves. Who is with me common tech move up $AAPL $AMZN $GOOG $GOOGL cover squeeze time", "time": 1536268963.0, "sentiment": "Bullish"}, {"id": 136340267, "text": "$TSLA best Selling American car. Only limit is how fast they can make them. Best cars in the world. $AAPL $AMZN $NVDA", "time": 1536268926.0, "sentiment": ""}, {"id": 136340142, "text": "$AAPL start of down trend", "time": 1536268892.0, "sentiment": ""}, {"id": 136339937, "text": "$AAPL yep just relax appl = $$ just hold and wait then \ud83d\udcb5\ud83d\udcb5\ud83d\udcb5 bears never win with this stock they talk a lot of \ud83d\udca9 but bobodybreally cares", "time": 1536268847.0, "sentiment": "Bullish"}, {"id": 136339892, "text": "$AAPL stop the garbage and drop already", "time": 1536268838.0, "sentiment": ""}, {"id": 136339695, "text": "$SPY $QQQ $XLK $AAPL $BABA $MU \ud83d\udc40\ud83d\udc3bMicron&#39;s Stock \ud83d\udd25Poised To Fall 9% \ud83d\udc4eShort Term\ud83d\udc3b https://www.investopedia.com/news/microns-stock-poised-fall-9-short-term/?partner=YahooSA&amp;yptr=yahoo", "time": 1536268795.0, "sentiment": ""}, {"id": 136339651, "text": "$AMZN $AAPL fabricated \u201crace\u201d. Additionally, Apple and Amazon DON\u2019T COMPETE WITH ONE ANOTHER!", "time": 1536268782.0, "sentiment": ""}, {"id": 136339025, "text": "$AMZN Could Leapfrog $AAPL in Race to $2 Trillion Market Cap!", "time": 1536268641.0, "sentiment": ""}, {"id": 136339003, "text": "$AAPL 218 downside minimum in my opinion.", "time": 1536268636.0, "sentiment": ""}, {"id": 136338915, "text": "$SPY $aapl bear flag just once", "time": 1536268616.0, "sentiment": ""}, {"id": 136338762, "text": "When will this tech sell off be over $AAPL $SQ $PYPL???", "time": 1536268582.0, "sentiment": ""}, {"id": 136338699, "text": "$AAPL $MSFT a much needed correction. Its minor in the big picture. And healthy too. Dont panic. Close your laptop and cya next week.", "time": 1536268567.0, "sentiment": "Bullish"}, {"id": 136338691, "text": "sheesh $AAPL taking it on the chin today. glad i hedged with the covered call. still going to hold until 9/21", "time": 1536268566.0, "sentiment": "Bullish"}, {"id": 136338632, "text": "$AAPL already hit a lower low than yesterday", "time": 1536268553.0, "sentiment": ""}, {"id": 136338406, "text": "$QQQ $CGC $SPY $TQQQ $AMZN $AAPL $MSFT $GOOG long closed 2 days ago no position until middle next week at earliest.", "time": 1536268503.0, "sentiment": "Bearish"}, {"id": 136338214, "text": "$AAPL wow ... lol", "time": 1536268459.0, "sentiment": ""}, {"id": 136338002, "text": "$AAPL ", "time": 1536268409.0, "sentiment": "Bearish"}, {"id": 136337795, "text": "$AAPL 210 support", "time": 1536268361.0, "sentiment": ""}, {"id": 136337726, "text": "$GOOGL $NVDA $FB $BABA Lows. \n$AAPL Under VWAP.", "time": 1536268346.0, "sentiment": ""}, {"id": 136337597, "text": "$MSFT $AMD $AAPL $AMZN $MU $NEPT $CGC $SQ  \n \nWait 1 hour after opening,set to buy at a reasonable low, go long. New highs are coming.", "time": 1536268318.0, "sentiment": "Bullish"}, {"id": 136337570, "text": "$AAPL Heavy selling..sucks! $$$$$$$$$$$$$$$$$$$$$$$$$", "time": 1536268313.0, "sentiment": ""}, {"id": 136337327, "text": "meanwhile $IWM is Driving Ms Daisy while $QQQ Tech has its $CMG Episodes $FB $AMZN $GOOGL $GOOG $NVDA $AAPL $NFLX $BABA $MSFT", "time": 1536268255.0, "sentiment": ""}, {"id": 136337298, "text": "$AAPL dips are good for AAPL! It needs a little breather before big take off up!!!  Uy the dips!", "time": 1536268250.0, "sentiment": "Bullish"}, {"id": 136337105, "text": "$BABA Amazon $AMZN ETF&#39;s tanking everything tech. that bloated Standard Oil will destroy entire market. $fb $amd $twtr $aapl $nvda", "time": 1536268205.0, "sentiment": ""}, {"id": 136336726, "text": "$AAPL very bullish long term!!! I\u2019ll just hold AAPL stocks long term! wait and relax!!!", "time": 1536268123.0, "sentiment": "Bullish"}, {"id": 136336451, "text": "$AAPL weak with potential to head lower here", "time": 1536268061.0, "sentiment": "Bearish"}, {"id": 136336412, "text": "$AAPL take profits and \ud83c\udfc3\ud83c\udffe\ud83c\udfc3\ud83c\udffe\ud83c\udfc3\ud83c\udffe\ud83c\udfc3\ud83c\udffe", "time": 1536268055.0, "sentiment": ""}, {"id": 136336262, "text": "$AAPL I may be wrong but we usually have some disappointment which negatively impacts stock when new product is released.", "time": 1536268022.0, "sentiment": ""}, {"id": 136336065, "text": "$AAPL going to drop here", "time": 1536267981.0, "sentiment": "Bearish"}, {"id": 136335628, "text": "$AAPL can drop down lower here", "time": 1536267879.0, "sentiment": "Bearish"}, {"id": 136335569, "text": "Watch for a move lower on $AAPL", "time": 1536267861.0, "sentiment": "Bearish"}, {"id": 136335378, "text": "$AAPL can&#39;t seem to get back over 227.00 and hold steadily", "time": 1536267818.0, "sentiment": ""}, {"id": 136335233, "text": "$AAPL weeeee whats really worth", "time": 1536267791.0, "sentiment": ""}, {"id": 136335118, "text": "$AAPL Sudden Volume Drop from 25M to 3M! Buyers are done! They will sell soon that will lead fear sell off!! Wait for tomorrow", "time": 1536267771.0, "sentiment": "Bearish"}, {"id": 136334489, "text": "$AAPL Hourly RSI is not longer overbought. It is actually near 50s. Kinda glad I got those calls to hedge now.", "time": 1536267649.0, "sentiment": ""}, {"id": 136334412, "text": "$AAPL some major announcements and surprises on Sept 12th Event!!! Excited!!", "time": 1536267634.0, "sentiment": "Bullish"}, {"id": 136334130, "text": "$AAPL sell the news!", "time": 1536267570.0, "sentiment": ""}, {"id": 136334035, "text": "$AAPL will have more CASH piling up because AAPL SERVICES are growing way higher and fast! AAPL SERVICES!!!", "time": 1536267544.0, "sentiment": "Bullish"}, {"id": 136333998, "text": "$AAPL   \nEU clears Apple&#39;s purchase of Shazam https://finance.yahoo.com/news/eu-clears-apples-purchase-shazam-130748227.html", "time": 1536267536.0, "sentiment": "Bullish"}, {"id": 136333941, "text": "$AAPL shorty mcshorts", "time": 1536267518.0, "sentiment": ""}, {"id": 136333793, "text": "$aapl trying to hold 15 min support,wkly lotto 227 call buyers active", "time": 1536267484.0, "sentiment": ""}, {"id": 136333713, "text": "$AAPL bought 9/21 $230 call. sold 9/21 $232.50 call. \n \nMax Cost: $1.04 / contract \nMax Gain: $1.46 / contract", "time": 1536267464.0, "sentiment": "Bullish"}, {"id": 136333566, "text": "$AAPL WHY IS THE STOCK IN THE FUCKING TOILET?", "time": 1536267427.0, "sentiment": "Bullish"}, {"id": 136333511, "text": "$AAPL PENT UP DEMAND on new IPhones this Fall &amp; Xmas Holidays! Can\u2019t wait myself to own these innovative and likable iPhones! Very bullish!!", "time": 1536267414.0, "sentiment": "Bullish"}, {"id": 136332868, "text": "$AAPL iPhone users I know have been waiting for the new 3 iPhones this Fall!! Looks like there\u2019s pent up demand of these attractive iPhones!", "time": 1536267261.0, "sentiment": "Bullish"}, {"id": 136332473, "text": "Screen ATM Buy-Write and Covered Call Premiums 4 extra Yield $IWM $QQQ $DIA $IBM $EEM $EWZ $C $JPM $FXI $AAPL $FB https://marketchameleon.com/volReports/optionbuywrite", "time": 1536267168.0, "sentiment": ""}, {"id": 136332029, "text": "$AAPL Haha! Calls hedging from this BS now. All week long it has been nothing but this BS move from the lows.", "time": 1536267053.0, "sentiment": "Bearish"}, {"id": 136331855, "text": "$AAPL European Commission clears Apple acquisition of Shazam https://www.marketwatch.com/story/european-commission-clears-apple-acquisition-of-shazam-2018-09-06?link=MW_latest_news", "time": 1536267014.0, "sentiment": "Bullish"}, {"id": 136331708, "text": "$NFLX $AMZN $AAPL $GOOGL $BABA \n \nMarket going green", "time": 1536266982.0, "sentiment": "Bullish"}, {"id": 136331428, "text": "$NFLX Highs. \n$GOOGL $FB $AAPL VWAP.", "time": 1536266914.0, "sentiment": ""}, {"id": 136331342, "text": "$AAPL Out with a 52.18% profit. Good luck to all. I see more downside to 218-219$ levels before it continues its rise up", "time": 1536266892.0, "sentiment": ""}, {"id": 136331232, "text": "$NVDA $MU $FB $AMD $AAPL great day to buy these!! we&#39;ll be back on the rise next week.", "time": 1536266869.0, "sentiment": ""}, {"id": 136331061, "text": "$AAPL why is it down? With all the good news around", "time": 1536266821.0, "sentiment": "Bullish"}, {"id": 136330987, "text": "$AAPL the area in between 224.35-221.47 should find buyer&#39;s looking for new highs or for 3 wave bounce at least #Elliottwave #AAPLE", "time": 1536266806.0, "sentiment": ""}, {"id": 136330958, "text": "$AAPL you all still love Buffets? He screw you all", "time": 1536266798.0, "sentiment": ""}, {"id": 136330646, "text": "$AAPL will now have opportunity to buy back its shares! The BIG $100 BILLIONS BUYBACKS need to be fully executed!!!", "time": 1536266724.0, "sentiment": "Bullish"}, {"id": 136330446, "text": "$AAPL EVERYONE BUY THE FUCKING DIP!!! DONT WAIT YOULL GET FUCKED", "time": 1536266679.0, "sentiment": "Bullish"}, {"id": 136330171, "text": "$AAPL Warren Buffett time to scoop up the dips! Dips are needed to have buying spree on AAPL! Bullish long term!!!", "time": 1536266616.0, "sentiment": "Bullish"}, {"id": 136330165, "text": "$AAPL Yesterday&#39;s timed at the peak short sell call. Let&#39;s see if it drops to the lower expanded channel. Dow 4 so far.", "time": 1536266614.0, "sentiment": ""}, {"id": 136329927, "text": "$aapl \ud83d\ude4f\ud83c\udffd\ud83d\ude4f\ud83c\udffd\ud83d\ude4f\ud83c\udffd\ud83d\ude4f\ud83c\udffd", "time": 1536266568.0, "sentiment": ""}, {"id": 136329905, "text": "Long $AAPL under $225.07 for a short term trade.", "time": 1536266563.0, "sentiment": ""}, {"id": 136329843, "text": "European Commission clears Apple acquisition of Shazam\n$aapl https://research.tdameritrade.com/grid/public/markets/news/story.asp?docKey=1-SN20180906008679&amp;cid=1-SN20180906008679-MIT", "time": 1536266549.0, "sentiment": ""}, {"id": 136329837, "text": "$AAPL come on break out 224 :p", "time": 1536266548.0, "sentiment": ""}, {"id": 136329816, "text": "$AAPL stock just slipped on banana peel", "time": 1536266545.0, "sentiment": "Bearish"}, {"id": 136329621, "text": "$AAPL The one day you made me buy calls to hedge. Not gonna lie, had me fooled at the open. Still good profit.", "time": 1536266498.0, "sentiment": "Bearish"}, {"id": 136329544, "text": "$AAPL $AMD.  PUTS", "time": 1536266477.0, "sentiment": "Bearish"}, {"id": 136329408, "text": "$AAPL  Apple confirms it has acquired Shazam on EU approval", "time": 1536266447.0, "sentiment": ""}, {"id": 136329376, "text": "$AAPL Break it.", "time": 1536266438.0, "sentiment": "Bearish"}, {"id": 136328919, "text": "$AAPL how long did $AMZN stay at 1T? Was it like 2 seconds? HAHAHA Sorry, couldn&#39;t resist.", "time": 1536266314.0, "sentiment": ""}, {"id": 136328750, "text": "$ULTA and $AAPL were keeping me afloat yesterday from that $NFLX sinking ship, looks to be the other way around today.", "time": 1536266272.0, "sentiment": ""}, {"id": 136328568, "text": "$NFLX $BABA Popped out gate. \n$NVDA $AAPL $FB $GOOGL Dropped out gate.", "time": 1536266227.0, "sentiment": ""}, {"id": 136327929, "text": "$AAPL Bought a few calls to hedge from any more BS from The Bulls today.", "time": 1536266052.0, "sentiment": "Bearish"}, {"id": 136327880, "text": "$AAPL Is the biggest winner among this privacy debacle $$$$$$$$$$$$$$$$$$$$$$$$$$$$$$$$$$$$$$$", "time": 1536266040.0, "sentiment": "Bullish"}, {"id": 136327422, "text": "$AAPL hmm", "time": 1536265907.0, "sentiment": ""}, {"id": 136327395, "text": "Apple adds new features to its router, AirPort Express $AAPL \n\nhttps://tcrn.ch/2PHX2OO", "time": 1536265898.0, "sentiment": ""}, {"id": 136326954, "text": "Mixed Market, Topping Pattern or Just Pause Within a Rally? \n \n$SPX $SPY $DJIA $NDX $AAPL $AMZN  \n \nRead more: https://www.sunshineprofits.com/gold-silver/free-alerts/mixed-market-topping-pattern-just-pause-within-rally/", "time": 1536265760.0, "sentiment": ""}, {"id": 136326878, "text": "@Zingerman @GaryFederer @ashlive11 $AAPL $NFLX Content will be controlled by the biggest $$$, AAPL knows this, buy content not companies", "time": 1536265736.0, "sentiment": ""}, {"id": 136326812, "text": "$AAPL Many UPGRADES! Davidson Analyst 265, Canaccord 250, MorganStanley 245! Very bullish!!!", "time": 1536265711.0, "sentiment": "Bullish"}, {"id": 136326762, "text": "@Zingerman @GaryFederer @ashlive11 $AAPL doesn&#39;t need to waste $$$ on $NFLX because they have more users, access. NFLX gives them nothing", "time": 1536265696.0, "sentiment": ""}, {"id": 136326673, "text": "$AAPL Next Stop 215 by End of Next Week!!", "time": 1536265668.0, "sentiment": "Bearish"}, {"id": 136326664, "text": "@Zingerman @GaryFederer @ashlive11 low education internet does not have a clue about innovation or how real $$$ are made. $AAPL dominates", "time": 1536265665.0, "sentiment": ""}, {"id": 136325940, "text": "$AAPL", "time": 1536265399.0, "sentiment": "Bearish"}, {"id": 136325838, "text": "$AAPL Upgrades to iphone XS Max with bigger screen is going to create pent-up demand! $$$$$$$$$$$$$$$$$$$$$$$", "time": 1536265366.0, "sentiment": "Bullish"}, {"id": 136325764, "text": "Imp Vol &amp; Imp Vol/ATR (lower the better) $AAPL $AMZN $AET $MA $BRK.B $HD $UNH $COST $ANTM $ULTA $ILMN $SPGI $BIIB $BDX $ISRG $SHW $HUM", "time": 1536265339.0, "sentiment": "Bullish"}, {"id": 136325693, "text": "$NFLX $AAPL my previous 2 posts: a) have huge iTunes video back cat b) they are experienced in CDM c) they are rolling their own content", "time": 1536265314.0, "sentiment": ""}, {"id": 136325505, "text": "$AAPL looks ready for another rip.", "time": 1536265238.0, "sentiment": "Bullish"}]