[{"id": 136985375, "text": "$AAPL \ud83d\udc40 load up", "time": 1536786792.0, "sentiment": "Bullish"}, {"id": 136985297, "text": "$AAPL basters ws and big boys drags this sh it down", "time": 1536786774.0, "sentiment": ""}, {"id": 136985287, "text": "@Rockout ppl dumping before $AAPL event?", "time": 1536786771.0, "sentiment": ""}, {"id": 136985147, "text": "$AAPL added a bit 220.75", "time": 1536786737.0, "sentiment": ""}, {"id": 136985144, "text": "NEW Article:  &quot;The Futures In Five: Navigating The Day Ahead&quot; - https://www.seeitmarket.com/futures-in-five-navigating-day-ahead-stock-market-18412/ \n \nby @AnneMarieTrades  $SPY $AAPL $GLD $ES_F $CL_F", "time": 1536786736.0, "sentiment": ""}, {"id": 136985067, "text": "$AAPL 10:30 double bottom is the perfect time to grab some weelys", "time": 1536786717.0, "sentiment": ""}, {"id": 136985060, "text": "#Update(6)  $AAPL Sep-14 220 Calls Up +44%.  sincealerted on: Aug 28. \n\n https://www.sleekoptions.com/st.aspx?ald=750EC19E-6995-4CBA-9", "time": 1536786716.0, "sentiment": "Bullish"}, {"id": 136984835, "text": "$MU $SPY $QQQ $SMH $AAPL $XLK $LRCX $AMAT $AMD $INTC Micron Tech \ud83d\udca9\ud83d\udca9\ud83d\udca9\ud83d\udca9=less demand=\ud83d\udcb0\ud83d\udc4e=higher x = lower Micron POS\ud83d\ude02\ud83d\udc4e\ud83d\udc3b", "time": 1536786670.0, "sentiment": ""}, {"id": 136984719, "text": "Sep. $NQ_F all of a sudden -55 here... $QQQ $NDX $SPY #AAPL $AAPL", "time": 1536786645.0, "sentiment": ""}, {"id": 136984650, "text": "$AAPL not the best timing I\u2019ve had buying calls but at least I\u2019ve got til December\ud83e\udd37\ud83c\udffb\u200d\u2642\ufe0f", "time": 1536786628.0, "sentiment": "Bullish"}, {"id": 136984582, "text": "$BB Amazon, Apple, others to testify before U.S. Senate on data privacy September 26 https://t.co/H6i6YLd8QF $AAPL $AMZN", "time": 1536786614.0, "sentiment": "Bullish"}, {"id": 136984553, "text": "$AAPL thanks for the dip. This holiday Q will be insane for AAPL. Loading up", "time": 1536786607.0, "sentiment": "Bullish"}, {"id": 136984544, "text": "$AAPL Apple event 2018: Everything to know ahead of Wednesday&#39;s keynote, stock falls -1.19%, https://www.newsquantified.com/aapl/stock-report/apple-event-2018-everything-know-ahead-05s2lb#app0", "time": 1536786605.0, "sentiment": ""}, {"id": 136984425, "text": "$AAPL where is Buffett when u need him? Lol dive bb dive", "time": 1536786577.0, "sentiment": ""}, {"id": 136984424, "text": "$MTSI analyst hit today, $FNSR $LITE $OCLR getting pre-$AAPL slam, $AAOI already plenty hit last week.  Setup for the next runup almost done", "time": 1536786577.0, "sentiment": ""}, {"id": 136984420, "text": "$AAPL Highly Doubts.  Their price never goes down -100 from the last year price.  So $999 to maybe $899.", "time": 1536786576.0, "sentiment": ""}, {"id": 136984399, "text": "$AAPL iphone x users will be upgrading to oled iphone x Max at a cost of $1100 plus", "time": 1536786571.0, "sentiment": "Bullish"}, {"id": 136984372, "text": "$AAPL buy and hold duh", "time": 1536786565.0, "sentiment": ""}, {"id": 136984291, "text": "@meandmrt We can only know after the event, might be bull trap as well. Stay out and watch is my advice. If moving up $AAPL won&#39;t do it fast", "time": 1536786547.0, "sentiment": ""}, {"id": 136984136, "text": "$AAPL buy the rumor, sell before the news, buy the news?", "time": 1536786513.0, "sentiment": ""}, {"id": 136984040, "text": "$AAPL as soon as I sell the put I buy a call", "time": 1536786489.0, "sentiment": ""}, {"id": 136983941, "text": "$AAPL love this. Opposite Day. Selling before the news. Rally on deck.", "time": 1536786466.0, "sentiment": "Bullish"}, {"id": 136983881, "text": "$AAPL I guess new products may not be as good as the hypes.  Let\u2019s see.", "time": 1536786450.0, "sentiment": "Bearish"}, {"id": 136983853, "text": "$AAPL longs are up so big. Just sell for profit \u270a\ud83c\udffd", "time": 1536786444.0, "sentiment": ""}, {"id": 136983801, "text": "$AAPL Apple video streaming service due in 2019 is the talk. will Apple be able to buck instincts and meaningfully undercut $NFLX", "time": 1536786432.0, "sentiment": ""}, {"id": 136983673, "text": "$AAPL Looking for 220 to enter.", "time": 1536786400.0, "sentiment": ""}, {"id": 136983636, "text": "$AAPL will be green today", "time": 1536786391.0, "sentiment": ""}, {"id": 136983634, "text": "$AAPL down 5 points .  \n$SPY will see 292 if apple recovers", "time": 1536786391.0, "sentiment": ""}, {"id": 136983632, "text": "$AAPL ok. It\u2019s nuts I know but something is up w $AAPL and $TWTR. If I called it, I\u2019ll buy myself a beer.", "time": 1536786390.0, "sentiment": "Bullish"}, {"id": 136983467, "text": "$AAPL downtrend may have ended. Time to buy.", "time": 1536786354.0, "sentiment": "Bullish"}, {"id": 136983452, "text": "$AAPL still good price buy buy buy people y\u2019all will be happy \ud83d\ude03 at the end of this day \ud83d\ude80\ud83d\ude80\ud83d\ude80\ud83d\ude80\ud83d\udd1d\ud83d\udd1d\ud83d\udd1d\ud83d\udcb8\ud83d\udcb8good luck to everybody \ud83d\ude4f\ud83c\udffb", "time": 1536786351.0, "sentiment": "Bullish"}, {"id": 136983429, "text": "$AAPL 6.5&quot; - old. OLED - old.  LCD - ancient. Nothing new here, move along.  Sell the over-hyped news.", "time": 1536786343.0, "sentiment": ""}, {"id": 136983324, "text": "$AAPL I\u2019ll wait till after the event", "time": 1536786323.0, "sentiment": "Bearish"}, {"id": 136983281, "text": "$aapl $fb if you own anything apple or use any apple service I have no mercy for you same goes for Facebook.. Unleash the Kracken", "time": 1536786313.0, "sentiment": "Bearish"}, {"id": 136983280, "text": "$AAPL SPY turning around, could see 225 EOD, very optimistic though haha", "time": 1536786313.0, "sentiment": "Bullish"}, {"id": 136983233, "text": "$AAPL easiest trade! Buy at 10 and watch the move up till 1pm", "time": 1536786304.0, "sentiment": "Bullish"}, {"id": 136983172, "text": "$AAPL long 221.75 give me 223.50", "time": 1536786292.0, "sentiment": "Bullish"}, {"id": 136983114, "text": "$AAPL bar phone design is old, who wants another one?", "time": 1536786279.0, "sentiment": ""}, {"id": 136983021, "text": "$AAPL Nice dip to buy more though. Great company. Bears are just spuwing anyway. Wish I had some more cash.", "time": 1536786258.0, "sentiment": "Bullish"}, {"id": 136983014, "text": "$AAPL dont fight the great company", "time": 1536786258.0, "sentiment": "Bullish"}, {"id": 136982993, "text": "$AAPL I&#39;m surprised they didn&#39;t just decide to rename it to the Trump phone at this point.", "time": 1536786252.0, "sentiment": "Bearish"}, {"id": 136982933, "text": "$AAPL the worlds most valuable company....3 new models, big deal in design. Analysts say SIZE matters. On CNBC now! Close over $230!!", "time": 1536786240.0, "sentiment": "Bullish"}, {"id": 136982917, "text": "$AAPL bought the dip, let&#39;s see what it does", "time": 1536786237.0, "sentiment": ""}, {"id": 136982871, "text": "$AAPL Oh snap!", "time": 1536786227.0, "sentiment": "Bullish"}, {"id": 136982828, "text": "$ES_F $SPY $SPX dips still getting bought, bears are f*cked for eternity\ud83d\ude02\ud83e\udd23 $DIA $DJIA $QQQ $NDX $IWM $EEM $FB $AAPL $AMZN $NFLX $GOOG $AMD", "time": 1536786216.0, "sentiment": ""}, {"id": 136982775, "text": "$AAPL bet they scared a lot of call holders out of their positions. What a bear trap!", "time": 1536786206.0, "sentiment": "Bullish"}, {"id": 136982663, "text": "$AAPL gonna go to my local diner and order a nice lunch, PORK RINDS, thanks aapl.", "time": 1536786182.0, "sentiment": "Bearish"}, {"id": 136982504, "text": "@TwiSell oh I&#39;m not getting it on apple I&#39;m betting it on $LPL for making the displays, I agree it&#39;s priced in with $AAPL", "time": 1536786146.0, "sentiment": ""}, {"id": 136982424, "text": "$AAPL how are you bearish on the biggest company in the world on their biggest day of the year? haha", "time": 1536786128.0, "sentiment": "Bullish"}, {"id": 136982416, "text": "$AAPL please remove the notch", "time": 1536786126.0, "sentiment": "Bullish"}, {"id": 136982367, "text": "$AAPL Glad I bought 215 puts yesterday. All leaks are out and it\u2019s going down already.  Event can\u2019t do any better. Only downside.", "time": 1536786115.0, "sentiment": "Bearish"}, {"id": 136982337, "text": "$AAPL going to release some lame specs today", "time": 1536786109.0, "sentiment": "Bearish"}, {"id": 136982270, "text": "$AAPL buying", "time": 1536786096.0, "sentiment": "Bullish"}, {"id": 136982253, "text": "$AAPL 187...the last C retracement on a pile of C retracements....", "time": 1536786091.0, "sentiment": "Bearish"}, {"id": 136982237, "text": "$AAPL I&#39;m not happy until we get this to $219", "time": 1536786089.0, "sentiment": ""}, {"id": 136982225, "text": "$AAPL $AMZN $SPY $DIA $F $HOG https://www.wsj.com/articles/u-s-businesses-ramp-up-lobbying-against-trumps-tariffs-1536724811 doubt something will be green today on these news.", "time": 1536786084.0, "sentiment": ""}, {"id": 136982205, "text": "$AAPL over 4$ per share on this bad boy! Yes!", "time": 1536786078.0, "sentiment": "Bearish"}, {"id": 136982189, "text": "$AMD a range in a 29.75 +/-.50 expected until around Power Hour and then the $AAPL event at 1 p.m. PST, shorts", "time": 1536786075.0, "sentiment": "Bullish"}, {"id": 136982062, "text": "$QQQ.$XLK  Lets see if they create yet another contrived V on $AAPL today for there pure enjoyment/ enrichment. Its all a PENNY STOCK now..", "time": 1536786042.0, "sentiment": ""}, {"id": 136982052, "text": "$AAPL Why are so many people so grim? If $TLRY can be $100 then Apple can be $300.", "time": 1536786040.0, "sentiment": ""}, {"id": 136982020, "text": "$AAPL if data privacy is driving this move, we ain&#39;t got much to worry about", "time": 1536786033.0, "sentiment": ""}, {"id": 136981955, "text": "$AAPL  \n \nLovely sell of before announcement &lt;3  \n \n$$$$$$$$$$$$$$", "time": 1536786021.0, "sentiment": "Bullish"}, {"id": 136981884, "text": "$AAPL covered 220.75", "time": 1536786006.0, "sentiment": "Bearish"}, {"id": 136981874, "text": "$AAPL  APPLE SHARES DOWN 1.3 PCT; SENATE COMMITTEE TO HOLD HEARING ON DATA PRIVACY WITH TECH COS INCLUDING APPLE", "time": 1536786004.0, "sentiment": ""}, {"id": 136981838, "text": "$AAPL yesterday was a setup for big boys ho shorts", "time": 1536785996.0, "sentiment": ""}, {"id": 136981807, "text": "$AAPL bought $ROKU low 20s. Just Bought $TWTR. Way oversold. Streaming W Apple today. Something\u2019s brewing there.", "time": 1536785989.0, "sentiment": "Bullish"}, {"id": 136981731, "text": "$AAPL this is why we stack gains here\ud83e\udd37\ud83c\udffc\u200d\u2642\ufe0f\ud83d\ude0e", "time": 1536785971.0, "sentiment": ""}, {"id": 136981705, "text": "$AAPL UBS and Piper Jaffray PT at $250", "time": 1536785966.0, "sentiment": "Bullish"}, {"id": 136981693, "text": "$AAPL would the market react more to new Phones or new tweets? $TWTR", "time": 1536785963.0, "sentiment": "Bearish"}, {"id": 136981669, "text": "$AAPL $215 puts", "time": 1536785957.0, "sentiment": "Bearish"}, {"id": 136981665, "text": "$AAPL The valuation on this company makes no sense. Time has come to reset expectations.", "time": 1536785956.0, "sentiment": "Bearish"}, {"id": 136981637, "text": "$AAPL getting shorted to create one last buy opportunity before it goes to $250 via UBS and Piper Jaffray price target", "time": 1536785950.0, "sentiment": "Bullish"}, {"id": 136981620, "text": "$AAPL is this becoz S Korea ban?", "time": 1536785947.0, "sentiment": ""}, {"id": 136981550, "text": "Amazon $AMZN, Apple $AAPL, others to testify before U.S. Senate on data privacy September 26 https://www.streetinsider.com/Litigation/Amazon%2C+Apple%2C+others+to+testify+before+U.S.+Senate+on+data+privacy+September+26/14600498.html", "time": 1536785926.0, "sentiment": ""}, {"id": 136981502, "text": "$AAPL what if the orange kings decides to tweet today?", "time": 1536785916.0, "sentiment": "Bearish"}, {"id": 136981450, "text": "$AAPL news beginning at 10am pst will drive to new highs", "time": 1536785904.0, "sentiment": "Bullish"}, {"id": 136981430, "text": "$AAPL which expiry should I buy calls for \ud83e\uddd0", "time": 1536785899.0, "sentiment": "Bullish"}, {"id": 136981338, "text": "$AAPL  Holding my calls.", "time": 1536785875.0, "sentiment": ""}, {"id": 136981197, "text": "Option Block Trades Screener $OIH $C $UTX $OIH $XOP $MHLD $QQQ $VXX $AMAT $AAPL $MU $MMM $BAC $SNAP $OIH $KMI $VZ $JD https://marketchameleon.com/Screeners/OptionTrades", "time": 1536785845.0, "sentiment": ""}, {"id": 136981141, "text": "$AAPL Red while market is green", "time": 1536785834.0, "sentiment": "Bearish"}, {"id": 136981138, "text": "$FIT if $AAPL puts any focus on wearables today, validates market more than negatively impacts $FIT.  let\u2019s hope it\u2019s part of the messaging.", "time": 1536785834.0, "sentiment": "Bullish"}, {"id": 136981133, "text": "$AAPL Today Apple &amp; Trump will announce the iWall.  It will only cost you 1T in taxes and it will distract immigrants from entering.", "time": 1536785833.0, "sentiment": "Bearish"}, {"id": 136981115, "text": "$AAPL Out; looking for solid entry for some calls", "time": 1536785829.0, "sentiment": ""}, {"id": 136981065, "text": "$AAPL that was your chance to buy now this is going \ud83d\ude80\ud83d\ude80\ud83d\ude80\ud83d\ude80 Apple this time have lost of things to sell us.", "time": 1536785816.0, "sentiment": "Bullish"}, {"id": 136981063, "text": "$AAPL what\u2019s going on?", "time": 1536785815.0, "sentiment": "Bullish"}, {"id": 136981011, "text": "$AAPL will test 52week high today during the launch event \ud83d\ude80\ud83d\ude80\ud83d\ude80\ud83d\ude80", "time": 1536785806.0, "sentiment": "Bullish"}, {"id": 136980970, "text": "$AAPL big big day! All the haters love seeing the drop, but no fear, this will go green today! All haters should have a Samsung!!", "time": 1536785793.0, "sentiment": "Bullish"}, {"id": 136980949, "text": "$AAPL this drop is based on nothing! We bulls thank the weak hands. #stocks", "time": 1536785787.0, "sentiment": "Bullish"}, {"id": 136980913, "text": "$SPY,$QQQ,$XLK,$AAPL Yet another day of pure 1000% manipulation. Itttttttsss PENNY STOCK time @ the Flea Markets. Supply and Demand is dead.", "time": 1536785779.0, "sentiment": ""}, {"id": 136980859, "text": "$AAPL I would upgrade", "time": 1536785767.0, "sentiment": ""}, {"id": 136980854, "text": "$SPY $QQQ $AAPL could potentially get fugly today.  Please tell me you all saw this coming?  Yesterday was a head fake", "time": 1536785766.0, "sentiment": "Bearish"}, {"id": 136980837, "text": "$AAPL I\u2019m ina. Perfect play, September 200 puts, and December 240 cAlls.. hedge game is so real", "time": 1536785764.0, "sentiment": "Bullish"}, {"id": 136980786, "text": "$AAPL Maybe Trump will buy all the iphones and stack them up and make a wall out of them...thats probably his plan.", "time": 1536785755.0, "sentiment": "Bearish"}, {"id": 136980743, "text": "$AAPL puts on \ud83d\udd25 wahoook", "time": 1536785744.0, "sentiment": ""}, {"id": 136980740, "text": "$AAPL give me 219", "time": 1536785743.0, "sentiment": ""}, {"id": 136980715, "text": "Cost of Hedging Downside Risk (30 Day) $SNAP $FB $AAPL $MU $TSLA $BHC $FNKO $BB $TLRY $COOL $TWTR $FOMX $LRCX $JPM https://marketchameleon.com/volReports/DownsidePutProtection", "time": 1536785737.0, "sentiment": ""}, {"id": 136980641, "text": "$AAPL Buying More !!!", "time": 1536785719.0, "sentiment": "Bullish"}, {"id": 136980624, "text": "$AAPL  someone used yesterdays upgrade to get out it was at the top of selling on strength all day", "time": 1536785717.0, "sentiment": ""}, {"id": 136980553, "text": "$AAPL Its on sale, y&#39;all.", "time": 1536785702.0, "sentiment": ""}, {"id": 136980527, "text": "$AAPL love my puts $$$, may go long when the announcement starts", "time": 1536785696.0, "sentiment": "Bullish"}, {"id": 136980513, "text": "$AAPL I\u2019m ready", "time": 1536785694.0, "sentiment": "Bullish"}, {"id": 136980488, "text": "$AMZN watching $QQQ $AAPL for better entry point to buy more", "time": 1536785689.0, "sentiment": ""}, {"id": 136980442, "text": "$AAPL we really doing this today? Still holding my stocks. F the bears.", "time": 1536785680.0, "sentiment": "Bullish"}, {"id": 136980396, "text": "$AAPL what a dump", "time": 1536785670.0, "sentiment": ""}, {"id": 136980387, "text": "$AAPL btd it will bounce before the event..", "time": 1536785668.0, "sentiment": "Bullish"}, {"id": 136980342, "text": "$AAPL I hope to pick up some up eventually!", "time": 1536785655.0, "sentiment": ""}, {"id": 136980320, "text": "$AAPL sell the news day shocker", "time": 1536785648.0, "sentiment": ""}, {"id": 136980300, "text": "$AAPL Wall Street scam!", "time": 1536785643.0, "sentiment": ""}, {"id": 136980233, "text": "$AAPL buy buy buy buy the deep last. Chance this is going \ud83d\ude80\ud83d\ude80\ud83d\ude80\ud83d\udcb8\ud83d\udcb8", "time": 1536785633.0, "sentiment": "Bullish"}, {"id": 136980178, "text": "$AAPL Cook given authority to buyback 10% Of all available shares. Smart money says lay it on this week.", "time": 1536785620.0, "sentiment": "Bullish"}, {"id": 136980092, "text": "NEW Article:  &quot;What&#39;s Next For Market Leading Tech Stocks?&quot; -  https://www.seeitmarket.com/nasdaq-100-whats-next-market-leading-tech-stocks-18411/  \n \nby @andrewnyquist $QQQ $AAPL $FB $NFLX $TSLA", "time": 1536785601.0, "sentiment": ""}, {"id": 136980072, "text": "Long $AAPL under $221.11 for a short term trade.", "time": 1536785596.0, "sentiment": ""}, {"id": 136980053, "text": "$AAPL BTFD!!!", "time": 1536785593.0, "sentiment": "Bullish"}, {"id": 136980014, "text": "$AAPL option players gain yesterday and today", "time": 1536785586.0, "sentiment": "Bullish"}, {"id": 136979985, "text": "$AAPL sold rest of the puts.. very nice trade...", "time": 1536785579.0, "sentiment": ""}, {"id": 136979964, "text": "$AAPL Buy 218?", "time": 1536785576.0, "sentiment": ""}, {"id": 136979857, "text": "$AAPL big event. Will test 230 again.", "time": 1536785553.0, "sentiment": "Bullish"}, {"id": 136979804, "text": "$AAPL puts are gold!!!!  $$$$$$$$$$$$$$$", "time": 1536785543.0, "sentiment": ""}, {"id": 136979768, "text": "$AAPL Wait eagerly ... this is usual ... Add on weakness", "time": 1536785534.0, "sentiment": "Bullish"}, {"id": 136979767, "text": "$AAPL Making Apple pie with my Apple puts this morning. Sold half. Thought I would be adding today", "time": 1536785534.0, "sentiment": ""}, {"id": 136979740, "text": "$AAPL time to buy, $LPL to provide display in largest iPhone screen yet people have more reason to upgrade than in years, huge opportunity", "time": 1536785530.0, "sentiment": "Bullish"}, {"id": 136979695, "text": "$AAPL wreck this pig, now! Reshort 221.75", "time": 1536785519.0, "sentiment": "Bearish"}, {"id": 136979564, "text": "$AAPL The volume MUST descend....rofl.", "time": 1536785490.0, "sentiment": "Bearish"}, {"id": 136979357, "text": "$AAPL Warren and his price increase comments deserves punishment. As well as his don&#39;t buy tesla.  Byte me WB", "time": 1536785448.0, "sentiment": "Bearish"}, {"id": 136979350, "text": "$MNKD $TNDM $DXCM $AAPL", "time": 1536785446.0, "sentiment": "Bullish"}, {"id": 136979338, "text": "$AAPL please stand by", "time": 1536785445.0, "sentiment": "Bullish"}, {"id": 136979318, "text": "$AAPL Either 210 0r 230 end of day", "time": 1536785440.0, "sentiment": ""}, {"id": 136979279, "text": "$AAPL will end green eod!!", "time": 1536785433.0, "sentiment": "Bullish"}, {"id": 136979192, "text": "$AAPL Huge buying opportunity rn", "time": 1536785417.0, "sentiment": "Bullish"}, {"id": 136979168, "text": "$AAPL Puts needed. Suckers.", "time": 1536785411.0, "sentiment": "Bullish"}, {"id": 136979103, "text": "$AAPL lol", "time": 1536785398.0, "sentiment": "Bearish"}, {"id": 136979090, "text": "$LPL feel like people are missing the train here, this is set to be one of the biggest $AAPL  events in a long time. People want big phones", "time": 1536785395.0, "sentiment": "Bullish"}, {"id": 136979073, "text": "$AAPL covered 221.3", "time": 1536785391.0, "sentiment": "Bearish"}, {"id": 136979023, "text": "$AAPL why you sell at the top NAFUN? Whats resistance NAFUN?", "time": 1536785379.0, "sentiment": ""}, {"id": 136978996, "text": "$AAPL reshorted 222.4 let it go!", "time": 1536785371.0, "sentiment": "Bearish"}, {"id": 136978954, "text": "$AAPL what now?", "time": 1536785363.0, "sentiment": ""}, {"id": 136978940, "text": "tech red to start the day. $FIT up a tick. hoping $AAPL buzz kicks $COMPQ over 8,000 which should push vol &amp; get this well into 6.xx today.", "time": 1536785359.0, "sentiment": "Bullish"}, {"id": 136978917, "text": "$SPY $AAPL inverse head and shoulders \ud83d\udcaa", "time": 1536785352.0, "sentiment": ""}, {"id": 136978854, "text": "@robindesbois100 This is untrue, you don&#39;t confuse event and ER. $AAPL often tank after event because unmatched expectations &amp; sell the news", "time": 1536785337.0, "sentiment": ""}, {"id": 136978809, "text": "$AAPL $TWTR $FB", "time": 1536785329.0, "sentiment": ""}, {"id": 136978780, "text": "$AAPL listen for 2 words. \u201cGlucose\u201d and \u201cTwitter.\u201d Glucose monitor non-medical grade for general pop? Partnering w $TWTR?", "time": 1536785322.0, "sentiment": "Bullish"}, {"id": 136978768, "text": "$AAPL so difficult choosing $220 puts or $225 calls today, so i might do a strangle...", "time": 1536785319.0, "sentiment": "Bullish"}, {"id": 136978718, "text": "$AAPL yesterday bull trap", "time": 1536785308.0, "sentiment": "Bearish"}, {"id": 136978658, "text": "$AAPL what is Google and what can it do?  https://www.apple.com/apple-events/september-2018/", "time": 1536785293.0, "sentiment": ""}, {"id": 136978485, "text": "$AMD waiting for $AAPL event (1pm est) and Deutsche Bank Tech conference (10am est) should be a great green day", "time": 1536785256.0, "sentiment": ""}, {"id": 136978434, "text": "$AAPL Here we go with ole sell the news", "time": 1536785244.0, "sentiment": "Bullish"}, {"id": 136978403, "text": "Apple&#39;s acquisition of Shazam approved by EU $AAPL \n\nhttps://bit.ly/2wS4UGx", "time": 1536785237.0, "sentiment": ""}, {"id": 136978290, "text": "$DIA $SPY $QQQ $AAPL $AMZN this market reminds me of that movie Rango where they turn all the water off to scam the citizens.  No volume.", "time": 1536785211.0, "sentiment": "Bearish"}, {"id": 136978238, "text": "$AAPL \ud83d\ude02", "time": 1536785200.0, "sentiment": ""}, {"id": 136978042, "text": "Craig-Hallum Bullish On Immersion&#39;s New Interim CEO https://benzinga.com/z/12341161 $AAPL $IMMR $XPER", "time": 1536785157.0, "sentiment": ""}]