[{"id": 137039223, "text": "$AAPL Xs Max is the latest Star Wars character.", "time": 1536801302.0, "sentiment": "Bullish"}, {"id": 137039215, "text": "$AAPL BOFA!!!", "time": 1536801300.0, "sentiment": "Bullish"}, {"id": 137039211, "text": "$AAPL But the camera! Can it film tru clothes or not?", "time": 1536801299.0, "sentiment": ""}, {"id": 137039189, "text": "$AAPL $SPY Seriously those quality equals DSLR&#39;s that costs thousands. At this rate Sony, Canon and Nikon will have a new threat.", "time": 1536801293.0, "sentiment": ""}, {"id": 137039165, "text": "$AAPL this \u201cSmartHDR\u201d looks like a copy of what Pixel 2 can already do... so last year. $GOOG", "time": 1536801283.0, "sentiment": ""}, {"id": 137039154, "text": "$AAPL I&#39;m going to look sooo huge in my nude photos with that depth of view thingy.", "time": 1536801279.0, "sentiment": ""}, {"id": 137039136, "text": "$AAPL Bokeh!!!!", "time": 1536801274.0, "sentiment": "Bullish"}, {"id": 137039127, "text": "$AAPL FDA approved... Ahead of other players", "time": 1536801270.0, "sentiment": "Bullish"}, {"id": 137039124, "text": "$AAPL changing depth of field after taking the picture, who needs SLR anymore?", "time": 1536801270.0, "sentiment": ""}, {"id": 137039122, "text": "$AAPL Why would you buy a phone that CUTS OUT THE IMAGE on your videos and games - insanity", "time": 1536801267.0, "sentiment": "Bearish"}, {"id": 137039101, "text": "$AAPL hell. Depth of photo crazy good", "time": 1536801261.0, "sentiment": ""}, {"id": 137039032, "text": "$AAPL Buy the new iWatch...it could save your life.", "time": 1536801244.0, "sentiment": ""}, {"id": 137039020, "text": "$AAPL if you want a really good camara buy a camara not an iPhone", "time": 1536801240.0, "sentiment": "Bearish"}, {"id": 137039011, "text": "$AAPL Medical Tech... with Apple Watch 4", "time": 1536801238.0, "sentiment": "Bullish"}, {"id": 137039003, "text": "$OLED in summary? $AAPL new iphones with OLED screens and iWatch too ? Seems easy that $OLED have room to tun higher , no?", "time": 1536801236.0, "sentiment": ""}, {"id": 137039002, "text": "$AAPL playing it safe \n\n/verdict - sell", "time": 1536801236.0, "sentiment": ""}, {"id": 137039001, "text": "$AAPL I&#39;m buying the 10s and the new apple watch! Enough said!", "time": 1536801235.0, "sentiment": "Bullish"}, {"id": 137038993, "text": "$AAPL come on jack say something postive", "time": 1536801233.0, "sentiment": "Bullish"}, {"id": 137038990, "text": "$AAPL this will greatly improve amateur porn, just saying", "time": 1536801232.0, "sentiment": ""}, {"id": 137038942, "text": "$AAPL WOW!", "time": 1536801212.0, "sentiment": "Bullish"}, {"id": 137038933, "text": "$AAPL bokeh  \ud83c\udf7a  game", "time": 1536801209.0, "sentiment": ""}, {"id": 137038900, "text": "$AAPL so if I don&#39;t care about picture and I don&#39;t care about basket? should I pay 1000$ for the imaji?", "time": 1536801200.0, "sentiment": "Bearish"}, {"id": 137038891, "text": "$AAPL maybe this&#39;ll end up like the Bear Stearns conference in the big short", "time": 1536801197.0, "sentiment": ""}, {"id": 137038876, "text": "$AAPL you can add more bokeh!", "time": 1536801194.0, "sentiment": ""}, {"id": 137038866, "text": "$AAPL Give us a, &quot;and one more thing&quot;", "time": 1536801189.0, "sentiment": ""}, {"id": 137038849, "text": "$AAPL Bokeh BITCH", "time": 1536801182.0, "sentiment": ""}, {"id": 137038831, "text": "$AAPL BORING!!!!", "time": 1536801174.0, "sentiment": ""}, {"id": 137038797, "text": "$AAPL WOWW", "time": 1536801163.0, "sentiment": ""}, {"id": 137038793, "text": "$AAPL every time he says Bokeh take a shot", "time": 1536801163.0, "sentiment": ""}, {"id": 137038777, "text": "$AAPL need a big push here from investors. New talks on tariff w China still not priced in", "time": 1536801158.0, "sentiment": "Bullish"}, {"id": 137038772, "text": "$AAPL is an ECG on a watch going to save lives INCREASE ANXIETY on overly anxious people or both -again I dont see an ECG on a watch as good", "time": 1536801157.0, "sentiment": "Bearish"}, {"id": 137038749, "text": "$AAPL Audience starting to fall asleep. \ud83d\ude34\ud83d\ude34\ud83d\ude34\ud83d\ude34\ud83d\ude34\ud83d\ude34", "time": 1536801151.0, "sentiment": "Bearish"}, {"id": 137038741, "text": "$AAPL serious dummy parade in the face of greatness. Apple firing on all cylinders. They are there own kind of innovation.", "time": 1536801148.0, "sentiment": ""}, {"id": 137038736, "text": "$IRTC  Beautiful selloff on the $AAPL news", "time": 1536801147.0, "sentiment": ""}, {"id": 137038716, "text": "$SPY $AAPL those photo&#39;s look great. I know cause photography is one of my hobbies. That&#39;s DSLR quality.", "time": 1536801142.0, "sentiment": ""}, {"id": 137038707, "text": "$AAPL bokeh? wtf", "time": 1536801138.0, "sentiment": ""}, {"id": 137038706, "text": "$AAPL But how well can you shoot porn with the iPhone. That&#39;s what&#39;s really important.", "time": 1536801138.0, "sentiment": ""}, {"id": 137038670, "text": "$AAPL i hate when they talk about cameras", "time": 1536801129.0, "sentiment": ""}, {"id": 137038596, "text": "$AAPL Just shows us the price for iPhone now...", "time": 1536801107.0, "sentiment": ""}, {"id": 137038582, "text": "$AAPL really bad design\u274c\ud83d\udc4e\u274c\u274c\ud83d\udc4eit\u2019s annoying", "time": 1536801102.0, "sentiment": "Bearish"}, {"id": 137038576, "text": "$AAPL Every year Apple Events are Boring because almost everything is Leaked before. Yet every year investors like me make lots of money \ud83d\ude80", "time": 1536801100.0, "sentiment": "Bullish"}, {"id": 137038538, "text": "@StockTwits while iPhone tech doesn\u2019t do much internals &amp; sw collab keep afloat but the watch I can predict will create spike fosho $AAPL", "time": 1536801088.0, "sentiment": "Bullish"}, {"id": 137038515, "text": "$AAPL The camera is amazing.", "time": 1536801078.0, "sentiment": ""}, {"id": 137038494, "text": "$AAPL honestly that watch will get us pretty far", "time": 1536801070.0, "sentiment": ""}, {"id": 137038491, "text": "$AAPL ppl need to chill... stop watching every tick like it&#39;s doomsday think big picture lol", "time": 1536801070.0, "sentiment": "Bullish"}, {"id": 137038451, "text": "$AAPL I worry about ANTICIPATORY ANXIETY if you are told on a watch WITHOUT A DOCTOR PRESENT you could have a heart problem", "time": 1536801057.0, "sentiment": "Bearish"}, {"id": 137038431, "text": "$AAPL this is gonna sell to 210 by EOW", "time": 1536801052.0, "sentiment": ""}, {"id": 137038410, "text": "$AAPL now we bounce back up before the final fade away at the end of the event", "time": 1536801044.0, "sentiment": ""}, {"id": 137038404, "text": "$AAPL Ridicilous these iphones, especially if you do not have one...", "time": 1536801043.0, "sentiment": "Bullish"}, {"id": 137038385, "text": "$AAPL Added shares @ $221.04", "time": 1536801038.0, "sentiment": "Bullish"}, {"id": 137038380, "text": "$AAPL I think $AAPL adding biometric sensors to the Iwatch is the most important thing for the future of humanity. Rip insurance companies", "time": 1536801037.0, "sentiment": ""}, {"id": 137038366, "text": "@Trading4Living Mt brother why are you not working $AAPL to day ?", "time": 1536801033.0, "sentiment": ""}, {"id": 137038314, "text": "$AAPL  LMAO!!!!!!!!!!!!!!!!!!!!!!!!!!!!!!!!", "time": 1536801021.0, "sentiment": ""}, {"id": 137038283, "text": "$AAPL Bears dumping their stock only to realize they are going to have to buy back in at a higher price in a min.", "time": 1536801012.0, "sentiment": "Bullish"}, {"id": 137038263, "text": "Apple initiated by UBS Group AG at . $399.00 PT. https://www.marketbeat.com/r/1083646 $AAPL", "time": 1536801007.0, "sentiment": ""}, {"id": 137038254, "text": "$AAPL OH MAN, THEY DON&#39;T HAVE CLOTHES IN SAN FRANCISCO?", "time": 1536801004.0, "sentiment": "Bearish"}, {"id": 137038214, "text": "$AAPL so every day if I have a heart problem I am reminded every day on my watch I have one - again how is that positive for mental health", "time": 1536800989.0, "sentiment": "Bearish"}, {"id": 137038202, "text": "we0 round trip om $AAPL 221 to 224+ now 221 again fine day working this ride to day after failed gap on open short love this stock to day", "time": 1536800983.0, "sentiment": ""}, {"id": 137038188, "text": "$AAPL go back to the watch", "time": 1536800981.0, "sentiment": ""}, {"id": 137038185, "text": "$AAPL So many features-so few obvious benefits", "time": 1536800980.0, "sentiment": ""}, {"id": 137038174, "text": "$AAPL calling it a day", "time": 1536800976.0, "sentiment": "Bullish"}, {"id": 137038151, "text": "$AAPL ", "time": 1536800969.0, "sentiment": "Bearish"}, {"id": 137038123, "text": "$AAPL MIGA- Make Iphones Gigantic Again.", "time": 1536800958.0, "sentiment": ""}, {"id": 137038114, "text": "$AAPL Today is going to be a down day, ill be back tomorrow. Whole market is down so im not too worried", "time": 1536800956.0, "sentiment": ""}, {"id": 137038109, "text": "$AAPL made my money for the day got out at 223.50 10 contracts.", "time": 1536800954.0, "sentiment": "Bullish"}, {"id": 137038080, "text": "$FIT Like I said last 4 years, FIT was always a fad and a great short. Comparisons to $AAPL is why most are broke in this stream.", "time": 1536800944.0, "sentiment": ""}, {"id": 137038079, "text": "$AAPL", "time": 1536800943.0, "sentiment": "Bearish"}, {"id": 137038070, "text": "$AAPL keynotes are boring without Steve.", "time": 1536800941.0, "sentiment": "Bearish"}, {"id": 137038060, "text": "$AAPL BOOOOOOOO", "time": 1536800938.0, "sentiment": ""}, {"id": 137038024, "text": "[2:07PM] $COMPQ raced back to the highs buy $AAPL holding it back   https://wavegenius.com/207pm-compq-raced-back-to-the-highs-buy-aapl-hol", "time": 1536800925.0, "sentiment": ""}, {"id": 137038005, "text": "$AAPL so far, I\u2019m on iPhone upgrade program, so I\u2019ll prob get the 10s, but definitely an S phone. Not much new", "time": 1536800918.0, "sentiment": ""}, {"id": 137038003, "text": "$AAPL 218 today", "time": 1536800918.0, "sentiment": "Bearish"}, {"id": 137037981, "text": "$AAPL GG", "time": 1536800914.0, "sentiment": ""}, {"id": 137037958, "text": "$AAPL This is their worst keynote yet. Jeez...", "time": 1536800905.0, "sentiment": "Bearish"}, {"id": 137037917, "text": "$AAPL buffet said underpriced. Show us what you got Timmy!", "time": 1536800892.0, "sentiment": ""}, {"id": 137037903, "text": "$AAPL Ill consider the watch, never buying that overprice phone", "time": 1536800890.0, "sentiment": ""}, {"id": 137037865, "text": "$AAPL no innovation... same shit different resale, copying all of Samsung\u2019s tech", "time": 1536800876.0, "sentiment": "Bearish"}, {"id": 137037852, "text": "$AAPL lol bears here have really pathetic arguments. Wah &quot;the phone is ugly&quot;, wah &quot;it has a camera?!&quot;, wah &quot;AR on a phone, who cares!&quot; lolz", "time": 1536800873.0, "sentiment": ""}, {"id": 137037843, "text": "$AAPL Last year\u2019s A11: 600 billion operations per second\nthis year&#39;s A12: 5 TRILLION operations per second.", "time": 1536800869.0, "sentiment": "Bullish"}, {"id": 137037785, "text": "$AAPL This pig needs a good LONG short!", "time": 1536800850.0, "sentiment": "Bearish"}, {"id": 137037778, "text": "$AAPL sell the news. They ain&#39;t got shit", "time": 1536800848.0, "sentiment": "Bearish"}, {"id": 137037777, "text": "$AAPL Using FDA approval for pre-existing tech as a selling point... Does the bar for perception mgmt go any lower.", "time": 1536800848.0, "sentiment": ""}, {"id": 137037761, "text": "$aapl they managed to make the watch and iphone uglier...amazing that is an event LMAO", "time": 1536800843.0, "sentiment": ""}, {"id": 137037722, "text": "$AAPL Sell WS, sell you dummies lol $$$$$$$$$$$$$$$$$$$$$$$$$$$$$$$$$$$$$$$$$$$$$$$", "time": 1536800831.0, "sentiment": "Bullish"}, {"id": 137037678, "text": "$AAPL Iphone XS with AR Kit2 VR Gaming #Galaga Amazing game play", "time": 1536800818.0, "sentiment": ""}, {"id": 137037670, "text": "$AAPL yeah ive been holding out for a new iphone and this sucks", "time": 1536800815.0, "sentiment": "Bearish"}, {"id": 137037665, "text": "$AAPL Yawn", "time": 1536800814.0, "sentiment": ""}, {"id": 137037654, "text": "$AAPL A.R. Gaming", "time": 1536800810.0, "sentiment": ""}, {"id": 137037648, "text": "$AAPL only the watch was interesting but Samsung will do the same with ecg", "time": 1536800809.0, "sentiment": ""}, {"id": 137037644, "text": "$AAPL short time magazine, taking pics with iphones", "time": 1536800808.0, "sentiment": "Bearish"}, {"id": 137037636, "text": "$AAPL buying the watch and phone. Must haves.", "time": 1536800805.0, "sentiment": "Bullish"}, {"id": 137037630, "text": "$AAPL Dual camera on phone.", "time": 1536800804.0, "sentiment": "Bullish"}, {"id": 137037612, "text": "$AAPL You guys Kim K just bought 10 new phones! Better start buying now! \ud83d\udc11", "time": 1536800797.0, "sentiment": "Bearish"}, {"id": 137037599, "text": "$AAPL Who wants to carry around that big of a phone", "time": 1536800793.0, "sentiment": ""}, {"id": 137037587, "text": "$AAPL https://www.apple.com/apple-events/september-2018/", "time": 1536800790.0, "sentiment": "Bullish"}, {"id": 137037580, "text": "$AAPL dump - did I fall asleep? Talk about something people are interested in... streaming, airpods 2", "time": 1536800788.0, "sentiment": ""}, {"id": 137037538, "text": "$AAPL now with apple glasses! we heading toward ready player one! apple become 10T market Cap", "time": 1536800774.0, "sentiment": "Bullish"}, {"id": 137037511, "text": "$AAPL healthcare &amp; game Industry", "time": 1536800766.0, "sentiment": ""}, {"id": 137037506, "text": "$AAPL wth", "time": 1536800765.0, "sentiment": ""}, {"id": 137037503, "text": "$BEAT Grabbed the Sept. 70 calls at a nickel.  Maybe I got a little overzealous on this $AAPL watch news", "time": 1536800764.0, "sentiment": "Bullish"}, {"id": 137037495, "text": "$AAPL JUNK JUNK JUNK SELL IT TO 200", "time": 1536800761.0, "sentiment": "Bearish"}, {"id": 137037452, "text": "$AAPL announced the iPhone Xs and Xs Max today at its Gather Round event. https://investorplace.com/2018/09/apple-reveals-iphone-xs-and-xs-max/", "time": 1536800748.0, "sentiment": ""}, {"id": 137037449, "text": "$AAPL I don&#39;t play games but this is very cool #ARArcade", "time": 1536800748.0, "sentiment": ""}, {"id": 137037445, "text": "$AAPL 224 close", "time": 1536800747.0, "sentiment": ""}, {"id": 137037358, "text": "$AAPL LoL. Wrong.", "time": 1536800720.0, "sentiment": ""}, {"id": 137037343, "text": "$AAPL This one is pretty interesting too.  \nLike I said, if Apple would make the 1 dominant AR app (like the spreadsheet), AR would BLOW UP.", "time": 1536800717.0, "sentiment": ""}, {"id": 137037341, "text": "$AAPL I\u2019ve been long with $aapl for many years.  This unveiling is somewhat boring and amateurish.  Just saying.  Still bullish though.", "time": 1536800716.0, "sentiment": ""}, {"id": 137037331, "text": "$AAPL it is fine, I next a few days will hit 228", "time": 1536800714.0, "sentiment": "Bullish"}, {"id": 137037325, "text": "$AAPL let\u2019s burn the battery faster and let people walk into cars while playing", "time": 1536800710.0, "sentiment": "Bearish"}, {"id": 137037324, "text": "$AAPL am I high ?", "time": 1536800710.0, "sentiment": ""}, {"id": 137037315, "text": "$AAPL aight see yall at 220", "time": 1536800709.0, "sentiment": ""}, {"id": 137037314, "text": "$AAPL cringe. They should hire me to improve their conferences wtf is that segment", "time": 1536800709.0, "sentiment": ""}, {"id": 137037312, "text": "$AAPL No-one cares about AR gaming, that why Pokemon Go died months ago .....", "time": 1536800708.0, "sentiment": "Bearish"}, {"id": 137037289, "text": "$AAPL It&#39;s sad that biggest changes are size &amp; color of the phone\n\nNo innovation. Some dumb gaming apps \ud83e\udd26\ud83c\udffb\u200d\u2642\ufe0f\n\nRest in peace Steve Jobs", "time": 1536800701.0, "sentiment": ""}, {"id": 137037273, "text": "$AAPL alright guys lets Nvidia handle AR and VR", "time": 1536800697.0, "sentiment": ""}, {"id": 137037270, "text": "$AAPL easy for customers and salespeople to remember. That\u2019s important. &quot;You want the regular or the Max?&quot;", "time": 1536800696.0, "sentiment": ""}, {"id": 137037242, "text": "$AAPL MOST STUPID KEYNOTE I EVER SEEN IN MY LIFE", "time": 1536800690.0, "sentiment": "Bearish"}, {"id": 137037233, "text": "$AAPL ", "time": 1536800687.0, "sentiment": "Bullish"}, {"id": 137037215, "text": "$AAPL beer proof phones. Definite buy bby", "time": 1536800680.0, "sentiment": "Bearish"}, {"id": 137037213, "text": "$AAPL", "time": 1536800680.0, "sentiment": "Bearish"}, {"id": 137037208, "text": "$AAPL WTF is this crap ??", "time": 1536800678.0, "sentiment": "Bearish"}, {"id": 137037195, "text": "$AAPL wow that was cool", "time": 1536800674.0, "sentiment": ""}, {"id": 137037189, "text": "$AAPL 228", "time": 1536800673.0, "sentiment": "Bullish"}, {"id": 137037182, "text": "$AAPL how is this not running. These games are insane!!!!", "time": 1536800672.0, "sentiment": ""}, {"id": 137037170, "text": "$AAPL ", "time": 1536800670.0, "sentiment": ""}, {"id": 137037168, "text": "$AAPL Nintendo Switch sales might have a hard time now...", "time": 1536800669.0, "sentiment": ""}, {"id": 137037162, "text": "$AAPL nash whatever got paid to be here", "time": 1536800667.0, "sentiment": ""}, {"id": 137037159, "text": "$AAPL where\u2019s link", "time": 1536800666.0, "sentiment": "Bullish"}, {"id": 137037154, "text": "$AAPL", "time": 1536800665.0, "sentiment": "Bullish"}, {"id": 137037152, "text": "$AAPL this shit is insane!", "time": 1536800664.0, "sentiment": ""}, {"id": 137037146, "text": "$AAPL wtf I don\u2019t care about games", "time": 1536800663.0, "sentiment": ""}, {"id": 137037130, "text": "$AAPL wow!", "time": 1536800661.0, "sentiment": ""}, {"id": 137037127, "text": "$AAPL Apple on that ready player one level almost!!!!", "time": 1536800660.0, "sentiment": "Bullish"}, {"id": 137037117, "text": "$AAPL THAT IS AMAZING!", "time": 1536800656.0, "sentiment": "Bullish"}, {"id": 137037096, "text": "$AAPL just get a exclusive fortnite skin for the new iPhone like Samsung did, come on", "time": 1536800651.0, "sentiment": ""}, {"id": 137037095, "text": "$AAPL buffet getting ready to dump shares", "time": 1536800651.0, "sentiment": ""}, {"id": 137037085, "text": "$AAPL Nash needs to teach that girl that the little jump after catching the ball is traveling lol", "time": 1536800648.0, "sentiment": ""}, {"id": 137037077, "text": "$AAPL these games are unbelievable, do you see the Christmas list?", "time": 1536800646.0, "sentiment": ""}, {"id": 137037071, "text": "$AAPL That&#39;s goofy but awesome", "time": 1536800645.0, "sentiment": ""}, {"id": 137037013, "text": "$AAPL +speed, +resolution, better sound, +pixels, +processing. Nothing new except AR. Without a buyback program next revenues will drop...", "time": 1536800630.0, "sentiment": ""}, {"id": 137037007, "text": "$AAPL back to 225 baby.", "time": 1536800629.0, "sentiment": "Bullish"}, {"id": 137036998, "text": "$AAPL joke show now", "time": 1536800626.0, "sentiment": ""}, {"id": 137036968, "text": "@PugDad Because $AAPL will have nothing to do with this horse&#39;s ass of a company", "time": 1536800615.0, "sentiment": "Bearish"}, {"id": 137036939, "text": "$AAPL what\u2019s all this bullshit gonna cost?", "time": 1536800608.0, "sentiment": ""}, {"id": 137036926, "text": "Apple event take away so far: Steve Nash cannot not run. $AAPL", "time": 1536800603.0, "sentiment": ""}, {"id": 137036902, "text": "$AAPL APPLE WATCH will take over fitbit and Life Alert.", "time": 1536800596.0, "sentiment": ""}, {"id": 137036827, "text": "$AAPL this demo is a horse and pony show", "time": 1536800583.0, "sentiment": ""}, {"id": 137036817, "text": "$AAPL going to change my handle to BlockHard", "time": 1536800579.0, "sentiment": "Bullish"}, {"id": 137036811, "text": "$AAPL The homecourt ap was pretty amazing actually.", "time": 1536800578.0, "sentiment": "Bullish"}, {"id": 137036798, "text": "$AAPL  they got fda approval for the ekg cardiogram for the I watch 4\nImpressive", "time": 1536800573.0, "sentiment": "Bullish"}]