[{"id": 137056016, "text": "$AAPL go Apple. It amazing what the watch can do now", "time": 1536806231.0, "sentiment": ""}, {"id": 137056005, "text": "$AAPL 225 at least by Friday, could easily reach 230 next week", "time": 1536806228.0, "sentiment": "Bullish"}, {"id": 137056000, "text": "$AAPL worth re-posting. Share price performance pre/post past iPhone launches.", "time": 1536806227.0, "sentiment": "Bullish"}, {"id": 137055917, "text": "$AAPL ", "time": 1536806206.0, "sentiment": ""}, {"id": 137055783, "text": "$AAPL The only good thing that came out of this is I can now buy an iPhone 7 on craigslist for $200-$300 Ill let all the morons spend $1100", "time": 1536806170.0, "sentiment": "Bearish"}, {"id": 137055680, "text": "$AAPL buy more at $208", "time": 1536806146.0, "sentiment": ""}, {"id": 137055675, "text": "$AAPL Xs Max has a 6.5-inch screen, hanging larger than even the latest model in Samsung\u2019s famously large Galaxy Note line.", "time": 1536806144.0, "sentiment": "Bullish"}, {"id": 137055662, "text": "Ok good buy prog $SPY 289.50 good hit all on $AAPL pump now it fades we stall on SPY you can not make this up just game but fine trade", "time": 1536806138.0, "sentiment": ""}, {"id": 137055655, "text": "$AAPL It seems that every time apple does a conference, the stock dips. In a few months everyone will remember, &quot;oh yeah, it&#39;s apple&quot;.", "time": 1536806136.0, "sentiment": ""}, {"id": 137055627, "text": "$LPX up 40%+ doing nice! Let\u2019s go $1b BUY MOC $SPY $AAPL $FB $UVXY", "time": 1536806129.0, "sentiment": ""}, {"id": 137055577, "text": "$AAPL This has actually been quietly accumulating since 2.  More volume on the buys.", "time": 1536806116.0, "sentiment": "Bullish"}, {"id": 137055505, "text": "$AAPL just crushed every camera manufacturer. $GPRO may be toast. AAPL just needs to come out with accessories to be in water and mount.", "time": 1536806095.0, "sentiment": ""}, {"id": 137055504, "text": "$AAPL ill stick with my iphone 7 plus. Not worth the price for the upgrade. Yes its nice but def not worth it. Maybe if it opened portals.", "time": 1536806094.0, "sentiment": "Bearish"}, {"id": 137055476, "text": "$AAPL imo consumers will pay more as well, since phones are used more than any other device we have, but I can see the other side as well.", "time": 1536806089.0, "sentiment": "Bullish"}, {"id": 137055450, "text": "$AAPL Nas going green tomorrow and this will pump hard.", "time": 1536806080.0, "sentiment": "Bullish"}, {"id": 137055411, "text": "$AAPL No doubt governments and businesses will pay the premium for the new iPhones.", "time": 1536806070.0, "sentiment": "Bullish"}, {"id": 137055336, "text": "$V $QQQ $BX $PM $SPG $O $CVX $GEO $WMT $LEG $PRU $T $KIM $AAPL", "time": 1536806047.0, "sentiment": ""}, {"id": 137055333, "text": "@Ymhuskies if U bought every iPhone you will be accustomed paying $1000 for a phone already as that was what the X sold for last year $AAPL", "time": 1536806046.0, "sentiment": ""}, {"id": 137055319, "text": "$AAPL exactly. $400 is a bargain vs rolling into the hospital for emergency heart surgery. Watch can alert you earlier to problems. Save $$$", "time": 1536806044.0, "sentiment": ""}, {"id": 137055257, "text": "Sorry, I met that $AAPL Was costing the NAS100  11  pts., the Q&#39;s derive from the NAS100. GL \nB.", "time": 1536806024.0, "sentiment": ""}, {"id": 137055210, "text": "$AAPL Wireless charging confirmed acc. to WSJ. https://www.wsj.com/livecoverage/apple-iphone-event-september-2018", "time": 1536806013.0, "sentiment": "Bullish"}, {"id": 137055140, "text": "$AAPL As the Bible says &quot;May the Lord Giveth Diarrhea to those who Shorth&quot;    Amen", "time": 1536805997.0, "sentiment": ""}, {"id": 137055124, "text": "$AAPL me too \ud83d\udc4d\ud83c\udffb", "time": 1536805993.0, "sentiment": ""}, {"id": 137055109, "text": "Here\u2019s what 16 Estimize analysts believe $AAPL will report for Q4 Gross Margins on 10/30 AMC.\nhttp://www.estimize.com/intro/aapl?chart=historical&amp;metric_name=gross_margins&amp;utm_content=AAPL&amp;utm_medium=metric_update&amp;utm_source=stocktwits", "time": 1536805990.0, "sentiment": ""}, {"id": 137055108, "text": "Here\u2019s what 11 Estimize analysts believe $AAPL will report for Q4 iPad Sales on 10/30 AMC.\nhttp://www.estimize.com/intro/aapl?chart=historical&amp;metric_name=ipad_unit_sales&amp;utm_content=AAPL&amp;utm_medium=metric_update&amp;utm_source=stocktwits", "time": 1536805989.0, "sentiment": ""}, {"id": 137055106, "text": "Here\u2019s what 13 Estimize analysts believe $AAPL will report for Q4 Mac Sales on 10/30 AMC.\nhttp://www.estimize.com/intro/aapl?chart=historical&amp;metric_name=mac_unit_sales&amp;utm_content=AAPL&amp;utm_medium=metric_update&amp;utm_source=stocktwits", "time": 1536805989.0, "sentiment": ""}, {"id": 137055104, "text": "Here\u2019s what 22 Estimize analysts believe $AAPL will report for Q4 iPhone Sales on 10/30 AMC.\nhttp://www.estimize.com/intro/aapl?chart=historical&amp;metric_name=iphone_unit_sales&amp;utm_content=AAPL&amp;utm_medium=metric_update&amp;utm_source=stocktwits", "time": 1536805989.0, "sentiment": ""}, {"id": 137054954, "text": "$AAPL so does this mean my porn will stream faster? I think thats pretty much it. I dont care for camera features.", "time": 1536805951.0, "sentiment": "Bearish"}, {"id": 137054945, "text": "$AAPL Def buying the new watch", "time": 1536805950.0, "sentiment": "Bullish"}, {"id": 137054930, "text": "$AAPL 225 by EOW, new ATH by EOM", "time": 1536805942.0, "sentiment": "Bullish"}, {"id": 137054828, "text": "$AAPL I will buy new Apple products, new and at a retail store.", "time": 1536805912.0, "sentiment": "Bullish"}, {"id": 137054763, "text": "$AAPL 225 by Friday", "time": 1536805894.0, "sentiment": "Bullish"}, {"id": 137054737, "text": "$AAPL that\u2019s me. 63. Computer-savvy. Fitness nut. But watching my body closer cause it\u2019s aging. Watch 5 is a GAME-CHANGER", "time": 1536805886.0, "sentiment": ""}, {"id": 137054725, "text": "$AAPL I will buy this watch and I am in mid 30\u2019s and have a stressful job.", "time": 1536805883.0, "sentiment": ""}, {"id": 137054668, "text": "thanks $AMD for confirming market crash of 2018, mark it \ud83d\ude0e\ud83d\udc4e $DIA $DJIA $QQQ $NDX $IWM $IWC $RUT $EEM $EWZ $TLT $FB $AAPL $AMZN $NFLX $GOOG", "time": 1536805870.0, "sentiment": "Bearish"}, {"id": 137054616, "text": "$AAPL China trade talks gonna resume?", "time": 1536805857.0, "sentiment": "Bullish"}, {"id": 137054568, "text": "$FIT Pretty much useless when you have $AAPL watch.", "time": 1536805844.0, "sentiment": ""}, {"id": 137054548, "text": "@StockTwits There&#39;s a reason the smartest most successful investors in the world all own $AAPL 2 those who missed the run learn how 2 invest", "time": 1536805837.0, "sentiment": "Bullish"}, {"id": 137054543, "text": "$AAPL https://www.macrumors.com/2018/09/12/apple-discontinues-iphone-se-iphone-6s-iphone-x/", "time": 1536805835.0, "sentiment": ""}, {"id": 137054498, "text": "$AAPL waiting until they&#39;re under 15P/E", "time": 1536805825.0, "sentiment": ""}, {"id": 137054465, "text": "$AAPL this thing should be up like \ud83c\udff9... but sits there!", "time": 1536805814.0, "sentiment": "Bullish"}, {"id": 137054429, "text": "$AAPL Will gap up overnight on analyst reports on phones and watch... and upgrades.", "time": 1536805808.0, "sentiment": "Bullish"}, {"id": 137054424, "text": "$AAPL I&#39;m going to replace my dad&#39;s Life alert with this.", "time": 1536805807.0, "sentiment": "Bullish"}, {"id": 137054371, "text": "$AAPL The new iPhone lineup is best Ive seen, starting prices in the 500-800 range will drive users from $GOOGL Samsung - 250pt 1y imho", "time": 1536805789.0, "sentiment": ""}, {"id": 137054347, "text": "@whysell  From your message you stated that BABA was falling because of Apple. Baba&#39;s move has no relation to the $AAPL move", "time": 1536805782.0, "sentiment": ""}, {"id": 137054319, "text": "$AAPL $AAPL is this watch suitable only for old generation ? Why not people in 30\u2019s or 40\u2019s ?", "time": 1536805775.0, "sentiment": "Bullish"}, {"id": 137054306, "text": "$AAPL Video presentation on the new phones. I didnt think to record until about 20 seconds in so its not complete http://www.mediafire.com/file/0yfo5ftbldioot7/apple-phone.mov/file", "time": 1536805772.0, "sentiment": ""}, {"id": 137054288, "text": "$AAPL ", "time": 1536805767.0, "sentiment": "Bullish"}, {"id": 137054200, "text": "The industry average ROA is 0.80%. $AAPL outperforms 94% of its industry peers. https://www.chartmill.com/analyze.php?utm_source=stocktwits&amp;utm_medium=FA&amp;utm_content=PROFITABILITY&amp;utm_campaign=social_tracking#/AAPL?r=fa&amp;key=bb853040-a4ac-41c6-b549-d218d2f21b32", "time": 1536805741.0, "sentiment": ""}, {"id": 137054118, "text": "$AAPL The blind are misguided by corporations &amp; lose the ability to think for themselves, feeding the machine they deny the existence of.", "time": 1536805720.0, "sentiment": ""}, {"id": 137054102, "text": "$VHC well, more to the story, but $AAPL owes them minimum 2.5X their current market cap https://finance.yahoo.com/news/virnetx-receives-district-courts-final-131500458.html", "time": 1536805714.0, "sentiment": ""}, {"id": 137054065, "text": "$AAPL  \n \nUS: http://goo.gl/qnK6VO  \nEU: http://goo.gl/vZo1N7", "time": 1536805704.0, "sentiment": "Bullish"}, {"id": 137053961, "text": "$AAPL go apple goo .... power hour ... 230 by Friday", "time": 1536805675.0, "sentiment": ""}, {"id": 137053940, "text": "$AAPL nobody is making them buy. PS you can get a refurb/used for far less, still has health features.", "time": 1536805670.0, "sentiment": ""}, {"id": 137053911, "text": "$AAPL lets go to $250 \ud83d\ude80\ud83d\ude80\ud83d\ude80\ud83d\ude80", "time": 1536805660.0, "sentiment": "Bullish"}, {"id": 137053893, "text": "$AAPL this stock is giving me whiplash today", "time": 1536805653.0, "sentiment": "Bullish"}, {"id": 137053875, "text": "$AAPL Suggesting to family to get my grandma the apple watch, already fell twice after a surgery and the ECG thing is just gravy", "time": 1536805648.0, "sentiment": ""}, {"id": 137053774, "text": "$AAPL Here`s Mulsanne https://sirinlabs.com/#block-products. Iphone now is just Ford Focus. But I still like buybacks from Cupertino", "time": 1536805623.0, "sentiment": ""}, {"id": 137053760, "text": "$AAPL already taking down Fitbit  \nhttps://techcrunch.com/2018/09/12/fitbit-stock-sinking-following-apple-watch-announcement/", "time": 1536805620.0, "sentiment": "Bullish"}, {"id": 137053677, "text": "$AAPL Who here knows someone that they want to buy the new watch for?", "time": 1536805598.0, "sentiment": "Bullish"}, {"id": 137053654, "text": "US Senate to hold hearing on Sept 26 on data privacy practices so they may show-off for voters. #Theater $T $TWTR $GOOG $AMZN $AAPL $CHTR", "time": 1536805592.0, "sentiment": ""}, {"id": 137053587, "text": "$AAPL AAAH why hasn\u2019t Apple already solved all the words problems singlehandedly? SHORT!!! \ud83d\ude06", "time": 1536805575.0, "sentiment": "Bullish"}, {"id": 137053545, "text": "$AAPL You know ppl will be buying watch... stop it LOL... Health nuts like me will be pre ordering heart monitor!!!  #GettingMine", "time": 1536805562.0, "sentiment": ""}, {"id": 137053519, "text": "$AAPL Fitbit getting killed. Apple Watch stuck the knife in. New health features of Series 4 is twisting the knife. Series 5 will gut them.", "time": 1536805553.0, "sentiment": "Bullish"}, {"id": 137053443, "text": "$AAPL owned EVERY iPhone till today! It\u2019s done for me not paying 1,000$ USD for a phone. Any suggestion on a new phone??", "time": 1536805532.0, "sentiment": "Bearish"}, {"id": 137053440, "text": "$AAPL I&#39;m definitely planning on getting that watch!!!", "time": 1536805532.0, "sentiment": "Bullish"}, {"id": 137053418, "text": "$AAPL love the Series 4 Watch. Lots of people will buy one for 1st time or trade up. If Medicare approves it, big time sales coming", "time": 1536805525.0, "sentiment": ""}, {"id": 137053411, "text": "$AAPL Ok Bears...since all u do is poo poo \ud83d\udca9...you can poo poo on this...just an easy step up to get FDA in on BP and then sugar levels", "time": 1536805523.0, "sentiment": "Bullish"}, {"id": 137053382, "text": "$AAPL that was the feared dipped? Man you bears are screwed. Let WS digest today. The watch is a game changer. Phone is status quo. Let\u2019s \ud83d\udcb0", "time": 1536805513.0, "sentiment": "Bullish"}, {"id": 137053238, "text": "$SPY Lets watch what the Algo&#39;s all do together at 3:40. Thats when we&#39;ve had a big sell program hit fast &amp; out $BABA $AAPL $AMZN $GOOG $FB", "time": 1536805475.0, "sentiment": "Bullish"}, {"id": 137053117, "text": "$AAPL 230 by Friday", "time": 1536805442.0, "sentiment": ""}, {"id": 137053110, "text": "$AAPL elder market not buying this Apple Confusion for $400. Ask how many LifeAlert (etc) users even have iPhones.", "time": 1536805440.0, "sentiment": ""}, {"id": 137053090, "text": "$AAPL 228 friday?", "time": 1536805433.0, "sentiment": ""}, {"id": 137053012, "text": "$AAPL Lower semiconductor cost will only help boost margins!", "time": 1536805413.0, "sentiment": "Bullish"}, {"id": 137053009, "text": "$AAPL whats past years model x priced at?", "time": 1536805412.0, "sentiment": "Bullish"}, {"id": 137053008, "text": "$AAPL Has this been confirmed?", "time": 1536805412.0, "sentiment": ""}, {"id": 137052999, "text": "$AAPL looking for a last minute rug pull or a morning flush tomorrow", "time": 1536805409.0, "sentiment": ""}, {"id": 137052979, "text": "$AAPL moon power", "time": 1536805404.0, "sentiment": "Bullish"}, {"id": 137052932, "text": "$AAPL A lot of struggling traders around here if you&#39;re complaining about the price of an iphone", "time": 1536805388.0, "sentiment": ""}, {"id": 137052874, "text": "$AAPL swing traders, if you know in advance where the pivot points are, you know where to buy&amp;sell. Many Algos are programmed using Pivots.", "time": 1536805375.0, "sentiment": ""}, {"id": 137052832, "text": "$AAPL Will Host New Event For DeskTop, Cheaper LapTop &amp; iPad Pro &amp; Other Wearables Next Month", "time": 1536805360.0, "sentiment": ""}, {"id": 137052826, "text": "$AAPL Bears can&#39;t stop posting, all the while trying to cover", "time": 1536805358.0, "sentiment": "Bullish"}, {"id": 137052822, "text": "$AAPL Actually wonder if some Insurances would contribute due to heart monitoring &amp; fitness functions.", "time": 1536805357.0, "sentiment": ""}, {"id": 137052797, "text": "$AAPL APPLIC!!!", "time": 1536805350.0, "sentiment": "Bullish"}, {"id": 137052784, "text": "$AAPL Double bottom on daily is so obvious!  bye bears!", "time": 1536805346.0, "sentiment": "Bullish"}, {"id": 137052750, "text": "$AAPL iphone 6s + will pretty much do 90% of the function vs  iphone xs Max.", "time": 1536805335.0, "sentiment": "Bearish"}, {"id": 137052748, "text": "iPhone XS and XS Max: hands-on with Apple\u2019s giant new phone - The Verge rave review $aapl  https://www.theverge.com/2018/9/12/17847036/apple-iphone-xs-hands-on-features-photos-video-camera-2018", "time": 1536805335.0, "sentiment": ""}, {"id": 137052717, "text": "$AAPL $1500 guys. Yes the most expensive model but guys open ya eyes. When you buy a phone for that much it&#39;s a problem", "time": 1536805323.0, "sentiment": ""}, {"id": 137052708, "text": "$AAPL Calm down..$1500 is the top of the line phone with 512GB. 64GB is $1099", "time": 1536805322.0, "sentiment": "Bullish"}, {"id": 137052577, "text": "$AAPL $1499 xs Max 512GB.", "time": 1536805280.0, "sentiment": ""}, {"id": 137052457, "text": "$AAPL Yikes", "time": 1536805251.0, "sentiment": ""}, {"id": 137052407, "text": "$AAPL 1449 for that best of class? What do car buyers pay for a Rolls Royce? Use your brains.", "time": 1536805238.0, "sentiment": "Bullish"}, {"id": 137052360, "text": "$AAPL luv 2 hear how CNBC correspondents &amp; others stay bet\u2019n against Apple &amp; iPhone demand/customers. It\u2019s pathetic. Proof is in the pudding", "time": 1536805223.0, "sentiment": "Bullish"}, {"id": 137052341, "text": "$AAPL love Apple but paying $1500 for a phone is ridiculous.", "time": 1536805217.0, "sentiment": ""}, {"id": 137052325, "text": "$AAPL 225 by Friday", "time": 1536805214.0, "sentiment": "Bullish"}, {"id": 137052202, "text": "$AAPL Someone let Tim Cook know I&#39;ll give the next presentation: \n(1) Doing incredible sh*t. \n(2) Will drain the sheep&#39;s wallets. \n$SPY $QQQ", "time": 1536805170.0, "sentiment": "Bullish"}, {"id": 137052187, "text": "$AAPL bears need to order triple doses of vaseline on amazon.", "time": 1536805166.0, "sentiment": "Bullish"}, {"id": 137052161, "text": "$AAPL IPhone XS Max 512 gb, 1,449.00$", "time": 1536805158.0, "sentiment": "Bearish"}, {"id": 137052156, "text": "$AAPL What&#39;s funny is millennials will still pay 1,099. They might not have a job but sure will look stylish.", "time": 1536805156.0, "sentiment": ""}, {"id": 137051951, "text": "$AAPL Apple Watch will now be ideal for the older generations because of health  upgrades, the cheap iPhone Xr will satisfy the lower income", "time": 1536805099.0, "sentiment": ""}, {"id": 137051942, "text": "$AAPL Back to green!!", "time": 1536805097.0, "sentiment": "Bullish"}, {"id": 137051918, "text": "$AAPL old generation will be spending on apple watch. huge market.", "time": 1536805091.0, "sentiment": ""}, {"id": 137051886, "text": "$AAPL love the new iPhones. It will sell like water, no doubt...New ATH a matter of time. #stock", "time": 1536805088.0, "sentiment": "Bullish"}, {"id": 137051841, "text": "$AAPL Loaded the calls from the dip today, next week trading at 30 and cash the calls to buy all new Apple Products. Say thanks to the bears", "time": 1536805077.0, "sentiment": "Bullish"}, {"id": 137051722, "text": "$AAPL stepping even further into the health industry. Should be worth 2 trillion by 2020.", "time": 1536805044.0, "sentiment": "Bullish"}, {"id": 137051656, "text": "$AAPL second favorite post today from the play I mentioned here", "time": 1536805024.0, "sentiment": "Bullish"}, {"id": 137051610, "text": "$AAPL a Watch recommended by Doctors, worldwide.....Apple now rated in Health Care sector also?", "time": 1536805009.0, "sentiment": "Bullish"}, {"id": 137051519, "text": "@abmsllp $FIT $AAPL price is still red. no home run or strikeout announced today. this is why volatility exists. easy money on the dip.", "time": 1536804986.0, "sentiment": "Bullish"}, {"id": 137051508, "text": "$AAPL Leaks ruined this event. Watch seemed more interesting. Huge apple fan, but can\u2019t even imagine the perspective of a non-Apple user rn", "time": 1536804984.0, "sentiment": ""}, {"id": 137051473, "text": "$AAPL picked up a tiny bit more at 220", "time": 1536804975.0, "sentiment": ""}, {"id": 137051472, "text": "$AAPL listened to Apple Event.  Cellular Apple Watch 4  is not only a watch it\u2019s a wearable, FDA approved health monitoring device. Growth\ud83c\udd99", "time": 1536804975.0, "sentiment": "Bullish"}, {"id": 137051463, "text": "$AAPL line already outside my appl store", "time": 1536804973.0, "sentiment": "Bullish"}, {"id": 137051424, "text": "$AAPL does Apple usually tell us how many iPhones are pre-ordered??", "time": 1536804964.0, "sentiment": "Bullish"}, {"id": 137051400, "text": "$AAPL thanks for those cheap calls before! loving them now", "time": 1536804956.0, "sentiment": ""}, {"id": 137051365, "text": "$AAPL Nobody here understands what just happened today with these products... well, except me and a small group. Huge ramifications!", "time": 1536804947.0, "sentiment": "Bullish"}, {"id": 137051330, "text": "$AAPL Bears the type of people to short Apple yet buy a new Apple product every year. FOOLS", "time": 1536804937.0, "sentiment": "Bullish"}, {"id": 137051309, "text": "So hard to trade this push pull on a news releases ? $SPY $AAPL just silly how price moves now", "time": 1536804931.0, "sentiment": ""}, {"id": 137051284, "text": "$AAPL $2 move. Thanks \ud83c\udf4e", "time": 1536804923.0, "sentiment": ""}, {"id": 137051103, "text": "$AAPL spike thru", "time": 1536804869.0, "sentiment": ""}, {"id": 137051074, "text": "$AAPL Bears, just buy the damn stock and stfu. lol", "time": 1536804861.0, "sentiment": "Bullish"}, {"id": 137051056, "text": "$AAPL The handwringing over on the $FIT stream is something else...", "time": 1536804857.0, "sentiment": ""}, {"id": 137051044, "text": "$AAPL Algos now are releasing the Kraken... to 230 next week!", "time": 1536804853.0, "sentiment": "Bullish"}, {"id": 137051008, "text": "$AAPL Bears who own Apple products are the biggest fools on earth", "time": 1536804841.0, "sentiment": "Bullish"}, {"id": 137051005, "text": "$AAPL Some absolute moron on CNBC just now - &quot;Do you really want to pour R&amp;D into a model that&#39;s only going to sell 30M units every year?&quot;", "time": 1536804840.0, "sentiment": "Bullish"}, {"id": 137050998, "text": "$AAPL yup knew the algos were going to run apple back up to help stuff the market higher typical no real downside allowed anymore", "time": 1536804839.0, "sentiment": ""}, {"id": 137050978, "text": "ironic point of the day: $FIT price drops ~6% on $AAPL messaging. in other news, $AAPL price down over 1% in same period.  no here, here.", "time": 1536804835.0, "sentiment": "Bullish"}, {"id": 137050953, "text": "$AAPL new watch is genius  and new phones next Fri. ppl already lining up lol", "time": 1536804828.0, "sentiment": "Bullish"}, {"id": 137050862, "text": "$AAPL Don&#39;t complicate the story. \n$1500 IPhone, giant watch that takes ECGs and detects falls (with baby boomers aging). ===&gt;&gt;&gt; PROFIT", "time": 1536804801.0, "sentiment": "Bullish"}, {"id": 137050793, "text": "$AAPL WOW, what a sell off after the event lol goodnight bears", "time": 1536804778.0, "sentiment": ""}, {"id": 137050792, "text": "@paulcrandall What makes you think you need a $1k+ phone to use an Apple Watch? $AAPL", "time": 1536804777.0, "sentiment": ""}, {"id": 137050765, "text": "$AAPL should buty $DXCM and integrate glucose monitoring.", "time": 1536804772.0, "sentiment": "Bullish"}, {"id": 137050764, "text": "$AAPL Who was the CNBC guy who predicted AAPL sub 100. Haven&#39;t seen him on since", "time": 1536804771.0, "sentiment": ""}, {"id": 137050738, "text": "$AAPL CNBC guest pundit Edward Snyder knows nothing. Just another naysayer trying to make a name by being contrarian. FDA approval is huge!", "time": 1536804764.0, "sentiment": "Bullish"}, {"id": 137050707, "text": "$AAPL so no AirPower?", "time": 1536804753.0, "sentiment": ""}, {"id": 137050666, "text": "$AAPL would never short this. That\u2019s like trying to plug a drain with a toothpick.", "time": 1536804740.0, "sentiment": "Bullish"}, {"id": 137050642, "text": "$AAPL just came here to laugh at a $749 phone as a &quot;budget phone.&quot; Gtfo.", "time": 1536804731.0, "sentiment": ""}, {"id": 137050641, "text": "$AAPL Apple Watch 4 Gorgeous &amp; lots of new features. Iphone XR super cheap compared to prior phones \ud83d\ude80\ud83d\ude80\ud83d\ude80\ud83d\ude80\ud83d\ude80\ud83d\ude80\ud83d\ude80\ud83d\ude80\ud83d\ude80", "time": 1536804731.0, "sentiment": "Bullish"}, {"id": 137050567, "text": "$AAPL Been hearing the same old arguments since 1st gen iPhone. Meanwhile AAPL keeps chugging along", "time": 1536804707.0, "sentiment": ""}, {"id": 137050552, "text": "$AAPL nice little double bottom at 220", "time": 1536804703.0, "sentiment": ""}, {"id": 137050544, "text": "I have to say $AAPL watch is a game changer on the health side there crushing the vix to turn $SPY green working big time", "time": 1536804700.0, "sentiment": ""}, {"id": 137050539, "text": "$AAPL going straight up", "time": 1536804698.0, "sentiment": "Bullish"}, {"id": 137050535, "text": "$AAPL red to green", "time": 1536804697.0, "sentiment": ""}, {"id": 137050448, "text": "$AAPL premium sellers dream here today \ud83d\udcaa\ud83c\udffc", "time": 1536804668.0, "sentiment": ""}, {"id": 137050431, "text": "$AAPL short squeeze", "time": 1536804663.0, "sentiment": "Bullish"}, {"id": 137050404, "text": "@notatwit they do. $AAPL counts on China&#39;s market.", "time": 1536804658.0, "sentiment": ""}, {"id": 137050399, "text": "$AAPL", "time": 1536804657.0, "sentiment": "Bullish"}, {"id": 137050389, "text": "$AAPL Close green", "time": 1536804654.0, "sentiment": ""}, {"id": 137050381, "text": "$AAPL A12 Bionic Real Time Machine Learning Processor. Very Interesting indeed.", "time": 1536804652.0, "sentiment": ""}, {"id": 137050369, "text": "Now $AAPL have 2 iPhones that cost more than average US housing rent", "time": 1536804649.0, "sentiment": ""}, {"id": 137050347, "text": "$AAPL @CNBC__LIVE STOCK BUYBACKS", "time": 1536804643.0, "sentiment": ""}]