[{"id": 137007637, "text": "$AAPL top at 223 then turn around", "time": 1536791946.0, "sentiment": ""}, {"id": 137007372, "text": "$AAPL", "time": 1536791880.0, "sentiment": "Bullish"}, {"id": 137007325, "text": "$AAPL count on Apple ..\nExpect pricing to serve all customer segments globally", "time": 1536791867.0, "sentiment": "Bullish"}, {"id": 137007262, "text": "@OneClap @kpak82 yeah seriously.. you had a ton of nice calls recently $IQ $AMZN $AAPL $TSLA", "time": 1536791853.0, "sentiment": "Bullish"}, {"id": 137007148, "text": "$AAPL $AMZN $MSFT $BABA can we all have a moment of silence for the shorts?", "time": 1536791826.0, "sentiment": "Bullish"}, {"id": 137007088, "text": "$AAPL Assured Innovative Product announcement today", "time": 1536791811.0, "sentiment": "Bullish"}, {"id": 137006964, "text": "$AAPL red to green", "time": 1536791780.0, "sentiment": ""}, {"id": 137006876, "text": "$AAPL is set to launch new iPhone models at 1:00pm ET. Allthingsnow.com says names will be iPhone XS, iPhone XS Max and iPhone XR.", "time": 1536791756.0, "sentiment": ""}, {"id": 137006862, "text": "$DBX yep... this will creep back up with $AAPL and most tech :)", "time": 1536791752.0, "sentiment": "Bullish"}, {"id": 137006757, "text": "$AAPL go \ud83c\udf4e \ud83c\udf4f Apple!", "time": 1536791727.0, "sentiment": "Bullish"}, {"id": 137006715, "text": "@Cwwei1961 yep.. this will creep back up with $AAPL and most tech :)", "time": 1536791716.0, "sentiment": "Bullish"}, {"id": 137006636, "text": "$BZUN $BABA Game of Chicken. Warnings pouring in from $AAPL $CSCO $QCOM $TXN &amp; $GM https://www.telegraph.co.uk/business/2018/09/11/wall-street-dangerously-exposed-china-digs-trump-showdown/", "time": 1536791694.0, "sentiment": ""}, {"id": 137006594, "text": "$AAPL shorties are... FUCKED", "time": 1536791683.0, "sentiment": "Bullish"}, {"id": 137006553, "text": "$AAPL LOL SHORTIES. CHINA TALKS AND EVENT TODAY YOURE SOOOO FUUUUUCKED", "time": 1536791675.0, "sentiment": ""}, {"id": 137006538, "text": "$AAPL easy 50%", "time": 1536791670.0, "sentiment": ""}, {"id": 137006364, "text": "$AAPL Going Green Soon.", "time": 1536791630.0, "sentiment": "Bullish"}, {"id": 137006356, "text": "$AAPL Go back to your Morse code switches, Android freaks.  It\u2019s cheaper and no need to upgrade EVER.", "time": 1536791628.0, "sentiment": "Bullish"}, {"id": 137006266, "text": "$AAPL yessssss!", "time": 1536791608.0, "sentiment": ""}, {"id": 137006240, "text": "$AAPL The notion of resistance, specifying an arbitrary number, is oftentimes a figment of the imagination and, hence, meaningless.", "time": 1536791601.0, "sentiment": "Bullish"}, {"id": 137006172, "text": "$AAPL Watch Apple announcement at 1pm on $TWTR. Yep. Not $FB. Sole partner is $TWTR. First time outside $AAPL ecosystem.  Big News.", "time": 1536791585.0, "sentiment": "Bullish"}, {"id": 137006162, "text": "$AAPL full reversal incoming", "time": 1536791583.0, "sentiment": "Bullish"}, {"id": 137006134, "text": "$AAPL congrats all", "time": 1536791577.0, "sentiment": ""}, {"id": 137006090, "text": "$AAPL WS doesn&#39;t fail when it comes to Apple dips lol $$$$$$$$$$$$$$$$$$$$$$$$$$$$$$$$$$$$$$$$$$$$$$$$$$$$$", "time": 1536791565.0, "sentiment": "Bullish"}, {"id": 137006023, "text": "Apple leaks 40-44mm Apple Watches, iPhone Xs, and iPhone Xr colors $AAPL @apple #iphone http://bit.ly/2x92x2h", "time": 1536791551.0, "sentiment": ""}, {"id": 137005828, "text": "$AAPL maybe a straddle for this?", "time": 1536791506.0, "sentiment": ""}, {"id": 137005632, "text": "$AAPL HMM. &quot;Big banks dumping&quot; while charts are showing accumulation? \nNope, makes ZERO sense.", "time": 1536791456.0, "sentiment": "Bullish"}, {"id": 137005506, "text": "$AAPL But it&#39;s the perfect business model \ud83d\ude02", "time": 1536791424.0, "sentiment": "Bearish"}, {"id": 137005487, "text": "$AAPL it will be green before the announcement.  China trade talks have improved, market is rocket shipping higher now", "time": 1536791419.0, "sentiment": "Bullish"}, {"id": 137005476, "text": "$AAPL this bitch is going green", "time": 1536791417.0, "sentiment": "Bullish"}, {"id": 137005261, "text": "$AAPL Where do you think this is by conference start? 223, 224, 225 higher? \nDon&#39;t even bother giving any lower nonsense.", "time": 1536791365.0, "sentiment": "Bullish"}, {"id": 137005139, "text": "$AMZN $AAPL climbing back as well", "time": 1536791338.0, "sentiment": "Bullish"}, {"id": 137005020, "text": "$AAPL \ud83e\udd14\ud83e\udd14", "time": 1536791303.0, "sentiment": ""}, {"id": 137004974, "text": "$AAPL no clear successor at AAPL though.  If Cookie retires, who&#39;s next?", "time": 1536791292.0, "sentiment": ""}, {"id": 137004867, "text": "$AAPL I had held AAPL since 2012 and I can tell you that all Naysayers have been wrong.  YOu can bet on AAPL for as long as Cookie is around", "time": 1536791272.0, "sentiment": ""}, {"id": 137004762, "text": "$AAPL A glaring example of how perfectly ridiculous the stock market can sometimes be.", "time": 1536791247.0, "sentiment": "Bullish"}, {"id": 137004761, "text": "$NKE When EU closes our Market may run over 200 DOW $SPY $AAPL $QQQ $AMZN $JPM $XLF $GS $BABA", "time": 1536791245.0, "sentiment": "Bullish"}, {"id": 137004748, "text": "$AAPL shorts are really working to try to bring it down, problem is they have to work twice as hard after the small run, soon buyers only", "time": 1536791240.0, "sentiment": ""}, {"id": 137004504, "text": "$AAPL only thing that can save apple is 5K I-Phones and as much as Buffet would like it, it won&#39;t happen (gen. pop. doesn&#39;t have his funds)", "time": 1536791191.0, "sentiment": "Bearish"}, {"id": 137004379, "text": "@shortcannon which $AAPL option did you get in", "time": 1536791163.0, "sentiment": ""}, {"id": 137004209, "text": "$AAPL it\u2019s a trap to go down", "time": 1536791122.0, "sentiment": ""}, {"id": 137004162, "text": "$AAPL ya.. got toooo, SHAKE IT ... Before YA Bake it ...", "time": 1536791111.0, "sentiment": "Bullish"}, {"id": 137004028, "text": "$AAPL Another round of china trade talks coming! Tariffs may be put on hold!", "time": 1536791077.0, "sentiment": "Bullish"}, {"id": 137003877, "text": "@shortcannon lol got in on a nice profit for $T call, ignore $AAPL because of the correlation with event history and stock price", "time": 1536791048.0, "sentiment": ""}, {"id": 137003876, "text": "$AAPL BTMFD lol", "time": 1536791048.0, "sentiment": "Bullish"}, {"id": 137003769, "text": "$AAPL", "time": 1536791018.0, "sentiment": "Bullish"}, {"id": 137003758, "text": "$AAPL yum", "time": 1536791015.0, "sentiment": "Bullish"}, {"id": 137003664, "text": "$AAPL Go down", "time": 1536790993.0, "sentiment": ""}, {"id": 137003612, "text": "Have a great day all. $GILD $AAPL Gilead Apple", "time": 1536790982.0, "sentiment": ""}, {"id": 137003426, "text": "$AAPL insiders are buying up $KDP huge block trades and it&#39;s on a break out!", "time": 1536790940.0, "sentiment": ""}, {"id": 137003419, "text": "$AAPL almost 1130, EU looking good", "time": 1536790937.0, "sentiment": ""}, {"id": 137003393, "text": "$AMTD $ETFC $IBKR $SCHW Between brokers $NFLX $AAPL $FB $AMZN $EA $TTWO $ATVI eSport bettings, live sports, there is just no time 4 children", "time": 1536790933.0, "sentiment": ""}, {"id": 137003294, "text": "$SHOP I\u2019ll bet we see a SHOP augmented reality shopping demo at today\u2019s $AAPL conference showcasing new iPhone abilities :D", "time": 1536790915.0, "sentiment": "Bullish"}, {"id": 137003222, "text": "Had 2 other daytrades on this AM (1 win/1loss &amp; $GILD posted profits. I\u2019m going to step back and wait for $AAPL Apple volatility but do nada", "time": 1536790897.0, "sentiment": ""}, {"id": 137003190, "text": "$AAPL you bears are high if you think these new iPhones won\u2019t sell.", "time": 1536790889.0, "sentiment": "Bullish"}, {"id": 137003165, "text": "$AAPL Triple top", "time": 1536790882.0, "sentiment": ""}, {"id": 137003138, "text": "$AAPL WOW I\u2019m making money!!", "time": 1536790875.0, "sentiment": "Bullish"}, {"id": 137003096, "text": "$AAPL Dow jumps 100 points in sudden move after report US proposing new trade talks with China https://www.cnbc.com/2018/09/12/us-markets-trade-conflicts-continue-to-fester.html", "time": 1536790864.0, "sentiment": "Bullish"}, {"id": 137002950, "text": "$AAPL opening trade talks with China was the catalyst the market needed, blocks blown through, time for the run", "time": 1536790831.0, "sentiment": ""}, {"id": 137002892, "text": "$SPY Breaking news: $AAPL to pay off US national debt tomorrow at noon. US equities spike up.\n\n/s", "time": 1536790819.0, "sentiment": "Bullish"}, {"id": 137002590, "text": "$AAPL uses $AMD \ud83e\udd2b", "time": 1536790755.0, "sentiment": "Bullish"}, {"id": 137002589, "text": "$AAPL Good possible short opportunity back to 180 - 190 \ud83d\udc40", "time": 1536790755.0, "sentiment": "Bearish"}, {"id": 137002477, "text": "$AAPL lol told you morons EU is green nothing to panic about", "time": 1536790726.0, "sentiment": ""}, {"id": 137002468, "text": "$ES_F $SPY $SPX jump in at any price, bulls are likely to escape with profits\ud83d\ude02\ud83e\udd23 $DIA $DJIA $QQQ $NDX $IWM $FB $AAPL $AMZN $NFLX $GOOG $AMD", "time": 1536790725.0, "sentiment": "Bullish"}, {"id": 137002391, "text": "$AAPL Rejected 222", "time": 1536790704.0, "sentiment": ""}, {"id": 137002387, "text": "$AAPL $AMZN $MSFT new trade talks with china coming. Sorry bears.", "time": 1536790703.0, "sentiment": "Bullish"}, {"id": 137002323, "text": "$AAPL This should give bulls a boost.", "time": 1536790688.0, "sentiment": ""}, {"id": 137002299, "text": "$AAPL Lat year this fell after the release, very hesitant atm", "time": 1536790683.0, "sentiment": ""}, {"id": 137002288, "text": "$AAPL no way. Please don\u2019t tell me Apple single handedly just caused that rally $SPY", "time": 1536790680.0, "sentiment": ""}, {"id": 137002197, "text": "$AAPL Still overvalued the greed here is unreal", "time": 1536790660.0, "sentiment": "Bearish"}, {"id": 137002165, "text": "$AAPL Nope today 11AM algos won&#39;t be able to lift this stealthily on low volume  \u00af\\_(\u30c4)_/\u00af", "time": 1536790651.0, "sentiment": ""}, {"id": 137002090, "text": "$AAPL needs to hurry up and jump before Theta ruins my calls!  Mr. Buffet would SO disapprove of my trading style.", "time": 1536790635.0, "sentiment": "Bullish"}, {"id": 137001997, "text": "$JPM Jamie not remaining&quot;anonymoussssess&quot; $GS $XLF $SPY $BABA $AAPL", "time": 1536790618.0, "sentiment": "Bullish"}, {"id": 137001916, "text": "$AAPL thanks :)", "time": 1536790601.0, "sentiment": ""}, {"id": 137001914, "text": "$AAPL I think I remember last event it spiked really hard when the man walked on stage, then again for the watch. Then bled for days.", "time": 1536790600.0, "sentiment": ""}, {"id": 137001902, "text": "$AAPL now you all see how we crush it \ud83e\udd11", "time": 1536790597.0, "sentiment": "Bullish"}, {"id": 137001729, "text": "$AAPL my calls will pay for an iphone", "time": 1536790560.0, "sentiment": "Bullish"}, {"id": 137001643, "text": "$OLED Very similar chart action to Apple&#39;s. OLED is directly tied to today&#39;s $AAPL announcement.", "time": 1536790541.0, "sentiment": "Bullish"}, {"id": 137001628, "text": "$AMD $300 by 2020??? Watch $NVDA, same pattern... AMD has CPU + GPU + custom chips for PS4-PS5, Xbox, and soon $AAPL... AMD=King. Lisa=queen", "time": 1536790539.0, "sentiment": "Bullish"}, {"id": 137001461, "text": "$AAPL here it comes \ud83d\ude80\ud83d\ude80\ud83d\ude80\ud83d\ude80\ud83d\udca5\ud83d\udd1d\ud83d\udd1d\ud83d\udd1d\ud83d\udd1d\ud83d\udd1d\ud83d\udd1d\ud83d\udcb8\ud83d\udcb8\ud83d\udcb8\ud83d\udcb8\ud83d\udcb8\ud83d\udcb8", "time": 1536790506.0, "sentiment": "Bullish"}, {"id": 137001431, "text": "$NVDA $AAPL $GOOGL VWAP. \n$BABA Bounced. \n$FB Tight.", "time": 1536790499.0, "sentiment": ""}, {"id": 137001126, "text": "$AAPL $MU $TWTR $NTNX $SNAP Market will recover after AAPL&#39;s event today.  Mark this email", "time": 1536790440.0, "sentiment": ""}, {"id": 137001008, "text": "$AAPL Why buybacks matter. Apple about to lay it on.", "time": 1536790411.0, "sentiment": "Bullish"}, {"id": 137000977, "text": "$AAPL everyone has an Apple story.", "time": 1536790406.0, "sentiment": "Bullish"}, {"id": 137000893, "text": "$AAPL I bet bears crapped there pants on that jump lol", "time": 1536790389.0, "sentiment": "Bullish"}, {"id": 137000882, "text": "$AAPL So many scalpers and it will go down today", "time": 1536790387.0, "sentiment": ""}, {"id": 137000854, "text": "$AAPL congrats to whoever gets my iPhone X when I upgrade to XS. It\u2019s been a great phone, like new.", "time": 1536790380.0, "sentiment": ""}, {"id": 137000840, "text": "$AAPL would not be surprised at all to see AAPL up 5 or more points by close.", "time": 1536790377.0, "sentiment": ""}, {"id": 137000693, "text": "$AAPL love days like today", "time": 1536790342.0, "sentiment": "Bullish"}, {"id": 137000664, "text": "grbbed some $aapl calls for small scalp", "time": 1536790337.0, "sentiment": ""}, {"id": 137000649, "text": "$AAPL I need yo buy a Mac mini, what\u2019s the likelihood of a new model so I can pick up the current cheaper?", "time": 1536790332.0, "sentiment": ""}, {"id": 137000608, "text": "$AAPL Mr. Cook give us some great news!!!", "time": 1536790323.0, "sentiment": "Bullish"}, {"id": 137000446, "text": "Cost of Hedging Downside Risk (30 Day) $AAPL $CSCO $FB $NIO $T $SMH $TLRY $MO $MU $FNKO $FOMX $PVTL $MBOT $NXPI https://marketchameleon.com/volReports/DownsidePutProtection", "time": 1536790283.0, "sentiment": ""}, {"id": 137000107, "text": "$AMD CFO absolutely crushed conf, confirming ALLthe good news. \nNow on to $AAPL presentation, BLOCKBUSTER products... maybe new Macbooks?", "time": 1536790201.0, "sentiment": "Bullish"}, {"id": 137000077, "text": "$AAPL Going down again", "time": 1536790191.0, "sentiment": ""}, {"id": 137000032, "text": "$AAPL RSI still in the 50s on daily. Far from overbought and valuation far from demanding. #stocks", "time": 1536790177.0, "sentiment": "Bullish"}, {"id": 136999891, "text": "Goldman Highlights China Among Micron&#39;s Long-term Risks $AAPL http://dlvr.it/QjyT2T", "time": 1536790146.0, "sentiment": ""}, {"id": 136999857, "text": "@j0hnqd03 IF this is the reason then this election crapolla by Congress to appease masses is just OUT OF CONTROL \n$twtr $aapl $googl $FB", "time": 1536790137.0, "sentiment": ""}, {"id": 136999846, "text": "$AAPL maybe...", "time": 1536790135.0, "sentiment": ""}, {"id": 136999769, "text": "$CRON $AAPL.Rise and shine! We\u2019re ready for a big day at Apple Park!...Tim Cook just tweeted!", "time": 1536790116.0, "sentiment": ""}, {"id": 136999600, "text": "$AAPL including me?", "time": 1536790079.0, "sentiment": ""}, {"id": 136999588, "text": "$AAPL Bastards hit 219.84 had my order in at 219.80", "time": 1536790076.0, "sentiment": ""}, {"id": 136999534, "text": "$AAPL a lot of people on this board have no idea what they are talking about \ud83d\ude02\ud83d\udcc8", "time": 1536790062.0, "sentiment": "Bullish"}, {"id": 136999512, "text": "$AAPL Green by eod", "time": 1536790056.0, "sentiment": "Bullish"}, {"id": 136999486, "text": "$AAPL \ud83d\udc40", "time": 1536790049.0, "sentiment": "Bullish"}, {"id": 136999445, "text": "$AAPL keep buying at the 20 day", "time": 1536790041.0, "sentiment": "Bullish"}, {"id": 136999364, "text": "$AAPL did someone turn on the robots again?", "time": 1536790019.0, "sentiment": ""}, {"id": 136999354, "text": "Unusual Daily Option Trading Spikes (Relative to 90-Day Average) $SPY $QQQ $AAPL $MU $BAC $AMD $SNAP $FB $TSLA $T https://marketchameleon.com/Reports/optionVolumeReport", "time": 1536790017.0, "sentiment": ""}, {"id": 136999300, "text": "$AAPL wow above $214", "time": 1536790007.0, "sentiment": ""}, {"id": 136999273, "text": "$AAPL gather round?  maybe a round watch face?", "time": 1536790002.0, "sentiment": ""}, {"id": 136999232, "text": "Ok big rev here on news buy prog next is Beige book at 2:00 this data release will move price again $SPY Now Leaks on $AAPL buy prog rev", "time": 1536789993.0, "sentiment": ""}, {"id": 136999181, "text": "$AAPL  desperately needs \u201cOne more thing\u201d moment. Otherwise will be boring company", "time": 1536789981.0, "sentiment": ""}, {"id": 136999110, "text": "&quot;Historic Trend indicates that $AAPL\u2019s intraday low will drift from today\u2019s $220.27 downward to about $216 over the next 5 trading sessions&quot;", "time": 1536789965.0, "sentiment": "Bullish"}, {"id": 136998991, "text": "Apple&#39;s Special Event: Stocks To Watch\n\n$FIT $AAPL $CRUS $SPOT $OLED $SWKS $SONO $QRVO\n\n  https://m.benzinga.com/article/12337947", "time": 1536789940.0, "sentiment": ""}, {"id": 136998967, "text": "$FB $AAPL $AMZN $SNAP $HQY ALL GETTING DUMPED BY WALL STREET LIKE A PILE OF TRASH  \ud83d\uddd1\ud83d\uddd1\ud83d\uddd1\ud83d\ude2e\ud83d\ude2e", "time": 1536789934.0, "sentiment": "Bearish"}, {"id": 136998940, "text": "$AAPL sold my call yesterday. Back in them today.", "time": 1536789930.0, "sentiment": "Bullish"}, {"id": 136998883, "text": "Warren wants iphone to sell for $5k probably, so his $AAPL shares will soar &amp; he gets tens of billions more. No boundaries on his greed. LOL", "time": 1536789919.0, "sentiment": ""}, {"id": 136998804, "text": "$AAPL Time to all in", "time": 1536789902.0, "sentiment": "Bullish"}, {"id": 136998791, "text": "$AAPL with phones being now financed $ a decrease in taxes, consumers can afford more expensive iPhones. Hoping lowest tier starts at $800+", "time": 1536789899.0, "sentiment": "Bullish"}, {"id": 136998744, "text": "$AAPL 2 hours until the big show! Buy now while you can.", "time": 1536789888.0, "sentiment": ""}, {"id": 136998674, "text": "https://www.cnbc.com/video/2018/09/11/apple-aapl-shares-are-surging-into-big-event-heres-how-to-play-it.html $AAPL my CNBC interview panning AAPL shortterm technically calling for pullback to 205- Not unlike 2012, 2015", "time": 1536789873.0, "sentiment": "Bearish"}, {"id": 136998596, "text": "$AAPL Closed out yesterday\u2019s calls (bought EOD) at the open for 20% gain", "time": 1536789851.0, "sentiment": "Bullish"}, {"id": 136998551, "text": "$AAPL grabbed some Feb $235 Calls this morning on that drop", "time": 1536789841.0, "sentiment": "Bullish"}, {"id": 136998201, "text": "$AAPL i phone a dud....sell of may continue", "time": 1536789755.0, "sentiment": ""}, {"id": 136998098, "text": "Amazon, Apple, others to testify before U.S. Senate on data privacy September 26\n\n$AMZN $AAPL\n\nhttps://www.streetinsider.com/dr/news.php?id=14600498", "time": 1536789728.0, "sentiment": ""}, {"id": 136998074, "text": "$AAPL this trash is bringing whole tech sector down", "time": 1536789723.0, "sentiment": ""}, {"id": 136998065, "text": "$AAPL this is some tight control right here", "time": 1536789722.0, "sentiment": ""}, {"id": 136998045, "text": "$AAPL Guess who&#39;s buying today: Mr Buffet and Mr. Cook. Can&#39;t take my shares!!", "time": 1536789716.0, "sentiment": "Bullish"}, {"id": 136998031, "text": "$AAPL out half at $1.08.  Nice", "time": 1536789710.0, "sentiment": "Bearish"}, {"id": 136997974, "text": "$AAPL Say what u want but here is the fact. BIG money is buying from weak scared hands who are watching CNBC", "time": 1536789694.0, "sentiment": ""}, {"id": 136997951, "text": "$AAPL ready for take off \ud83d\ude80", "time": 1536789687.0, "sentiment": "Bullish"}, {"id": 136997911, "text": "$AAPL cnbc pump imcoming", "time": 1536789679.0, "sentiment": ""}, {"id": 136997861, "text": "$AAPL what the millenials dont understand is that they are about to get the ultimate rug pull and then hate the market and blame trump on it", "time": 1536789674.0, "sentiment": "Bearish"}, {"id": 136997685, "text": "$AAPL Bought Feb calls. Easy money.", "time": 1536789653.0, "sentiment": "Bullish"}, {"id": 136997446, "text": "$AAPL This is ready to shit another $2 down", "time": 1536789634.0, "sentiment": ""}, {"id": 136997248, "text": "$AAPL  240 by Friday, pump it..", "time": 1536789611.0, "sentiment": "Bullish"}, {"id": 136997089, "text": "Time to sit back been a real fine day now this will force us to work we had a plan on out come worked to the T time to be safe $SPY $AAPL", "time": 1536789576.0, "sentiment": ""}, {"id": 136997035, "text": "$AAPL This could go back to 216 EOD.", "time": 1536789566.0, "sentiment": "Bearish"}, {"id": 136997031, "text": "Will Apple Be Golden Delicious? $AAPL @apple #iphone http://bit.ly/2MqUkLT", "time": 1536789563.0, "sentiment": ""}, {"id": 136996997, "text": "$AAPL Oct 26 240 calls here", "time": 1536789554.0, "sentiment": "Bullish"}, {"id": 136996893, "text": "$AAPL $AMZN bi polar-ish", "time": 1536789525.0, "sentiment": ""}, {"id": 136996890, "text": "$AAPL 225 weeklies now 1.2\n2X eod", "time": 1536789525.0, "sentiment": "Bullish"}, {"id": 136996814, "text": "$AAPL gotta love how all of the old men that are close to their deathbeds tell the next gen to invest at the top of market cycles huehuehue", "time": 1536789504.0, "sentiment": "Bearish"}, {"id": 136996738, "text": "$AAPL investors not cheering lower prices on new iPhone models.  The big show starts at 1 pm ET here: https://www.apple.com/apple-events/september-2017/ Surprises?", "time": 1536789484.0, "sentiment": ""}, {"id": 136996707, "text": "$AMZN bear market over for today. $AAPL stops cleaned again", "time": 1536789478.0, "sentiment": "Bullish"}, {"id": 136996656, "text": "$AAPL wouldn&#39;t it be crazy if they announced their electric car as a surprise", "time": 1536789464.0, "sentiment": "Bullish"}, {"id": 136996532, "text": "OK HFT buy prog hit to stop this a news release hit stop this dead rev flow $SPY this is the new normal on game took runner $AAPL as close", "time": 1536789435.0, "sentiment": ""}, {"id": 136996490, "text": "$AAPL markets been selling off for 1.5 hours! Reversal time", "time": 1536789421.0, "sentiment": ""}, {"id": 136996261, "text": "$AAPL AAPL event live stream at 10PT 1Eastern. https://twitter.com/Apple/", "time": 1536789360.0, "sentiment": "Bullish"}, {"id": 136996134, "text": "$AAPL is this gonna trade sideways until 1 pm or what", "time": 1536789324.0, "sentiment": ""}, {"id": 136996076, "text": "$AAPL &quot;dont trade apple, invest in it&quot; -Jim Cramer", "time": 1536789310.0, "sentiment": "Bearish"}]