[{"id": 137188922, "text": "$AAPL Can this get to 230 by tomorrow bell?", "time": 1536882154.0, "sentiment": "Bullish"}, {"id": 137188688, "text": "$AAPL Let me guess, Bears pretty quiet today?  Yesterday the stock was going to 180..... lol", "time": 1536882094.0, "sentiment": ""}, {"id": 137188675, "text": "$AAPL ", "time": 1536882092.0, "sentiment": "Bullish"}, {"id": 137188667, "text": "$AAPL What clown bear was tapping about no way 3% today??? Bueller Bueller", "time": 1536882090.0, "sentiment": "Bullish"}, {"id": 137188648, "text": "$AAPL 235+ Friday or next week! Keep on short squeezing! Looks like some big investors are joining the Buffett long party!!! Go Warren!!!", "time": 1536882085.0, "sentiment": "Bullish"}, {"id": 137188645, "text": "in at 222.35 $AAPL ", "time": 1536882083.0, "sentiment": ""}, {"id": 137188612, "text": "$AAPL Can this get to 230 by end of tomorrow?", "time": 1536882076.0, "sentiment": ""}, {"id": 137188581, "text": "$AAPL can we see a 4pt increase today?", "time": 1536882066.0, "sentiment": "Bullish"}, {"id": 137188481, "text": "$AAPL Glad I covered \ud83d\ude2c", "time": 1536882040.0, "sentiment": ""}, {"id": 137188419, "text": "$AAPL incredible price action here.", "time": 1536882025.0, "sentiment": "Bullish"}, {"id": 137188399, "text": "$AAPL exactly!!!!", "time": 1536882020.0, "sentiment": ""}, {"id": 137188356, "text": "#Update(9)  $AAPL Sep-14 220 Calls Up +160%.  sincealerted on: Aug 28. \n\n https://www.sleekoptions.com/st.aspx?ald=750EC19E-6995-4CBA-", "time": 1536882012.0, "sentiment": "Bullish"}, {"id": 137188301, "text": "$AAPL I guess peeps like the new IPhones:))", "time": 1536881998.0, "sentiment": "Bullish"}, {"id": 137188240, "text": "$AMD Been trading stocks for a year, in college, made $700 off calls of this and $AAPL. Think I&#39;m doing pretty good!", "time": 1536881984.0, "sentiment": ""}, {"id": 137188127, "text": "$AAPL You can buy now or at 230 tomorrow", "time": 1536881956.0, "sentiment": "Bullish"}, {"id": 137188115, "text": "$AAPL Lunch break. Then shift to high gear to $230", "time": 1536881954.0, "sentiment": "Bullish"}, {"id": 137188109, "text": "$AAPL Ok so hear me out, I come from a 3rd world country. People there don&#39;t have much, barely the basics to survive but still have iPhones", "time": 1536881953.0, "sentiment": "Bullish"}, {"id": 137188098, "text": "@OptionsPlayers made 160% on $AAPL 9/14 230 call . Thanks to Steve and OP group, they hinted before Mkt open that $AAPL cud skyrocket today.", "time": 1536881952.0, "sentiment": ""}, {"id": 137188010, "text": "$AAPL building support here then will explode higher. From what I\u2019m seeing.", "time": 1536881927.0, "sentiment": "Bullish"}, {"id": 137187967, "text": "$NFLX $NVDA $AAPL Highs. \n$FB $BABA $GOOGL VWAP. \n$BIDU $NTES $SINA $WB Gapped up after yday.", "time": 1536881915.0, "sentiment": ""}, {"id": 137187722, "text": "$QQQ all $AAPL moves. FANG is weak", "time": 1536881854.0, "sentiment": ""}, {"id": 137187686, "text": "$AAPL the health stuff is very interesting. Imagine the volume they could move as everyone in starts seeing the watch as a must have.", "time": 1536881847.0, "sentiment": "Bullish"}, {"id": 137187609, "text": "$AAPL Fighting hard  to keep that upward momentum.", "time": 1536881827.0, "sentiment": "Bullish"}, {"id": 137187499, "text": "$AAPL&#39;s iPhone XR may be a major seller for the second half of 2018. https://investorplace.com/2018/09/iphone-xr-may-be-a-big-seller-for-apple/", "time": 1536881802.0, "sentiment": ""}, {"id": 137187403, "text": "$AAPL strength", "time": 1536881779.0, "sentiment": "Bullish"}, {"id": 137187095, "text": "$AAPL Did calls for 227.5, 230, 232.5? Will this go back up by the end of tomorrow?", "time": 1536881711.0, "sentiment": ""}, {"id": 137186960, "text": "$AAPL Could people could be buying Apple Watch Series 4 with their HSA?", "time": 1536881674.0, "sentiment": "Bullish"}, {"id": 137186820, "text": "$AAPL flush this pig.   Way overvalued.", "time": 1536881642.0, "sentiment": ""}, {"id": 137186779, "text": "Why Square Beats Venmo on Many Levels. $SQ $BTC.X $AAPL $GOOG https://hadeplatform.com/articles/2018/09/13/why-square-nysesq-beats-venmo-on-many-levels", "time": 1536881629.0, "sentiment": ""}, {"id": 137186570, "text": "$AAPL need more gas, stalling a bit", "time": 1536881574.0, "sentiment": "Bullish"}, {"id": 137186405, "text": "$AAPL lunch time dip", "time": 1536881532.0, "sentiment": "Bullish"}, {"id": 137186242, "text": "$SPY US re-talk with China, possible Canada agrees the NAFTA deals, Tax-Cut eom $AAPL pre-order sales releases $AMZN $AMD $GOOGL $MSFT ATH", "time": 1536881486.0, "sentiment": "Bullish"}, {"id": 137186212, "text": "$BB Master the BlackBerry KEY2 Secured Android Keyboard in 2 minutes $AAPL \n\nhttps://t.co/PQHrxzIal8", "time": 1536881478.0, "sentiment": "Bullish"}, {"id": 137186134, "text": "$AAPL timberrrrr.   Short entry started.", "time": 1536881454.0, "sentiment": ""}, {"id": 137186091, "text": "$CYTX $NIO $GERN $GNC Start trading options and I promise you will never want to trade penny stocks again. $SPY $AAPL", "time": 1536881441.0, "sentiment": ""}, {"id": 137186063, "text": "$AAPL welp... I was wrong. Congrats longs. I was hoping to get in at $216-$218. GL", "time": 1536881433.0, "sentiment": ""}, {"id": 137186060, "text": "$AAPL keep \ud83c\udf4e ate the \ud83c\udf4b hahahhah", "time": 1536881432.0, "sentiment": "Bullish"}, {"id": 137185795, "text": "$AAPL back to earth", "time": 1536881364.0, "sentiment": "Bearish"}, {"id": 137185691, "text": "$AAPL bull hammers everywhere today. Get it!", "time": 1536881336.0, "sentiment": "Bullish"}, {"id": 137185560, "text": "$FIT true $FIT is not $AAPL, but why compare", "time": 1536881299.0, "sentiment": ""}, {"id": 137185513, "text": "$AAPL  229.67 was 52 week ATH......LETS make it happen TODAY!!!  mkt is rallying and bears need to cover!  Watch will save lives", "time": 1536881284.0, "sentiment": ""}, {"id": 137185373, "text": "$AAPL profit taking could tank this hard in a couple hours. Long term no worries though.", "time": 1536881241.0, "sentiment": ""}, {"id": 137185360, "text": "$TLRY $AAPL up 3%, you&#39;re missing out. huh? oh wait. nevermind.", "time": 1536881238.0, "sentiment": ""}, {"id": 137185307, "text": "$AAPL giddy up", "time": 1536881225.0, "sentiment": ""}, {"id": 137185224, "text": "$AAPL i am so sorry for each bears", "time": 1536881201.0, "sentiment": "Bullish"}, {"id": 137185218, "text": "$AAPL new ATH incoming", "time": 1536881200.0, "sentiment": "Bullish"}, {"id": 137185109, "text": "$AAPL Buy here at 227.5 and sell at 215 next week.", "time": 1536881174.0, "sentiment": "Bullish"}, {"id": 137185025, "text": "$AMZN party is over today I think - it\u2019s stuck in neutral. I bet a bunch of ppl thought this would follow $AAPL today", "time": 1536881147.0, "sentiment": ""}, {"id": 137184934, "text": "$AAPL get all your fam to buy, your friends, your dog, get every Apple products y&#39;all. Make me some green!", "time": 1536881124.0, "sentiment": "Bullish"}, {"id": 137184900, "text": "$AAPL if you want to get in on dip, this is the dip lol", "time": 1536881117.0, "sentiment": ""}, {"id": 137184873, "text": "$aapl pure algos....this will end ugly.  The next $ANF", "time": 1536881109.0, "sentiment": "Bearish"}, {"id": 137184856, "text": "$AAPL scratching head and wondering why this move didn&#39;t happen yesterday. Interesting....", "time": 1536881104.0, "sentiment": ""}, {"id": 137184799, "text": "Most Active Equity Options And Strikes For Midday September 13 - $BAC, $AAPL, $CZR, $INTC, $GNC \nhttp://www.theoptionsinsider.com/most-active-equity-options-and-strikes-for-midday-september-13-bac-aapl-czr-intc-gnc/", "time": 1536881084.0, "sentiment": ""}, {"id": 137184731, "text": "$AAPL cant get a better trend line. i love when stocks grind people out", "time": 1536881063.0, "sentiment": "Bullish"}, {"id": 137184685, "text": "$AAPL XS Max and Apple Watch 4 funding secured \ud83d\ude02\ud83d\udcb0\ud83d\ude09", "time": 1536881051.0, "sentiment": "Bullish"}, {"id": 137184675, "text": "$tlry LOL.  Fun to watch.  Trillion market cap  $aapl", "time": 1536881049.0, "sentiment": ""}, {"id": 137184648, "text": "$AAPL hell no not today maybe after tomorrow", "time": 1536881042.0, "sentiment": ""}, {"id": 137184642, "text": "$AAPL Democrats predicted to take house in November. Long term puts may be the play after this levels off. Thoughts?", "time": 1536881040.0, "sentiment": ""}, {"id": 137184558, "text": "$DBX closed out some big profits thank you $AAPL  Can it NOW be your turn DBX ? my target price lowered to 29 EOM IMO", "time": 1536881012.0, "sentiment": "Bullish"}, {"id": 137184504, "text": "$AAPL biggest one day gain in a long long time. Wtf? Go bb Apple go", "time": 1536880993.0, "sentiment": ""}, {"id": 137184493, "text": "CALL SWEEPERS ACTIVE, BUYING PRETTY BROAD -- SOME NAMES TO SEE ACTION - $TLRY $TNDM $IAC $MGM $CZR $AAPL $NSC $IMPV $MNST $KWEB $AR $NVDA", "time": 1536880990.0, "sentiment": ""}, {"id": 137184444, "text": "$AAPL next year&#39;s dog?", "time": 1536880977.0, "sentiment": "Bearish"}, {"id": 137184369, "text": "$AAPL Recent MACD cross on the 2-hour candle.", "time": 1536880956.0, "sentiment": ""}, {"id": 137184338, "text": "$AAPL it\u2019s pulling a Boeing from last year", "time": 1536880948.0, "sentiment": ""}, {"id": 137184319, "text": "$AAPL not stopping", "time": 1536880943.0, "sentiment": "Bullish"}, {"id": 137184306, "text": "$AAPL I&#39;m thinking today&#39;s sellers are going to be pissed they sold early and will buy back in tomorrow. Lots of buying going on still.", "time": 1536880940.0, "sentiment": "Bullish"}, {"id": 137184243, "text": "$AAPL reloading for leg higher", "time": 1536880921.0, "sentiment": "Bullish"}, {"id": 137184143, "text": "$aapl Biggest losers are $FIT trolls acting like their company has any value!! AAPL gained 30B today, or over 20x FIT market cap", "time": 1536880896.0, "sentiment": ""}, {"id": 137184126, "text": "$AAPL don\u2019t you even think about selling to buffet right now", "time": 1536880892.0, "sentiment": ""}, {"id": 137184113, "text": "$AAPL why don\u2019t I own apple \ud83e\udd26\u200d\u2642\ufe0f\n300 by Christmas \ud83e\udd37\u200d\u2642\ufe0f\nCongrats", "time": 1536880888.0, "sentiment": "Bullish"}, {"id": 137184112, "text": "$AAPL China says half of US companies in China are in dire threat if Tariffs continue. Are they talking about Apple? Devils advocate", "time": 1536880888.0, "sentiment": ""}, {"id": 137184103, "text": "$AAPL What a trade What a trade.....the question now is do you take profits or still ride???  THoughts?", "time": 1536880886.0, "sentiment": ""}, {"id": 137184083, "text": "$AAPL glad I added during consolidation yesterday. \ud83d\udcb0 \ud83d\udcb0 \ud83d\udcb0", "time": 1536880880.0, "sentiment": "Bullish"}, {"id": 137183977, "text": "$AAPL I have a feeling there\u2019s more upside so I\u2019m going to wait a few more hours before I sell", "time": 1536880848.0, "sentiment": "Bullish"}, {"id": 137183927, "text": "$SWKS trades along with $AAPL", "time": 1536880838.0, "sentiment": "Bullish"}, {"id": 137183918, "text": "$AAPL did you buy at 227.5", "time": 1536880837.0, "sentiment": ""}, {"id": 137183914, "text": "$AAPL I\u2019m ordering the new Apple Watch... ! It\u2019s impressive", "time": 1536880836.0, "sentiment": "Bullish"}, {"id": 137183862, "text": "$AAPL Apple products &amp; services are an addiction. Even Buffet knows it. Said he would sell his jet B4 he would give up his IPad or iPhone  ", "time": 1536880818.0, "sentiment": "Bullish"}, {"id": 137183842, "text": "$AAPL this can\u2019t be stopped whole new diff beast with Buffet behind them", "time": 1536880812.0, "sentiment": ""}, {"id": 137183673, "text": "$AAPL Looks Globally Huge Pre Orders in progress", "time": 1536880765.0, "sentiment": "Bullish"}, {"id": 137183574, "text": "$AAPL I&#39;m seeing close in high 225&#39;s after profit sell off. One tweet and market tanks tomorrow.", "time": 1536880742.0, "sentiment": "Bearish"}, {"id": 137183476, "text": "$AAPL  hahahahahahahaha", "time": 1536880714.0, "sentiment": ""}, {"id": 137183447, "text": "$AAPL Im more disappointed in knowing bears posting all their low education drama yesterday have no $$$ to lose :(", "time": 1536880709.0, "sentiment": ""}, {"id": 137183423, "text": "$AAPL wants $229 close", "time": 1536880704.0, "sentiment": "Bullish"}, {"id": 137183267, "text": "@AncientMystic $aapl some of us corrected the high drama BS yesterday.", "time": 1536880661.0, "sentiment": ""}, {"id": 137183227, "text": "$AAPL No problem with a little sell off for profit intraday. Will pump my puts and I get my scalp. Cheers.", "time": 1536880649.0, "sentiment": "Bearish"}, {"id": 137183210, "text": "$AAPL Sanford C. Bernstein sets PT at $200 https://stocknews.com/news/aapl-sanford-c-bernstein-sets-pt-at-200-57233483/", "time": 1536880643.0, "sentiment": ""}, {"id": 137183130, "text": "$AAPL this is irrational exuberance..lol", "time": 1536880622.0, "sentiment": ""}, {"id": 137183114, "text": "$AAPL hee hee, where&#39;s all dem bayers, ha ha.", "time": 1536880619.0, "sentiment": ""}, {"id": 137182952, "text": "Semi stocks rebound after Apple event, analyst actions, morning news http://bit.ly/2Qs9DXK $AAPL $QCOM $AMD $INTC $PI $MU $SMH $AVGO $SWKS", "time": 1536880576.0, "sentiment": ""}, {"id": 137182815, "text": "Apple given $200.00 PT by Sanford C. Bernstein. neutral rating. https://www.marketbeat.com/r/1084152 $AAPL", "time": 1536880541.0, "sentiment": ""}, {"id": 137182711, "text": "$AAPL everybody sell.  I need to buy a few more shares lol", "time": 1536880514.0, "sentiment": ""}, {"id": 137182660, "text": "$AAPL my 225 and 227.5 weekly calls are happy :)", "time": 1536880500.0, "sentiment": "Bullish"}, {"id": 137182444, "text": "$AAPL 230 eod..", "time": 1536880432.0, "sentiment": "Bullish"}, {"id": 137182439, "text": "$AAPL Shares Increase by 2.9%. The 14-Sep-18 Option Straddle Expiring Tomorrow Implies a \u00b11.7% move http://tinyurl.com/znfvoj5", "time": 1536880431.0, "sentiment": ""}, {"id": 137182293, "text": "$AAPL Nobody Knew!  People where saying apple will be going down today.", "time": 1536880385.0, "sentiment": ""}, {"id": 137182175, "text": "Jim Cramer on Apple, Qualcomm and Five Below @jimcramer @thestreet $AAPL $QCOM $FIVE http://bit.ly/2xaRtAZ", "time": 1536880351.0, "sentiment": ""}, {"id": 137182050, "text": "$AAPL people will not stop buying iPhones, I won&#39;t stop buying this stock", "time": 1536880317.0, "sentiment": "Bullish"}, {"id": 137181996, "text": "$AAPL out of calls, bought at 1.50 and out at 4.55. Nice 3k profit in a couple of days", "time": 1536880304.0, "sentiment": ""}, {"id": 137181907, "text": "$AAPL DID EXACTLY WHAT I THOUGHT!   Why the duck \ud83e\udd86 didn\u2019t I get back in! Made bank on first batch!", "time": 1536880280.0, "sentiment": ""}, {"id": 137181894, "text": "$AAPL \ud83c\udf7b", "time": 1536880276.0, "sentiment": ""}, {"id": 137181575, "text": "$AAPL Added today as part of my &quot;hold long&quot; stock.  My average price overall is $218.  A little high, but AAPL is solid.", "time": 1536880189.0, "sentiment": ""}, {"id": 137181525, "text": "$AAPL Davidson analyst Tom Forte: Buy rating and $265 price target", "time": 1536880176.0, "sentiment": "Bullish"}, {"id": 137181452, "text": "$AAPL yawn. What new?", "time": 1536880155.0, "sentiment": "Bullish"}, {"id": 137181431, "text": "$AAPL these are such healthy gains! Dips back a little, then up. Repeat.", "time": 1536880147.0, "sentiment": ""}, {"id": 137181421, "text": "$AAPL easy money, bought calls too  early yesterday; held for gap &amp; go; on vacation the rest of day", "time": 1536880144.0, "sentiment": ""}, {"id": 137181415, "text": "$AAPL sold my nov 195 a dollar to soon. Green is green. Mkt wants this to close at 62 week high today", "time": 1536880143.0, "sentiment": ""}, {"id": 137181170, "text": "$AAPL close above 228 and this going to 240", "time": 1536880070.0, "sentiment": "Bullish"}, {"id": 137181075, "text": "money out of $TSLA booking short term profits, back into chasing $AAPL I&#39;d hold calls on TSLA here and I don&#39;t start chasing aapl.", "time": 1536880048.0, "sentiment": ""}, {"id": 137181068, "text": "$AAPL there are  way better names for the risk-averse investor: $CRM $MA", "time": 1536880045.0, "sentiment": ""}, {"id": 137181043, "text": "JPM Analyst: $AAPL built-in electrocardiogram sensor poses almost no competitive threat to $IRTC Zio XT or AT offerings. #BuyingOpp", "time": 1536880039.0, "sentiment": ""}, {"id": 137181038, "text": "$AAPL Gimmie $230 and I\u2019ll leave you guys alone.", "time": 1536880037.0, "sentiment": "Bullish"}, {"id": 137180976, "text": "$AAPL http://www.markets.co/monness-believes-apple-nasdaq-aapl-still-has-room-to-grow-3/177849/?ref=tipranks", "time": 1536880020.0, "sentiment": "Bullish"}, {"id": 137180970, "text": "$AAPL this is going to end today at $230 I think \ud83e\udd14 \ud83d\ude80\ud83d\ude80\ud83d\ude80\ud83d\ude80\ud83d\ude80\ud83d\udcb8\ud83d\udcb8\ud83d\udcb8\ud83d\udd1d\ud83d\udd1d\ud83d\udd1d buy still time", "time": 1536880017.0, "sentiment": "Bullish"}, {"id": 137180940, "text": "$AAPL clearly not a value stock anymore moving into growth stock territory for sure next earnings will need to be a blowout to see 250+", "time": 1536880009.0, "sentiment": ""}, {"id": 137180939, "text": "$AAPL  \n \nPushed up daily price target from 225.00 to 230.00 \n \n230!", "time": 1536880009.0, "sentiment": "Bullish"}, {"id": 137180938, "text": "$AAPL not gonna tariff Aapl you watch!!", "time": 1536880009.0, "sentiment": ""}, {"id": 137180921, "text": "$AAPL great stock but $12 in 3 days seems a bit much to me...", "time": 1536880004.0, "sentiment": ""}, {"id": 137180918, "text": "$AAPL needs a breather back to the 190 area before this is investible again.", "time": 1536880001.0, "sentiment": ""}, {"id": 137180875, "text": "$AAPL BTMFD always boom!!!", "time": 1536879989.0, "sentiment": "Bullish"}, {"id": 137180832, "text": "$AAPL WS is too slow, i don&#39;t know what&#39;s taking so long lol $$$$$$$$$$$$$$$$$$$$$$$$$$$$$$$$$", "time": 1536879976.0, "sentiment": "Bullish"}, {"id": 137180829, "text": "$AAPL Can&#39;t chase now.  With Chinese tariffs coming, this could crash and burn.", "time": 1536879975.0, "sentiment": ""}, {"id": 137180824, "text": "$AAPL $228!!!", "time": 1536879973.0, "sentiment": "Bullish"}, {"id": 137180808, "text": "$AAPL short term projection 240 area... daily chart:", "time": 1536879966.0, "sentiment": "Bullish"}, {"id": 137180770, "text": "$AAPL could hit 230 today. Wow.", "time": 1536879956.0, "sentiment": "Bullish"}, {"id": 137180675, "text": "$AAPL More upside or did we hit the top?", "time": 1536879925.0, "sentiment": "Bullish"}, {"id": 137180565, "text": "$AAPL My LEAPs are on fire and my calls are up 232% - great Thursday so far", "time": 1536879893.0, "sentiment": "Bullish"}, {"id": 137180553, "text": "$AAPL another dip and another rip.", "time": 1536879889.0, "sentiment": ""}, {"id": 137180512, "text": "$AAPL there it is!$228", "time": 1536879877.0, "sentiment": "Bullish"}, {"id": 137180503, "text": "Why no one touching $INTC ? $AAPL $AMD", "time": 1536879875.0, "sentiment": ""}, {"id": 137180458, "text": "$AAPL hope some of you listened and BTD..", "time": 1536879861.0, "sentiment": "Bullish"}, {"id": 137180428, "text": "Barclays analyst: Removal of $CRUS dongle from older $AAPL products could bring another $35M of downside in 2018 and $25M in 2019", "time": 1536879853.0, "sentiment": ""}, {"id": 137180423, "text": "$AAPL going up on a Thursday!!!!", "time": 1536879851.0, "sentiment": "Bullish"}, {"id": 137180414, "text": "$AAPL Last quarter Average Selling Unit was 749, new estimates are near 800 new ASU...", "time": 1536879849.0, "sentiment": ""}, {"id": 137180409, "text": "$AAPL let it run!", "time": 1536879848.0, "sentiment": "Bullish"}, {"id": 137180393, "text": "$AAPL calls+120%\ud83d\udd25", "time": 1536879843.0, "sentiment": "Bullish"}, {"id": 137180382, "text": "$AAPL Trades like a penny stock.", "time": 1536879841.0, "sentiment": ""}, {"id": 137180337, "text": "$AAPL easiest 130% . we goin past 330 folks", "time": 1536879828.0, "sentiment": "Bullish"}, {"id": 137180325, "text": "$AAPL I hope buyback crew worked overtime under $220.", "time": 1536879826.0, "sentiment": ""}, {"id": 137180302, "text": "$AAPL Dam just took out $228 heading over ATH.\nI&#39;M All in at the moment $235 Oct. Call", "time": 1536879820.0, "sentiment": "Bullish"}, {"id": 137180233, "text": "$AAPL sometimes just lucky. The 232 call just went up 90% in last hour.", "time": 1536879798.0, "sentiment": "Bullish"}, {"id": 137180207, "text": "$AAPL monster", "time": 1536879789.0, "sentiment": "Bullish"}, {"id": 137180142, "text": "$AAPL So I missed out on $TLRY because I gave advice rather than bought it :-(   Long and strong $AAPL ---made up for my short sightedness", "time": 1536879774.0, "sentiment": "Bullish"}, {"id": 137180135, "text": "$AAPL Waaaaa  waaaaaa  !!!!  What happened? You guys were posting Pres Trump\u2019s China tariffs were going to kill this stock !!! \ud83d\ude2d cornholes", "time": 1536879772.0, "sentiment": "Bullish"}, {"id": 137180095, "text": "$AAPL WHO IS BUYING NOW AT 228 INSTEAD OF YESTERDAY AT 221 ???? WHO ARE THESE IDIOTS (EXCEPT FOR BUYBACK)", "time": 1536879761.0, "sentiment": ""}, {"id": 137180085, "text": "$AAPL this is def starting to trade more like NFLX and TSLA  little scary actually", "time": 1536879758.0, "sentiment": ""}, {"id": 137179954, "text": "$AAPL this post is sponsored by Apple", "time": 1536879727.0, "sentiment": "Bullish"}, {"id": 137179921, "text": "$AAPL watching them long calls get greener is &gt; than sex.", "time": 1536879719.0, "sentiment": "Bullish"}, {"id": 137179917, "text": "$AAPL market is scary stupid", "time": 1536879715.0, "sentiment": "Bearish"}, {"id": 137179905, "text": "this am booked my overnight win in $SMH but left $QQQ calls. why? because of $aapl. 3% on a trillion $ co. bonkers. contributes big time.", "time": 1536879712.0, "sentiment": ""}]