[{"id": 137360971, "text": "$AAPL what happened? Went to lunch and the whole market is down!!", "time": 1536967493.0, "sentiment": "Bullish"}, {"id": 137360923, "text": "$AAPL sale on apple stock on aisle 4... make sure to pick up this bargain!", "time": 1536967482.0, "sentiment": ""}, {"id": 137360868, "text": "$AAPL 2007:   Apple needs to make a smaller iPhone!\n2012:  Apple needs to make a larger iPhone!\n2018:  Apple needs to make a smaller iPhone!", "time": 1536967466.0, "sentiment": "Bullish"}, {"id": 137360761, "text": "@SMProTrades Daily $AAPL CHArt RISING WEDGe Broke on 09/06/2018 \ud83d\udc3b rising wedges are bearish and when they break look out below\ud83d\udca9\ud83d\udc3b", "time": 1536967437.0, "sentiment": ""}, {"id": 137360706, "text": "$AAPL fuck just when I sold my 220 out this morning and cut loss", "time": 1536967423.0, "sentiment": ""}, {"id": 137360511, "text": "$AAPL yeah this is not very bullish for the chart", "time": 1536967371.0, "sentiment": ""}, {"id": 137360480, "text": "$AAPL on my way to buy the xs max", "time": 1536967364.0, "sentiment": ""}, {"id": 137360475, "text": "$SPY He&#39;s the most selfish, unpatriotic POTUS we&#39;ve ever had. He did this intentionally today. Thats just sick $AAPL $AMZN $TSLA $NKE $BABA", "time": 1536967362.0, "sentiment": "Bullish"}, {"id": 137360438, "text": "$AAPL &amp; $AMZN taking L&#39;s today. and the dow, nasdaq + sp500.", "time": 1536967353.0, "sentiment": ""}, {"id": 137360351, "text": "@SMProTrades @SonGoku doesn\u2019t effect phone and $ size impact is very small $AAPL", "time": 1536967327.0, "sentiment": ""}, {"id": 137360305, "text": "$AAPL dang you Trump!!", "time": 1536967314.0, "sentiment": "Bullish"}, {"id": 137360214, "text": "$AAPL It\u2019s another flush. Take advantage of it.", "time": 1536967289.0, "sentiment": ""}, {"id": 137360196, "text": "$AAPL shorted will be burn!", "time": 1536967285.0, "sentiment": "Bullish"}, {"id": 137360165, "text": "$AAPL plus of course the next round of 200bn Trump tariffs leaves the phone unscathed", "time": 1536967277.0, "sentiment": ""}, {"id": 137360148, "text": "$AAPL trying to get back in. but want more of a dip", "time": 1536967271.0, "sentiment": "Bullish"}, {"id": 137360126, "text": "$AAPL be greedy when people are fearful! getting more!", "time": 1536967264.0, "sentiment": "Bullish"}, {"id": 137360087, "text": "$AAPL your regular reminder that when Apple import phones from China after assembly cost is $240. 25% tariff on that=$60.Not a game changer.", "time": 1536967247.0, "sentiment": ""}, {"id": 137360015, "text": "$AAPL below 200 eom", "time": 1536967229.0, "sentiment": "Bearish"}, {"id": 137359646, "text": "$AAPL new iphone rocks! warren buffett buying more!", "time": 1536967120.0, "sentiment": "Bullish"}, {"id": 137359582, "text": "BLOCK TRADE: $AAPL 500,000 shares @ $222.65 [12:14:44]", "time": 1536967102.0, "sentiment": ""}, {"id": 137359433, "text": "$BABA People are starting to get it. Trump is a fool &amp; keeps trying to change the story.  $AMZN $AAPL $QQQ $SPY", "time": 1536967062.0, "sentiment": "Bullish"}, {"id": 137359311, "text": "$AAPL No no no ! Not upgrading my iPhone 3, but I might buy the stock ! \ud83c\udfcb\ufe0f\u200d\u2642\ufe0f\ud83d\ude80", "time": 1536967028.0, "sentiment": "Bullish"}, {"id": 137359298, "text": "$AAPL bears selling puts to drive price down", "time": 1536967024.0, "sentiment": ""}, {"id": 137359293, "text": "$AAPL Like People really aren\u2019t going to buy and IPhone because they raise the price by $25 because of tariffs BTD..", "time": 1536967023.0, "sentiment": ""}, {"id": 137359264, "text": "$AAPL a report is is a report, market will recover today, except hard losses when tariffs go into effect", "time": 1536967017.0, "sentiment": ""}, {"id": 137359068, "text": "@SMProTrades are we at $AAPL $208 yet ? \ud83d\udc3b", "time": 1536966963.0, "sentiment": ""}, {"id": 137359063, "text": "$AAPL $BA I hope Trump chokes on some chicken nuggets. Mother F-cker .....", "time": 1536966963.0, "sentiment": ""}, {"id": 137359043, "text": "$AAPL Watch out guys. 220 break is possible today. Tariff news is bad for this firm.", "time": 1536966958.0, "sentiment": "Bearish"}, {"id": 137359028, "text": "$AAPL Figure it stays down today. Awaiting news about pre-orders on Monday though!", "time": 1536966953.0, "sentiment": ""}, {"id": 137358890, "text": "$AAPL trump activated the $200mil tariff on China.  Here goes apple and techs.", "time": 1536966922.0, "sentiment": ""}, {"id": 137358853, "text": "$AAPL I guess your president doesn&#39;t like money after all oh well hopefully you guys learn the lesson good luck in the next election bless\u2764\ufe0f", "time": 1536966915.0, "sentiment": "Bullish"}, {"id": 137358837, "text": "$AAPL Ordered my Max phones. Grateful to the Bears. Many Thanks. GLTA", "time": 1536966912.0, "sentiment": "Bullish"}, {"id": 137358801, "text": "$AMZN 1950 still intact... Dropping on volume $AAPL", "time": 1536966900.0, "sentiment": ""}, {"id": 137358751, "text": "$AAPL BLOCK TRADE [12:14:44] @ $222.65 for 500,000 shares.  $DJIA $QQQ $SPY $XLK", "time": 1536966885.0, "sentiment": ""}, {"id": 137358613, "text": "$AAPL $BABA $AAPL $AMD $MU $SPY $QQQ $SMH $XLK  just posting \ud83d\udc3b or \ud83d\udc02 on stock,ETF \ud83d\udc4epost  your reason have courage to post your trade\ud83d\udca1\ud83d\udc40", "time": 1536966851.0, "sentiment": ""}, {"id": 137358558, "text": "$AAPL its cooked guys. Option ex too.", "time": 1536966837.0, "sentiment": "Bearish"}, {"id": 137358249, "text": "$AAPL likely down as trump is wanting to move ahead with tariffs and AAPL is struggling in china with pricing of new iphone hiked", "time": 1536966754.0, "sentiment": "Bearish"}, {"id": 137358054, "text": "$AAPL I&#39;m done for today. Goodluck traders", "time": 1536966707.0, "sentiment": ""}, {"id": 137358038, "text": "Here&#39;s Apple&#39;s earnings outlook. It has turned it around over the last 2 years. $AAPL $FB $BABA", "time": 1536966704.0, "sentiment": ""}, {"id": 137357911, "text": "$AAPL $220", "time": 1536966670.0, "sentiment": "Bearish"}, {"id": 137357736, "text": "$AAPL where is that guy talking about shorts losing their shirts?", "time": 1536966628.0, "sentiment": ""}, {"id": 137357696, "text": "$AAPL trump is such a wet fart.", "time": 1536966619.0, "sentiment": ""}, {"id": 137357603, "text": "$AAPL bought the dip for a DT at 222.80..", "time": 1536966599.0, "sentiment": "Bullish"}, {"id": 137357598, "text": "$SPY $QQQ $FXI $AAPL $BABA $EEM it&#39;s the #OrangeClown again!  Who else? Time to #BTFD", "time": 1536966598.0, "sentiment": "Bullish"}, {"id": 137357535, "text": "$OLED sellers taking out stops after $AAPL event &amp; after hitting the 50 Day MA on the weekly 3 times. Guess they think good risk/reward.", "time": 1536966580.0, "sentiment": ""}, {"id": 137357494, "text": "$AAPL be greedy when people are fearful! buy more!", "time": 1536966569.0, "sentiment": "Bullish"}, {"id": 137357334, "text": "$AAPL PANIC SALE I think  THIS WILL DROP \u2935\ufe0f\u2935\ufe0f\u2935\ufe0f\ud83d\udd3b\ud83d\udd3b\ud83d\udd3b\ud83d\ude16\ud83d\ude16\ud83d\ude16 not to many people holding the weekend", "time": 1536966532.0, "sentiment": "Bearish"}, {"id": 137357332, "text": "$SPY You use this dip to get sales. This is Trump&#39;s BS. He&#39;s the worst we know but use it $BABA $AMZN $AAPL $NKE $TSLA $JPM $QQQ $XLF", "time": 1536966531.0, "sentiment": "Bullish"}, {"id": 137357260, "text": "$AAPL  9/21 225 calls now at 2.25. 2x by Monday 11am", "time": 1536966512.0, "sentiment": ""}, {"id": 137357217, "text": "$AAPL bull trap, bear trap, bull trap .......", "time": 1536966501.0, "sentiment": ""}, {"id": 137357099, "text": "$SPY $BABA $AAPL $NKE $TSLA $AMZN Trump has played the China Tariff card for too long now. Agreed a deflection from Manafort news.", "time": 1536966475.0, "sentiment": ""}, {"id": 137357043, "text": "$AAPL $AMZN   well shit", "time": 1536966459.0, "sentiment": ""}, {"id": 137356989, "text": "$AMZN $AAPL sell sell sell.. Fear all around \ud83e\udd26\ud83c\udffd\u200d\u2642\ufe0f", "time": 1536966448.0, "sentiment": ""}, {"id": 137356955, "text": "$AAPL pulling out of the market for Apple trade wars too risky.", "time": 1536966439.0, "sentiment": ""}, {"id": 137356913, "text": "$AMD $AAPL $MSFT $MU Dear Donald Trump. Shut the fuck up until and unless it\u2019s real. Fuck...", "time": 1536966430.0, "sentiment": "Bullish"}, {"id": 137356714, "text": "$AAPL  \n \nHope you guys can hear that too.", "time": 1536966384.0, "sentiment": "Bearish"}, {"id": 137356697, "text": "$AAPL $SPY $BABA $AAPL $AMD $MU $SPY $QQQ  $XLK entered 09/14 a SHort position in $AAPL \ud83c\udf4e $224.43\ud83d\udc40 daily broke RISING WEDGe \ud83d\udc4e to $208?\ud83d\udc3b", "time": 1536966380.0, "sentiment": ""}, {"id": 137356635, "text": "$AAPL Oh well. Boy did I leave a ton on the table by missing my entry. Is what it is. To those that got it, cheers. Have a great wknd all!", "time": 1536966364.0, "sentiment": ""}, {"id": 137356611, "text": "@zen25 IMO this market will not gain traction until $AMZN and $AAPL corrects to 50 day moving average. Market enthusiasm is waning.", "time": 1536966360.0, "sentiment": ""}, {"id": 137356610, "text": "$AAPL DJT working hard for the Bears. Bezos net worth must be making him sick.", "time": 1536966359.0, "sentiment": "Bullish"}, {"id": 137356585, "text": "$SPY Trump talking about China Tariffs now. Its a distraction from the Manafort News. He did it on purpose $BABA $AAPL $NKE $TSLA  $AMZN", "time": 1536966353.0, "sentiment": "Bullish"}, {"id": 137356544, "text": "$AAPL clock strikes 12 , Boom.", "time": 1536966344.0, "sentiment": ""}, {"id": 137356523, "text": "$AAPL", "time": 1536966340.0, "sentiment": ""}, {"id": 137356462, "text": "$AAPL game over monkeys, the top is in, only downside remains", "time": 1536966327.0, "sentiment": "Bearish"}, {"id": 137356445, "text": "$AAPL what happened?", "time": 1536966322.0, "sentiment": "Bullish"}, {"id": 137356368, "text": "$BABA $AAPL $AMD $MU $SPY $QQQ $SMH $XLK finally entered 09/14 a SHort position in $AAPL \ud83c\udf4e $224.43\ud83d\udc40 daily broke RISING WEDGe \ud83d\udc4e to $208?\ud83d\udc3b", "time": 1536966303.0, "sentiment": ""}, {"id": 137356209, "text": "$AAPL Thanks Stocks erase gains as Trump reportedly says he wants to move forward with tariffs on $200 billion in Chinese goods", "time": 1536966268.0, "sentiment": ""}, {"id": 137356157, "text": "$AAPL is officially at the perfect Long Term Buy in Point.", "time": 1536966256.0, "sentiment": ""}, {"id": 137356113, "text": "$MU $NIO $BABA $AAPL https://www.cnbc.com/2018/09/14/us-markets-economic-data-and-trade-talks.html", "time": 1536966247.0, "sentiment": ""}, {"id": 137356069, "text": "$AAPL $AMZN $NFLX \n\nA Cool Tool for Options Traders Only...\n\ud83e\udde0\ud83d\udc47\nhttps://www.yoptionz.com/blog/take-emotions-out-of-your-personal-finance", "time": 1536966240.0, "sentiment": ""}, {"id": 137356059, "text": "BLOCK TRADE: $AAPL 550,000 shares @ $223.95 [12:03:25]", "time": 1536966237.0, "sentiment": ""}, {"id": 137355987, "text": "$SPY @DailyFXTeam: Trump told advisers to proceed with $200 billion tariffs on China $QQQ $AAPL $VXX", "time": 1536966220.0, "sentiment": ""}, {"id": 137355922, "text": "$AAPL BLOCK TRADE [12:3:25] @ $223.95 for 550,000 shares.  $DJIA $QQQ $SPY $XLK", "time": 1536966206.0, "sentiment": ""}, {"id": 137355646, "text": "$AAPL yall better get the f out after that move", "time": 1536966139.0, "sentiment": "Bearish"}, {"id": 137355629, "text": "$AAPL might not wanna buy this dip", "time": 1536966135.0, "sentiment": ""}, {"id": 137355587, "text": "$SPY $aapl let&#39;s buy this dip", "time": 1536966124.0, "sentiment": ""}, {"id": 137355572, "text": "$AAPL Apple the options destroyer", "time": 1536966120.0, "sentiment": ""}, {"id": 137355447, "text": "$AAPL que the was there news posts!", "time": 1536966098.0, "sentiment": ""}, {"id": 137355426, "text": "$VHC killer move so far.$AAPL owes 500M. Current mkt cap is 250M. still scaled 50% here from 3.00.", "time": 1536966093.0, "sentiment": ""}, {"id": 137355404, "text": "$AAPL wtf was that!", "time": 1536966087.0, "sentiment": ""}, {"id": 137355319, "text": "$AAPL go time soon", "time": 1536966063.0, "sentiment": "Bullish"}, {"id": 137355104, "text": "$FIT $AAPL with growing popularity of wearable devices, I don\u2019t get how this is not trading up... op-ex? No volume/ Frustrating. MM\u2019s suck", "time": 1536966007.0, "sentiment": "Bullish"}, {"id": 137354964, "text": "$AAPL still have my iPhone 7 Plus cans it can do everything the new one does minus play a shitty game", "time": 1536965969.0, "sentiment": "Bearish"}, {"id": 137354904, "text": "5 5G Stocks to Buy That Will Stream Higher Profits for Investors\n\n$AAPL $CSCO $T $INTC $NOK\n\nhttps://investorplace.com/2018/09/5-5g-stocks-to-buy-that-will-stream-higher-profits-for-investors/", "time": 1536965955.0, "sentiment": ""}, {"id": 137354598, "text": "5 5G Stocks to Buy That Will Stream Higher Profits for Investors http://bit.ly/2QvQLXJ $AAPL $T $CSCO $INTC $NOK", "time": 1536965876.0, "sentiment": ""}, {"id": 137354225, "text": "$AAPL   \nManafort to cooperate with Mueller as part of guilty plea: reports", "time": 1536965777.0, "sentiment": ""}, {"id": 137353774, "text": "$AAPL Pick it up Apple, market&#39;s dragging you along today. Time to resume your market lead position.", "time": 1536965662.0, "sentiment": "Bullish"}, {"id": 137353747, "text": "$AAPL by the way bears the 1100.00 phone is only 54.08/month on upgrade plan and you can get new one every year so really 600.00", "time": 1536965654.0, "sentiment": ""}, {"id": 137353546, "text": "$AAPL u will buy the X, u will like the X", "time": 1536965591.0, "sentiment": "Bullish"}, {"id": 137353530, "text": "$AAPL 40 more Mins until the crazy Bull Run to 226.20", "time": 1536965586.0, "sentiment": "Bullish"}, {"id": 137353513, "text": "$SPY People shorting on Headlines again never seem to get it.  $AAPL $AMZN $BABA $NKE", "time": 1536965583.0, "sentiment": "Bullish"}, {"id": 137353455, "text": "Gorilla Glass Maker Corning Breaks Out After iPhone XS Launch\n\n$AAPL $GLW \n\n https://www.investors.com/news/technology/corning-stock-glw-iphone/", "time": 1536965567.0, "sentiment": ""}, {"id": 137353137, "text": "$AAPL it&#39;s way undervalue!", "time": 1536965477.0, "sentiment": ""}, {"id": 137353120, "text": "$AAPL warren buffett say buy apple!", "time": 1536965470.0, "sentiment": "Bullish"}, {"id": 137352854, "text": "$AAPL  \n \n Can someone fill me in on when the rocketship to $350 takes off? I was told the take off was yesterday &amp; today.. \n \nI&#39;m Sad.", "time": 1536965397.0, "sentiment": "Bearish"}, {"id": 137352644, "text": "$AAPL Customers Excitements...", "time": 1536965335.0, "sentiment": "Bullish"}, {"id": 137352528, "text": "$AAPL what happened", "time": 1536965304.0, "sentiment": "Bearish"}, {"id": 137352406, "text": "$AAPL 289 so fast \ud83d\udca8", "time": 1536965272.0, "sentiment": "Bullish"}, {"id": 137352359, "text": "$AAPL Multiple Product Winners", "time": 1536965262.0, "sentiment": "Bullish"}, {"id": 137352331, "text": "$AAPL $TTWO $AMD core to your winning portfolio \u2764\ufe0f\u2764\ufe0f", "time": 1536965253.0, "sentiment": "Bullish"}, {"id": 137352305, "text": "$AAPL looks like a reversal maybe but the way today has started it\u2019s been getting \ud83d\udca9 on by big red candles", "time": 1536965244.0, "sentiment": ""}, {"id": 137352281, "text": "$AAPL Expect Huge world wide Pre order news", "time": 1536965236.0, "sentiment": "Bullish"}, {"id": 137352113, "text": "$AAPL justin beiber, this is a no brainer    ....", "time": 1536965187.0, "sentiment": ""}, {"id": 137351750, "text": "$AAPL so much money poured into here yesterday... we will see this go up marginally \u270c\ufe0f", "time": 1536965087.0, "sentiment": "Bullish"}, {"id": 137351256, "text": "@EasyPeasy77 I have all three and $AMD is the one I am most nervous about. I think $MU is a no brainer as well as $AAPL.", "time": 1536964944.0, "sentiment": "Bullish"}, {"id": 137351179, "text": "$AAPL they will have to pay my 225 call due next week.... so obvious", "time": 1536964922.0, "sentiment": "Bullish"}, {"id": 137351150, "text": "$AAPL Why are you bulls buying at 225 when you didn&#39;t buy at 185 a short 2 months ago?", "time": 1536964915.0, "sentiment": ""}, {"id": 137350952, "text": "$AAPL Elliott Wave View: Ready For Wave 5 Higher? https://elliottwave-forecast.com/stock-market/aapl-elliott-wave-ready-wave-5-higher/  #Elliottwave #Trading", "time": 1536964861.0, "sentiment": ""}, {"id": 137350820, "text": "$AAPL Gogogo apple!", "time": 1536964822.0, "sentiment": "Bullish"}, {"id": 137350786, "text": "$AAPL #BTD today. Schizophrenic shift in moods based on fake news as usual. Seen it, heard it. #stocks", "time": 1536964813.0, "sentiment": "Bullish"}, {"id": 137350728, "text": "$AAPL It sucks to miss an entry (&amp; this would have been a expiring option trade at $225 so even now, I missed a lot. But it is what it is.", "time": 1536964797.0, "sentiment": ""}, {"id": 137350720, "text": "$SPY so these can only pull up the market $AMZN and $AAPL ...not  when down like today.", "time": 1536964794.0, "sentiment": ""}, {"id": 137350671, "text": "$FOSL $AAPL I haven\u2019t bought anything Fossil since 1998 but have bought Apple products non stop since 2007 I\u2019m sure there\u2019s many like me..", "time": 1536964781.0, "sentiment": ""}, {"id": 137350504, "text": "$AAPL getting ready to pop", "time": 1536964738.0, "sentiment": ""}, {"id": 137350473, "text": "$AAPL it&#39;s literally amazing", "time": 1536964727.0, "sentiment": "Bullish"}, {"id": 137350442, "text": "$AAPL everyone will buy the 1,000 X", "time": 1536964716.0, "sentiment": ""}, {"id": 137350420, "text": "$AAPL That\u2019s just part of what I view &amp; know works best for me so I\u2019ll move on. Point is - stick to your process when trading &amp; DON\u2019T CHASE.", "time": 1536964710.0, "sentiment": ""}, {"id": 137350346, "text": "$AAPL loading up at this price", "time": 1536964685.0, "sentiment": ""}, {"id": 137350309, "text": "$AAPL Thoughts on next weeks target? I hope it gets close to 230", "time": 1536964674.0, "sentiment": "Bullish"}, {"id": 137350297, "text": "5 5G Stocks to Buy That Will Stream Higher Profits for Investors $AAPL $CSCO $T ... - https://investorplace.com/2018/09/5-5g-stocks-to-buy-that-will-stream-higher-profits-for-investors", "time": 1536964672.0, "sentiment": ""}, {"id": 137350029, "text": "$AAPL I typically don\u2019t like to daytrade post 10:30 if at all on Friday\u2019s due to any options pinning so I won\u2019t bemoan any missed opp /2", "time": 1536964589.0, "sentiment": ""}, {"id": 137349971, "text": "$AAPL 289 quickly", "time": 1536964572.0, "sentiment": "Bullish"}, {"id": 137349808, "text": "$AAPL keep going!", "time": 1536964521.0, "sentiment": "Bullish"}, {"id": 137349732, "text": "OK here we go $AAPL faded down to 224.50 d bot as $SPY held now we push as vix hard roll 291.17 gap looks to be new sup risky here long ?", "time": 1536964497.0, "sentiment": ""}, {"id": 137349690, "text": "$AAPL appears my view of money flow &gt; $225 back to near lows was right (got to $224.40 &amp; intraday still iffy)but I missed entry near $225 /1", "time": 1536964484.0, "sentiment": ""}, {"id": 137349622, "text": "$AAPL $TTWO exposure, power coupling", "time": 1536964464.0, "sentiment": "Bullish"}, {"id": 137349534, "text": "$AAPL once the reservation numbers come in, aapl is going to start flying", "time": 1536964437.0, "sentiment": "Bullish"}, {"id": 137349502, "text": "$FOSL long $AAPL short? ", "time": 1536964425.0, "sentiment": ""}, {"id": 137349465, "text": "$AAPL who wouldn&#39;t be eating this up at 225....", "time": 1536964415.0, "sentiment": "Bullish"}, {"id": 137349127, "text": "$AAPL https://finance.yahoo.com/news/apple-aapl-stock-strong-buy-192207367.html", "time": 1536964304.0, "sentiment": ""}, {"id": 137348849, "text": "$AAPL buy more!", "time": 1536964213.0, "sentiment": "Bullish"}, {"id": 137348708, "text": "$AAPL Best news...  iPhone XS and the iPhone XS Max will offer the dual SIM card option!  All of us with a work/personal two phone...HAPPY", "time": 1536964172.0, "sentiment": "Bullish"}, {"id": 137348219, "text": "$AAPL I still think we see sub 220 early next week. Watch out for any news on sales, it could pull it down fast. We are moving crazy.", "time": 1536964024.0, "sentiment": "Bearish"}, {"id": 137348076, "text": "$AMD Stop being so stubborn. You too $AAPL. To the grave before any more of this crazy rally fest.", "time": 1536963983.0, "sentiment": "Bearish"}, {"id": 137347762, "text": "$AAPL really well positioned- if market goes up- Apple will certainly lead the way", "time": 1536963891.0, "sentiment": ""}, {"id": 137347685, "text": "$AAPL looking weak. Will try to buy at 220", "time": 1536963866.0, "sentiment": ""}, {"id": 137347648, "text": "$AAPL pulling a RadioShack-- gouging tech illiterates. Can&#39;t be rewarded for every whiff.", "time": 1536963856.0, "sentiment": ""}, {"id": 137347570, "text": "$AAPL ordered Xsmax needed three different websites, Zagg, Apple store, Verizon just to get everything by sept 24. Ordered at 3:10am", "time": 1536963832.0, "sentiment": "Bullish"}, {"id": 137347521, "text": "$AAPL apple is going to run up!", "time": 1536963816.0, "sentiment": "Bullish"}, {"id": 137347151, "text": "$AAPL new iphone is going to rocks apple!", "time": 1536963699.0, "sentiment": "Bullish"}, {"id": 137347093, "text": "$TGOD.CA I was going to nap..again..wake up make money and back to sleep..but this is getting good $CGC $TRLY $AMZN $AAPL TDOGF undervalued", "time": 1536963685.0, "sentiment": ""}, {"id": 137346984, "text": "$AAPL looking like a red day. Loading up on calls for easy flip next week", "time": 1536963650.0, "sentiment": "Bullish"}, {"id": 137346934, "text": "$mu $amd $aapl not too sure where the exit out of the woods is here unfortunately", "time": 1536963634.0, "sentiment": "Bearish"}, {"id": 137346765, "text": "$AAPL buying more! thank you apple! i will get your latest iphone from your stock!", "time": 1536963587.0, "sentiment": "Bullish"}, {"id": 137346666, "text": "$AAPL missed my entry ....", "time": 1536963553.0, "sentiment": ""}, {"id": 137346532, "text": "$AAPL Id rather have a blind chimp throwing a dart at a buy/sell sign and go w/ that then the analysts", "time": 1536963512.0, "sentiment": ""}, {"id": 137346406, "text": "$AAPL I\u2019m still holding all of my calls and reloaded more shares at 225", "time": 1536963473.0, "sentiment": "Bullish"}, {"id": 137346281, "text": "$AAPL The BS is amazing today. &quot;The watch is a failure&quot; &quot;China sales disappointing&quot; &quot;Watch 4 - game changer&quot; &quot;iPhone XS &amp; Max selling well&quot;", "time": 1536963438.0, "sentiment": ""}, {"id": 137346038, "text": "$AAPL Gogogo!", "time": 1536963372.0, "sentiment": "Bullish"}, {"id": 137345726, "text": "$AAPL bulls work so hard to go up then red candles just are fat and long like a big red ****\ud83d\ude2a", "time": 1536963296.0, "sentiment": ""}]