[{"id": 137576175, "text": "$AAPL im still waiting for you bulls to run this bad boy bsck to green.   Whats taking so long?", "time": 1537226983.0, "sentiment": "Bearish"}, {"id": 137576148, "text": "$AMZN $AAPL $QQQ Reversing", "time": 1537226974.0, "sentiment": "Bullish"}, {"id": 137576124, "text": "$AAPL ugh, waited 2 hours for a 50 cent gain. ZZZ", "time": 1537226966.0, "sentiment": ""}, {"id": 137576007, "text": "$AAPL when cheap asses still on push button try Face ID they will realize how powerful the feature is", "time": 1537226927.0, "sentiment": "Bullish"}, {"id": 137575980, "text": "$AAPL het out get out where ever you are", "time": 1537226918.0, "sentiment": "Bearish"}, {"id": 137575975, "text": "$AAPL Apps for New Apple Watch Get FDA Clearance - What Does it Mean | https://www.medtechy.com/the-ticker/articles/2018/apps-for-new-apple-watch-get-fda-clearance---what-does-it-mean", "time": 1537226917.0, "sentiment": ""}, {"id": 137575823, "text": "$AAPL iphoneXsMax deliver now Oct 5, Watch Oct 21st, Xr and Oct Keynote incoming. $300 PT&#39;s are incoming from WS", "time": 1537226863.0, "sentiment": "Bullish"}, {"id": 137575706, "text": "$AAPL think you are the only retard here bro", "time": 1537226823.0, "sentiment": ""}, {"id": 137575696, "text": "$BB BlackBerry With 140 new partners including AMAZON, Expect Enterprise Revenue to JUMP\n\nhttps://t.co/7pKPNKxWFK\n$BB.CA \n\n$AAPL $GOOGL $MSFT $AMZN $IBM $ORCL $CRM", "time": 1537226820.0, "sentiment": "Bullish"}, {"id": 137575581, "text": "$AAPL trying to hit with bad news to try and get in at lower price", "time": 1537226774.0, "sentiment": "Bullish"}, {"id": 137575427, "text": "$AAPL here it comes! oh yeah!", "time": 1537226721.0, "sentiment": "Bullish"}, {"id": 137575241, "text": "$AAPL large scale tariffs will put more money back into our companies", "time": 1537226645.0, "sentiment": "Bullish"}, {"id": 137575191, "text": "$AAPL Not surprised if W Buffett / BershireHathaway are scooping up more AAPL stocks! Oversold! Cheap AAPL stocks!!!", "time": 1537226623.0, "sentiment": "Bullish"}, {"id": 137575114, "text": "$AAPL it&#39;s flying!", "time": 1537226596.0, "sentiment": "Bullish"}, {"id": 137574998, "text": "&quot;Attention to detail! $AAPL switched the iPhones on the iOS 12 page to the XS after the keynote. You can tell by the tiny antenna markings.&quot;", "time": 1537226550.0, "sentiment": ""}, {"id": 137574937, "text": "$amzn $aapl not surprised at the prop job float higher on no volume. LMAO hysterical", "time": 1537226531.0, "sentiment": ""}, {"id": 137574877, "text": "$AAPL recoving! yeah!", "time": 1537226503.0, "sentiment": "Bullish"}, {"id": 137574527, "text": "$AAPL bull!", "time": 1537226389.0, "sentiment": "Bullish"}, {"id": 137574387, "text": "Cost of Hedging Downside Risk 30 Day $SPY $AMZN $NFLX $ETSY $TNDM $CWH $AAPL $TEVA $ORCL $NTNX $BBBY  $DDD $MSFT $FB https://marketchameleon.com/volReports/DownsidePutProtection ", "time": 1537226334.0, "sentiment": ""}, {"id": 137574371, "text": "$AAPL iphone XR -  iPhone X Refurbished", "time": 1537226330.0, "sentiment": "Bearish"}, {"id": 137574356, "text": "$AAPL Stocks go up and down people WS 101 up up 45$ a share since ER on a 1 trill company think about that", "time": 1537226325.0, "sentiment": ""}, {"id": 137574302, "text": "$AAPL Clearly one of the hundreds of crooked douches at Goldman put the algo on &quot;drop it under 220&quot; mode. Intelligent buyers waking up now.", "time": 1537226307.0, "sentiment": "Bullish"}, {"id": 137574282, "text": "$AAPL getting ready to rock...as in DOWN..", "time": 1537226300.0, "sentiment": ""}, {"id": 137574235, "text": "$AAPL too high too fast..", "time": 1537226280.0, "sentiment": ""}, {"id": 137574129, "text": "$AAPL Said it has backing of trade staff in $QCOM  fight", "time": 1537226234.0, "sentiment": ""}, {"id": 137574028, "text": "$AAPL let\u2019s close above 222", "time": 1537226192.0, "sentiment": ""}, {"id": 137574011, "text": "$AAPL yeah it&#39;s recovering. bull get together and flush the bear away", "time": 1537226185.0, "sentiment": "Bullish"}, {"id": 137573922, "text": "$AAPL why are you not buying the dip", "time": 1537226155.0, "sentiment": ""}, {"id": 137573842, "text": "$AAPL Rocketing! get ready!", "time": 1537226124.0, "sentiment": "Bullish"}, {"id": 137573690, "text": "$QCOM $AAPL \nhttps://www.streetinsider.com/Corporate+News/Apple+%28AAPL%29+Said+it+has+Backing+of+Trade+Staff+in+Qualcomm+%28QCOM%29+Fight+-+Bloomberg/14614278.html", "time": 1537226068.0, "sentiment": ""}, {"id": 137573686, "text": "$AAPL SAYS IT HAS THE BACKING OF TRADE STAFF IN $QCOM FIGHT -BBG", "time": 1537226067.0, "sentiment": ""}, {"id": 137573537, "text": "$AAPL I love how everyone is an expert and KNOWS exactly why a stock is up or down. You people have NO CLUE.", "time": 1537226020.0, "sentiment": ""}, {"id": 137573371, "text": "$AAPL rebounding", "time": 1537225960.0, "sentiment": "Bullish"}, {"id": 137573062, "text": "$AMZN Clearly its just Fear getting some to take profits &amp; run. Nothing wrong w/ that $BABA $AAPL $QQQ $SPY", "time": 1537225847.0, "sentiment": "Bullish"}, {"id": 137573040, "text": "$AAPL rushing up!", "time": 1537225839.0, "sentiment": "Bullish"}, {"id": 137572904, "text": "$AAPL Please wake me up when something is happening. Up or down, SOMETHING.", "time": 1537225789.0, "sentiment": "Bearish"}, {"id": 137572837, "text": "$AAPL buying more! $.$", "time": 1537225760.0, "sentiment": "Bullish"}, {"id": 137572804, "text": "$AAPL Sinks -1.8%. The 21-Sep-18 Option Straddle is Implying a \u00b11.3% Move in the Next 4 days http://tinyurl.com/znfvoj5", "time": 1537225751.0, "sentiment": ""}, {"id": 137572780, "text": "What should #UncleMike discuss on today&#39;s #StrategyBlock segment? $SLV $VIX $AAPL #Volatility", "time": 1537225745.0, "sentiment": ""}, {"id": 137572715, "text": "$AAPL WTF is up with this fake 220 resistance?  \nBTD always.", "time": 1537225726.0, "sentiment": "Bullish"}, {"id": 137572684, "text": "$AAPL flush the bear down! lol", "time": 1537225716.0, "sentiment": "Bullish"}, {"id": 137572622, "text": "$AAPL lmao", "time": 1537225692.0, "sentiment": "Bearish"}, {"id": 137572472, "text": "$AAPL Only one way to go from here...", "time": 1537225643.0, "sentiment": "Bullish"}, {"id": 137572330, "text": "$AAPL $TSLA  $AMD", "time": 1537225587.0, "sentiment": "Bullish"}, {"id": 137572204, "text": "$AAPL yeah rebound rebound rebound!", "time": 1537225550.0, "sentiment": "Bullish"}, {"id": 137572071, "text": "$SPY where\u2019s the $AAPL pop, lesseee it", "time": 1537225500.0, "sentiment": ""}, {"id": 137572027, "text": "$AAPL rebounding. wait for it!", "time": 1537225483.0, "sentiment": "Bullish"}, {"id": 137571990, "text": "$AAPL rebounding as soon as that dumb orange fuck shuts his mouth, he\u2019s making millions off the volatility he invokes", "time": 1537225473.0, "sentiment": "Bullish"}, {"id": 137571865, "text": "$AAPL Down on low volume = nothing to worry about if you&#39;re at least somewhat long.", "time": 1537225434.0, "sentiment": "Bullish"}, {"id": 137571854, "text": "$AAPL Almost worse day since April. If Trump backs down on tariffs, this bounces hard.", "time": 1537225431.0, "sentiment": "Bullish"}, {"id": 137571815, "text": "$AAPL This is starting to look like a really attractive buy. Probable that we will see a rebound tomorrow. If stays around 220 i will buy", "time": 1537225421.0, "sentiment": "Bullish"}, {"id": 137571711, "text": "$AAPL lots of people buying apple.", "time": 1537225384.0, "sentiment": "Bullish"}, {"id": 137571536, "text": "$AAPL so many people getting it now. hahah! little bear trying hard.", "time": 1537225333.0, "sentiment": "Bullish"}, {"id": 137571478, "text": "$AAPL as far as it stays above 216.48 last week&#39;s low then the instrument can resume the next leg higher #Elliottwave #Trading #Apple", "time": 1537225316.0, "sentiment": ""}, {"id": 137571426, "text": "$AAPL apply going to shoot up!", "time": 1537225301.0, "sentiment": "Bullish"}, {"id": 137571365, "text": "$AAPL faster get in before it&#39;s too late!", "time": 1537225277.0, "sentiment": "Bullish"}, {"id": 137571332, "text": "$AAPL rebound! yummy!", "time": 1537225265.0, "sentiment": "Bullish"}, {"id": 137571260, "text": "$AAPL INSTANT EQUITY!  I&#39;d buy this over $AMZN right now", "time": 1537225243.0, "sentiment": "Bullish"}, {"id": 137570967, "text": "$AAPL it&#39;s only 1.78%. holding up! very powerful apple!", "time": 1537225142.0, "sentiment": "Bullish"}, {"id": 137570962, "text": "$AAPL will buy at 195", "time": 1537225140.0, "sentiment": "Bearish"}, {"id": 137570866, "text": "$AAPL Not only the biggest, but literally THE most fiscally strong company in the world!  \nNO brainer buy on ANY Dip. Don&#39;t sweat any loss.", "time": 1537225103.0, "sentiment": "Bullish"}, {"id": 137570722, "text": "Apple&#39;s iOS 12 for iPhones and iPads is coming out Monday, here&#39;s how to install it https://cnb.cx/2MJ1Xx4 $AAPL @apple #ios12", "time": 1537225056.0, "sentiment": ""}, {"id": 137570602, "text": "$AAPL nothing better then a big rebound. wahahah!", "time": 1537225011.0, "sentiment": "Bullish"}, {"id": 137570541, "text": "$AAPL feel so good!", "time": 1537224991.0, "sentiment": "Bullish"}, {"id": 137570516, "text": "$AAPL yeah it&#39;s rebounding!", "time": 1537224982.0, "sentiment": "Bullish"}, {"id": 137570492, "text": "$spy China says it&#39;ll cancel further talks if any tariffs implemented (bloomberg news) $qqq $aapl $ba $dia $djia", "time": 1537224975.0, "sentiment": ""}, {"id": 137570401, "text": "$AAPL rebounding!", "time": 1537224944.0, "sentiment": "Bullish"}, {"id": 137570209, "text": "$AAPL Can we get some volume please?", "time": 1537224872.0, "sentiment": "Bearish"}, {"id": 137570159, "text": "$AAPL $TTWO $AMD value buys \ud83e\udde0\ud83e\udde0", "time": 1537224847.0, "sentiment": "Bullish"}, {"id": 137570139, "text": "$AAPL anything under 220 is super value!", "time": 1537224841.0, "sentiment": "Bullish"}, {"id": 137570066, "text": "$AAPL Just nonsense any time this is under 220. Most obvious BTD possible.", "time": 1537224813.0, "sentiment": "Bullish"}, {"id": 137570020, "text": "$AAPL is less then 2%, good try bear!", "time": 1537224796.0, "sentiment": "Bullish"}, {"id": 137569971, "text": "$AAPL fear can&#39;t bring us out! hahah!", "time": 1537224776.0, "sentiment": "Bullish"}, {"id": 137569848, "text": "$AAPL Free fall coming up in 5 mins", "time": 1537224737.0, "sentiment": "Bearish"}, {"id": 137569845, "text": "$AAPL The FAANG as a whole are up what, 30%-40% in the past year and a half? $FB caused their own problems.", "time": 1537224735.0, "sentiment": "Bullish"}, {"id": 137569789, "text": "$AAPL why is this down so hard today", "time": 1537224717.0, "sentiment": ""}, {"id": 137569777, "text": "$MSFT Cashed out 2nd set of MSFT puts for quick 20%. Loaded up $AAPL puts. Trade war announcement &amp; talk cancellation will drop AAPL lower.", "time": 1537224712.0, "sentiment": "Bearish"}, {"id": 137569673, "text": "$AAPL you guys should come over to amd", "time": 1537224665.0, "sentiment": ""}, {"id": 137569482, "text": "$amzn $aapl folks trying to buy dips here r picking up the pennies in front of the steamroller wake up look at 20yr charts, reckoning coming", "time": 1537224591.0, "sentiment": ""}, {"id": 137569453, "text": "$AAPL Buy Buy Buy! yum yum!", "time": 1537224580.0, "sentiment": "Bullish"}, {"id": 137569156, "text": "@marvessa at least there R grounds 2 consider something is afoot w/ $AAPL n some capacity \nWhereas shorts spew complete lies &amp; fabrications", "time": 1537224475.0, "sentiment": "Bullish"}, {"id": 137569035, "text": "$AAPL $100 BILLIONS BUYBACKS still to be fully take effect! No worries for me. Going longs long term!!!", "time": 1537224433.0, "sentiment": "Bullish"}, {"id": 137568847, "text": "$AAPL Currently 12% up from calls I got earlier but this looks like it\u2019ll push for new ATH by mid/end of next week. Not taking profits yet", "time": 1537224363.0, "sentiment": ""}, {"id": 137568829, "text": "$AAPL prob jump $3 tomorrow", "time": 1537224359.0, "sentiment": ""}, {"id": 137568682, "text": "$AAPL I have an order at 216, lets see if that fills today.", "time": 1537224303.0, "sentiment": "Bearish"}, {"id": 137568577, "text": "$AAPL when will iOS 12 be available?", "time": 1537224262.0, "sentiment": ""}, {"id": 137568514, "text": "$AAPL $AMZN $GOOG $FB $MU $SPY $QQQ $XLK love this Movie: Scarface \ud83d\udc3b making money \n\nhttps://m.youtube.com/watch?v=ovOp9-i0KkY", "time": 1537224237.0, "sentiment": ""}, {"id": 137568488, "text": "$AAPL if this breaks $219.18.... its wide open to $212", "time": 1537224227.0, "sentiment": "Bearish"}, {"id": 137568482, "text": "$AMZN $AAPL $NFLX $NVDA $FB $GOOG sorry, trumpled", "time": 1537224225.0, "sentiment": ""}, {"id": 137568451, "text": "$AAPL Longs I\u2019m with you but we are possibly closing under the bottom BB. If you long in stocks no worries. Long in calls I would roll them", "time": 1537224215.0, "sentiment": "Bullish"}, {"id": 137568378, "text": "$AAPL You are all retarded - imagine what will happen without the buyback ?", "time": 1537224188.0, "sentiment": ""}, {"id": 137568342, "text": "$AMD MMs are trying to keep it under control..if they let it go it will fly! get in cheap!!!! $MSFT $AAPL $INTC $NVDA $GOOG $TLRY", "time": 1537224177.0, "sentiment": "Bullish"}, {"id": 137568341, "text": "$AAPL will be down another $4 before the day ends.  Buffet will not save you", "time": 1537224177.0, "sentiment": "Bearish"}, {"id": 137568242, "text": "$AAPL buy buy buy!", "time": 1537224135.0, "sentiment": "Bullish"}, {"id": 137568222, "text": "$AMZN $AAPL $NFLX $NVDA $FB $GOOG to coin a new word. The market is once again being trump led", "time": 1537224130.0, "sentiment": ""}, {"id": 137568056, "text": "$AAPL  I sure hope you&#39;re right", "time": 1537224069.0, "sentiment": ""}, {"id": 137568018, "text": "$AAPL I\u2019ve been bullish on this, but today changed my mind. Had to cut that loss &amp; go short. Back in the green, no need to fight the trend.", "time": 1537224054.0, "sentiment": "Bearish"}, {"id": 137567998, "text": "$AAPL", "time": 1537224045.0, "sentiment": ""}, {"id": 137567951, "text": "@bebebo $AAPL Sadly the adults are more focused on their own agendas. They play on T&#39;s ego/bias to get their pet projects moved forward.", "time": 1537224028.0, "sentiment": ""}, {"id": 137567947, "text": "$AAPL no fear on bull!", "time": 1537224027.0, "sentiment": "Bullish"}, {"id": 137567871, "text": "$AAPL $150 before $250.  Mark my words.", "time": 1537224001.0, "sentiment": "Bearish"}, {"id": 137567864, "text": "$AAPL bull flush them down! the are panicking. Hahah! buying more!", "time": 1537224000.0, "sentiment": "Bullish"}, {"id": 137567771, "text": "$AAPL calls be suffereing", "time": 1537223963.0, "sentiment": ""}, {"id": 137567708, "text": "$AAPL retracing to 197.60 ?", "time": 1537223949.0, "sentiment": "Bearish"}, {"id": 137567657, "text": "Learn how to pick best dividend growth stocks, free resources to learn about #dividend investing \n$KO $CAT $AAPL $SBUX http://bit.ly/2MrDb4J", "time": 1537223934.0, "sentiment": ""}, {"id": 137567569, "text": "$AAPL pretty quiet on the message boards this morning. I&#39;m thinking 218.75 eod. I&#39;m thinking this will be a mostly sideways week", "time": 1537223903.0, "sentiment": ""}, {"id": 137567553, "text": "$AAPL closes under 20sma and it could be a shot across the bow for tech traders to be more defensive.", "time": 1537223898.0, "sentiment": ""}, {"id": 137567489, "text": "$AAPL bull flush them down! they are panicking to exit. lol", "time": 1537223877.0, "sentiment": "Bullish"}, {"id": 137567426, "text": "$AAPL ouch. Picked up some Nov calls. Still paid a premium but also bought a watch with profit!", "time": 1537223853.0, "sentiment": "Bullish"}, {"id": 137566711, "text": "$AAPL bear is trying hard again. bull flush them down!", "time": 1537223626.0, "sentiment": "Bullish"}, {"id": 137566641, "text": "$AAPL Hahaha note are crap please!", "time": 1537223607.0, "sentiment": "Bullish"}, {"id": 137566626, "text": "Top 20 Worldwide tech leaders - $AAPL $AMZN $GOOGL $FB $BABA $BIDU $JD $NFLX $PYPL", "time": 1537223604.0, "sentiment": ""}, {"id": 137566513, "text": "$AAPL The new IPHONES are CRAP compared to Note 9.  THE NOTCH, NO bluetooth stylus, NO PC like DEX mode, NO preorder bonus, JUNK JUNK JUNK", "time": 1537223565.0, "sentiment": "Bearish"}, {"id": 137566364, "text": "$AAPL faster buy before it&#39;s too late!", "time": 1537223512.0, "sentiment": "Bullish"}, {"id": 137566310, "text": "$AAPL yeah apple is back 220!", "time": 1537223489.0, "sentiment": "Bullish"}, {"id": 137566283, "text": "$AAPL trading on Daily Chart is below the VWAP $220.63\ud83d\udc3b\ud83d\udca1", "time": 1537223481.0, "sentiment": ""}, {"id": 137566237, "text": "Estimize EPS expectations are 0.80% higher than that of Wall Street for $AAPL Q4 [Reporting 10/30 AMC]\nhttp://www.estimize.com/intro/aapl?chart=change-over-time&amp;metric_name=eps&amp;utm_content=AAPL&amp;utm_medium=eps_difference&amp;utm_source=stocktwits", "time": 1537223467.0, "sentiment": ""}, {"id": 137566216, "text": "AirPower reportedly overheats, so Apple may use name for something new http://bit.ly/2xgHR8q $AAPL", "time": 1537223462.0, "sentiment": ""}, {"id": 137566211, "text": "$CGC Put the pipe DOWN and get to a hospital. \n$AAPL", "time": 1537223462.0, "sentiment": ""}, {"id": 137566181, "text": "$AAPL  be greedy when other are fearful!", "time": 1537223453.0, "sentiment": "Bullish"}, {"id": 137566157, "text": "Here\u2019s what 13 Estimize analysts believe $AAPL will report for Q4 Mac Sales on 10/30 AMC.\nhttp://www.estimize.com/intro/aapl?chart=historical&amp;metric_name=mac_unit_sales&amp;utm_content=AAPL&amp;utm_medium=metric_update&amp;utm_source=stocktwits", "time": 1537223446.0, "sentiment": ""}, {"id": 137566155, "text": "Here\u2019s what 11 Estimize analysts believe $AAPL will report for Q4 iPad Sales on 10/30 AMC.\nhttp://www.estimize.com/intro/aapl?chart=historical&amp;metric_name=ipad_unit_sales&amp;utm_content=AAPL&amp;utm_medium=metric_update&amp;utm_source=stocktwits", "time": 1537223446.0, "sentiment": ""}, {"id": 137566152, "text": "Here\u2019s what 22 Estimize analysts believe $AAPL will report for Q4 iPhone Sales on 10/30 AMC.\nhttp://www.estimize.com/intro/aapl?chart=historical&amp;metric_name=iphone_unit_sales&amp;utm_content=AAPL&amp;utm_medium=metric_update&amp;utm_source=stocktwits", "time": 1537223445.0, "sentiment": ""}, {"id": 137566150, "text": "Here\u2019s what 16 Estimize analysts believe $AAPL will report for Q4 Gross Margins on 10/30 AMC.\nhttp://www.estimize.com/intro/aapl?chart=historical&amp;metric_name=gross_margins&amp;utm_content=AAPL&amp;utm_medium=metric_update&amp;utm_source=stocktwits", "time": 1537223445.0, "sentiment": ""}, {"id": 137566055, "text": "$CGC This will be worth as much as $AAPL in 5 years.", "time": 1537223420.0, "sentiment": "Bullish"}, {"id": 137565984, "text": "$AAPL Gogogo", "time": 1537223396.0, "sentiment": "Bullish"}, {"id": 137565757, "text": "Should You Buy On The Next Trade War Decline? $QQQ $AAPL $SPY $NDX $XLE $XLI $XLK $XLY https://goo.gl/HeZA7w", "time": 1537223333.0, "sentiment": ""}, {"id": 137565509, "text": "$AAPL bull flush them down!", "time": 1537223254.0, "sentiment": "Bullish"}, {"id": 137565502, "text": "$AAPL iOS 12: The MacStories Review. https://www.macstories.net/stories/ios-12-the-macstories-review/", "time": 1537223252.0, "sentiment": ""}, {"id": 137565500, "text": "$AAPL WOW, you can momentarily buy Apple for under 220?!?! $SPY $QQQ Yes, please.", "time": 1537223251.0, "sentiment": "Bullish"}, {"id": 137565409, "text": "$AMD $ROKU $NVDA $MU $AAPL $AMZN $NFLX $GOOGL $MSFT \nEveryone go and say thank you to Daddy Trump\nONLY AMD is green so far", "time": 1537223222.0, "sentiment": "Bearish"}, {"id": 137565324, "text": "$AAPL wow buy more now before it&#39;s too late!", "time": 1537223195.0, "sentiment": "Bullish"}, {"id": 137565043, "text": "$AAPL I\u2019m very bullish LT but with the announcement coming for tariffs I see 214-216 before we bounce. Waiting with cash", "time": 1537223089.0, "sentiment": "Bullish"}, {"id": 137565006, "text": "$AAPL telling clients to buy at 220 and hold for 200? What am I missing here?", "time": 1537223076.0, "sentiment": ""}, {"id": 137564698, "text": "$AAPL \ud83e\udd21&#39;is below $220\ud83d\udc40", "time": 1537222975.0, "sentiment": ""}, {"id": 137564387, "text": "$AAPL\n\nhmmmm two ER PLAYS for that price yeap I\u2019m in", "time": 1537222869.0, "sentiment": ""}, {"id": 137564366, "text": "$AAPL it&#39;s only 1,76% people are trying hard to panic us ? good try little bear", "time": 1537222864.0, "sentiment": "Bullish"}, {"id": 137564342, "text": "$AAPL descending triangle from Friday 09/14/18 on 1 Minute\ud83d\udc40\ud83d\udca1\ud83d\udc3b", "time": 1537222858.0, "sentiment": ""}, {"id": 137564040, "text": "@BegginerInTown  At least learn a bit before commenting tick by tick. $AAPL painfully try to fill 220.50 gap. Nothing to woo right now.", "time": 1537222767.0, "sentiment": ""}, {"id": 137563904, "text": "$AAPL I think she turns around once Europe close", "time": 1537222725.0, "sentiment": ""}, {"id": 137563848, "text": "$AAPL little bear is trying! hahah!", "time": 1537222702.0, "sentiment": "Bullish"}, {"id": 137563540, "text": "$AAPL is one of the better performing stocks in the Computer And Office Equipment industry. https://www.chartmill.com/analyze.php?utm_source=stocktwits&amp;utm_medium=TA&amp;utm_content=TA&amp;utm_campaign=social_tracking#/AAPL?key=bb853040-a4ac-41c6-b549-d218d2f21b32", "time": 1537222620.0, "sentiment": ""}, {"id": 137563250, "text": "$AAPL yeah bull ! rebounding!", "time": 1537222527.0, "sentiment": "Bullish"}, {"id": 137563070, "text": "$AAPL flush them off bull! shut them down!", "time": 1537222479.0, "sentiment": "Bullish"}, {"id": 137562985, "text": "$AAPL Rosenblatt Securities sets PT at $200 https://stocknews.com/news/aapl-rosenblatt-securities-sets-pt-at-200-64127525/", "time": 1537222458.0, "sentiment": ""}, {"id": 137562907, "text": "$AAPL looks like he hold for a long time. trying to seduce us. No chance! hahah!", "time": 1537222439.0, "sentiment": "Bullish"}, {"id": 137562746, "text": "got rid of my calls, bought puts today $AAPL. working out well.", "time": 1537222398.0, "sentiment": "Bearish"}, {"id": 137562627, "text": "$AAPL when apple is about to go up. they say bear bear bear. lol flush them down!", "time": 1537222363.0, "sentiment": "Bullish"}, {"id": 137562536, "text": "$AAPL bear is trying hard now! see!", "time": 1537222340.0, "sentiment": "Bullish"}, {"id": 137562480, "text": "$AAPL if you are bearish on apple, you obviously aren&#39;t in the now in what&#39;s going on. iphone x is the best phone out there", "time": 1537222327.0, "sentiment": "Bullish"}]