[{"id": 137676498, "text": "$AAPL Looks like short covering day for all the tariffs shorters.", "time": 1537296605.0, "sentiment": ""}, {"id": 137676291, "text": "$AAPL $AMZN https://www.google.com/amp/s/www.marketwatch.com/amp/story/guid/A5B1784E-BB00-11E8-A67E-5AD473BD3B51", "time": 1537296502.0, "sentiment": ""}, {"id": 137675620, "text": "$ES_F $SPY $SPX yep, futures are green as expected--will it close +20pts today?!\ud83d\ude01 $DIA $QQQ $IWM $EEM $EWZ $FB $AAPL $AMZN $NFLX $GOOG $AMD", "time": 1537296229.0, "sentiment": "Bullish"}, {"id": 137675580, "text": "$AAPL Apple should be the least of the worries when it comes to tariffs. Worry about low profit margin companies. This isn\u2019t one.", "time": 1537296215.0, "sentiment": "Bullish"}, {"id": 137675398, "text": "$AAPL Phone and watch are safe. You guys think tariffs would beat down their large profits anyways?", "time": 1537296141.0, "sentiment": "Bullish"}, {"id": 137675353, "text": "$AAPL &quot;Good and easy to win&quot;: Alibaba&#39;s Jack Ma Warns U.S.-China Trade War Could Last 20 Years", "time": 1537296123.0, "sentiment": ""}, {"id": 137675263, "text": "$AAPL strong sales\nhttps://www.digitimes.com/news/a20180918VL200.html", "time": 1537296087.0, "sentiment": ""}, {"id": 137675223, "text": "$AAPL Sorry bears \ud83d\udc3b\ud83e\udd37\ud83c\udffb\u200d\u2642\ufe0f\nAbout to turn back green", "time": 1537296071.0, "sentiment": "Bullish"}, {"id": 137674994, "text": "$AAPL All the poor little doom bears, I love it ! So nice so so nice", "time": 1537295976.0, "sentiment": "Bullish"}, {"id": 137674724, "text": "$AAPL DO NOT believe ANYTHING posted,written,reported, on IPHONE demand sales anything unless it comes directly from AAPL otherwise fakenews", "time": 1537295835.0, "sentiment": "Bullish"}, {"id": 137674694, "text": "$AAPL 225 very soon", "time": 1537295818.0, "sentiment": "Bullish"}, {"id": 137674523, "text": "$AAPL", "time": 1537295675.0, "sentiment": "Bearish"}, {"id": 137674420, "text": "$AAPL like I said yesterday, millennials don\u2019t care about taxes. Let the stock soar", "time": 1537295600.0, "sentiment": "Bullish"}, {"id": 137674259, "text": "$AMZN $GOOGL $FB $AAPL $MSFT They are all in locksteps, whatever 1 does others will follow. Massive risk to standalone bus... $NFLX $SPOT", "time": 1537295513.0, "sentiment": ""}, {"id": 137674243, "text": "$AAPL trump yesterday: \u201cChina is now paying us billions of dollars in tariffs\u201d\n\nAMERICANS.PAY.THE.TARIFFS\n\nHow stupid is this man?", "time": 1537295502.0, "sentiment": ""}, {"id": 137674193, "text": "$AAPL \ud83d\udc02 or \ud83d\udc3b draw Fibonacci Retrace LT \ud83d\udc3bView to 05/09/16 week low 89.47 from 09/03/18 week high 229.67 50%retrace = $160.00 \ud83c\udf4e to \ud83c\udf4f\ud83d\udc3b", "time": 1537295462.0, "sentiment": ""}, {"id": 137674025, "text": "$SPY $QQQ $FB $AMZN $NFLX $GOOGL $NVDA $AAPL trump should have made effective immediately, now we wait...suppose we&#39;ll see range bound moves", "time": 1537295315.0, "sentiment": ""}, {"id": 137673900, "text": "$AAPL  Apple Rumors: Apple Releases iOS 12\n\nhttps://investorplace.com/2018/09/monday-apple-rumors-ios-12-launches/", "time": 1537295225.0, "sentiment": ""}, {"id": 137673891, "text": "$AAPL http://video.cnbc.com/gallery/?video=7000041198", "time": 1537295219.0, "sentiment": ""}, {"id": 137673827, "text": "$SQ $AMD $AAPL $AMZN $MDB market holding up nicely. Was not expecting it.", "time": 1537295161.0, "sentiment": ""}, {"id": 137673825, "text": "$AAPL is one of the better performing stocks in the Computer And Office Equipment industry. https://www.chartmill.com/analyze.php?utm_source=stocktwits&amp;utm_medium=TA&amp;utm_content=TA&amp;utm_campaign=social_tracking#/AAPL?key=bb853040-a4ac-41c6-b549-d218d2f21b32", "time": 1537295160.0, "sentiment": ""}, {"id": 137673698, "text": "$AAPL $AMZN $MSFT $GOOG \nWell hello, Big Tech!", "time": 1537295070.0, "sentiment": ""}, {"id": 137673696, "text": "$AAPL trump is playing 0-dimensional chess", "time": 1537295069.0, "sentiment": ""}, {"id": 137673695, "text": "$AAPL BoAML reiterate $256 target.", "time": 1537295068.0, "sentiment": ""}, {"id": 137673636, "text": "$SPY $AAPL And this little doom bear goes broke", "time": 1537295010.0, "sentiment": "Bullish"}, {"id": 137673625, "text": "$AAPL $FIT $NKE $SPY $QQQ $DIA", "time": 1537295001.0, "sentiment": ""}, {"id": 137673572, "text": "$AAPL turning red real quick", "time": 1537294967.0, "sentiment": "Bearish"}, {"id": 137673550, "text": "$AAPL Boom WU TANG Formation!!", "time": 1537294957.0, "sentiment": "Bullish"}, {"id": 137673437, "text": "$AAPL Positive iPhone review articles r pooping up this morning all over even on tdameritrade, about how good it is &amp; it&#39;s shipment in 80mil", "time": 1537294875.0, "sentiment": ""}, {"id": 137673402, "text": "$SPY $AAPL Like I said", "time": 1537294852.0, "sentiment": "Bullish"}, {"id": 137673207, "text": "$aapl $ATVI we will get Apple Glasses, but probably not Apple Ring. C&#39;mon Apple, you could get Ringo to flaunt them!", "time": 1537294692.0, "sentiment": ""}, {"id": 137673148, "text": "$AAPL Look to add on weakness", "time": 1537294643.0, "sentiment": "Bullish"}, {"id": 137673086, "text": "$AAPL Here&#39;s Ive&#39;s buddy Marc Newson on Apple Watch (back in November 2015). He is smart. Way smarter than people shouting &quot;195 by EOD!!!&quot;", "time": 1537294584.0, "sentiment": ""}, {"id": 137672936, "text": "$AAPL Have to switch teams for September and trade war lol sorry guys. Not a good month to be a bull.", "time": 1537294444.0, "sentiment": "Bearish"}, {"id": 137672835, "text": "$AAPL &quot;\u2026In 2018, you may have people disagree with you, but there isn&#39;t much laughter.&quot; -Neil Cybart", "time": 1537294349.0, "sentiment": ""}, {"id": 137672803, "text": "$AAPL &quot;In 2015, you were laughed at for suggesting that Apple Watch could one day be as big of a deal as iPhone\u2026", "time": 1537294315.0, "sentiment": ""}, {"id": 137672726, "text": "$AAPL that\u2019s the way to do it! Congrats", "time": 1537294249.0, "sentiment": ""}, {"id": 137672683, "text": "$AAPL just pre ordered the Xs Max. The irony of it is that AAPL is paying for it \ud83d\ude02", "time": 1537294217.0, "sentiment": "Bullish"}, {"id": 137672607, "text": "$aapl $ATVI just wait until Apple Glasses launch. My fantasy is Apple Glasses w/Apple Rings as controllers on my fingers.", "time": 1537294149.0, "sentiment": ""}, {"id": 137672539, "text": "$AAPL suggestions are that China will apply 10% tariffs on $60bn of imports from America. So $6bn worth of tariffs. Not much.", "time": 1537294086.0, "sentiment": ""}, {"id": 137672506, "text": "$AAPL China has very little counter to US Tariff actions due to their unfair trade practices. Only nuke they have is banning Apple in China", "time": 1537294063.0, "sentiment": ""}, {"id": 137672497, "text": "$aapl Galaga AR Announced at iPhone Xs Event https://gadgets.ndtv.com/apps/news/apple-event-galaga-ar-iphone-xs-max-ar-arcade-series-1915708", "time": 1537294055.0, "sentiment": ""}, {"id": 137672467, "text": "$AAPL &quot;My wife had 499 tabs open in Safari on her iPhone. Didn\u2019t even know that was possible.&quot;", "time": 1537294028.0, "sentiment": ""}, {"id": 137672444, "text": "$aapl Some say wait for the R BUT you wont get the AR like you will with XS This new AT game playing IS THE FUTURE for developers like $ATVI", "time": 1537294011.0, "sentiment": ""}, {"id": 137672401, "text": "$AAPL first time since the last time a Republican was President.", "time": 1537293970.0, "sentiment": ""}, {"id": 137672344, "text": "$AAPL As a kid I remember doing duck n&#39;cover. Always thought we\u2019d go out with a boom and a mushroom cloud. Instead it may be an idiot plague", "time": 1537293918.0, "sentiment": ""}, {"id": 137672178, "text": "$AAPL you don\u2019t need Siri to trigger Shortcuts:", "time": 1537293785.0, "sentiment": ""}, {"id": 137672156, "text": "$AAPL this will be red when China responds.", "time": 1537293754.0, "sentiment": "Bearish"}, {"id": 137672092, "text": "$AAPL: Is the Next Trade War Decline still a buy in dip? https://elliottwave-forecast.com/stock-market/next-trade-war-decline-still-buy/ #AAPL #elliottwave", "time": 1537293678.0, "sentiment": ""}, {"id": 137672043, "text": "$SPY $AAPL yes, the President has that authority. Congress CAN pass laws to amend but Republicans are now 100% trump butt boys, never happen", "time": 1537293622.0, "sentiment": ""}, {"id": 137671930, "text": "$AAPL The Best Russian recruit is systematically destroying everything America stands about with the help of uneducated assholes Americans!", "time": 1537293494.0, "sentiment": ""}, {"id": 137671927, "text": "$AAPL that\u2019s fine with me. Keeps the competition off-balance. It\u2019s why Apple doesn\u2019t breakout Watch sales. Keep &#39;em guessing.", "time": 1537293493.0, "sentiment": ""}, {"id": 137671831, "text": "$SPY Can Trump levy tariffs w/o consent of Congress? Congress shall have the power to lay and collect taxes. When was he crowned king? $AAPL", "time": 1537293368.0, "sentiment": ""}, {"id": 137671794, "text": "$AMZN $NVDA $MSFT $FB $AAPL \n\nThe major schools of thought...\nFundamental v.s Technical\n\nknow both\n\ud83e\udde0\ud83d\udc47\n\nhttps://www.yoptionz.com/blog/the-fundamental-stock-architect-v-s-the-technical-chart-construction-worker", "time": 1537293322.0, "sentiment": ""}, {"id": 137671754, "text": "$AAPL Just wait for China to announce that they are stop buying soybeans from the US and buying from Russia.", "time": 1537293277.0, "sentiment": ""}, {"id": 137671702, "text": "$AAPL glowing reviews everywhere. Apple has hit it out of the park. New York Times:", "time": 1537293206.0, "sentiment": ""}, {"id": 137671533, "text": "$AAPL CNBC iPhone Xs and iPhone Xs Max review: Apple&#39;s iPhone Xs and Max are the best phones you can buy.", "time": 1537292975.0, "sentiment": ""}, {"id": 137671507, "text": "$AAPL $MSFT $GOOG $AMZN $FB $MU $AMD $SPY weakness Techs haveRisen too far too fast like ICACURAS falling from\ud83c\udf1e\ud83d\ude02\ud83d\udc3b\nhttps://m.youtube.com/watch?v=7W1TZ16W-3k", "time": 1537292925.0, "sentiment": ""}, {"id": 137671467, "text": "$aapl \n \nApple&#39;s iPhone Xs and Max are the best phones you can buy https://cnb.cx/2NhQ7iN", "time": 1537292870.0, "sentiment": ""}, {"id": 137671439, "text": "New iPhone shipments to reach 75-80 million units in 2H18, says report $aapl https://www.digitimes.com/news/a20180918VL200.html", "time": 1537292825.0, "sentiment": ""}, {"id": 137671437, "text": "$AAPL My $260 calls expiring Friday are toast!", "time": 1537292821.0, "sentiment": "Bearish"}, {"id": 137671321, "text": "$AAPL is finally giving $LQMT some Credit? This might be interesting...", "time": 1537292622.0, "sentiment": ""}, {"id": 137671205, "text": "So Trump was not allowed to mess w/ $AAPL. The adults in the room stopped him. Cook &amp; Buffett the dynamic duo $SPY $QQQ", "time": 1537292447.0, "sentiment": "Bullish"}, {"id": 137670755, "text": "$AAPL analysts on Estimize are expecting 34.41% YoY EPS growth for Q4, down from 40.12% in Q3 [Reporting 10/30 AMC]\nhttp://www.estimize.com/intro/aapl?chart=historical&amp;metric_name=eps&amp;utm_content=AAPL&amp;utm_medium=eps_growth&amp;utm_source=stocktwits", "time": 1537291822.0, "sentiment": ""}, {"id": 137670750, "text": "$AAPL analysts on Estimize expect 1.22% YoY growth in Gross Margins for Q4, up from -0.3% in previous year [Reporting 10/30 AMC]\nhttp://www.estimize.com/intro/aapl?chart=change-over-time&amp;metric_name=gross_margins&amp;utm_content=AAPL&amp;utm_medium=metric_growth&amp;utm_source=stocktwits", "time": 1537291811.0, "sentiment": ""}, {"id": 137670749, "text": "$AAPL analysts on Estimize expect -0.31% YoY growth in iPad Sales for Q4, down from 11.39% in previous year [Reporting 10/30 AMC]\nhttp://www.estimize.com/intro/aapl?chart=change-over-time&amp;metric_name=ipad_unit_sales&amp;utm_content=AAPL&amp;utm_medium=metric_growth&amp;utm_source=stocktwits", "time": 1537291811.0, "sentiment": ""}, {"id": 137670748, "text": "$AAPL analysts on Estimize expect -2.11% YoY growth in Mac Sales for Q4, down from 10.23% in previous year [Reporting 10/30 AMC]\nhttp://www.estimize.com/intro/aapl?chart=change-over-time&amp;metric_name=mac_unit_sales&amp;utm_content=AAPL&amp;utm_medium=metric_growth&amp;utm_source=stocktwits", "time": 1537291811.0, "sentiment": ""}, {"id": 137670747, "text": "$AAPL analysts on Estimize expect 3.32% YoY growth in iPhone Sales for Q4, up from 2.56% in previous year [Reporting 10/30 AMC]\nhttp://www.estimize.com/intro/aapl?chart=change-over-time&amp;metric_name=iphone_unit_sales&amp;utm_content=AAPL&amp;utm_medium=metric_growth&amp;utm_source=stocktwits", "time": 1537291811.0, "sentiment": ""}, {"id": 137670704, "text": "$AAPL tariffs announced. The potential increase announced. Most Apple products spared. Depending on what China does, it could \ud83d\ude80", "time": 1537291732.0, "sentiment": "Bullish"}, {"id": 137670562, "text": "$AAPL trump\u2019s gift to American farmers: soybeans basis in the U.S. Gulf of Mexico has turned negative for the first time in 10 years.", "time": 1537291502.0, "sentiment": ""}, {"id": 137670391, "text": "@calvingrinder $AMD $AAPL Fair enough. I am definitely bearish, but I make money on these BTFD-inspired pull ups too. I am fine either way.", "time": 1537291271.0, "sentiment": ""}, {"id": 137670314, "text": "$AMD $AAPL as long as Apple is still buying back, BTFD on AAPL is a safe play.", "time": 1537291180.0, "sentiment": ""}, {"id": 137670283, "text": "$AAPL yeah...going back up, now that everyone has calmed down. I swear! People are such nutcases. \ud83e\udd2a", "time": 1537291147.0, "sentiment": "Bullish"}, {"id": 137670264, "text": "@0pti0ns I&#39;m looking at the big picture not just $MU. Also $tsla $nvda $baba $spy $adbe $aapl etc", "time": 1537291105.0, "sentiment": "Bullish"}, {"id": 137670204, "text": "$AAPL the Verge are a bunch of putzes. Still railing against headphone jack removal as &quot;user hostile&quot;. The worst of the tech pundit class.", "time": 1537291045.0, "sentiment": ""}, {"id": 137670157, "text": "$AMD $AAPL People will keep BFTD unless that bloody crater forms and BFTD would merely be suicide. It is all good, great for swing trades.", "time": 1537290978.0, "sentiment": "Bearish"}, {"id": 137669653, "text": "$SPY Its almost like no one listens to Jesse anymore. But what hes said is still true $BABA $AAPL $JPM $QQQ $AMZN $NFLX $C $XLF $NKE $FB", "time": 1537290355.0, "sentiment": "Bullish"}, {"id": 137669536, "text": "$AAPL last chance to enter before another rally to 230", "time": 1537290170.0, "sentiment": "Bullish"}, {"id": 137669474, "text": "$AAPL https://www.cnbc.com/2018/09/18/iphone-xs-and-iphone-xs-max-review.html", "time": 1537290057.0, "sentiment": ""}, {"id": 137669471, "text": "$AAPL the only RED Apple shareholders will see? SANTA\u2019s RED SUIT DROPPING OFF MEGA APPLE PRODUCTS AROUND CHRISTMAS! \ud83c\udf77\ud83c\udf77", "time": 1537290044.0, "sentiment": "Bullish"}, {"id": 137669468, "text": "$AAPL \u201cShipment outlook for the iPhone XR is positive, particularly in China, as the model supports dual-SIM\u201d - Digitimes", "time": 1537290033.0, "sentiment": ""}, {"id": 137669403, "text": "$AAPL going to be a lot of people covering their shorts at open.", "time": 1537289949.0, "sentiment": "Bullish"}, {"id": 137669318, "text": "$AAPL $AMZN $AMD Red thanks to tariffs... Who knows when recovery smh my poor money", "time": 1537289735.0, "sentiment": "Bearish"}, {"id": 137669057, "text": "$AAPL trump in orange jumpsuit before then", "time": 1537288990.0, "sentiment": ""}, {"id": 137668692, "text": "$SPY TECHNICAL ANALYSIS 9/17/18 DAILY UPDATE More Tariff Talks between US and China\nhttps://youtu.be/W07jW9U680E $qqq $ndaq $aapl", "time": 1537287943.0, "sentiment": ""}, {"id": 137668672, "text": "$AMZN $AAPL  \ud83d\udc40", "time": 1537287863.0, "sentiment": ""}, {"id": 137668556, "text": "$AAPL $TSLA $MU $NVDA $BABA $SPY Now that investors see the tariff news didn&#39;t do much damage, we&#39;re doing surprisingly well pre market", "time": 1537287539.0, "sentiment": "Bullish"}, {"id": 137668262, "text": "$SPY  $QQQ  $IWM  $CRM $AAPL $NVDA $EA  FUTURES GREEN \ud83e\udd17", "time": 1537286595.0, "sentiment": "Bullish"}, {"id": 137668228, "text": "$AAPL unscathed!", "time": 1537286447.0, "sentiment": "Bullish"}, {"id": 137668201, "text": "$AAPL #Apple can see support at $212 - $215 area for 3 waves bounce at least #elliottwave", "time": 1537286331.0, "sentiment": ""}, {"id": 137668187, "text": "Tech Stocks Sputter as Trump Tariffs Provide Short-Term Relief, Lingering Risk $AAPL http://dlvr.it/QkYP6H", "time": 1537286292.0, "sentiment": ""}, {"id": 137668172, "text": "$AAPL Buying The Dips in 3-7-11 Swings https://elliottwave-forecast.com/stock-market/apple-buying-the-dips-in-3711-swings/ #APPLE #elliottwave #trading", "time": 1537286259.0, "sentiment": "Bullish"}, {"id": 137667956, "text": "$AAPL trying to find evidence of actual tariffs on Apple products like", "time": 1537285560.0, "sentiment": ""}, {"id": 137667585, "text": "$AMZN $NFLX $AAPL $GOOG $FB $MSFT 10% is better than 25%, which was already reflected in the prices last two weeks. Tomorrow is great guys.", "time": 1537284186.0, "sentiment": "Bullish"}, {"id": 137667517, "text": "$AAPL: Is the Next Trade War Decline still a buy in dip? https://elliottwave-forecast.com/stock-market/next-trade-war-decline-still-buy/ #AAPL #elliottwave", "time": 1537283955.0, "sentiment": ""}, {"id": 137667505, "text": "Tariff or no tariff, first leg of decline in $AAPL from $229.7 to $216.47 is corrective, so it&#39;s not a sell and a buy in dips #elliottwave", "time": 1537283916.0, "sentiment": "Bullish"}, {"id": 137667278, "text": "$AAPL Nearly $2 up from last night close.", "time": 1537283045.0, "sentiment": ""}, {"id": 137666958, "text": "$AAPL wtfaaak Asia full on green but what gonna happen to us market faaak", "time": 1537281740.0, "sentiment": ""}, {"id": 137666923, "text": "$TWTR $FB $AMZN $AAPL Audi unveils e-tron and assist from Amazon https://www.cityfalcon.com/news/directory/stocks/amazon-amzn", "time": 1537281568.0, "sentiment": ""}, {"id": 137666915, "text": "$AAPL   \nI just thought to startto shorten a few US stocks  bc of TW.", "time": 1537281545.0, "sentiment": ""}, {"id": 137666905, "text": "$AAPL Guys Tariff issue is done. Market will go up period. Jim Cranmer also mentioned in his tweet", "time": 1537281503.0, "sentiment": "Bullish"}, {"id": 137666863, "text": "We have detected 3 negative indicators as of 09-17 for $AAPL More info at https://dividendbot.com?s=AAPL", "time": 1537281356.0, "sentiment": ""}, {"id": 137666578, "text": "$SPY $BABA $AAPL $AMZN ( IN THE RUNNING FOR MOST CLEVER POST OF 2018!) IT IS EARLY, but those futures are flashing green\ud83e\udd20", "time": 1537280234.0, "sentiment": ""}, {"id": 137666280, "text": "$SPY $EEM $ASHR $FXI how do you like them $AAPL s", "time": 1537279448.0, "sentiment": ""}, {"id": 137666041, "text": "$AMD TA Baby for more join TechnicalAnalysis stocktwits room   https://www.stocktwits.com/r/technicalanalysis Free $SPY $QQQ $NVDA $AAPL", "time": 1537278580.0, "sentiment": ""}, {"id": 137665711, "text": "$AAPL 1 put or 1 call in the AM? an edumacated guesstimate is my only saving grace at this point . OR I&#39;m fucked. Hard. No Vasaline.", "time": 1537277640.0, "sentiment": ""}, {"id": 137665691, "text": "$AAPL going 210 tomorrow", "time": 1537277589.0, "sentiment": "Bearish"}, {"id": 137665678, "text": "$BABA $AMZN $AAPL pretty sure we&#39;ll have a green day tomorrow. Both Chinese and US future are green", "time": 1537277537.0, "sentiment": "Bullish"}, {"id": 137665676, "text": "@Margin32 nothing to do with jobs. it&#39;s anti anything chinese. $SPY $AAPL $BA etc US biz in China could be targeted.", "time": 1537277535.0, "sentiment": "Bearish"}, {"id": 137665557, "text": "$AAPL NQ &amp; S&amp;P are GREEN now", "time": 1537277246.0, "sentiment": ""}, {"id": 137665514, "text": "$FB $AMZN $AAPL $SPY $QQQ TRADE WARS ARE GOOD AND EASY TO WIN.", "time": 1537277145.0, "sentiment": "Bullish"}, {"id": 137665281, "text": "$AMD $NVDA $AAPL Shanghai index is up today, and Hang Seng is up too...could this signal an open dialogue on trade with U.S?", "time": 1537276550.0, "sentiment": ""}, {"id": 137665200, "text": "$NBEV $TLRY $CGC $KO $AAPL $MSFT $ACB.CA $APH.CA \n\nGET YOUR SHARES BEFORE IT GETS AN OFFER FROM $KO \n\ud83e\uddd0\ud83d\udcb0\ud83d\udcb0\ud83d\udcb0\ud83d\udcb0\ud83d\udcb0\ud83d\udcb0\ud83d\udcb0\ud83d\ude80", "time": 1537276274.0, "sentiment": "Bullish"}, {"id": 137665001, "text": "$AAPL new iPhone lineup is a disaster", "time": 1537275835.0, "sentiment": "Bearish"}, {"id": 137664980, "text": "$AAPL Apple feared for its Apple Watch and its wireless AirPods headphones, but both were left off the list announced on Monday.", "time": 1537275769.0, "sentiment": ""}, {"id": 137664948, "text": "$AAPL The iPhone was not among the \u2018wide range\u2019 of products that Apple told regulators would be hit by the $200 billion round of tariffs", "time": 1537275682.0, "sentiment": ""}, {"id": 137664841, "text": "$AAPL Listen, its all about the Watch now, the product everyone wants, guess what, not being taxed. Still making kabillions Sep-Oct, relax", "time": 1537275426.0, "sentiment": "Bullish"}, {"id": 137664758, "text": "$AAPL with the 25% tariff, the iphone XS Max will start at $1,373", "time": 1537275254.0, "sentiment": "Bearish"}, {"id": 137664719, "text": "$AAPL looks like need to close the gap at 189.  Trade war is intensifying.  Apple will crumble if China halts all of its business", "time": 1537275168.0, "sentiment": "Bearish"}, {"id": 137664177, "text": "$AAPL it\u2019s less about being spared from tax and more about China consumers \ud83d\ude02", "time": 1537273904.0, "sentiment": "Bearish"}, {"id": 137664130, "text": "$AAPL NQ was -42.75 now -13.75\nES was -12.5 now -3.0", "time": 1537273792.0, "sentiment": ""}, {"id": 137664120, "text": "$AAPL U.S. duties spare Apple gadgets but hit cloud industry https://www.reuters.com/article/us-apple-tariffs/u-s-duties-spare-apple-gadgets-but-hit-cloud-industry-idUSKCN1LX27W", "time": 1537273776.0, "sentiment": ""}, {"id": 137663907, "text": "$AAPL printing money for the rich has stopped they are bailing now and you should too...don&#39;t wait for the crash plan for it to happen soon", "time": 1537273359.0, "sentiment": "Bearish"}, {"id": 137663868, "text": "@Frenzy @reez007 @PerSE @AlexanderHandleton @April0505 @luvngspnful @Stockcat01 @Boyle  $AAPL Stays in $XLK then $AMZN moves to $XLY", "time": 1537273311.0, "sentiment": ""}, {"id": 137663792, "text": "Wouldn&#39;t matter were $AAPL spared from tariffs as new gear has better hype than specs. The real innovation is in dodging taxes to pump divs.", "time": 1537273171.0, "sentiment": ""}, {"id": 137663769, "text": "$AAPL this was sold hard today expect more downside", "time": 1537273130.0, "sentiment": "Bearish"}, {"id": 137663699, "text": "$AAPL opens at 220", "time": 1537273009.0, "sentiment": "Bullish"}, {"id": 137663424, "text": "@taney this reminds of $aapl\nSo is the e-tron the tesla killer yet?", "time": 1537272486.0, "sentiment": "Bullish"}, {"id": 137663413, "text": "$AAPL us stock market is strong but rest of the world is not ...emerging markets will create the next crash go short or buy puts", "time": 1537272457.0, "sentiment": "Bearish"}, {"id": 137663315, "text": "@Frenzy @reez007 @PerSE @AlexanderHandleton @April0505 @luvngspnful @Stockcat01 @Boyle so maybe $SPY today selling FANG+ $AAPL 2 B New ETF", "time": 1537272245.0, "sentiment": ""}, {"id": 137663205, "text": "$AAPL Anyone notice the futures?", "time": 1537272034.0, "sentiment": ""}, {"id": 137663105, "text": "$AAPL buyer at 208", "time": 1537271866.0, "sentiment": ""}, {"id": 137663078, "text": "Tues. 9/18 OPTIONS WATCH: [CALLS \ud83d\udc03] $AAPL $AMD $CRON $FNKO $KO $LULU $NBEV $NFLX $NVDA $STZ $TLRY $TSLA [STOCK] $ACB.CA $NIO \ud83e\udd18\ud83e\udd11", "time": 1537271819.0, "sentiment": "Bullish"}, {"id": 137662903, "text": "$AAPL Do you guys think China would go so far as to ban Apple from their country? Heard that crazy rumor.", "time": 1537271506.0, "sentiment": ""}, {"id": 137662879, "text": "$AAPL could be tit for tat tariff rhetoric on both sides till Monday\u2019s roll out actually produces a deal\ud83e\udd1e. Good luck calling this market \ud83d\ude2c", "time": 1537271471.0, "sentiment": ""}, {"id": 137662628, "text": "$AAPL Today was market manipulation at its finest.", "time": 1537271068.0, "sentiment": ""}, {"id": 137662615, "text": "$AAPL slap the bear left and right when market open!", "time": 1537271049.0, "sentiment": "Bullish"}, {"id": 137662601, "text": "$SPY Breaking News. All cheap crap made in China by American Corps that dont respect the USA will be taxed starting today! $BABA $AAPL $AMZN", "time": 1537271024.0, "sentiment": "Bullish"}, {"id": 137662501, "text": "$AAPL can be looking to reach 1 more push lower towards  215.28-212.17 area before finding buyer&#39;s again #Elliottwave #Trading #Apple", "time": 1537270863.0, "sentiment": ""}, {"id": 137662361, "text": "$AAPL $SPY If China retaliates they get the harsh punishment 267 mil, China ain\u2019t \ud83d\udca9 &amp; cant do \ud83d\udca9  \nhttps://www.bloomberg.com/news/articles/2018-09-17/trump-ratchets-up-tariff-pressure-on-china-with-200-billion-hit", "time": 1537270582.0, "sentiment": "Bullish"}, {"id": 137662346, "text": "$AAPL What do you guys see here :)", "time": 1537270553.0, "sentiment": "Bullish"}, {"id": 137662059, "text": "$AAPL $AMZN $GOOG $NFLX $MSFT $FB ... so the market can be stable again.", "time": 1537269972.0, "sentiment": ""}, {"id": 137662032, "text": "$AAPL $AMZN $NFLX $MSFT $GOOG $FB I hope that China retaliate hard so that retarded trump can put all his tariffs out and be done with it...", "time": 1537269909.0, "sentiment": ""}, {"id": 137661902, "text": "$AAPL AAPL will rebound strong tomorrow. Buh bye shorts", "time": 1537269704.0, "sentiment": "Bullish"}, {"id": 137661881, "text": "$AAPL Shorty Tomorrow, \u201cHey watch what me hit my mark with puts\u201d", "time": 1537269654.0, "sentiment": "Bullish"}, {"id": 137661861, "text": "$AAPL Enough&#39;s enough... rebound hard tomorrow.. Loading on Calls", "time": 1537269620.0, "sentiment": "Bullish"}, {"id": 137661696, "text": "$AAPL  spared, as expected.#stocks $QQQ", "time": 1537269305.0, "sentiment": "Bullish"}, {"id": 137661534, "text": "$AAPL Yeah nkei up because they think they are winning.  EEM up not this or $AMZN", "time": 1537268999.0, "sentiment": "Bearish"}, {"id": 137661506, "text": "$AAPL From tonight i m gonna sleep Looong hours.... Lol", "time": 1537268949.0, "sentiment": "Bullish"}, {"id": 137661485, "text": "$AAPL I think apple will struggle the most if china continues with tariffs or starts kicking out these U.S. based companies", "time": 1537268910.0, "sentiment": ""}]