[{"id": 137610631, "text": "$AAPL Definitely one of Bufoon\u2019s prostitute is holding a short position, he is paying by bringing down the market...lol", "time": 1537238756.0, "sentiment": ""}, {"id": 137610604, "text": "$AAPL ", "time": 1537238750.0, "sentiment": ""}, {"id": 137610452, "text": "$AAPL Who thinks we will have a &#39;strong finish&#39; into close?", "time": 1537238714.0, "sentiment": "Bearish"}, {"id": 137610430, "text": "$AAPL iOS 12 adds powerful search to Photos: https://sixcolors.com/post/2018/09/ios-12-adds-powerful-search-to-photos/", "time": 1537238708.0, "sentiment": ""}, {"id": 137610411, "text": "$AAPL just waiting for AAPL Admins to continue executing the $100 Billions Buybacks!!! It\u2019s CHEAP &amp; OVERSOLD at this moment!!!", "time": 1537238703.0, "sentiment": "Bullish"}, {"id": 137610079, "text": "$AAPL ", "time": 1537238620.0, "sentiment": ""}, {"id": 137610054, "text": "$AAPL bought $220 call now", "time": 1537238614.0, "sentiment": ""}, {"id": 137609932, "text": "$AAPL Orange bufoon is so ungrateful... Chinese work hard for the comfort of US", "time": 1537238588.0, "sentiment": ""}, {"id": 137609748, "text": "$AAPL Going to test last Tues. Daily candle IMO, low $216.56", "time": 1537238545.0, "sentiment": ""}, {"id": 137609692, "text": "$AAPL buy 220 calls", "time": 1537238529.0, "sentiment": ""}, {"id": 137609674, "text": "$FB $QQQ $TSLA $GOOGL $AAPL $NFLX $NVDA \nYou are an idiot", "time": 1537238525.0, "sentiment": ""}, {"id": 137609568, "text": "Trump Tariffs after the bell.  10% on 200 Bill $, or something like that.  Social, Amazon, $AAPL all getting crushed.  $SPY", "time": 1537238494.0, "sentiment": ""}, {"id": 137609470, "text": "$AAPL The Verge: &quot;Apple delivered here. It\u2019s faster and more stable, and updating will make your phone run better and faster, not worse.&quot;", "time": 1537238468.0, "sentiment": ""}, {"id": 137609399, "text": "$AAPL AAPL IS GONNA GO DOWN TO $140", "time": 1537238453.0, "sentiment": ""}, {"id": 137609227, "text": "$AAPL That is a 10 pt drop from Thursday&#39;s high, FYI.", "time": 1537238402.0, "sentiment": ""}, {"id": 137609214, "text": "$AAPL Tomorrow and Wednesday not likely a good day for most stocks", "time": 1537238401.0, "sentiment": ""}, {"id": 137609198, "text": "$AAPL The entire market is down.  AMZN is down 3.3% (should be down 40% IMO).  Apple is down 2.4% - big deal.", "time": 1537238396.0, "sentiment": "Bullish"}, {"id": 137609095, "text": "$AAPL jeez man", "time": 1537238367.0, "sentiment": ""}, {"id": 137608881, "text": "$AAPL great support here", "time": 1537238314.0, "sentiment": "Bullish"}, {"id": 137608868, "text": "$AAPL China is gonna rip Trump\u2019s orange ass !!", "time": 1537238311.0, "sentiment": ""}, {"id": 137608865, "text": "$AAPL Pt 215 Short term", "time": 1537238309.0, "sentiment": "Bearish"}, {"id": 137608806, "text": "$AAPL how low will she go?", "time": 1537238288.0, "sentiment": "Bearish"}, {"id": 137608752, "text": "$AAPL 200 or lower by quad witching Friday this Friday", "time": 1537238273.0, "sentiment": "Bearish"}, {"id": 137608542, "text": "$AAPL Open your peepers, can&#39;t you see what&#39;s happening?!", "time": 1537238215.0, "sentiment": "Bearish"}, {"id": 137608541, "text": "$AAPL relax..... trumps giving you a HUGE opportunity.", "time": 1537238214.0, "sentiment": "Bullish"}, {"id": 137608406, "text": "@Tradereversal Do you have a chart available for $AAPL mid-term? I noticed I don\u2019t have one saved from your stream. Might have missed it.", "time": 1537238177.0, "sentiment": ""}, {"id": 137608228, "text": "$AAPL", "time": 1537238130.0, "sentiment": ""}, {"id": 137608216, "text": "$AAPL explodes to 230 by Wed if Cook promises no price raise, consumers would cheer IF he says he is not doing for Trump but for THEM.", "time": 1537238127.0, "sentiment": ""}, {"id": 137608150, "text": "$SPY Steve Jobs would be rolling over with what is happening to $AAPL $QQQ", "time": 1537238107.0, "sentiment": "Bullish"}, {"id": 137608074, "text": "$AAPL will cut all the way to 216. Accelerating.", "time": 1537238087.0, "sentiment": "Bullish"}, {"id": 137608019, "text": "$AAPL Roger that. My iPhone 7 Plus is way faster. Nice!", "time": 1537238073.0, "sentiment": ""}, {"id": 137607956, "text": "$AAPL Tim Cook should promise to never raise prices bc of tariffs. The US Gov will not tariff the watch, so only sacrificing on phone.", "time": 1537238054.0, "sentiment": ""}, {"id": 137607945, "text": "$AAPL Trump announcement on Tarrifs after 4 market close", "time": 1537238050.0, "sentiment": ""}, {"id": 137607640, "text": "$AAPL soon to resemble $BB chart.  Anyone remember the great $RIMM.  Don&#39;t be a bagholder", "time": 1537237975.0, "sentiment": "Bearish"}, {"id": 137607454, "text": "$AAPL", "time": 1537237922.0, "sentiment": ""}, {"id": 137607429, "text": "$AAPL fad commodity blowup risk, could be delisted by 2030", "time": 1537237915.0, "sentiment": "Bearish"}, {"id": 137607410, "text": "$AAPL wow need to add more!", "time": 1537237910.0, "sentiment": "Bullish"}, {"id": 137607368, "text": "$AAPL butter", "time": 1537237893.0, "sentiment": ""}, {"id": 137607365, "text": "$AAPL looks like  possible 10% not 25%. Investors.com hour ago", "time": 1537237891.0, "sentiment": ""}, {"id": 137607325, "text": "$AAPL loaded calls", "time": 1537237879.0, "sentiment": "Bullish"}, {"id": 137607299, "text": "$AAPL buying puts for the first time. A few $115 calls for the 21st.", "time": 1537237872.0, "sentiment": "Bearish"}, {"id": 137607088, "text": "$AAPL", "time": 1537237802.0, "sentiment": ""}, {"id": 137606846, "text": "$AMZN $AAPL $SPY this is why it sucks when you have to wait two trading days after selling a security to purchase anything :(", "time": 1537237737.0, "sentiment": ""}, {"id": 137606844, "text": "$AAPL \u201cChina tariffs will hurt Apple\u201d - Tim Cook", "time": 1537237737.0, "sentiment": ""}, {"id": 137606819, "text": "$AMZN $MU $AAPL $AMD exactly trump is just playing this market around", "time": 1537237730.0, "sentiment": ""}, {"id": 137606784, "text": "$AAPL WOW", "time": 1537237720.0, "sentiment": ""}, {"id": 137606730, "text": "$AMZN $MU $AAPL $AMD Trump announcement after bell? Bad news or making sure his buddies get the chance to buy these lows before great news?", "time": 1537237702.0, "sentiment": ""}, {"id": 137606702, "text": "$AAPL huge apple buy back. good sign. still a good time to in and will keep going high.", "time": 1537237695.0, "sentiment": "Bullish"}, {"id": 137606682, "text": "$BABA thanks trump.$AAPL $SPY", "time": 1537237690.0, "sentiment": "Bullish"}, {"id": 137606524, "text": "$AAPL the chart doesn&#39;t lie. 50 day just below $208", "time": 1537237643.0, "sentiment": ""}, {"id": 137606502, "text": "$AAPL plz dip to 210 this week\ud83d\ude4f\ud83c\udffc", "time": 1537237638.0, "sentiment": ""}, {"id": 137606453, "text": "$AAPL stop hit on last of the trade have plenty of Let it Rides with 2 accounts holding them  +16.84 per share profit on this group", "time": 1537237624.0, "sentiment": ""}, {"id": 137606397, "text": "$AAPL Mhm...smooth like butter slide..", "time": 1537237605.0, "sentiment": "Bearish"}, {"id": 137606363, "text": "$AAPL trump is bluffing. Made all his money in nyc real estate by paying off local politicians to approve transactions and permits.", "time": 1537237595.0, "sentiment": "Bullish"}, {"id": 137606169, "text": "$AAPL Tune out the noise. This is going to be YUGE", "time": 1537237538.0, "sentiment": ""}, {"id": 137606130, "text": "$SPY -0.54 and $nflx $googl $aapl $amzn puking this bad?", "time": 1537237528.0, "sentiment": ""}, {"id": 137606008, "text": "$AAPL it\u2019s like playing roulette... what\u2019s the announcement after hours? Too little, too harsh, surprise? \ud83d\ude02\ud83d\ude2d", "time": 1537237494.0, "sentiment": ""}, {"id": 137605982, "text": "$AAPL How can they just include one product from one company. That is not fair to others. Expect China to take revenge.", "time": 1537237488.0, "sentiment": "Bearish"}, {"id": 137605939, "text": "$AAPL The saying is sell the news, right? lol gl bulls", "time": 1537237476.0, "sentiment": ""}, {"id": 137605810, "text": "$AAPL &quot;Apple Watch and AirPods&quot; market chatter says will not be in tariff&#39;s", "time": 1537237442.0, "sentiment": "Bullish"}, {"id": 137605756, "text": "$AAPL 20% sales in prc..who cares about a watch...hauwei wins", "time": 1537237426.0, "sentiment": ""}, {"id": 137605723, "text": "$AAPL 220 calls look tasty", "time": 1537237418.0, "sentiment": ""}, {"id": 137605711, "text": "$AAPL Slippery slide. Will be in 216s soon.", "time": 1537237415.0, "sentiment": "Bearish"}, {"id": 137605691, "text": "$AAPL if it goes 216 I but most! Only Cramer pick I like...holding-long eitherway", "time": 1537237410.0, "sentiment": "Bullish"}, {"id": 137605605, "text": "$AAPL Buying CALLs now...", "time": 1537237387.0, "sentiment": "Bullish"}, {"id": 137605531, "text": "$AAPL Got in for 09/28 calls. A clear bull flag formation and the market did better than expected today", "time": 1537237365.0, "sentiment": "Bullish"}, {"id": 137605449, "text": "These better be the most luxurious tariffs ever $SPY $VXX $QQQ $IWM $AAPL $BABA $BIDU", "time": 1537237343.0, "sentiment": ""}, {"id": 137605429, "text": "$AAPL wow, yikes. Thanks Trump! &quot;stock market in best state it&#39;s ever been&quot; LUL", "time": 1537237341.0, "sentiment": ""}, {"id": 137605417, "text": "$AAPL when the dip dips", "time": 1537237337.0, "sentiment": ""}, {"id": 137605407, "text": "$AAPL Sounds like big tariffs coming at close.  China gonna add 25% on Apple products?", "time": 1537237336.0, "sentiment": ""}, {"id": 137605324, "text": "$AAPL politely ask for someone to back up their argument ... get blocked! \ud83d\ude02\ud83d\ude02\ud83d\ude44\ud83d\ude44\ud83e\udd21\ud83e\udd21", "time": 1537237316.0, "sentiment": ""}, {"id": 137605305, "text": "$AAPL all the permabulls crack me up.", "time": 1537237311.0, "sentiment": "Bearish"}, {"id": 137605295, "text": "$AAPL of my eye", "time": 1537237309.0, "sentiment": ""}, {"id": 137605164, "text": "$AAPL Bottom", "time": 1537237276.0, "sentiment": ""}, {"id": 137605143, "text": "$AAPL China can completely block Apple and even it&#39;s manufacturing if they wanted. Remember, they aren&#39;t playing defense. 150 PT", "time": 1537237272.0, "sentiment": "Bearish"}, {"id": 137605075, "text": "$AAPL ...", "time": 1537237251.0, "sentiment": ""}, {"id": 137605007, "text": "$AAPL LOWER THAN BEFORE THE JUMP \nNOTHING STOPPING THIS GOING DOWN FURTHER", "time": 1537237227.0, "sentiment": ""}, {"id": 137604968, "text": "$AAPL When I need a laugh I always check this this board. Love both side&#39;s enthusiasm, Thanks for the laughs and good luck all!", "time": 1537237216.0, "sentiment": ""}, {"id": 137604920, "text": "$AAPL Pie", "time": 1537237202.0, "sentiment": ""}, {"id": 137604792, "text": "$AAPL", "time": 1537237158.0, "sentiment": "Bullish"}, {"id": 137604707, "text": "$SPY $AAPL Bulls into close", "time": 1537237132.0, "sentiment": "Bearish"}, {"id": 137604663, "text": "$AAPL who can look at or listen to the Liar-In-Cheat and not want to VOMIT?", "time": 1537237119.0, "sentiment": ""}, {"id": 137604466, "text": "$AAPL was this actually hard for anyone to see? Pivot point close... if it doesn&#39;t hold then first support at $206", "time": 1537237060.0, "sentiment": "Bearish"}, {"id": 137604329, "text": "$AAPL see u at 200", "time": 1537237022.0, "sentiment": "Bearish"}, {"id": 137604239, "text": "$AAPL 300 pt", "time": 1537236994.0, "sentiment": "Bullish"}, {"id": 137604209, "text": "$AAPL still waiting for this answer ....", "time": 1537236984.0, "sentiment": ""}, {"id": 137604159, "text": "$SPY $AAPL Is  Trump going to control himself until after the meeting?", "time": 1537236969.0, "sentiment": ""}, {"id": 137604135, "text": "$AAPL got in here... like the daily support here", "time": 1537236964.0, "sentiment": ""}, {"id": 137604125, "text": "$AAPL still waiting for this info...", "time": 1537236962.0, "sentiment": ""}, {"id": 137603760, "text": "$BABA Have to go with PTJ on this one today. Buffett says it too. $AMZN $AAPL $SPY $NFLX $TSLA $", "time": 1537236839.0, "sentiment": "Bullish"}, {"id": 137603670, "text": "$AAPL Apple Watch and AirPods to be excluded from Trumps Chine tariffs", "time": 1537236813.0, "sentiment": "Bullish"}, {"id": 137603664, "text": "$SPX - Look at the bright side your $AAPL phone will only be 1600 now instead of 1200 with the tariffs.", "time": 1537236812.0, "sentiment": ""}, {"id": 137603645, "text": "$AAPL Santelli is another jellyfish former free trader. Now he&#39;s bending over taking it in the butt supporting tRump", "time": 1537236807.0, "sentiment": ""}, {"id": 137603618, "text": "$AAPL downnnnnn", "time": 1537236799.0, "sentiment": "Bearish"}, {"id": 137603554, "text": "$AAPL lmao grab a long call and shut up", "time": 1537236777.0, "sentiment": "Bullish"}, {"id": 137603505, "text": "$AAPL this is going up not sure if you guys just heard what I heard and CNBC 10 minutes ago", "time": 1537236765.0, "sentiment": ""}, {"id": 137603399, "text": "Forget the Politics, the Economy Is a Success Story Says Larry Kudlow $AAPL http://dlvr.it/QkVX5B", "time": 1537236726.0, "sentiment": ""}, {"id": 137603363, "text": "$AAPL Panic selling soon could take us to 215. Just a possibility.", "time": 1537236718.0, "sentiment": "Bearish"}, {"id": 137603258, "text": "$AAPL just as predicted.. bearish today", "time": 1537236686.0, "sentiment": "Bearish"}, {"id": 137603253, "text": "$AAPL Get ready for 216-217 soon.", "time": 1537236683.0, "sentiment": "Bearish"}, {"id": 137602909, "text": "$AAPL Larry Kudlow is a spineless sellout. I&#39;ve listened to him for many years. Always touted free trade. Now he&#39;s on his knees 4 tRump", "time": 1537236586.0, "sentiment": ""}, {"id": 137602896, "text": "$AAPL Does anyone here claim to be more versed than Kudlow? Fundamentals, expert opinion, and geopolitical issues all send this one down.", "time": 1537236582.0, "sentiment": "Bearish"}, {"id": 137602835, "text": "Apple Products To Be Excluded From Latest China Tariffs $AAPL https://goo.gl/BkiFfM", "time": 1537236561.0, "sentiment": ""}, {"id": 137602690, "text": "$AAPL Buy, buy, buy.", "time": 1537236511.0, "sentiment": "Bullish"}, {"id": 137602534, "text": "$AAPL i am hoping for a money train tomorrow morning that i will jump on", "time": 1537236455.0, "sentiment": "Bullish"}, {"id": 137602475, "text": "$AAPL trump to announce after market close Apple Watch may be exempt", "time": 1537236435.0, "sentiment": "Bullish"}, {"id": 137602276, "text": "$AAPL if the US wants to demonstrate our superpowers we have to quit trading with our head between our legs.", "time": 1537236366.0, "sentiment": "Bullish"}, {"id": 137602181, "text": "$AAPL oh man, i lost hope on this , that it will reach back to $230 by end of week. any suggestion?", "time": 1537236342.0, "sentiment": ""}, {"id": 137602155, "text": "$SPY Can we get an Adult in the Room? Trump thinks this is all a Game Show $AAPL $AMZN $NKE $NFLX", "time": 1537236335.0, "sentiment": "Bullish"}, {"id": 137602119, "text": "$AAPL https://arstechnica.com/gadgets/2018/09/ios-12-on-the-iphone-5s-iphone-6-plus-and-ipad-mini-2-its-actually-faster/", "time": 1537236326.0, "sentiment": "Bullish"}, {"id": 137602034, "text": "$AAPL Continued selling off.. No sign of reversal. Tomorrow mostly gap down $AMZN $QQQ", "time": 1537236298.0, "sentiment": ""}, {"id": 137601975, "text": "$AAPL buying spree on AAPL stocks are restarting today! Good news on tariffs sparing some AAPL products!!! Buy buy and hold!!!", "time": 1537236281.0, "sentiment": "Bullish"}, {"id": 137601893, "text": "$aapl $spy $BA kudlow just said more tariffs trade war on , not happy with talks, but hey  just keep buyin at ATHs LMAO", "time": 1537236260.0, "sentiment": ""}, {"id": 137601631, "text": "$AAPL Good news, good jump &amp; the stock STILL DROPPING! WHAT A FUCKING JOKE THIS IS!", "time": 1537236174.0, "sentiment": ""}, {"id": 137601600, "text": "@JayPats This is not just about $AAPL, get out of your iBubble and see the bigger picture.", "time": 1537236167.0, "sentiment": "Bearish"}, {"id": 137601576, "text": "$AAPL long slow sell off to continue. Good news is that allows you to get a decent price.", "time": 1537236157.0, "sentiment": ""}, {"id": 137601266, "text": "$AAPL bears relying on tariffs to bring Apple down. Trouble is rate is 10% not 25%,&amp;won\u2019t be applied to the Phone.Or the AirPod.Or the Watch", "time": 1537236061.0, "sentiment": ""}, {"id": 137601253, "text": "$AAPL US to spare some Apple products in China tariff&#39;s", "time": 1537236057.0, "sentiment": "Bullish"}, {"id": 137600671, "text": "$NIO $AAPL maybe Santa Clause should and deliver toy cars with his Rain Deer\u2019s!!\ud83d\ude02\ud83d\udc4d", "time": 1537235867.0, "sentiment": ""}, {"id": 137600561, "text": "$TSLA stock is being suppressed by big oil and auto with fear FUD. $400-500 this year $AAPL $AMZN $BABA $NFLX $NVDA", "time": 1537235832.0, "sentiment": ""}, {"id": 137600530, "text": "$AAPL $FIT U.S. to spare some Apple from tariffs - Bloomberg https://finance.yahoo.com/news/u-spare-apple-products-latest-183523114.html These Washington goons picking winner/losers $SPWR", "time": 1537235820.0, "sentiment": ""}, {"id": 137600411, "text": "$AAPL 228.63 is our number bulls", "time": 1537235770.0, "sentiment": "Bullish"}, {"id": 137600285, "text": "$AAPL Bears: &#39;Tariffs and tech bubble&#39;. Bulls: &#39;The watch and the phone!&#39; Two completely different conversations going on here.", "time": 1537235720.0, "sentiment": "Bearish"}, {"id": 137600059, "text": "$AAPL thanks for helping me move my call out to the end of next year bears", "time": 1537235639.0, "sentiment": "Bullish"}, {"id": 137600017, "text": "$AAPL Memoji. Not creepy, unlike Samsung\u2019s.", "time": 1537235623.0, "sentiment": ""}, {"id": 137599773, "text": "$AAPL Very interesting segment on CNBC about new EKG capabilities of Apple Watch. Guest said it&#39;s as good as the gold standard of EKG&#39;s.", "time": 1537235543.0, "sentiment": ""}, {"id": 137599748, "text": "$AAPL pay to play?", "time": 1537235532.0, "sentiment": ""}, {"id": 137599497, "text": "$AAPL brilliant logic going on over here!", "time": 1537235452.0, "sentiment": ""}, {"id": 137599483, "text": "$AAPL Love this setup! Wish I could add more..... won\u2019t have to worry tho cause I already averaged down.", "time": 1537235448.0, "sentiment": ""}, {"id": 137599445, "text": "$AAPL \ud83d\ude80 the edge of tech \ud83d\ude80", "time": 1537235431.0, "sentiment": "Bullish"}, {"id": 137599425, "text": "$NIO $AAPL Should buy this company and keep the Chinese  happy.", "time": 1537235425.0, "sentiment": "Bullish"}, {"id": 137599312, "text": "$AAPL iOS 12 is awesome! congrats apple y&#39;all got it \ud83d\ude80 \ud83d\ude80", "time": 1537235380.0, "sentiment": "Bullish"}, {"id": 137599284, "text": "$AAPL Apple products will not be hurt by tariffs!", "time": 1537235370.0, "sentiment": "Bullish"}, {"id": 137599268, "text": "$spy $dia $qqq When you cross an $aapl with @realDonaldTrump you get a phony. #lol #lamejoke", "time": 1537235366.0, "sentiment": "Bearish"}, {"id": 137599150, "text": "$AAPL down", "time": 1537235323.0, "sentiment": "Bearish"}, {"id": 137599024, "text": "$AAPL watch and AirPods spared from tariffs: https://www.bloomberg.com/news/articles/2018-09-17/u-s-is-said-to-spare-some-apple-goods-from-latest-china-tariffs?utm_source=google&amp;utm_medium=bd&amp;cmpId=google", "time": 1537235278.0, "sentiment": "Bullish"}, {"id": 137598908, "text": "$AAPL I am using Samsung mobile but trading $aapl \ud83d\ude01\ud83d\ude80\ud83d\udcb5", "time": 1537235231.0, "sentiment": "Bullish"}, {"id": 137598869, "text": "$AAPL 300 eod \ud83d\ude80 \ud83d\ude80 \ud83d\ude80 \ud83d\ude02", "time": 1537235218.0, "sentiment": ""}, {"id": 137598778, "text": "$AAPL \ud83d\ude80\ud83d\udcb5", "time": 1537235185.0, "sentiment": "Bullish"}, {"id": 137598590, "text": "6 months returns on $DJIA stocks. $AAPL the best performer", "time": 1537235122.0, "sentiment": ""}, {"id": 137598545, "text": "@Gecko172 what $AAPL products do China import from the US?", "time": 1537235107.0, "sentiment": ""}, {"id": 137598358, "text": "$AAPL Dont fight market momentum stocks \nJust do follow trades $AMZN  both are clear winners", "time": 1537235037.0, "sentiment": "Bullish"}, {"id": 137598250, "text": "$AAPL CNBC pump that watch", "time": 1537234998.0, "sentiment": ""}, {"id": 137598248, "text": "BUZZ-Apple, Fitbit: Pares some losses on report smart watches will be spared from China tariffs\n$aapl https://pub.webull.com/us/news-html/25b25a14c7c340d9a21aede118c5c28f.html?theme=1&amp;hl=en&amp;color=2&amp;sp=0&amp;hl=en", "time": 1537234998.0, "sentiment": ""}, {"id": 137598157, "text": "$AAPL Winner", "time": 1537234962.0, "sentiment": "Bullish"}, {"id": 137598094, "text": "$AAPL double standards...", "time": 1537234940.0, "sentiment": ""}, {"id": 137598082, "text": "$AAPL Apple bears are so goddamn thirsty for these tariffs \ud83d\ude02\ud83d\ude02\ud83d\ude02\ud83d\ude02", "time": 1537234935.0, "sentiment": ""}, {"id": 137598038, "text": "$AAPL protect apple...free market hahaha...trump republican socialism", "time": 1537234916.0, "sentiment": ""}, {"id": 137597949, "text": "$AMD $AAPL  Market is going to tank in the coming days..Kudlow warned you guys", "time": 1537234889.0, "sentiment": "Bearish"}, {"id": 137597896, "text": "$AAPL chucking 800,000 + people out of work doesn\u2019t sounds like a smart move", "time": 1537234872.0, "sentiment": ""}]