[{"id": 137784570, "text": "What\u2019s going on with $AAPL .. today\u2019s action was not good", "time": 1537327339.0, "sentiment": "Bearish"}, {"id": 137784348, "text": "The top 10 movies on the iTunes Store $AAPL #AAPL https://www.marketbeat.com/n/3975656/", "time": 1537327272.0, "sentiment": ""}, {"id": 137784193, "text": "$AAPL Apparently at this point Trade Tariffs had minimal effect on the market. Suggested calls of 207, 212, and 215 never happened.", "time": 1537327222.0, "sentiment": ""}, {"id": 137784071, "text": "Hot Options Report For End Of Day September 18th - $PBR, $FTV, $BAC, $GE, $STZ, $AAPL \nhttp://www.theoptionsinsider.com/hot-options-report-for-end-of-day-september-18th-pbr-ftv-bac-ge-stz-aapl/", "time": 1537327178.0, "sentiment": ""}, {"id": 137784053, "text": "FAANG Stocks Overview:\n$AAPL +0.17%\n$AMZN +1.73%\n$FB -0.17%\n$GOOGL +0.63%\n$NFLX +4.94%\nhttps://techniquant.com/reports/market-reports/faang/2018-09-18/", "time": 1537327170.0, "sentiment": ""}, {"id": 137783986, "text": "$AAPL red Tom. For Apple faaak", "time": 1537327146.0, "sentiment": ""}, {"id": 137783961, "text": "$AAPL FAILS TO CLOSE ABOVE 20-DAY MOVING AVERAGE: https://techniquant.com/reports/stock-aapl-daily-technical-analysis-report-for-2018-09-18/", "time": 1537327138.0, "sentiment": ""}, {"id": 137783195, "text": "Here\u2019s what 271 Estimize analysts believe $AAPL will report for Q4 2018 EPS [Reporting 10/30 AMC]\nhttp://www.estimize.com/intro/aapl?chart=historical&amp;metric_name=eps&amp;utm_content=AAPL&amp;utm_medium=eps_update&amp;utm_source=stocktwits", "time": 1537326914.0, "sentiment": ""}, {"id": 137782389, "text": "5 Top Stock Trades for Wednesday \u2014 When to Buy Apple, Netflix $AAPL $NFLX $BABA $TSLA $GIS http://bit.ly/2QGIQXF", "time": 1537326673.0, "sentiment": ""}, {"id": 137782301, "text": "$AAPL still holding nov 16 calls \ud83e\udd37\ud83c\udffb\u200d\u2640\ufe0f", "time": 1537326651.0, "sentiment": "Bullish"}, {"id": 137781904, "text": "$AAPL ....Missed the elevator up today....Will likely catch a ride down tomorrow if market peels back. \nStill Long!", "time": 1537326539.0, "sentiment": ""}, {"id": 137781897, "text": "$AAPL That was a waste of a day for 35cents!!", "time": 1537326537.0, "sentiment": "Bullish"}, {"id": 137781667, "text": "$SPY $COMPQ $DJIA $FB $AAPL $BAC $C $DIS $EBAY $F $GE $HD $IQ $JD $KO $LB $MU $NVDA $O $P $QD $RIOT $SQ $T $UAA $V $WMT $X great calls going", "time": 1537326476.0, "sentiment": ""}, {"id": 137781230, "text": "$AAPL up 300 dollars on calls ten minutes into open. Closed up 2 dollars. Lol just lol", "time": 1537326362.0, "sentiment": "Bullish"}, {"id": 137780733, "text": "$AAPL weak sauce day", "time": 1537326235.0, "sentiment": ""}, {"id": 137780635, "text": "$AAPL Apple cry babies complaining about a 185 point market close. Lmao !!!", "time": 1537326209.0, "sentiment": ""}, {"id": 137780378, "text": "$AAPL cool....I&#39;ll take it!", "time": 1537326151.0, "sentiment": ""}, {"id": 137780323, "text": "$WWE $AAPL $AMD $FB $SQ $NVDA $FNKO $MSFT  \n\nMomentum is like the technical traders juul...\n\npowerful stuff\n\ud83e\udde0\ud83d\udc47\n\nhttps://www.yoptionz.com/blog/momentum-you-mean-to-the-moon", "time": 1537326138.0, "sentiment": ""}, {"id": 137780032, "text": "$SPY $AAPL bought SPY and apple puts at close. Looks like a reversal.. Sell at resistance buy at support!!", "time": 1537326068.0, "sentiment": "Bearish"}, {"id": 137780012, "text": "$AAPL that was so weak", "time": 1537326065.0, "sentiment": ""}, {"id": 137779956, "text": "$AAPL andddddd I bought calls :)", "time": 1537326056.0, "sentiment": ""}, {"id": 137779802, "text": "$AAPL green is green lol", "time": 1537326020.0, "sentiment": "Bullish"}, {"id": 137779597, "text": "Are Technology &amp; Fang Stocks Bottoming?....This 30 minute chart of #Apple shows a cycle low is setting up&gt; https://tinyurl.com/ycl9f32d  $AAPL", "time": 1537325973.0, "sentiment": ""}, {"id": 137779495, "text": "$AAPL Forward P/E still under 16.", "time": 1537325945.0, "sentiment": "Bullish"}, {"id": 137779336, "text": "$AMZN $AAPL $DIS $FB $COKE $DFBG $CGC $WEED.CA  \n \nFundamental x Technical Analysis\n\nKnow your basics...\n\ud83e\udde0\ud83d\udc47\n\nhttps://www.yoptionz.com/blog/the-fundamental-stock-architect-v-s-the-technical-chart-construction-worker", "time": 1537325908.0, "sentiment": ""}, {"id": 137779247, "text": "$AAPL Warren, where are you?", "time": 1537325883.0, "sentiment": "Bullish"}, {"id": 137779184, "text": "$AAPL gap down tomorrow", "time": 1537325869.0, "sentiment": "Bearish"}, {"id": 137778931, "text": "$AAPL in 1 contract", "time": 1537325799.0, "sentiment": "Bullish"}, {"id": 137778837, "text": "$AAPL I\u2019d love to see AAPL grow a pair. Pull manufacture back to US.", "time": 1537325778.0, "sentiment": ""}, {"id": 137778476, "text": "$AAPL 217.95 ish", "time": 1537325685.0, "sentiment": ""}, {"id": 137777707, "text": "$AAPL can we rally to close?", "time": 1537325484.0, "sentiment": "Bullish"}, {"id": 137777678, "text": "$AAPL I look around my house and I see so much apple, and I agree with Cramer apple is cheap it 250, even 300 quote", "time": 1537325476.0, "sentiment": ""}, {"id": 137777619, "text": "$AAPL what a strong close for the bulls \ud83e\udd25", "time": 1537325462.0, "sentiment": "Bearish"}, {"id": 137777242, "text": "$AAPL Hope you did not buy in the morning.", "time": 1537325361.0, "sentiment": ""}, {"id": 137777174, "text": "@JamesBlonde China needs $AAPL as much as they say they don&#39;t.", "time": 1537325345.0, "sentiment": ""}, {"id": 137777086, "text": "$AAPL China definitely targeting Apple, mark this", "time": 1537325313.0, "sentiment": "Bearish"}, {"id": 137776966, "text": "$AAPL Not looking good here.... Watch carefully...", "time": 1537325289.0, "sentiment": ""}, {"id": 137776838, "text": "$SPY $AAPL will guide down before quarter? I think so", "time": 1537325253.0, "sentiment": "Bearish"}, {"id": 137776570, "text": "$AAPL loading calls expecting another rocket rip tomorrow morning", "time": 1537325177.0, "sentiment": "Bullish"}, {"id": 137776544, "text": "$aapl $amzn $spy $qqq last 10 minutes only real volume on the day probaby market dumpage", "time": 1537325171.0, "sentiment": ""}, {"id": 137776400, "text": "Sino-US Trade Relations Turn Sour: Winners &amp; Losers\n\n$BABA $AAPL $ROP $INTU $BBY $CSX $BHP $LLL $AMZN $WMT  \n\nhttps://www.zacks.com/stock/news/323640/sinous-trade-relations-turn-sour-winners-amp-losers", "time": 1537325135.0, "sentiment": ""}, {"id": 137776342, "text": "$AAPL selling picking up", "time": 1537325119.0, "sentiment": ""}, {"id": 137776303, "text": "$AAPL with the Dow up over 200 and the S&amp;P futures up over 17 $AAPL sure didn&#39;t move very much today", "time": 1537325107.0, "sentiment": ""}, {"id": 137776295, "text": "$AAPL it&#39;s going down because the people that have been here all day have been watching but it&#39;s fresh tomorrow and it&#39;s Apple", "time": 1537325105.0, "sentiment": ""}, {"id": 137775695, "text": "$AAPL tRump wants total transparency except when it comes to his tax returns. Sad.", "time": 1537324940.0, "sentiment": ""}, {"id": 137775415, "text": "$AAPL I love discounts", "time": 1537324864.0, "sentiment": "Bullish"}, {"id": 137775405, "text": "$AAPL Crooked Wall Street!", "time": 1537324862.0, "sentiment": ""}, {"id": 137774980, "text": "$AAPL,$WMT and $VIAB @http://tiny.cc/kdityy", "time": 1537324749.0, "sentiment": ""}, {"id": 137774798, "text": "$AAPL just plain OVERSOLD &amp; CHEAP!!!", "time": 1537324696.0, "sentiment": "Bullish"}, {"id": 137774706, "text": "$AAPL looking strong!", "time": 1537324672.0, "sentiment": "Bearish"}, {"id": 137774687, "text": "$aapl $ba apple will be the new trade war punching bag as BA gets a break lol", "time": 1537324667.0, "sentiment": ""}, {"id": 137774611, "text": "$AAPL this will be up tomorrow... markets are up..tariffs are behind...", "time": 1537324648.0, "sentiment": ""}, {"id": 137774219, "text": "$aapl I cant wait for that headline - China puts Tariffs on all APPLE products...then PLUNGE LMAO 180 then 150 lol", "time": 1537324538.0, "sentiment": ""}, {"id": 137774199, "text": "$AAPL  Apple  pay for CHINA sanctions \n \nSHORT   ! APPLE", "time": 1537324531.0, "sentiment": "Bearish"}, {"id": 137774043, "text": "$AMZN $AAPL $GOOG $NFLX $FB $MSFT wait for that mf to announce tariffs on 267B after hour.", "time": 1537324489.0, "sentiment": ""}, {"id": 137773675, "text": "Bullish Call Flow on $NFLX \n$FB $AAPL $GOOG $GOOGL $AMZN $QQQ", "time": 1537324397.0, "sentiment": ""}, {"id": 137773219, "text": "$AAPL", "time": 1537324273.0, "sentiment": "Bullish"}, {"id": 137773026, "text": "$AAPL some food for thought: https://www.marketwatch.com/story/this-hidden-factor-could-soon-make-stocks-much-more-volatile-2018-09-17", "time": 1537324220.0, "sentiment": ""}, {"id": 137772295, "text": "Apple&#39;s Tim Cook Explains How The iPhone Escaped The Trade War So Far https://benzinga.com/z/12371068 $AAPL", "time": 1537323999.0, "sentiment": ""}, {"id": 137772043, "text": "$AAPL this is a dip! Look at the damn history of this stock! When ER comes out and people realize they makin bux it shoots up.", "time": 1537323933.0, "sentiment": "Bullish"}, {"id": 137771828, "text": "$AAPL https://seekingalpha.com/article/4206980-buy-apple-stock-new-iphone-xs-xs-max-xr", "time": 1537323872.0, "sentiment": ""}, {"id": 137770758, "text": "$AAPL for reals tho. Bullishhh", "time": 1537323550.0, "sentiment": ""}, {"id": 137770528, "text": "$AMD $MU $INTC $AAPL $QQQ Absolutely true of China, finally someone had the balls to push back, protect American intellectual property!!", "time": 1537323485.0, "sentiment": "Bullish"}, {"id": 137770442, "text": "$AAPL https://gvtimes.com/2018/09/18/if-analyst-forecast-holds-trueapple-inc-aapl-will-hit-235-per-share/", "time": 1537323462.0, "sentiment": ""}, {"id": 137770248, "text": "Fair. We have definitely been going up since ER. Do you agree that this may be a healthy pull back before this trend can continue? $AAPL", "time": 1537323406.0, "sentiment": ""}, {"id": 137770088, "text": "$AAPL Apple: The Most Valuable Company In The World Is Still Undervalued $AAPLhttps://seekingalpha.com/article/4207012 \nLong term holds safe", "time": 1537323359.0, "sentiment": "Bullish"}, {"id": 137769990, "text": "the 1st wave at #FaangReef nice form..  ichimoku  cameras on beach.. $SPY $FB $AAPL #GOOG #AMZN #NFLX", "time": 1537323326.0, "sentiment": ""}, {"id": 137769913, "text": "All of my money is in $igc $nbev $cron $MJ $MYSZ $AAPL  and $TSLA beautiful green day!! \ud83d\udc4f\ud83e\udd13", "time": 1537323301.0, "sentiment": "Bullish"}, {"id": 137769845, "text": "$AAPL added here", "time": 1537323275.0, "sentiment": "Bullish"}, {"id": 137769311, "text": "$AAPL Open tomorrow gap below today&#39;s open?", "time": 1537323115.0, "sentiment": "Bearish"}, {"id": 137769220, "text": "$AAPL If you&#39;re holding weekly calls, sell now &amp; cut your losses. I have apparently jinxed all of you.", "time": 1537323092.0, "sentiment": ""}, {"id": 137769008, "text": "$AAPL Tell your red headed donkey to STFU about Aapl tariffs and we\u2019re back to 228!!", "time": 1537323035.0, "sentiment": "Bullish"}, {"id": 137768799, "text": "$AAPL This sucks. SPY is flying and this can&#39;t do a damn thing.", "time": 1537322979.0, "sentiment": ""}, {"id": 137768741, "text": "Sino-US Trade Relations Turn Sour: Winners &amp; Losers http://bit.ly/2PMzubL $BABA $AAPL $AMZN $WMT $BBY $LLL $INTU $LLL $CSX $ROP $BHP", "time": 1537322964.0, "sentiment": ""}, {"id": 137768697, "text": "$AAPL it tells me Up 45$ from last ER trend is up!!", "time": 1537322952.0, "sentiment": ""}, {"id": 137768688, "text": "$AAPL INCAPABLE of cracking 220 for the rest of today.", "time": 1537322950.0, "sentiment": ""}, {"id": 137768654, "text": "$AAPL just about anything made $ today... will roll back into eow", "time": 1537322936.0, "sentiment": ""}, {"id": 137768591, "text": "$AAPL Bull or bear, doesn&#39;t matter - we&#39;re down from 228+. What does that tell you about the current trend? Try and look further than today.", "time": 1537322918.0, "sentiment": ""}, {"id": 137768580, "text": "$aapl I hope I am short  apple the day we wake up to China saying to apple, we are done with you lol the tariffs they could slam apple with", "time": 1537322914.0, "sentiment": ""}, {"id": 137768267, "text": "$AAPL high channel trading here for AAPL through late October IMO .Post mid terms UP!", "time": 1537322821.0, "sentiment": ""}, {"id": 137767894, "text": "$AMZN $AAPL AAPL And AMZN both giving back some ground. Let\u2019s see where we end up. I Expect more selling into close As Trump talks trade.", "time": 1537322707.0, "sentiment": ""}, {"id": 137767660, "text": "@meowmerz Xi will throw the \ud83d\udd28; stick a fork into US tech firms like $AAPL", "time": 1537322639.0, "sentiment": "Bearish"}, {"id": 137767463, "text": "$AAPL down .70 since I posted my weekly calls. I have jinxed the largest company in the U.S.", "time": 1537322573.0, "sentiment": "Bearish"}, {"id": 137767308, "text": "$QQQ $AAPL $NFLX $AMZN $GOOGL $FB $TWTR $MSFT $SPOT Only way to limit election meddling is to limit data collection, they hold too much info", "time": 1537322529.0, "sentiment": ""}, {"id": 137767285, "text": "$FIT Easy short, everyone will buy the Apple Watch 4 $AAPL", "time": 1537322520.0, "sentiment": ""}, {"id": 137767169, "text": "$AAPL Added shares @ $218.80", "time": 1537322490.0, "sentiment": "Bullish"}, {"id": 137767108, "text": "$AAPL despite being \u201cspecial\u201d and exempted from tariffs, still going dos", "time": 1537322472.0, "sentiment": ""}, {"id": 137766835, "text": "$AAPL Couldn&#39;t hold 220.  Lower...", "time": 1537322390.0, "sentiment": "Bearish"}, {"id": 137766643, "text": "$AAPL Up huge tomorrow. People want in on the safest company in the world. CASH.", "time": 1537322332.0, "sentiment": "Bullish"}, {"id": 137766615, "text": "@Tradereversal Do you have the chart on-hand for $AAPL ? Sounds like a good opportunity to do some trading along it in addition to holdings.", "time": 1537322322.0, "sentiment": ""}, {"id": 137766599, "text": "$AAPL weak, going lower", "time": 1537322319.0, "sentiment": "Bearish"}, {"id": 137766598, "text": "$AAPL both China and Trump say that Apple will not be affected by tariffs Trump last night China said that last month", "time": 1537322319.0, "sentiment": "Bullish"}, {"id": 137766586, "text": "$AAPL looks exhausted and needs a nap at 200", "time": 1537322316.0, "sentiment": ""}, {"id": 137766565, "text": "$AAPL his thing is hitting back \u201cten times harder\u201d", "time": 1537322311.0, "sentiment": ""}, {"id": 137766496, "text": "$AAPL \ud83d\ude24", "time": 1537322292.0, "sentiment": ""}, {"id": 137766435, "text": "$AAPL", "time": 1537322276.0, "sentiment": "Bullish"}, {"id": 137766429, "text": "$AAPL weak on a strong $QQQ nazzy rally. \ud83d\udc4e", "time": 1537322274.0, "sentiment": "Bearish"}, {"id": 137766372, "text": "$AAPL   I say you&#39;re wrong, it&#39;s hitting the 34 SMA, it does that a lot and then shoots up 229.81", "time": 1537322259.0, "sentiment": ""}, {"id": 137766353, "text": "$AAPL God forbid this actually go up and stay up today.", "time": 1537322252.0, "sentiment": ""}, {"id": 137766212, "text": "$AAPL Literally straight down .50 in two minutes.", "time": 1537322208.0, "sentiment": "Bearish"}, {"id": 137766096, "text": "$TRLY $AAPL $AVGO $CRM  $SQ is today options expiration? It sure feels that way. Some of these guys are stuck.", "time": 1537322168.0, "sentiment": ""}, {"id": 137765971, "text": "$AAPL this is doing just fine, with all my contracts I&#39;m happy with a dollar a day, equals a lot of profits", "time": 1537322132.0, "sentiment": ""}, {"id": 137765847, "text": "$AAPL GUARANTEE this doesn&#39;t see 225 for the rest of this week. Book it.", "time": 1537322095.0, "sentiment": "Bearish"}, {"id": 137765684, "text": "$AAPL I&#39;ve got 220, 222.5, &amp; 225 calls exp 9/21. How bout a F***in move already!", "time": 1537322041.0, "sentiment": ""}, {"id": 137765436, "text": "$AAPL Not doing a damn thing since 11am/ when I loaded up on calls.", "time": 1537321976.0, "sentiment": "Bearish"}, {"id": 137764873, "text": "$aapl $amzn $spy $qqq calling orange POTUS is an oxymoron LMAO", "time": 1537321797.0, "sentiment": ""}, {"id": 137764524, "text": "$AAPL oh man Poland play to that ego. FT TRUMP", "time": 1537321691.0, "sentiment": ""}, {"id": 137764500, "text": "$spy $amzn $qqq $aapl a day like today just proves you cant trade on logic or fundamentals, its all algos, all technical", "time": 1537321685.0, "sentiment": ""}, {"id": 137764221, "text": "$aapl $amzn $spy $qqq is the market even open, look at the volume, on every uptick it runs higher lol", "time": 1537321610.0, "sentiment": ""}, {"id": 137764142, "text": "$TLRY $AMZN $AAPL come on TLRY only has a $14.1 BILLION mkt cap on $28.1 MILLION in revenue (&amp; neg profit) - seem perfectly reasonable \ud83d\ude02\ud83d\ude02", "time": 1537321585.0, "sentiment": ""}, {"id": 137763933, "text": "$EWZ $AAPL $CREE $M $EWJ $GLW $SPY $QQQ $STUDY Be sure to check out today&#39;s Trade Ideas! https://www.cltoptions.com/single-post/2018/09/18/Trade-Ideas-91818", "time": 1537321525.0, "sentiment": ""}, {"id": 137763731, "text": "$VUZI $AAPL $GOOG buyout must be in the works from one of them.  Too much going on and Apple talking too much about AR", "time": 1537321468.0, "sentiment": "Bullish"}, {"id": 137763664, "text": "$spy $qqq $amzn $aapl non stop prop float higher every tic, I guess the market loves more tariffs LMAO, how about a higher cost of goods lol", "time": 1537321452.0, "sentiment": ""}, {"id": 137763560, "text": "$AAPL commence short squeeze.  &quot;W&quot; on the daily to 230+", "time": 1537321420.0, "sentiment": "Bullish"}, {"id": 137763131, "text": "Be careful guys, $TLRY will soon beat most companies in S&amp;P and DOW in market cap. Already $AMZN and $AAPL are feeling threatened:)))", "time": 1537321290.0, "sentiment": ""}, {"id": 137762648, "text": "$AAPL Getting ready to go to 230 by this weekend", "time": 1537321152.0, "sentiment": "Bullish"}, {"id": 137762539, "text": "$AAPL nice and steady! $$$$$$$$$$$$$$$$$$$$$$$$$$$$$$$$$$$", "time": 1537321127.0, "sentiment": "Bullish"}, {"id": 137762327, "text": "$AAPL Trump trade war could end badly and take Trump down with it. That\u2019s with the Chinese are betting on", "time": 1537321061.0, "sentiment": "Bullish"}, {"id": 137761932, "text": "$AAPL come on 219.50 Com on", "time": 1537320949.0, "sentiment": ""}, {"id": 137761719, "text": "$AAPL but, 10 min looks like up. And, if that holds. Daily will want to go up too. and, by that I m3an tomorrow.", "time": 1537320888.0, "sentiment": ""}, {"id": 137761355, "text": "Here\u2019s what 23 Estimize analysts believe $AAPL will report for Q4 iPhone Sales on 10/30 AMC.\nhttp://www.estimize.com/intro/aapl?chart=historical&amp;metric_name=iphone_unit_sales&amp;utm_content=AAPL&amp;utm_medium=metric_update&amp;utm_source=stocktwits", "time": 1537320789.0, "sentiment": ""}, {"id": 137761354, "text": "Here\u2019s what 13 Estimize analysts believe $AAPL will report for Q4 Mac Sales on 10/30 AMC.\nhttp://www.estimize.com/intro/aapl?chart=historical&amp;metric_name=mac_unit_sales&amp;utm_content=AAPL&amp;utm_medium=metric_update&amp;utm_source=stocktwits", "time": 1537320789.0, "sentiment": ""}, {"id": 137761353, "text": "Here\u2019s what 16 Estimize analysts believe $AAPL will report for Q4 Gross Margins on 10/30 AMC.\nhttp://www.estimize.com/intro/aapl?chart=historical&amp;metric_name=gross_margins&amp;utm_content=AAPL&amp;utm_medium=metric_update&amp;utm_source=stocktwits", "time": 1537320789.0, "sentiment": ""}, {"id": 137761352, "text": "Here\u2019s what 11 Estimize analysts believe $AAPL will report for Q4 iPad Sales on 10/30 AMC.\nhttp://www.estimize.com/intro/aapl?chart=historical&amp;metric_name=ipad_unit_sales&amp;utm_content=AAPL&amp;utm_medium=metric_update&amp;utm_source=stocktwits", "time": 1537320789.0, "sentiment": ""}, {"id": 137761257, "text": "$AAPL he\u2019s talking.", "time": 1537320765.0, "sentiment": ""}, {"id": 137760477, "text": "$AAPL \ud83e\udd23\ud83d\ude03\ud83d\udc4d", "time": 1537320532.0, "sentiment": "Bullish"}, {"id": 137759968, "text": "$AAPL $AMZN $QQQ $SPY $BABA Longs \ud83d\udc02 go reevaluate the chart daily $BABA clue: it&#39;s horrible\ud83d\udc3b\ud83d\ude02", "time": 1537320381.0, "sentiment": ""}, {"id": 137759940, "text": "$AAPL 220 for 1.94", "time": 1537320374.0, "sentiment": "Bullish"}, {"id": 137759646, "text": "Put Protection Cost Analysis To Hedge Downside Risk $TRXC $AAPL $AMZN $VKTX $TSLA $ORCL $ABBV $MSFT $DDD $TLRY $ORCL https://marketchameleon.com/volReports/DownsidePutProtection", "time": 1537320287.0, "sentiment": ""}, {"id": 137759379, "text": "$AAPL Don&#39;t wanna go up. Don&#39;t wanna go down.", "time": 1537320216.0, "sentiment": ""}, {"id": 137758337, "text": "$TLRY is the next $AAPL and $MSFT and $AMZN altogether, target 5000$ in 2020", "time": 1537319918.0, "sentiment": ""}, {"id": 137757693, "text": "$AAPL Bears are delusional and think Apple won\u2019t be here 5 years from now. Complete idiots.", "time": 1537319746.0, "sentiment": "Bullish"}, {"id": 137757661, "text": "$AAPL anyone else getting sick of the mid day surprise plummet? Out of nowhere just goes straight down.  Happens every day now", "time": 1537319734.0, "sentiment": ""}, {"id": 137757401, "text": "Told you apple was going to fall. Watch when earnings are lower than expected in November $AAPL", "time": 1537319660.0, "sentiment": "Bearish"}, {"id": 137757336, "text": "$AAPL about to drop again...still holding short  to $207 bottom", "time": 1537319640.0, "sentiment": "Bearish"}, {"id": 137757297, "text": "Currently in $AAPL, $VZ, and $KO calls. Holding out until October probably.", "time": 1537319629.0, "sentiment": "Bullish"}, {"id": 137756904, "text": "$AAPL feeling dizzy watching apple stock today... Which way it will go.... Up down up. Down lol.... I guess MM knows what they trying doing", "time": 1537319512.0, "sentiment": "Bullish"}, {"id": 137756630, "text": "$AAPL It&#39;s literally frozen.", "time": 1537319433.0, "sentiment": "Bearish"}, {"id": 137755958, "text": "$AAPL showing signs of weakness but if you&#39;re still buying up here, see you soon from below \ud83d\ude01", "time": 1537319222.0, "sentiment": ""}, {"id": 137755779, "text": "$AAPL damn pump dump pump dump...", "time": 1537319168.0, "sentiment": ""}, {"id": 137755735, "text": "$AAPL 190s EOM 280s EOY", "time": 1537319154.0, "sentiment": ""}, {"id": 137755388, "text": "@Chicken_Little @jleeh82 yeah.  and theyre going to buy $AMZN $AAPL and $BLK", "time": 1537319052.0, "sentiment": ""}, {"id": 137754948, "text": "$AAPL will close red... Lol... No any strength.....damn", "time": 1537318934.0, "sentiment": ""}, {"id": 137754925, "text": "$AAPL most revolutionary concerning new phones are prizes ,", "time": 1537318926.0, "sentiment": "Bearish"}, {"id": 137753795, "text": "$AAPL volume is ok but I&#39;m too skeptical \ud83e\udd14 damn....", "time": 1537318575.0, "sentiment": ""}, {"id": 137753724, "text": "$SPY $AAPL Buy the dip", "time": 1537318551.0, "sentiment": "Bearish"}, {"id": 137753678, "text": "$AAPL 219.50 faking break that pos wall..... And next 221.50 faaaak", "time": 1537318540.0, "sentiment": ""}, {"id": 137753622, "text": "$AAPL whats up fellow investors. At ms money moves we specialize in finding undervalued stocks. Check us out !\nhttps://msmoneymoves.com", "time": 1537318521.0, "sentiment": "Bullish"}, {"id": 137753549, "text": "ICYMI, here&#39;s the link to my Weekend Market VIDEO: https://www.joefahmy.com/2018/09/16/weekend-market-video-9-16-18 $SPY $IWM $QQQ $DIA $AAPL $ISRG $AMZN", "time": 1537318502.0, "sentiment": ""}, {"id": 137753253, "text": "$AAPL this is really trying to break...if we get through 220... we will close strong", "time": 1537318411.0, "sentiment": ""}]