[{"id": 137925286, "text": "$AMZN $AAPL Basically frozen the past three hours.", "time": 1537405686.0, "sentiment": ""}, {"id": 137924836, "text": "$AAPL TechCrunch statement // Ultimately it sounds like the new Watch doesn&#39;t justify an upgrade from the previous generation", "time": 1537405555.0, "sentiment": ""}, {"id": 137924688, "text": "$AAPL Apple sold 43% of all phones priced above $400 globally in Q2, earned majority of handset profits \nhttps://t.co/rshpdoynWR", "time": 1537405515.0, "sentiment": ""}, {"id": 137924538, "text": "$AAPL look at $TLRY why can&#39;t you be like him", "time": 1537405473.0, "sentiment": ""}, {"id": 137924530, "text": "$AAPL Does Apple have any premium buyers left for the iPhone XS and iPhone XS Max? \nhttps://t.co/RYwnQ0vxxG", "time": 1537405471.0, "sentiment": ""}, {"id": 137924104, "text": "Future will be dominated mergers, \n$TSLA $AMD Panasonic \n$AAPL BYD LG? \n$GOOGL $FCAU Samsung?\nEV&#39;s &amp; level 5 will force alliances", "time": 1537405357.0, "sentiment": "Bullish"}, {"id": 137923999, "text": "Crazy how $DJIA up $188 and $IWM $AAPL $SPY moving slow af", "time": 1537405327.0, "sentiment": ""}, {"id": 137923718, "text": "$SPY $AAPL $AMD $TSLA $TLRY So happy for our newer traders that joined our chatroom and shared ideas so a new trader could accomplish this!", "time": 1537405246.0, "sentiment": "Bullish"}, {"id": 137923474, "text": "$FB Now let&#39;s see $AAPL and $AMZN  follow this move...", "time": 1537405184.0, "sentiment": ""}, {"id": 137922988, "text": "$AAPL yes it\u2019s burning my theta in calls", "time": 1537405037.0, "sentiment": ""}, {"id": 137922919, "text": "$AAPL unless it comes from Aapl reporting slow sales don\u2019t believe a facki. Thing", "time": 1537405021.0, "sentiment": ""}, {"id": 137922911, "text": "$FB trades at 1/2 peg for nxt 5 yrs of $GOOGL + $AAPL even after estimates have come down", "time": 1537405019.0, "sentiment": ""}, {"id": 137922829, "text": "$AAPL Poke this manipulated thing with a stick !", "time": 1537405000.0, "sentiment": ""}, {"id": 137922821, "text": "$AAPL mehhh if it\u2019s not trade wars it\u2019s Greece Ibend slow sales blabla always something with Aapl", "time": 1537404997.0, "sentiment": ""}, {"id": 137922700, "text": "$AAPL Looks like gaps are filled &amp; completing consolidation! Getting ready to pop up to 229 few days! Nice feedbacks IPhone Xs Xs Max Watch!", "time": 1537404967.0, "sentiment": "Bullish"}, {"id": 137922624, "text": "$AAPL  \n\nhttps://www.cnbc.com/2018/09/19/apple-is-savvy-at-avoiding-blowback-from-trump-and-lawmakers-mcnamee.html", "time": 1537404949.0, "sentiment": "Bullish"}, {"id": 137921777, "text": "$BLDP is the new $TSLA. Chart on $GOOGL finance is awesome!  Technology revolution such as $AAPL $AMZN will be followed by Energy revolution", "time": 1537404716.0, "sentiment": "Bullish"}, {"id": 137921443, "text": "$SPY watch $AAPL and $AMZN here. Market could follow $TVIX $UVXY", "time": 1537404611.0, "sentiment": ""}, {"id": 137921342, "text": "$AAPL CNBC achors are so weird. Still doubting everything about Apple.IDIOTS.Wear it you\u2019ll see!", "time": 1537404576.0, "sentiment": ""}, {"id": 137921025, "text": "$MU $MU $NVDA $AAPL $ATVI $TSLA $TCEHY $FB the 3 comma portfolio keep listening to the dinosaurs lol. We are in a tech revolution", "time": 1537404468.0, "sentiment": "Bullish"}, {"id": 137920229, "text": "$AAPL Apple pays Ireland $15.4B in taxes. Hey Apple, I will happily take .1% of that please. :) and i&#39;ll even long you guys. \ud83d\ude2d\ud83d\ude2d\ud83d\ude2d\ud83d\ude2d\ud83d\ude2d", "time": 1537404206.0, "sentiment": ""}, {"id": 137920116, "text": "$AAPL $219 close lets do it!", "time": 1537404169.0, "sentiment": ""}, {"id": 137920111, "text": "$AAPL Won&#39;t buy until they come out with inet that they have been testing on there foxconn employee&#39;s,", "time": 1537404167.0, "sentiment": "Bearish"}, {"id": 137919933, "text": "@PerSE @reez007 @AlexanderHandleton @luvngspnful @Boyle @Stockcat01 @Frenzy @April0505 Keep adding  TGODF to portfolio  $AAPL $KO ACBFF $SPY", "time": 1537404108.0, "sentiment": "Bullish"}, {"id": 137919866, "text": "Big bullish unusual option activity detected: $TLRY, $AMD, $BAC, $AAPL, $NFLX - big bearish: $AAPL, $AMD, $BABA, $TLT, $MU", "time": 1537404087.0, "sentiment": ""}, {"id": 137919619, "text": "$MU did y\u2019all see what happened with $AAPL with 11% buyback? What do you think 22% will do here? Be smart, don\u2019t miss the buyback jump", "time": 1537404007.0, "sentiment": ""}, {"id": 137919561, "text": "$AAPL bought a put. This is boring might as well play for crash still", "time": 1537403992.0, "sentiment": ""}, {"id": 137919398, "text": "$AAPL shows a strong growth in EPS: 10.83%, which is quite good. https://www.chartmill.com/analyze.php?utm_source=stocktwits&amp;utm_medium=FA&amp;utm_content=GROWTH&amp;utm_campaign=social_tracking#/AAPL?r=fa&amp;key=bb853040-a4ac-41c6-b549-d218d2f21b32", "time": 1537403941.0, "sentiment": ""}, {"id": 137919162, "text": "$AAPL Performing terribly relative to a big market day. Once the indices flatten out, watch the bottom fall out on this dog.  Next stop 201.", "time": 1537403866.0, "sentiment": ""}, {"id": 137918852, "text": "$AAPL \ud83c\udf4f\ud83c\udf4f\ud83c\udf4f", "time": 1537403769.0, "sentiment": "Bullish"}, {"id": 137918552, "text": "Who can drill down $AAPL &#39;s A12 Bionic Chip and $AMD designs?  Any link ? A12 also has new four core GPU chips. Whose ?", "time": 1537403673.0, "sentiment": "Bullish"}, {"id": 137918089, "text": "$AAPL  A12 Bionic chip has 6 CPU cores uses a 7 nM mfg process What is the similarity with $AMD 7 nM cpus with multiple cores. AMD quiet??", "time": 1537403518.0, "sentiment": ""}, {"id": 137917766, "text": "@PerSE @reez007 @AlexanderHandleton @luvngspnful @Boyle @Stockcat01 @Frenzy @April0505 TGODF Retail like $AAPL Store $KO ACBFF $SPY", "time": 1537403410.0, "sentiment": "Bullish"}, {"id": 137917653, "text": "Why Investors Have High Expectations for Microsoft Stock. $MSFT $FB $GOOG $AAPL $SPOT $NFLX https://hadeplatform.com/articles/2018/09/19/why-investors-have-high-expectations-for-micrsoft-nasdaqmdft-stock", "time": 1537403370.0, "sentiment": ""}, {"id": 137917437, "text": "$AAPL so much trepidation around tech right now. I&#39;m almost tempted to just sit on the  sidelines until this trade war stuff plays out.", "time": 1537403298.0, "sentiment": ""}, {"id": 137917223, "text": "@PerSE @reez007 @AlexanderHandleton @luvngspnful @Boyle @Stockcat01 @Frenzy @April0505   $KO ACBFF-&amp;  TGODF working on being Retail $AAPL", "time": 1537403235.0, "sentiment": "Bullish"}, {"id": 137917032, "text": "$ES_F $CL_F $ZB_F $NQ_F $GC_F $aapl http://stocktwits.com/r/futurestra  Join the room,Calls  before they happen.Entrance,targets,stops", "time": 1537403175.0, "sentiment": ""}, {"id": 137917015, "text": "Apple iPhone XS Preorder Concerns Overblown, Analyst Says http://ow.ly/JXRH30lT8FT $AAPL", "time": 1537403169.0, "sentiment": ""}, {"id": 137916819, "text": "FAANG ETFs Face Off Amid New Tariffs: Apple Vs. Amazon $QQQ $AAPL $AMZN $IGM $IYC $IYW $VCR $VGT $XLK $XLY $FTEC  https://goo.gl/34ZbN5", "time": 1537403105.0, "sentiment": ""}, {"id": 137916150, "text": "@BiggRuss $TSLA Maybe $AAPL secretly owns/partnered/invested with $NIO &amp; why Apple&#39;s new framework was named the SwiftNIO. #TSLA #AAPL #NIO", "time": 1537402903.0, "sentiment": ""}, {"id": 137915956, "text": "$TSLA $AAPL $NIO is can", "time": 1537402839.0, "sentiment": ""}, {"id": 137915762, "text": "$AAPL https://www.youtube.com/watch?v=1SrckSJvGc8", "time": 1537402783.0, "sentiment": "Bullish"}, {"id": 137915137, "text": "$SPY sup w $AAPL tho is it gonna clear it or", "time": 1537402588.0, "sentiment": "Bearish"}, {"id": 137915001, "text": "$AAPL if 267 by DOES include phone,check whether consultation period still applies;phone may be on initial list but may get later exemption", "time": 1537402553.0, "sentiment": ""}, {"id": 137914609, "text": "$AAPL if Tim Cook has pulled off this masterstroke it\u2019s a huge green light for bulls.", "time": 1537402433.0, "sentiment": ""}, {"id": 137914581, "text": "Fitbit In Focus Amid Expanded Strategic Partnership With Humana $FIT Also $HUM $AAPL https://goo.gl/VFs3NZ", "time": 1537402422.0, "sentiment": ""}, {"id": 137914553, "text": "@beefy_trader If $AAPL cuts orders, everyone knows it\u2019s bad because it means weak demand. This is same thing for $MU", "time": 1537402415.0, "sentiment": ""}, {"id": 137914387, "text": "$AAPL at the point of the final round of US tariffs we will know whether Tim Cook\u2019s lobbying has managed to spare ALL Apples main products", "time": 1537402358.0, "sentiment": ""}, {"id": 137914194, "text": "$AAPL Monday DDay?it\u2019s when US tariffs on 200bn&amp;retaliatory China tariffs go into effect, the latter MAY trigger extra 267b tariffs from US", "time": 1537402290.0, "sentiment": ""}, {"id": 137913831, "text": "$AAPL BTFD", "time": 1537402176.0, "sentiment": ""}, {"id": 137913753, "text": "$TSLA Maybe $AAPL should just invest in $NIO that way they won&#39;t have problems &amp; deal with an egostistical eratic druggie #ElonMusk #TSLA", "time": 1537402147.0, "sentiment": ""}, {"id": 137913676, "text": "$QQQ $AAPL qs are close to the 50 SMA breach and \ud83c\udf4e hasn\u2019t even dumped yet", "time": 1537402115.0, "sentiment": ""}, {"id": 137913653, "text": "It looks like $AAPL is still planning to release new iPad Pro models in 2018. https://investorplace.com/2018/09/new-apple-ipad-pro-coming-in-2018/", "time": 1537402107.0, "sentiment": ""}, {"id": 137913625, "text": "$AAPL profitable cash machine in accumulation expecting break out by Friday. All aboard for holiday revenue.", "time": 1537402099.0, "sentiment": "Bullish"}, {"id": 137913532, "text": "$AAPL rats..", "time": 1537402063.0, "sentiment": ""}, {"id": 137913337, "text": "$AAPL today has made me realize that I&#39;m overweight in tech.", "time": 1537402000.0, "sentiment": ""}, {"id": 137913273, "text": "$AAPL Called it. It dropped.", "time": 1537401983.0, "sentiment": "Bearish"}, {"id": 137913229, "text": "$AAPL  Hey, check out swingoptiontrading, a room on StockTwits that I think you would like to join. Check it out: https://www.stocktwits.com/r/swingoptiontrading", "time": 1537401968.0, "sentiment": "Bullish"}, {"id": 137912893, "text": "$AAPL Apple&#39;s MM is the cruelest MF&#39;er on the planet.", "time": 1537401846.0, "sentiment": ""}, {"id": 137912732, "text": "$AAPL it&#39;ll drop now. Of course.", "time": 1537401795.0, "sentiment": "Bearish"}, {"id": 137912625, "text": "$AAPL 220 calls", "time": 1537401766.0, "sentiment": "Bullish"}, {"id": 137912443, "text": "$NFLX $AAPL $SQ $AAPL Does anyone understands what is going on? why was the Nasdaq negative 40 and now is recovering while the Down is +200?", "time": 1537401708.0, "sentiment": ""}, {"id": 137911664, "text": "$AAPL its party time apple..  \ud83d\udc4d im holding", "time": 1537401457.0, "sentiment": ""}, {"id": 137911476, "text": "$AAPL 219 is the wall we have to break !!!!", "time": 1537401398.0, "sentiment": "Bullish"}, {"id": 137911021, "text": "Most Active Equity Options And Strikes For Midday September 19th - $BAC, $AAL, $GM, $TEVA, $EDU, $AAPL \nhttp://www.theoptionsinsider.com/most-active-equity-options-and-strikes-for-midday-september-19th-bac-aal-gm-teva-edu-aapl/", "time": 1537401262.0, "sentiment": ""}, {"id": 137910936, "text": "$AAPL Just wait until the market has a bad day, this going to tank hard, can\u2019t fight retracement. Going to 50ma", "time": 1537401234.0, "sentiment": "Bearish"}, {"id": 137910585, "text": "Somebody follow me I am Tim \ud83c\udd71\ufe0fook $AAPL \n\n$TSLA", "time": 1537401121.0, "sentiment": "Bullish"}, {"id": 137909826, "text": "$VIX $AAPL $SQ $NFLX did anyone notice the VIX has not moved even though the nasdaq is 30 points below?", "time": 1537400897.0, "sentiment": "Bullish"}, {"id": 137909657, "text": "$AAPL ", "time": 1537400846.0, "sentiment": "Bullish"}, {"id": 137909478, "text": "$AAPL call @ 225...exp : OCT 12.\n\nAm i good ?", "time": 1537400802.0, "sentiment": ""}, {"id": 137909288, "text": "$AAPL I have an order in to load for a DT at 213.80 go ahead give it to me..still holding core in IRA..", "time": 1537400742.0, "sentiment": "Bullish"}, {"id": 137908365, "text": "$FIT .... tech still struggling &amp; no $AAPL bump on the j hancock news. $FOSL getting punished - perhaps for just being a fashion accessory?", "time": 1537400478.0, "sentiment": "Bullish"}, {"id": 137908234, "text": "$AAPL can&#39;t hold a single f*** in gain!! God.", "time": 1537400446.0, "sentiment": "Bearish"}, {"id": 137908017, "text": "20 Stocks With Massive Post-Millennial Appeal http://bit.ly/2MMmL79 $GOOG $PEP $NFLX $MDLZ $HSY $NKE $MCD $AMZN $AAPL $KHC $K $YUM $UL $FB", "time": 1537400392.0, "sentiment": ""}, {"id": 137907666, "text": "$AAPL The Apple Watch Series 4 is a big, but expensive, upgrade\n\nhttps://www.cnbc.com/2018/09/18/apple-watch-series-4-review.html", "time": 1537400301.0, "sentiment": ""}, {"id": 137906467, "text": "$AAPL sideways is boring. Bring back some excitement. Need my fix.", "time": 1537399968.0, "sentiment": ""}, {"id": 137905497, "text": "$AAPL all the big money moving to TIlray this week", "time": 1537399682.0, "sentiment": ""}, {"id": 137905215, "text": "$AAPL whoever wanted to buy filled the bags at low i guess. is that you warren buffet? spare something for us :-)", "time": 1537399597.0, "sentiment": ""}, {"id": 137905178, "text": "$AAPL Good recovery :) :)", "time": 1537399588.0, "sentiment": "Bullish"}, {"id": 137905064, "text": "$AAPL lunch pump or dip \ud83e\udd14", "time": 1537399553.0, "sentiment": ""}, {"id": 137904602, "text": "$TLRY but they said sell at $240. It wouldn\u2019t go thru. $mu $aapl $bch $etsy $M $msft $qqq $spy", "time": 1537399423.0, "sentiment": ""}, {"id": 137904271, "text": "$SPY $aapl gonna run into blackout period very soon", "time": 1537399339.0, "sentiment": ""}, {"id": 137904042, "text": "$AAPL estimates distribution - here\u2019s what 274 Estimize analysts are expecting $AAPL to report for Q4 [Reporting 10/30 AMC]\nhttp://www.estimize.com/intro/aapl?chart=scatter-plot&amp;metric_name=eps&amp;utm_content=AAPL&amp;utm_medium=distribution&amp;utm_source=stocktwits", "time": 1537399281.0, "sentiment": ""}, {"id": 137903806, "text": "$SHOP just go to Google search Shopify then click on news. Shopify is the Amazing of weed. $CGC $TLRY \nhttps://www.google.com/amp/s/www.bloomberg.com/amp/news/articles/2018-09-17/kylie-used-it-now-marijuana-may-take-shopify-to-new-highs\n$AMZN $AAPL", "time": 1537399222.0, "sentiment": "Bullish"}, {"id": 137903788, "text": "@Landy_Cakes you should forward to $AAPL engineers :)", "time": 1537399217.0, "sentiment": "Bullish"}, {"id": 137903387, "text": "@Abradolf_Lincler @kddavis $F  and $AAPL  would be nice.  But $TSLA needs an Apple type company to take it over and move it to level", "time": 1537399119.0, "sentiment": ""}, {"id": 137903024, "text": "$AAPL CAN THE PONYTAIL IDIOT NAJARIANS PUMP ANYMORE THAN THEY DO ?????     what clowns", "time": 1537399017.0, "sentiment": ""}, {"id": 137902959, "text": "$AAPL $256 price target... way have a long way to go..... come up pump it up", "time": 1537399002.0, "sentiment": "Bullish"}, {"id": 137902891, "text": "$AAPL Time to go Green. Gimme that push back to 220. GO GREEN GRANNIE SMITH APPLES!", "time": 1537398982.0, "sentiment": "Bullish"}, {"id": 137902872, "text": "A new daily low at $2.1779 was just reached for $AAPL.    #AAPL", "time": 1537398975.0, "sentiment": ""}, {"id": 137902791, "text": "$AAPL yes there is: trump. No other reason. Fear of a Orange Planet.", "time": 1537398954.0, "sentiment": ""}, {"id": 137902780, "text": "$AAPL stop teasing and get to green already.  Who else feels like this.  Lol", "time": 1537398951.0, "sentiment": ""}, {"id": 137902448, "text": "$SPY I shorted $aapl here \ud83e\udd24", "time": 1537398848.0, "sentiment": ""}, {"id": 137901992, "text": "$154,140 of bullish unusual option activity detected for $AAPL https://t.co/DhxSFMCLbl https://t.co/btUV1INuMU", "time": 1537398718.0, "sentiment": ""}, {"id": 137901713, "text": "$AAPL buying calls now. Buy puts end of day. This is fun", "time": 1537398645.0, "sentiment": ""}, {"id": 137901484, "text": "$AAPL which calls to buy?", "time": 1537398587.0, "sentiment": "Bullish"}, {"id": 137901442, "text": "$AAPL $LOW is doing good", "time": 1537398576.0, "sentiment": "Bullish"}, {"id": 137901341, "text": "$AAPL 218.70", "time": 1537398550.0, "sentiment": "Bullish"}, {"id": 137901242, "text": "$AAPL should be much higher", "time": 1537398529.0, "sentiment": "Bullish"}, {"id": 137901026, "text": "$AAPL I want to buy more puts but I\u2019m out of day trades \ud83d\ude43", "time": 1537398470.0, "sentiment": "Bearish"}, {"id": 137900915, "text": "$AAPL very likely ending in Green today", "time": 1537398444.0, "sentiment": "Bullish"}, {"id": 137900687, "text": "$AMD + $MU  + $INTC + $AVGO together supporting $AAPL  + $MSFT + $AMZN  + $IBM  + $BKNG +   .. will move the Tech sector Higher &amp; Higher", "time": 1537398385.0, "sentiment": "Bullish"}, {"id": 137900670, "text": "$AAPL  Long leg doji..  hammer  by eod possible.  GREAT LT stk !   $SPY $DIA $QQQ  $XLK", "time": 1537398380.0, "sentiment": ""}, {"id": 137900628, "text": "$AAPL no reason this is down.", "time": 1537398370.0, "sentiment": "Bullish"}, {"id": 137900497, "text": "$AAPL anything more or a sustained break of 210.00 would be a warning that maybe its developing a more deeper decline", "time": 1537398335.0, "sentiment": ""}, {"id": 137900334, "text": "@kddavis I think $TSLA is too far advanced into the process, and too stubborn for $AAPL to mold, $F though may be open to ideas...", "time": 1537398291.0, "sentiment": ""}, {"id": 137900322, "text": "if the decline is a simple 3 wave pullback in an uptrend then I favor it finds buyers at 215 as thats a measured move $AAPL", "time": 1537398287.0, "sentiment": ""}, {"id": 137900185, "text": "#Update(15)  $AAPL Sep-21 225 Puts Up +152%.  sincealerted on: Sep 04. \n\n https://www.sleekoptions.com/st.aspx?ald=47CDAC95-9F96-4CA7-", "time": 1537398252.0, "sentiment": "Bearish"}, {"id": 137900098, "text": "$AAPL oh my God", "time": 1537398232.0, "sentiment": ""}, {"id": 137900060, "text": "$AAPL yaaaaaas", "time": 1537398219.0, "sentiment": "Bullish"}, {"id": 137899932, "text": "$AAPL", "time": 1537398183.0, "sentiment": "Bullish"}, {"id": 137899888, "text": "$AAPL she\u2019s waking up", "time": 1537398171.0, "sentiment": ""}, {"id": 137899858, "text": "$AAPL here we go", "time": 1537398163.0, "sentiment": "Bullish"}, {"id": 137899842, "text": "$AAPL bears on fire. Bad play that&#39;s on you.", "time": 1537398157.0, "sentiment": "Bullish"}, {"id": 137899695, "text": "$AAPL  SHORT \nApple&#39;s breakout was driven by news, mean reversion expected. \nhttps://www.tradingview.com/chart/AAPL/R0T3ewYc-Apple-s-breakout-was-driven-by-news-mean-reversion-expected/", "time": 1537398114.0, "sentiment": "Bearish"}, {"id": 137899606, "text": "$AAPL This will end the day green.  I say close to 219", "time": 1537398090.0, "sentiment": "Bullish"}, {"id": 137899587, "text": "$AAPL major catalyst! Cheaper innovative iPhone XR release next month! I can see big volume buying by AAPL regular customers!!! Go AAPL!!!", "time": 1537398083.0, "sentiment": "Bullish"}, {"id": 137899444, "text": "$AAPL going green??", "time": 1537398047.0, "sentiment": "Bullish"}, {"id": 137899231, "text": "$AAPL c&#39;mon momma", "time": 1537397993.0, "sentiment": ""}, {"id": 137899094, "text": "$AAPL woke up the giant.", "time": 1537397956.0, "sentiment": ""}, {"id": 137898460, "text": "$AAPL bump coming?", "time": 1537397788.0, "sentiment": "Bullish"}, {"id": 137897623, "text": "@CRF011 same thing with $AAPL or any other company that makes its products in China", "time": 1537397544.0, "sentiment": ""}, {"id": 137897468, "text": "$AAPL here we go..", "time": 1537397504.0, "sentiment": ""}, {"id": 137896954, "text": "$AAPL orderely rotational  selling all controlled so as not spook....why  the vix is not popping", "time": 1537397361.0, "sentiment": ""}, {"id": 137896936, "text": "$AAPL you just need to know that warren increased stake in this", "time": 1537397358.0, "sentiment": "Bullish"}, {"id": 137896914, "text": "$AAPL odk if its red, i dont. More red EOD. Heres my Wallet!", "time": 1537397355.0, "sentiment": "Bullish"}, {"id": 137896334, "text": "$AAPL One of few stocks i trust without looking in the Morning \ud83d\udcb0 y not buy mo yesterday, fool?", "time": 1537397209.0, "sentiment": "Bullish"}, {"id": 137895947, "text": "$AAPL soon 300", "time": 1537397108.0, "sentiment": "Bullish"}, {"id": 137895885, "text": "$AAPL Thinking about grabbing the new watch. Looks nice, and that heart monitor looks nifty.", "time": 1537397094.0, "sentiment": "Bullish"}, {"id": 137895851, "text": "$AMZN Well, i would be nervous, had i over-weighted @ 50%! No FOMO, today! Hi $AAPL", "time": 1537397087.0, "sentiment": "Bullish"}, {"id": 137895128, "text": "$AAPL Im averaged in now @ 185.75. I&#39;ll sleep better tonight, knowing APPL has my back as I weather my $ABBV nightmare. Thank u, Tim Cook.", "time": 1537396905.0, "sentiment": "Bullish"}, {"id": 137895036, "text": "$AAPL will run hard when Nasdaq turns green", "time": 1537396884.0, "sentiment": ""}, {"id": 137894992, "text": "$AAPL how to create a Siri shortcut to turn on Do Not Disturb for a set amount of time. I\u2019m naming mine &quot;Tell everybody to shut the fork up&quot;", "time": 1537396869.0, "sentiment": "Bullish"}, {"id": 137894800, "text": "$AAPL  Moving up.. good for tech ..  BTD BTD !!  $QQQ  $SPY $SOXX $DIA", "time": 1537396818.0, "sentiment": ""}, {"id": 137894627, "text": "$AAPL buy at 208 and 191", "time": 1537396770.0, "sentiment": "Bearish"}, {"id": 137894092, "text": "$AAPL Cheap Buy!!! Very bullish to the max!!!", "time": 1537396637.0, "sentiment": "Bullish"}, {"id": 137893820, "text": "$AAPL: Is the Next Trade War Decline still a buy in dip? https://elliottwave-forecast.com/stock-market/next-trade-war-decline-still-buy/  #AAPL #elliottwave", "time": 1537396565.0, "sentiment": ""}, {"id": 137893794, "text": "$AAPL .50 till green she may explode", "time": 1537396558.0, "sentiment": ""}, {"id": 137893416, "text": "$AAPL I&#39;m in for 500 more at 217.50. Happy Day.", "time": 1537396469.0, "sentiment": "Bullish"}, {"id": 137893377, "text": "@LegacyMaker that is a question you can answer.. if you do put it into something that will still go up and maybe not as risky like $AAPL", "time": 1537396458.0, "sentiment": "Bullish"}, {"id": 137893029, "text": "$AAPL almost green", "time": 1537396371.0, "sentiment": ""}, {"id": 137892905, "text": "$TLRY as it passes $AAPL in stock price it\u2019s almost comical.", "time": 1537396337.0, "sentiment": ""}, {"id": 137892893, "text": "$AAPL and the ever Apple-hating Reuters headlines the news &quot;Strap on the Fitbit&quot;", "time": 1537396334.0, "sentiment": ""}, {"id": 137892367, "text": "$AAPL 217.5 puts bot", "time": 1537396209.0, "sentiment": ""}, {"id": 137891756, "text": "@abmsllp $FIT agreed. $aapl should be up too. tough day for tech so far &amp; street needs time to process news. derivative articles to follow.", "time": 1537396059.0, "sentiment": "Bullish"}, {"id": 137891461, "text": "$AAPL sell my calls 217.5 for a nice profits.  Congrats who follows us sweet ay?", "time": 1537395997.0, "sentiment": ""}, {"id": 137891414, "text": "$AAPL anyone think this is gonna hit 215 again today?", "time": 1537395982.0, "sentiment": "Bullish"}, {"id": 137891182, "text": "$AAPL do the TLRY folks spamming this stream really think that will have an impact on their share price? What are they smoking?", "time": 1537395922.0, "sentiment": "Bullish"}, {"id": 137890993, "text": "$AAPL iphone XS &amp; XSMax sold out despite very high price. Wait until XR comes out. Stock price 235 after ER report next month \ud83d\ude80\ud83d\ude80\ud83d\ude80", "time": 1537395879.0, "sentiment": "Bullish"}, {"id": 137890820, "text": "$SPY Uh, oh....$aapl is trying to join the party...", "time": 1537395833.0, "sentiment": "Bullish"}]