[{"id": 137983553, "text": "$TSLA TheStreet now thinks $AAPL or $GOOGL should Buy Tesla? Ok, but we want more than $420 a share", "time": 1537422258.0, "sentiment": "Bullish"}, {"id": 137983425, "text": "@SkiesOfBlue $AAPL tried hard to get Qi AirPower product out it FAILED sorry about that", "time": 1537422179.0, "sentiment": "Bullish"}, {"id": 137983129, "text": "$AAPL: The EPS has been growing by 14.19% on average over the past 5 years. This is quite good. https://www.chartmill.com/analyze.php?utm_source=stocktwits&amp;utm_medium=FA&amp;utm_content=GROWTH&amp;utm_campaign=social_tracking#/AAPL?r=fa&amp;key=bb853040-a4ac-41c6-b549-d218d2f21b32", "time": 1537422001.0, "sentiment": ""}, {"id": 137983086, "text": "Nvidia&#39;s iPhone-Like Strategy for Growing Graphics Chip Sales Could Pay Off $NVDA $AAPL http://bit.ly/2NV71TD $AMD $INTC $SSNLF", "time": 1537421976.0, "sentiment": ""}, {"id": 137982962, "text": "$AAPL $MSFT $GOOG $AMZN $AMD All appear to be short setups about to get pasted. Just a casual observation. GL out there.", "time": 1537421907.0, "sentiment": ""}, {"id": 137982899, "text": "$AAPL Looks like reversal here, may snag a little if it breaks today\u2019s high tomorrow.  Watching", "time": 1537421879.0, "sentiment": "Bullish"}, {"id": 137982666, "text": "More Alexa Devices Are Coming -- Here&#39;s What That Could Mean for Amazon&#39;s Stock $AMZN $GOOG $GOOGL $SONO $AAPL http://bit.ly/2MMV5Pl", "time": 1537421743.0, "sentiment": ""}, {"id": 137982516, "text": "$AAPL y is thing still above 200?", "time": 1537421658.0, "sentiment": "Bearish"}, {"id": 137982489, "text": "$AAPL Above Avalon: Connecting the Apple Dots: https://www.aboveavalon.com/notes/2018/9/19/connecting-the-apple-dots", "time": 1537421642.0, "sentiment": "Bullish"}, {"id": 137982410, "text": "$AAPL  why?", "time": 1537421611.0, "sentiment": ""}, {"id": 137981994, "text": "$STUDY $DJIA Closes Gap - $COMPQ stuck in the mud. $BA Signal - with $AAPL $AMZN $GOOG $NFLX $CAT $IBM https://www.youtube.com/watch?v=sdtcqE2wF3s", "time": 1537421354.0, "sentiment": ""}, {"id": 137980326, "text": "$AAPL I will keep my 6s I bought for $140 and I will not upgrade your scam software.  We know how your company operates to trick people..", "time": 1537420453.0, "sentiment": "Bearish"}, {"id": 137980227, "text": "$AAPL Looks like we r gonna see $250 by mid Oct", "time": 1537420403.0, "sentiment": "Bullish"}, {"id": 137980030, "text": "My watchlist for tomorrow \n\ud83d\udcc8swing: $FTNT $TEAM $HQY $TSS $PTC $PRAH $DATA $HUBS $CRM $ANSS $IT $AAPL $ADBE \n\ud83d\udcc9pump&amp;dump: $NBEV $ALT", "time": 1537420310.0, "sentiment": ""}, {"id": 137979981, "text": "@Tradereversal Overall flat day. Losers cancelled out gainers. Meh! If $AAPL and $OLED start roaring some then I&#39;ll be back in business.", "time": 1537420288.0, "sentiment": ""}, {"id": 137979580, "text": "$FB $AMZN $AAPL $NFLX $GOOG $QQQ Cramer just now saying &quot;take profits&quot; with his mantra  &quot;Bulls make $, Bears make $, pigs get slaughtered&quot;", "time": 1537420069.0, "sentiment": "Bearish"}, {"id": 137978222, "text": "$AAPL get the marketsmith free trial and export the growth 250 db as a excel file and upload the symbols to your charting software\ud83d\ude01", "time": 1537419362.0, "sentiment": ""}, {"id": 137976072, "text": "$AAPL may test that support zone", "time": 1537418369.0, "sentiment": ""}, {"id": 137976034, "text": "$AAPL Wow, that\u2019s what I call an AH dump. Someone knows where this is heading....timbeeeeeerrrrrr!", "time": 1537418346.0, "sentiment": "Bearish"}, {"id": 137974095, "text": "$AAPL an ultra liberal company the first to hit 1 TRILL market cap. Other ultra liberal companies $MSFT $AMZN $GOOG in their way to 1T.", "time": 1537417474.0, "sentiment": ""}, {"id": 137973870, "text": "Value of shares traded today:\n\n$TLRY $5.86B\n$AMZN $5.85B\n$AAPL $4.65B\n$NFLX $3.74B\n$AMD $3.46B\n$FB $2.49B\n$BAC $2.00B\n$TSLA $1.94B", "time": 1537417370.0, "sentiment": ""}, {"id": 137973206, "text": "$AAPL Big trades going through AH", "time": 1537417107.0, "sentiment": ""}, {"id": 137973150, "text": "$SPY $AAPL $AMZN  your not accounting for increases in cash &amp; earnings", "time": 1537417085.0, "sentiment": ""}, {"id": 137972236, "text": "Estimize EPS expectations are 0.14% higher than that of Wall Street for $AAPL Q4 [Reporting 10/30 AMC]\nhttp://www.estimize.com/intro/aapl?chart=change-over-time&amp;metric_name=eps&amp;utm_content=AAPL&amp;utm_medium=eps_difference&amp;utm_source=stocktwits", "time": 1537416741.0, "sentiment": ""}, {"id": 137970941, "text": "Senate unanimously passed Music Modernization Act,  legislation designed to update\u2014or modernize\u2014songwriting royalties. $SPOT $GOOG $P $AAPL", "time": 1537416246.0, "sentiment": ""}, {"id": 137970211, "text": "$AAPL attention whales and retail. Consider taking a stake in GALT and reviewing our site :)) \nhttps://msmoneymoves.com/2018/09/07/galt-primed-for-acquisition-or-partnership/", "time": 1537415966.0, "sentiment": "Bullish"}, {"id": 137970154, "text": "Nvidia&#39;s iPhone-Like Strategy for Growing Graphics Chip Sales Could Pay Off $AAPL http://dlvr.it/Qkkt9t", "time": 1537415945.0, "sentiment": ""}, {"id": 137969413, "text": "$AAPL &lt;\u2014 sweet &amp; tasty fruit to pick &amp; snack on for years to come. I love u so, dear $AAPL. You never disappoint. Next stop, a steady 220.", "time": 1537415705.0, "sentiment": "Bullish"}, {"id": 137969114, "text": "$AAPL new phone, watch, pods pre-order numbers coming by end of week. Could be catalyst", "time": 1537415597.0, "sentiment": ""}, {"id": 137968574, "text": "@Trader4700 I do NOT have stomach for such playing. Nope. A coward &amp; proud of it. Instead of pot, I just bought 530 of $AAPL @ 217.50. Gnite", "time": 1537415387.0, "sentiment": "Bullish"}, {"id": 137967746, "text": "$AAPL ya get what ya pay for. DOH! You don\u2019t pay to trade on robinhood. Makes sense! SMH", "time": 1537415083.0, "sentiment": ""}, {"id": 137967676, "text": "New trades today $NVDA $AMD $AAPL $CL_F $FB $TLRY", "time": 1537415059.0, "sentiment": ""}, {"id": 137967515, "text": "@cryptopatra @redmen I don&#39;t care about $AAPL I care that $TLRY dumped and took $CRON with it and it goes lower tomorrow", "time": 1537415004.0, "sentiment": "Bearish"}, {"id": 137967484, "text": "$AAPL: Is the Next Trade War Decline still a buy in dip? https://elliottwave-forecast.com/stock-market/next-trade-war-decline-still-buy/ \u2026 #AAPL #elliottwave", "time": 1537414992.0, "sentiment": ""}, {"id": 137967480, "text": "$AAPL if open is above 219... should be a big day", "time": 1537414991.0, "sentiment": ""}, {"id": 137966968, "text": "$AAPL guys. I was going to buy a call when this broke 216.75 but robinhood didn&#39;t let me. SMH", "time": 1537414806.0, "sentiment": ""}, {"id": 137966794, "text": "$AAPL tradinf like news or upgrade coming ah", "time": 1537414741.0, "sentiment": ""}, {"id": 137966116, "text": "@cryptopatra @redmen $AAPL paid 1/2 billion in their lawsuit again doesn&#39;t change the fact they have a lawsuit you wanted the link $CRON", "time": 1537414520.0, "sentiment": "Bearish"}, {"id": 137966091, "text": "Hot Options Report For End Of Day - Wednesday, Sept. 19 $FTV Also $BAC $GE $AAPL $GGB https://goo.gl/vJj7MP", "time": 1537414513.0, "sentiment": ""}, {"id": 137965275, "text": "$AAPL today&#39;s close suggests a new support level around $218 range.", "time": 1537414232.0, "sentiment": ""}, {"id": 137965088, "text": "$SPY $AAPL to top of gap at 197 and $AMZN to 1600 would be healthy retraces to fuel the next leg higher", "time": 1537414172.0, "sentiment": ""}, {"id": 137964935, "text": "$INTC only thing holding me down today is $AAPL.", "time": 1537414122.0, "sentiment": ""}, {"id": 137964509, "text": "$AAPL can we get upgrade now \ud83d\ude0d need this open 220 Tom......", "time": 1537413986.0, "sentiment": "Bullish"}, {"id": 137964229, "text": "&#39;Growth Is Not Dead Ahead Of 5G,&#39; Longbow Says Of Skyworks Solutions https://benzinga.com/z/12378480 $AAPL $SWKS", "time": 1537413895.0, "sentiment": ""}, {"id": 137964075, "text": "$AAPL gap and go as they loaded up on the drop", "time": 1537413846.0, "sentiment": "Bullish"}, {"id": 137963521, "text": "$AAPL ", "time": 1537413696.0, "sentiment": "Bullish"}, {"id": 137963313, "text": "Hot Options Report For End Of Day September 19th - $BAC, $FTV, $GE, $AAPL, $GGB \nhttp://www.theoptionsinsider.com/hot-options-report-for-end-of-day-september-19th-bac-ftv-ge-aapl-ggb/", "time": 1537413632.0, "sentiment": ""}, {"id": 137962185, "text": "$AAPL Appears to be some rational thinking finally prevail after the recent barrage of Alternative Facts", "time": 1537413345.0, "sentiment": ""}, {"id": 137961430, "text": "$SPY rotation out of tech into laggards just starting imo. look at leaders $AMZN $AAPL. Will continue through October then broad based rally", "time": 1537413170.0, "sentiment": ""}, {"id": 137961251, "text": "$qqq going to rip shorts a new a$$hole tomorrow. $aapl $fb $amzn $nflx $msft $googl", "time": 1537413123.0, "sentiment": "Bullish"}, {"id": 137961200, "text": "The Apple Watch Series 4 is a big, but expensive, upgrade $AAPL @apple https://cnb.cx/2pm22gZ", "time": 1537413112.0, "sentiment": ""}, {"id": 137961104, "text": "who needs $SPY when you can follow $AAPL LOL", "time": 1537413084.0, "sentiment": ""}, {"id": 137960985, "text": "$AAPL yet another Project Titan leak:", "time": 1537413059.0, "sentiment": "Bullish"}, {"id": 137960880, "text": "$AAPL bought to open sep 28 220 puts at close", "time": 1537413031.0, "sentiment": "Bearish"}, {"id": 137960472, "text": "Just my prediction. I think we see a tech rally tomorrow with $AAPL $AMZN leading and $SPY hits all time high this week", "time": 1537412941.0, "sentiment": ""}, {"id": 137960048, "text": "$QQQ $AAPL $SPY $AMZN $NFLX $NVDA $FB market is basically like my ex. Emotionally draining and overall unproductive.", "time": 1537412848.0, "sentiment": ""}, {"id": 137959841, "text": "$AMD $AAPL $AMZN Maybe tomorrow will be the day for these to shine! Today it was all about the pots!", "time": 1537412799.0, "sentiment": "Bullish"}, {"id": 137959071, "text": "Option Block Trades Screener $BAC $MU $AAL $NIHD $CELG $BBY $EEM $FFIV $WBA $AAPL $NVCR $NTHT $EEM $BAC https://marketchameleon.com/Screeners/OptionTrades", "time": 1537412637.0, "sentiment": ""}, {"id": 137959069, "text": "$AAPL I have good analysis that the consolidation is about completed. It\u2019s ready to", "time": 1537412636.0, "sentiment": "Bullish"}, {"id": 137958580, "text": "$AAPL .13 doesn\u2019t seem like it, but today was a big win for bulls.", "time": 1537412537.0, "sentiment": "Bullish"}, {"id": 137958491, "text": "$AAPL WTF is with all this TLRY spam on Aapl forum?? Blocks!!", "time": 1537412517.0, "sentiment": "Bullish"}, {"id": 137958154, "text": "$AAPL Another day of burning premiums on my weeklies thanks MOFo\u201ds", "time": 1537412450.0, "sentiment": "Bullish"}, {"id": 137957809, "text": "$AAPL $QQQ $FB so where do these go tomorrow? Lol", "time": 1537412377.0, "sentiment": "Bullish"}, {"id": 137957510, "text": "$AAPL Ok AAPL is back up...everything is back to normal.", "time": 1537412312.0, "sentiment": ""}, {"id": 137955978, "text": "$TLRY take profits to $AAPL", "time": 1537411990.0, "sentiment": ""}, {"id": 137955869, "text": "$TLRY will buy $AMZN or $AAPL soon.", "time": 1537411968.0, "sentiment": ""}, {"id": 137955656, "text": "$AAPL WTF does Bezos know about space anyone help me with this please", "time": 1537411927.0, "sentiment": ""}, {"id": 137955439, "text": "$AAPL lol $TLRY recruiters now", "time": 1537411882.0, "sentiment": ""}, {"id": 137955252, "text": "$TLRY come back to $AMD and $AAPL", "time": 1537411845.0, "sentiment": ""}, {"id": 137955198, "text": "$spy $dia $qqq AAA $amzn $aapl $amd still waiting...", "time": 1537411834.0, "sentiment": "Bearish"}, {"id": 137954749, "text": "$AAPL money flowing from TLRY hahahhaha", "time": 1537411744.0, "sentiment": "Bullish"}, {"id": 137954022, "text": "$AAPL $V Bullish close. I\u2019ll take it.", "time": 1537411627.0, "sentiment": "Bullish"}, {"id": 137953503, "text": "$AAPL still short term", "time": 1537411533.0, "sentiment": "Bearish"}, {"id": 137953421, "text": "Wow. People sold out of $TLRY into $AAPL just now? Why not!", "time": 1537411519.0, "sentiment": ""}, {"id": 137953148, "text": "$AAPL ", "time": 1537411470.0, "sentiment": "Bullish"}, {"id": 137953016, "text": "$AAPL sept 21 225 calls @ .17 if you want to gamble", "time": 1537411446.0, "sentiment": ""}, {"id": 137952962, "text": "$AAPL well hello there", "time": 1537411436.0, "sentiment": ""}, {"id": 137952496, "text": "$AAPL purely manipulation.", "time": 1537411360.0, "sentiment": ""}, {"id": 137952464, "text": "Big bullish unusual option activity detected: $AMD, $MU, $AAPL, $BAC, $TLRY - big bearish: $MXEA, $BABA, $TLT, $AMD, $MU", "time": 1537411352.0, "sentiment": ""}, {"id": 137952363, "text": "$AAPL yes yes yes", "time": 1537411337.0, "sentiment": "Bullish"}, {"id": 137952246, "text": "$AAPL so people who lost in pot they are too late to join tech now... Dammnnn MM knows how to play wowowowowow... MM &quot;\ud83d\ude4f", "time": 1537411317.0, "sentiment": ""}, {"id": 137952060, "text": "Bought $86 puts for TGT.. next week exp... gamble play on the $AMZN news... $FB, $AAPL, $AMZN to rule the world.  $FB cheapest of lot", "time": 1537411284.0, "sentiment": ""}, {"id": 137951416, "text": "$STUDY $AAPL $TSLA  $GOOG $FB $NFLX $NVDA  does anyone know? Im on Robinhood.", "time": 1537411174.0, "sentiment": ""}, {"id": 137951113, "text": "$AAPL another 35c day!! Ughhh zzzzz like middle of summer Snoozerfest", "time": 1537411130.0, "sentiment": "Bullish"}, {"id": 137950819, "text": "$AAPL pot stock fun is over, now back to the real stocks", "time": 1537411086.0, "sentiment": "Bullish"}, {"id": 137950366, "text": "$STUDY if I&#39;m flagged as a PDT but today I went over 25,000. Can I sell today or do I have to wait until tomorrow $AAPL $TSLA", "time": 1537411015.0, "sentiment": ""}, {"id": 137949837, "text": "$AAPL I\u2019m NOT A BEAR but look how things have been trading. Tech getting cold shoulder", "time": 1537410935.0, "sentiment": ""}, {"id": 137949443, "text": "$AAPL sad I missed at am dip but just got in. I think we have some room to move up!", "time": 1537410879.0, "sentiment": ""}, {"id": 137948893, "text": "$AAPL grabbed calls on that dip\nAnd they will be paid well", "time": 1537410807.0, "sentiment": "Bullish"}, {"id": 137948772, "text": "$AAPL analysts on Estimize expect -2.11% YoY growth in Mac Sales for Q4, down from 10.23% in previous year [Reporting 10/30 AMC]\nhttp://www.estimize.com/intro/aapl?chart=change-over-time&amp;metric_name=mac_unit_sales&amp;utm_content=AAPL&amp;utm_medium=metric_growth&amp;utm_source=stocktwits", "time": 1537410790.0, "sentiment": ""}, {"id": 137948769, "text": "$AAPL analysts on Estimize expect 3.32% YoY growth in iPhone Sales for Q4, up from 2.56% in previous year [Reporting 10/30 AMC]\nhttp://www.estimize.com/intro/aapl?chart=change-over-time&amp;metric_name=iphone_unit_sales&amp;utm_content=AAPL&amp;utm_medium=metric_growth&amp;utm_source=stocktwits", "time": 1537410790.0, "sentiment": ""}, {"id": 137948768, "text": "$AAPL analysts on Estimize expect 1.22% YoY growth in Gross Margins for Q4, up from -0.3% in previous year [Reporting 10/30 AMC]\nhttp://www.estimize.com/intro/aapl?chart=change-over-time&amp;metric_name=gross_margins&amp;utm_content=AAPL&amp;utm_medium=metric_growth&amp;utm_source=stocktwits", "time": 1537410790.0, "sentiment": ""}, {"id": 137948765, "text": "$AAPL analysts on Estimize expect -0.31% YoY growth in iPad Sales for Q4, down from 11.39% in previous year [Reporting 10/30 AMC]\nhttp://www.estimize.com/intro/aapl?chart=change-over-time&amp;metric_name=ipad_unit_sales&amp;utm_content=AAPL&amp;utm_medium=metric_growth&amp;utm_source=stocktwits", "time": 1537410789.0, "sentiment": ""}, {"id": 137948672, "text": "$AAPL big money outflow significantly less. This might be turning around.", "time": 1537410775.0, "sentiment": ""}, {"id": 137947928, "text": "Jack Ma recants 1M job promise on US-China tensions $baba $aapl $mu $f $tsla  https://seekingalpha.com/news/3391539", "time": 1537410653.0, "sentiment": ""}, {"id": 137947852, "text": "$SPY $EA $msft $aapl all bottomed without $spy moving at all, weird day", "time": 1537410640.0, "sentiment": ""}, {"id": 137947551, "text": "$SPY yep we\u2019re going higher into the close. $AAPL and $AMZN rebounding.", "time": 1537410583.0, "sentiment": ""}, {"id": 137946971, "text": "$AAPL Wave A = Wave C at today&#39;s low. correction likely bottomed.", "time": 1537410469.0, "sentiment": "Bullish"}, {"id": 137946647, "text": "$AAPL Apple trading cheap against its PT set by many", "time": 1537410413.0, "sentiment": "Bullish"}, {"id": 137946620, "text": "$AAPL  green !!", "time": 1537410408.0, "sentiment": ""}, {"id": 137946582, "text": "$AAPL never disappoints!", "time": 1537410399.0, "sentiment": "Bullish"}, {"id": 137946530, "text": "$AAPL faaaaak", "time": 1537410390.0, "sentiment": ""}, {"id": 137946459, "text": "$AAPL no reason for this push. Trend carefully. Switch just got hit", "time": 1537410375.0, "sentiment": ""}, {"id": 137946196, "text": "$AAPL nice move here", "time": 1537410329.0, "sentiment": ""}, {"id": 137946108, "text": "$AAPL it finally woke up! Been a while since we had a good power hour.", "time": 1537410315.0, "sentiment": ""}, {"id": 137946020, "text": "$AAPL While $TLRY is halted $AAPL is quietly going up! Nice!", "time": 1537410297.0, "sentiment": "Bullish"}, {"id": 137945384, "text": "$AAPL my prediction for eow on mon was 220.55. I won&#39;t be surprised if I&#39;m pretty close to spot on", "time": 1537410184.0, "sentiment": "Bullish"}, {"id": 137945317, "text": "$AAPL With Huge Pre orders... Huge upside", "time": 1537410172.0, "sentiment": "Bullish"}, {"id": 137944625, "text": "$AAPL run faaak...", "time": 1537410055.0, "sentiment": ""}, {"id": 137944495, "text": "$AAPL Run Forest, Run", "time": 1537410033.0, "sentiment": ""}, {"id": 137944442, "text": "$AAPL Green by close. Take that TLRY!!", "time": 1537410024.0, "sentiment": ""}, {"id": 137944276, "text": "$AAPL. 27 more for green damn .... Faaaaak I am getting diarrhea watching this pos from yesterday lol", "time": 1537409987.0, "sentiment": ""}, {"id": 137944240, "text": "$AAPL algos got turned back on. Moved like 15 cents. To the moon", "time": 1537409980.0, "sentiment": ""}, {"id": 137943300, "text": "$FIT  why?  $AAPL have another watch to sell?", "time": 1537409764.0, "sentiment": ""}, {"id": 137942908, "text": "$AAPL Going down to $210 before any more major moves. Great in the long run though.", "time": 1537409682.0, "sentiment": "Bullish"}, {"id": 137942827, "text": "$AAPL $AMD looking very similar today", "time": 1537409660.0, "sentiment": ""}, {"id": 137942628, "text": "$AAPL were over here taking naps and $TLRY had two trading halts. WTF", "time": 1537409608.0, "sentiment": ""}, {"id": 137942266, "text": "U.S. Markets Ignore Tariff Worries: 5 Top-Ranked Picks $DSW $UIS $RCII $UFPT $CBPX Also $AAPL $FIT https://t.co/bWHPZk2npJ", "time": 1537409529.0, "sentiment": ""}, {"id": 137941239, "text": "$AAPL $EW $ISRG $GRUB $HUBS $WWE $WIX $GDOT $GGDY $MSFT ..  $TTD $TWLO $ETSY $SFIX $TDOC .. Large sizes", "time": 1537409308.0, "sentiment": ""}, {"id": 137941111, "text": "$AAPL Buy on these weakness\nClear winner", "time": 1537409284.0, "sentiment": "Bullish"}, {"id": 137940637, "text": "$AAPL if you see execution that&#39;s bots doing it lol.. Stay away from this pos for a while....", "time": 1537409196.0, "sentiment": ""}, {"id": 137939956, "text": "You may say I am a dreamer, but I am not the only $TSLA $AMZN $FB $AAPL $MSFT $AMD $NVDA $SFTBY", "time": 1537409072.0, "sentiment": ""}, {"id": 137939537, "text": "Cook, Zuck, Bezo and Musk should fly on the first space tourist flight. Watch their SP plummet, $AAPL $FB $AMZN $TSLA", "time": 1537408987.0, "sentiment": ""}, {"id": 137938722, "text": "$BABA $SPY $AMZN $AAPL $QQQ Yup. The \ud83c\udde8\ud83c\uddf3nese are real good at creating counterfeit $BABA numbers.  Lol \ud83d\udc3b", "time": 1537408825.0, "sentiment": ""}, {"id": 137938623, "text": "$AAPL shouldn\u2019t of saved it at 215", "time": 1537408806.0, "sentiment": ""}, {"id": 137938286, "text": "$AAPL Months ago the Tech rotation were much larger dips. This one seems half-hearted. $AMZN $FB $GOOG $NFLX $BABA", "time": 1537408738.0, "sentiment": "Bullish"}, {"id": 137938232, "text": "$AAPL loading puts next pop. No buys just algo and buyback", "time": 1537408728.0, "sentiment": ""}, {"id": 137938003, "text": "$AAPL closing red third day in a row.... Faking walstreet... Damn lol... This is unbelievable", "time": 1537408688.0, "sentiment": ""}, {"id": 137937575, "text": "$AAPL faking scum bag of walstreet cannabis are flying and faking pos of wallstreet criminals are burning tech.... Faaaak", "time": 1537408608.0, "sentiment": ""}, {"id": 137936620, "text": "$AAPL you mean to tell me that APPL is not manipulated? Look at TLRY. that kind of gain is what APPL should be seeing.", "time": 1537408437.0, "sentiment": ""}, {"id": 137936165, "text": "$TLRY  \nAlgo was waiting @ $300 just like when $AAPL hit trillion", "time": 1537408364.0, "sentiment": ""}, {"id": 137936119, "text": "$AAPL sane action as AMD. Stop run, V bounce, theta burn, repeat", "time": 1537408351.0, "sentiment": ""}, {"id": 137934648, "text": "$MSFT Crappy stocks are going up leaving the leaders. $AAPL $AMZN $$QQQ", "time": 1537408058.0, "sentiment": ""}, {"id": 137934410, "text": "$TLRY now bigger than $hlt $tsn $DB $bby $k $gis $s !!!! $aapl $goog $amzn in 2 months!", "time": 1537408009.0, "sentiment": ""}, {"id": 137934377, "text": "$AAPL Lets break 291 one more time.", "time": 1537408003.0, "sentiment": "Bearish"}, {"id": 137933191, "text": "$TLRY Going after $nflx after passing $AAPL  beautiful heaven is here", "time": 1537407723.0, "sentiment": ""}, {"id": 137932771, "text": "Big bullish unusual option activity detected: $AAPL, $AMD, $TLRY, $BAC, $NFLX - big bearish: $AMD, $BABA, $BAC, $TLT, $MU", "time": 1537407622.0, "sentiment": ""}, {"id": 137932274, "text": "$AAPL these organized dumps are telling. Im not touching", "time": 1537407506.0, "sentiment": "Bearish"}, {"id": 137931633, "text": "$AAPL glad I sold this this morning.", "time": 1537407341.0, "sentiment": ""}, {"id": 137931566, "text": "$AAPL option killing before your eyes", "time": 1537407321.0, "sentiment": ""}, {"id": 137931272, "text": "$TRXC blow the lid off this thing already $AMD $AAPL $BABA $AMZN", "time": 1537407243.0, "sentiment": "Bullish"}, {"id": 137931034, "text": "$AAPL Hey Siri, lets Get Shirt Done", "time": 1537407184.0, "sentiment": ""}, {"id": 137930510, "text": "20 Stocks With Massive Post-Millennial Appeal $KO $AAPL $MCD https://investorplace.com/2018/09/20-stocks-to-buy-with-massive-gen-z-appeal/", "time": 1537407045.0, "sentiment": ""}, {"id": 137929654, "text": "$AAPL check out Citigroup $C gaining 3800% on call options...that is nuts", "time": 1537406854.0, "sentiment": ""}, {"id": 137929048, "text": "$AAPL \nhttps://seekingalpha.com/news/3391535-reports-apple-held-62-percent-q2-handset-profit-dominated-premium-smartphones", "time": 1537406700.0, "sentiment": "Bullish"}, {"id": 137928204, "text": "$AAPL mr president. Please tweet something. This is BOOORRRRIIIINNNGGGG", "time": 1537406489.0, "sentiment": ""}, {"id": 137927578, "text": "$AAPL going up!", "time": 1537406318.0, "sentiment": "Bullish"}, {"id": 137926979, "text": "$AAPL Too ugly for apple slowing the older iphone when new ones come. I don\u2019t wanna buy an iphone anymore but the stock @~$205 a share", "time": 1537406165.0, "sentiment": "Bearish"}, {"id": 137926640, "text": "$AAPL ", "time": 1537406055.0, "sentiment": ""}, {"id": 137925435, "text": "@Smartmoneyboy *sprays $AAPL  with water*", "time": 1537405728.0, "sentiment": ""}]